model,kt,ka,st_coeff,sa_coeff,n,flow_out_reach,stream_depth,geom,icalc,elev,flow_diff,depth_diff,flow_perc_err,depth_perc_err,combined_perc_err
M1,1e-05,1e-06,-0.5,-0.5,0.03,0.0037185,0.02005,2SEG,1,GNSS,0.0152815,0.17995,0.8042894736842106,0.8997499999999999,0.8520197368421052
M2,1e-05,1e-06,-0.5,-0.5,0.035,0.0037155,0.02198,2SEG,1,GNSS,0.0152845,0.17802,0.8044473684210526,0.8901,0.8472736842105263
M3,1e-05,1e-06,-0.5,-0.5,0.04,0.0037126,0.02381,2SEG,1,GNSS,0.0152874,0.17619,0.8046,0.88095,0.842775
M4,1e-05,1e-06,-0.5,-0.5,0.05,0.0037073,0.02719,2SEG,1,GNSS,0.0152927,0.17281000000000002,0.804878947368421,0.8640500000000001,0.8344644736842106
M5,1e-05,1e-06,-0.5,-0.5,0.08,0.0036936,0.03597,2SEG,1,GNSS,0.0153064,0.16403,0.8056,0.82015,0.812875
M6,1e-05,1e-06,-0.5,-0.25,0.03,0.0037199,0.01776,2SEG,1,GNSS,0.0152801,0.18224,0.8042157894736842,0.9112,0.8577078947368422
M7,1e-05,1e-06,-0.5,-0.25,0.035,0.003717,0.01947,2SEG,1,GNSS,0.015283,0.18053000000000002,0.8043684210526316,0.9026500000000001,0.8535092105263158
M8,1e-05,1e-06,-0.5,-0.25,0.04,0.0037142,0.02109,2SEG,1,GNSS,0.015285799999999999,0.17891,0.8045157894736842,0.8945500000000001,0.8495328947368421
M9,1e-05,1e-06,-0.5,-0.25,0.05,0.0037092,0.02409,2SEG,1,GNSS,0.0152908,0.17591,0.804778947368421,0.87955,0.8421644736842105
M10,1e-05,1e-06,-0.5,-0.25,0.08,0.003696,0.03186,2SEG,1,GNSS,0.015304,0.16814,0.8054736842105263,0.8407,0.8230868421052632
M11,1e-05,1e-06,-0.5,0.0,0.03,0.0037207,0.01629,2SEG,1,GNSS,0.015279299999999999,0.18371,0.8041736842105263,0.91855,0.8613618421052631
M12,1e-05,1e-06,-0.5,0.0,0.035,0.0037179,0.01786,2SEG,1,GNSS,0.0152821,0.18214000000000002,0.8043210526315789,0.9107000000000001,0.8575105263157895
M13,1e-05,1e-06,-0.5,0.0,0.04,0.0037153,0.01934,2SEG,1,GNSS,0.0152847,0.18066000000000002,0.8044578947368421,0.9033,0.8538789473684211
M14,1e-05,1e-06,-0.5,0.0,0.05,0.0037103,0.0221,2SEG,1,GNSS,0.0152897,0.1779,0.804721052631579,0.8895,0.8471105263157894
M15,1e-05,1e-06,-0.5,0.0,0.08,0.0036976,0.02924,2SEG,1,GNSS,0.015302399999999999,0.17076000000000002,0.8053894736842105,0.8538000000000001,0.8295947368421053
M16,1e-05,1e-06,-0.5,0.25,0.03,0.0037214,0.01524,2SEG,1,GNSS,0.0152786,0.18476,0.8041368421052631,0.9238,0.8639684210526315
M17,1e-05,1e-06,-0.5,0.25,0.035,0.0037186,0.01671,2SEG,1,GNSS,0.0152814,0.18329,0.8042842105263158,0.91645,0.8603671052631578
M18,1e-05,1e-06,-0.5,0.25,0.04,0.003716,0.01809,2SEG,1,GNSS,0.015283999999999999,0.18191000000000002,0.8044210526315789,0.9095500000000001,0.8569855263157895
M19,1e-05,1e-06,-0.5,0.25,0.05,0.0037112,0.02067,2SEG,1,GNSS,0.0152888,0.17933000000000002,0.8046736842105263,0.8966500000000001,0.8506618421052632
M20,1e-05,1e-06,-0.5,0.25,0.08,0.0036987,0.02735,2SEG,1,GNSS,0.0153013,0.17265000000000003,0.8053315789473685,0.8632500000000001,0.8342907894736843
M21,1e-05,1e-06,-0.5,0.5,0.03,0.0037218,0.01443,2SEG,1,GNSS,0.015278199999999999,0.18557,0.8041157894736841,0.9278500000000001,0.8659828947368421
M22,1e-05,1e-06,-0.5,0.5,0.035,0.0037191,0.01582,2SEG,1,GNSS,0.0152809,0.18418,0.8042578947368422,0.9209,0.8625789473684211
M23,1e-05,1e-06,-0.5,0.5,0.04,0.0037166,0.01713,2SEG,1,GNSS,0.015283399999999999,0.18287,0.8043894736842105,0.91435,0.8593697368421053
M24,1e-05,1e-06,-0.5,0.5,0.05,0.0037118,0.01957,2SEG,1,GNSS,0.0152882,0.18043,0.8046421052631579,0.90215,0.8533960526315789
M25,1e-05,1e-06,-0.5,0.5,0.08,0.0036996,0.0259,2SEG,1,GNSS,0.015300399999999999,0.1741,0.8052842105263157,0.8704999999999999,0.8378921052631578
M26,1e-05,1e-06,-0.25,-0.5,0.03,0.0037207,0.02006,2SEG,1,GNSS,0.015279299999999999,0.17994000000000002,0.8041736842105263,0.8997,0.8519368421052631
M27,1e-05,1e-06,-0.25,-0.5,0.035,0.0037179,0.02199,2SEG,1,GNSS,0.0152821,0.17801,0.8043210526315789,0.89005,0.8471855263157895
M28,1e-05,1e-06,-0.25,-0.5,0.04,0.0037153,0.02382,2SEG,1,GNSS,0.0152847,0.17618,0.8044578947368421,0.8809,0.8426789473684211
M29,1e-05,1e-06,-0.25,-0.5,0.05,0.0037103,0.02721,2SEG,1,GNSS,0.0152897,0.17279,0.804721052631579,0.86395,0.8343355263157894
M30,1e-05,1e-06,-0.25,-0.5,0.08,0.0036975,0.036,2SEG,1,GNSS,0.0153025,0.164,0.8053947368421053,0.82,0.8126973684210526
M31,1e-05,1e-06,-0.25,-0.25,0.03,0.0037221,0.01776,2SEG,1,GNSS,0.0152779,0.18224,0.8041,0.9112,0.85765
M32,1e-05,1e-06,-0.25,-0.25,0.035,0.0037194,0.01948,2SEG,1,GNSS,0.0152806,0.18052,0.8042421052631579,0.9026000000000001,0.853421052631579
M33,1e-05,1e-06,-0.25,-0.25,0.04,0.0037169,0.02109,2SEG,1,GNSS,0.015283099999999999,0.17891,0.8043736842105262,0.8945500000000001,0.8494618421052631
M34,1e-05,1e-06,-0.25,-0.25,0.05,0.0037122,0.0241,2SEG,1,GNSS,0.015287799999999999,0.1759,0.8046210526315789,0.8795,0.8420605263157894
M35,1e-05,1e-06,-0.25,-0.25,0.08,0.0037,0.03189,2SEG,1,GNSS,0.0153,0.16811,0.8052631578947368,0.84055,0.8229065789473684
M36,1e-05,1e-06,-0.25,0.0,0.03,0.0037229,0.0163,2SEG,1,GNSS,0.0152771,0.1837,0.8040578947368421,0.9185,0.861278947368421
M37,1e-05,1e-06,-0.25,0.0,0.035,0.0037203,0.01787,2SEG,1,GNSS,0.0152797,0.18213000000000001,0.8041947368421053,0.9106500000000001,0.8574223684210527
M38,1e-05,1e-06,-0.25,0.0,0.04,0.0037179,0.01935,2SEG,1,GNSS,0.0152821,0.18065,0.8043210526315789,0.90325,0.8537855263157894
M39,1e-05,1e-06,-0.25,0.0,0.05,0.0037133,0.02211,2SEG,1,GNSS,0.0152867,0.17789000000000002,0.8045631578947369,0.8894500000000001,0.8470065789473684
M40,1e-05,1e-06,-0.25,0.0,0.08,0.0037015,0.02926,2SEG,1,GNSS,0.0152985,0.17074,0.8051842105263158,0.8537,0.829442105263158
M41,1e-05,1e-06,-0.25,0.25,0.03,0.0037236,0.01524,2SEG,1,GNSS,0.015276399999999999,0.18476,0.804021052631579,0.9238,0.8639105263157895
M42,1e-05,1e-06,-0.25,0.25,0.035,0.003721,0.01671,2SEG,1,GNSS,0.015279,0.18329,0.8041578947368421,0.91645,0.8603039473684211
M43,1e-05,1e-06,-0.25,0.25,0.04,0.0037186,0.0181,2SEG,1,GNSS,0.0152814,0.1819,0.8042842105263158,0.9095,0.856892105263158
M44,1e-05,1e-06,-0.25,0.25,0.05,0.0037142,0.02068,2SEG,1,GNSS,0.015285799999999999,0.17932,0.8045157894736842,0.8966,0.8505578947368421
M45,1e-05,1e-06,-0.25,0.25,0.08,0.0037027,0.02737,2SEG,1,GNSS,0.0152973,0.17263,0.805121052631579,0.86315,0.8341355263157895
M46,1e-05,1e-06,-0.25,0.5,0.03,0.003724,0.01443,2SEG,1,GNSS,0.015276,0.18557,0.804,0.9278500000000001,0.8659250000000001
M47,1e-05,1e-06,-0.25,0.5,0.035,0.0037216,0.01583,2SEG,1,GNSS,0.0152784,0.18417,0.8041263157894737,0.92085,0.8624881578947368
M48,1e-05,1e-06,-0.25,0.5,0.04,0.0037192,0.01714,2SEG,1,GNSS,0.015280799999999999,0.18286000000000002,0.8042526315789473,0.9143000000000001,0.8592763157894737
M49,1e-05,1e-06,-0.25,0.5,0.05,0.0037148,0.01958,2SEG,1,GNSS,0.015285199999999999,0.18042000000000002,0.8044842105263157,0.9021000000000001,0.8532921052631579
M50,1e-05,1e-06,-0.25,0.5,0.08,0.0037035,0.02591,2SEG,1,GNSS,0.0152965,0.17409000000000002,0.805078947368421,0.8704500000000001,0.8377644736842105
M51,1e-05,1e-06,0.0,-0.5,0.03,0.0037221,0.02006,2SEG,1,GNSS,0.0152779,0.17994000000000002,0.8041,0.8997,0.8519000000000001
M52,1e-05,1e-06,0.0,-0.5,0.035,0.0037195,0.022,2SEG,1,GNSS,0.015280499999999999,0.17800000000000002,0.8042368421052631,0.89,0.8471184210526316
M53,1e-05,1e-06,0.0,-0.5,0.04,0.0037169,0.02382,2SEG,1,GNSS,0.015283099999999999,0.17618,0.8043736842105262,0.8809,0.8426368421052631
M54,1e-05,1e-06,0.0,-0.5,0.05,0.0037122,0.02722,2SEG,1,GNSS,0.015287799999999999,0.17278000000000002,0.8046210526315789,0.8639,0.8342605263157894
M55,1e-05,1e-06,0.0,-0.5,0.08,0.0037001,0.03601,2SEG,1,GNSS,0.0152999,0.16399000000000002,0.8052578947368422,0.8199500000000001,0.8126039473684211
M56,1e-05,1e-06,0.0,-0.25,0.03,0.0037235,0.01777,2SEG,1,GNSS,0.0152765,0.18223,0.8040263157894737,0.91115,0.8575881578947369
M57,1e-05,1e-06,0.0,-0.25,0.035,0.0037209,0.01948,2SEG,1,GNSS,0.0152791,0.18052,0.8041631578947369,0.9026000000000001,0.8533815789473684
M58,1e-05,1e-06,0.0,-0.25,0.04,0.0037186,0.0211,2SEG,1,GNSS,0.0152814,0.1789,0.8042842105263158,0.8945,0.8493921052631579
M59,1e-05,1e-06,0.0,-0.25,0.05,0.0037141,0.02411,2SEG,1,GNSS,0.0152859,0.17589000000000002,0.8045210526315789,0.8794500000000001,0.8419855263157895
M60,1e-05,1e-06,0.0,-0.25,0.08,0.0037025,0.0319,2SEG,1,GNSS,0.015297499999999999,0.16810000000000003,0.8051315789473684,0.8405000000000001,0.8228157894736843
M61,1e-05,1e-06,0.0,0.0,0.03,0.0037244,0.0163,2SEG,1,GNSS,0.0152756,0.1837,0.8039789473684211,0.9185,0.8612394736842106
M62,1e-05,1e-06,0.0,0.0,0.035,0.0037219,0.01787,2SEG,1,GNSS,0.0152781,0.18213000000000001,0.8041105263157895,0.9106500000000001,0.8573802631578948
M63,1e-05,1e-06,0.0,0.0,0.04,0.0037196,0.01936,2SEG,1,GNSS,0.0152804,0.18064000000000002,0.8042315789473684,0.9032000000000001,0.8537157894736842
M64,1e-05,1e-06,0.0,0.0,0.05,0.0037153,0.02212,2SEG,1,GNSS,0.0152847,0.17788,0.8044578947368421,0.8894,0.8469289473684211
M65,1e-05,1e-06,0.0,0.0,0.08,0.0037041,0.02927,2SEG,1,GNSS,0.0152959,0.17073000000000002,0.8050473684210526,0.85365,0.8293486842105263
M66,1e-05,1e-06,0.0,0.25,0.03,0.003725,0.01525,2SEG,1,GNSS,0.015275,0.18475000000000003,0.8039473684210526,0.9237500000000001,0.8638486842105264
M67,1e-05,1e-06,0.0,0.25,0.035,0.0037226,0.01672,2SEG,1,GNSS,0.0152774,0.18328,0.8040736842105264,0.9164,0.8602368421052632
M68,1e-05,1e-06,0.0,0.25,0.04,0.0037203,0.01811,2SEG,1,GNSS,0.0152797,0.18189,0.8041947368421053,0.90945,0.8568223684210526
M69,1e-05,1e-06,0.0,0.25,0.05,0.0037161,0.02069,2SEG,1,GNSS,0.0152839,0.17931000000000002,0.8044157894736842,0.8965500000000001,0.8504828947368421
M70,1e-05,1e-06,0.0,0.25,0.08,0.0037052,0.02738,2SEG,1,GNSS,0.015294799999999999,0.17262,0.8049894736842105,0.8631,0.8340447368421052
M71,1e-05,1e-06,0.0,0.5,0.03,0.0037255,0.01444,2SEG,1,GNSS,0.0152745,0.18556,0.803921052631579,0.9278,0.8658605263157895
M72,1e-05,1e-06,0.0,0.5,0.035,0.0037231,0.01583,2SEG,1,GNSS,0.0152769,0.18417,0.8040473684210526,0.92085,0.8624486842105263
M73,1e-05,1e-06,0.0,0.5,0.04,0.0037209,0.01714,2SEG,1,GNSS,0.0152791,0.18286000000000002,0.8041631578947369,0.9143000000000001,0.8592315789473686
M74,1e-05,1e-06,0.0,0.5,0.05,0.0037168,0.01959,2SEG,1,GNSS,0.0152832,0.18041000000000001,0.8043789473684211,0.90205,0.8532144736842106
M75,1e-05,1e-06,0.0,0.5,0.08,0.0037061,0.02592,2SEG,1,GNSS,0.0152939,0.17408,0.8049421052631579,0.8704000000000001,0.8376710526315789
M76,1e-05,1e-06,0.25,-0.5,0.03,0.0037231,0.02007,2SEG,1,GNSS,0.0152769,0.17993,0.8040473684210526,0.89965,0.8518486842105263
M77,1e-05,1e-06,0.25,-0.5,0.035,0.0037206,0.022,2SEG,1,GNSS,0.015279399999999999,0.17800000000000002,0.804178947368421,0.89,0.8470894736842105
M78,1e-05,1e-06,0.25,-0.5,0.04,0.0037181,0.02383,2SEG,1,GNSS,0.0152819,0.17617000000000002,0.8043105263157895,0.88085,0.8425802631578947
M79,1e-05,1e-06,0.25,-0.5,0.05,0.0037136,0.02722,2SEG,1,GNSS,0.015286399999999999,0.17278000000000002,0.8045473684210526,0.8639,0.8342236842105263
M80,1e-05,1e-06,0.25,-0.5,0.08,0.0037019,0.03602,2SEG,1,GNSS,0.015298099999999999,0.16398000000000001,0.8051631578947368,0.8199000000000001,0.8125315789473684
M81,1e-05,1e-06,0.25,-0.25,0.03,0.0037245,0.01777,2SEG,1,GNSS,0.0152755,0.18223,0.8039736842105263,0.91115,0.8575618421052631
M82,1e-05,1e-06,0.25,-0.25,0.035,0.0037221,0.01949,2SEG,1,GNSS,0.0152779,0.18051,0.8041,0.90255,0.853325
M83,1e-05,1e-06,0.25,-0.25,0.04,0.0037198,0.0211,2SEG,1,GNSS,0.015280199999999999,0.1789,0.804221052631579,0.8945,0.8493605263157895
M84,1e-05,1e-06,0.25,-0.25,0.05,0.0037155,0.02411,2SEG,1,GNSS,0.0152845,0.17589000000000002,0.8044473684210526,0.8794500000000001,0.8419486842105264
M85,1e-05,1e-06,0.25,-0.25,0.08,0.0037043,0.03191,2SEG,1,GNSS,0.015295699999999999,0.16809000000000002,0.8050368421052632,0.84045,0.8227434210526317
M86,1e-05,1e-06,0.25,0.0,0.03,0.0037254,0.0163,2SEG,1,GNSS,0.0152746,0.1837,0.8039263157894737,0.9185,0.8612131578947368
M87,1e-05,1e-06,0.25,0.0,0.035,0.003723,0.01788,2SEG,1,GNSS,0.015276999999999999,0.18212,0.8040526315789474,0.9106,0.8573263157894737
M88,1e-05,1e-06,0.25,0.0,0.04,0.0037208,0.01936,2SEG,1,GNSS,0.0152792,0.18064000000000002,0.8041684210526315,0.9032000000000001,0.8536842105263158
M89,1e-05,1e-06,0.25,0.0,0.05,0.0037166,0.02212,2SEG,1,GNSS,0.015283399999999999,0.17788,0.8043894736842105,0.8894,0.8468947368421053
M90,1e-05,1e-06,0.25,0.0,0.08,0.0037059,0.02928,2SEG,1,GNSS,0.0152941,0.17072,0.8049526315789474,0.8536,0.8292763157894737
M91,1e-05,1e-06,0.25,0.25,0.03,0.003726,0.01525,2SEG,1,GNSS,0.015274,0.18475000000000003,0.8038947368421052,0.9237500000000001,0.8638223684210526
M92,1e-05,1e-06,0.25,0.25,0.035,0.0037237,0.01672,2SEG,1,GNSS,0.0152763,0.18328,0.8040157894736842,0.9164,0.8602078947368421
M93,1e-05,1e-06,0.25,0.25,0.04,0.0037215,0.01811,2SEG,1,GNSS,0.0152785,0.18189,0.8041315789473684,0.90945,0.8567907894736841
M94,1e-05,1e-06,0.25,0.25,0.05,0.0037175,0.02069,2SEG,1,GNSS,0.0152825,0.17931000000000002,0.8043421052631579,0.8965500000000001,0.8504460526315789
M95,1e-05,1e-06,0.25,0.25,0.08,0.003707,0.02739,2SEG,1,GNSS,0.015293,0.17261,0.8048947368421052,0.86305,0.8339723684210526
M96,1e-05,1e-06,0.25,0.5,0.03,0.0037265,0.01444,2SEG,1,GNSS,0.015273499999999999,0.18556,0.8038684210526316,0.9278,0.8658342105263157
M97,1e-05,1e-06,0.25,0.5,0.035,0.0037242,0.01583,2SEG,1,GNSS,0.015275799999999999,0.18417,0.8039894736842105,0.92085,0.8624197368421052
M98,1e-05,1e-06,0.25,0.5,0.04,0.0037221,0.01715,2SEG,1,GNSS,0.0152779,0.18285,0.8041,0.91425,0.859175
M99,1e-05,1e-06,0.25,0.5,0.05,0.0037181,0.01959,2SEG,1,GNSS,0.0152819,0.18041000000000001,0.8043105263157895,0.90205,0.8531802631578947
M100,1e-05,1e-06,0.25,0.5,0.08,0.0037079,0.02593,2SEG,1,GNSS,0.0152921,0.17407,0.8048473684210526,0.87035,0.8375986842105263
M101,1e-05,1e-06,0.5,-0.5,0.03,0.0037239,0.02007,2SEG,1,GNSS,0.015276099999999999,0.17993,0.8040052631578947,0.89965,0.8518276315789473
M102,1e-05,1e-06,0.5,-0.5,0.035,0.0037214,0.022,2SEG,1,GNSS,0.0152786,0.17800000000000002,0.8041368421052631,0.89,0.8470684210526316
M103,1e-05,1e-06,0.5,-0.5,0.04,0.0037191,0.02383,2SEG,1,GNSS,0.0152809,0.17617000000000002,0.8042578947368422,0.88085,0.8425539473684212
M104,1e-05,1e-06,0.5,-0.5,0.05,0.0037147,0.02723,2SEG,1,GNSS,0.0152853,0.17277,0.8044894736842105,0.86385,0.8341697368421053
M105,1e-05,1e-06,0.5,-0.5,0.08,0.0037033,0.03603,2SEG,1,GNSS,0.0152967,0.16397,0.8050894736842106,0.81985,0.8124697368421052
M106,1e-05,1e-06,0.5,-0.25,0.03,0.0037253,0.01777,2SEG,1,GNSS,0.015274699999999999,0.18223,0.8039315789473683,0.91115,0.8575407894736842
M107,1e-05,1e-06,0.5,-0.25,0.035,0.0037229,0.01949,2SEG,1,GNSS,0.0152771,0.18051,0.8040578947368421,0.90255,0.853303947368421
M108,1e-05,1e-06,0.5,-0.25,0.04,0.0037207,0.02111,2SEG,1,GNSS,0.015279299999999999,0.17889000000000002,0.8041736842105263,0.8944500000000001,0.8493118421052632
M109,1e-05,1e-06,0.5,-0.25,0.05,0.0037165,0.02411,2SEG,1,GNSS,0.015283499999999998,0.17589000000000002,0.8043947368421052,0.8794500000000001,0.8419223684210526
M110,1e-05,1e-06,0.5,-0.25,0.08,0.0037057,0.03192,2SEG,1,GNSS,0.0152943,0.16808,0.8049631578947368,0.8404,0.8226815789473685
M111,1e-05,1e-06,0.5,0.0,0.03,0.0037262,0.01631,2SEG,1,GNSS,0.0152738,0.18369000000000002,0.8038842105263159,0.9184500000000001,0.861167105263158
M112,1e-05,1e-06,0.5,0.0,0.035,0.0037239,0.01788,2SEG,1,GNSS,0.015276099999999999,0.18212,0.8040052631578947,0.9106,0.8573026315789474
M113,1e-05,1e-06,0.5,0.0,0.04,0.0037217,0.01937,2SEG,1,GNSS,0.0152783,0.18063,0.804121052631579,0.90315,0.8536355263157895
M114,1e-05,1e-06,0.5,0.0,0.05,0.0037177,0.02213,2SEG,1,GNSS,0.015282299999999999,0.17787,0.8043315789473684,0.88935,0.8468407894736842
M115,1e-05,1e-06,0.5,0.0,0.08,0.0037073,0.02928,2SEG,1,GNSS,0.0152927,0.17072,0.804878947368421,0.8536,0.8292394736842106
M116,1e-05,1e-06,0.5,0.25,0.03,0.0037268,0.01525,2SEG,1,GNSS,0.015273199999999999,0.18475000000000003,0.8038526315789474,0.9237500000000001,0.8638013157894737
M117,1e-05,1e-06,0.5,0.25,0.035,0.0037246,0.01672,2SEG,1,GNSS,0.0152754,0.18328,0.8039684210526316,0.9164,0.8601842105263158
M118,1e-05,1e-06,0.5,0.25,0.04,0.0037225,0.01811,2SEG,1,GNSS,0.0152775,0.18189,0.804078947368421,0.90945,0.8567644736842105
M119,1e-05,1e-06,0.5,0.25,0.05,0.0037186,0.0207,2SEG,1,GNSS,0.0152814,0.17930000000000001,0.8042842105263158,0.8965000000000001,0.850392105263158
M120,1e-05,1e-06,0.5,0.25,0.08,0.0037084,0.02739,2SEG,1,GNSS,0.015291599999999999,0.17261,0.8048210526315789,0.86305,0.8339355263157895
M121,1e-05,1e-06,0.5,0.5,0.03,0.0037273,0.01444,2SEG,1,GNSS,0.0152727,0.18556,0.8038263157894737,0.9278,0.8658131578947368
M122,1e-05,1e-06,0.5,0.5,0.035,0.0037251,0.01584,2SEG,1,GNSS,0.0152749,0.18416000000000002,0.8039421052631579,0.9208000000000001,0.862371052631579
M123,1e-05,1e-06,0.5,0.5,0.04,0.003723,0.01715,2SEG,1,GNSS,0.015276999999999999,0.18285,0.8040526315789474,0.91425,0.8591513157894737
M124,1e-05,1e-06,0.5,0.5,0.05,0.0037192,0.0196,2SEG,1,GNSS,0.015280799999999999,0.1804,0.8042526315789473,0.902,0.8531263157894737
M125,1e-05,1e-06,0.5,0.5,0.08,0.0037093,0.02594,2SEG,1,GNSS,0.015290699999999999,0.17406000000000002,0.8047736842105263,0.8703000000000001,0.8375368421052631
M126,1e-05,5.5e-06,-0.5,-0.5,0.03,0.0058465,0.02626,2SEG,1,GNSS,0.013153499999999999,0.17374,0.6922894736842105,0.8687,0.7804947368421052
M127,1e-05,5.5e-06,-0.5,-0.5,0.035,0.0058376,0.02878,2SEG,1,GNSS,0.0131624,0.17122,0.6927578947368421,0.8561,0.774428947368421
M128,1e-05,5.5e-06,-0.5,-0.5,0.04,0.0058292,0.03115,2SEG,1,GNSS,0.0131708,0.16885,0.6932,0.84425,0.768725
M129,1e-05,5.5e-06,-0.5,-0.5,0.05,0.0058137,0.03556,2SEG,1,GNSS,0.0131863,0.16444,0.6940157894736843,0.8221999999999999,0.758107894736842
M130,1e-05,5.5e-06,-0.5,-0.5,0.08,0.0057733,0.04695,2SEG,1,GNSS,0.0132267,0.15305000000000002,0.6961421052631579,0.7652500000000001,0.730696052631579
M131,1e-05,5.5e-06,-0.5,-0.25,0.03,0.0058548,0.02327,2SEG,1,GNSS,0.0131452,0.17673,0.6918526315789474,0.8836499999999999,0.7877513157894737
M132,1e-05,5.5e-06,-0.5,-0.25,0.035,0.0058467,0.02551,2SEG,1,GNSS,0.0131533,0.17449,0.6922789473684211,0.87245,0.7823644736842106
M133,1e-05,5.5e-06,-0.5,-0.25,0.04,0.0058391,0.02761,2SEG,1,GNSS,0.0131609,0.17239000000000002,0.6926789473684211,0.86195,0.7773144736842106
M134,1e-05,5.5e-06,-0.5,-0.25,0.05,0.005825,0.03152,2SEG,1,GNSS,0.013175,0.16848000000000002,0.6934210526315789,0.8424,0.7679105263157895
M135,1e-05,5.5e-06,-0.5,-0.25,0.08,0.0057883,0.04163,2SEG,1,GNSS,0.0132117,0.15837,0.6953526315789473,0.79185,0.7436013157894736
M136,1e-05,5.5e-06,-0.5,0.0,0.03,0.0058601,0.02136,2SEG,1,GNSS,0.0131399,0.17864000000000002,0.6915736842105263,0.8932000000000001,0.7923868421052632
M137,1e-05,5.5e-06,-0.5,0.0,0.035,0.0058526,0.02341,2SEG,1,GNSS,0.0131474,0.17659000000000002,0.6919684210526316,0.8829500000000001,0.7874592105263158
M138,1e-05,5.5e-06,-0.5,0.0,0.04,0.0058454,0.02535,2SEG,1,GNSS,0.013154599999999999,0.17465,0.6923473684210526,0.87325,0.7827986842105263
M139,1e-05,5.5e-06,-0.5,0.0,0.05,0.0058322,0.02894,2SEG,1,GNSS,0.0131678,0.17106000000000002,0.6930421052631579,0.8553000000000001,0.774171052631579
M140,1e-05,5.5e-06,-0.5,0.0,0.08,0.0057978,0.03823,2SEG,1,GNSS,0.0132022,0.16177000000000002,0.6948526315789474,0.8088500000000001,0.7518513157894737
M141,1e-05,5.5e-06,-0.5,0.25,0.03,0.005864,0.01998,2SEG,1,GNSS,0.013135999999999998,0.18002,0.6913684210526315,0.9001,0.7957342105263158
M142,1e-05,5.5e-06,-0.5,0.25,0.035,0.0058568,0.0219,2SEG,1,GNSS,0.0131432,0.1781,0.6917473684210527,0.8905,0.7911236842105263
M143,1e-05,5.5e-06,-0.5,0.25,0.04,0.00585,0.02372,2SEG,1,GNSS,0.013149999999999998,0.17628000000000002,0.6921052631578947,0.8814000000000001,0.7867526315789474
M144,1e-05,5.5e-06,-0.5,0.25,0.05,0.0058374,0.02708,2SEG,1,GNSS,0.0131626,0.17292000000000002,0.6927684210526316,0.8646,0.7786842105263159
M145,1e-05,5.5e-06,-0.5,0.25,0.08,0.0058047,0.03578,2SEG,1,GNSS,0.0131953,0.16422,0.6944894736842105,0.8210999999999999,0.7577947368421052
M146,1e-05,5.5e-06,-0.5,0.5,0.03,0.0058669,0.01893,2SEG,1,GNSS,0.013133099999999998,0.18107,0.6912157894736841,0.90535,0.7982828947368421
M147,1e-05,5.5e-06,-0.5,0.5,0.035,0.00586,0.02075,2SEG,1,GNSS,0.013139999999999999,0.17925000000000002,0.691578947368421,0.8962500000000001,0.7939144736842105
M148,1e-05,5.5e-06,-0.5,0.5,0.04,0.0058535,0.02246,2SEG,1,GNSS,0.013146499999999998,0.17754,0.6919210526315789,0.8876999999999999,0.7898105263157894
M149,1e-05,5.5e-06,-0.5,0.5,0.05,0.0058414,0.02565,2SEG,1,GNSS,0.0131586,0.17435,0.692557894736842,0.87175,0.782153947368421
M150,1e-05,5.5e-06,-0.5,0.5,0.08,0.00581,0.03389,2SEG,1,GNSS,0.01319,0.16611,0.6942105263157895,0.83055,0.7623802631578948
M151,1e-05,5.5e-06,-0.25,-0.5,0.03,0.0058486,0.02627,2SEG,1,GNSS,0.0131514,0.17373,0.6921789473684211,0.8686499999999999,0.7804144736842105
M152,1e-05,5.5e-06,-0.25,-0.5,0.035,0.00584,0.02879,2SEG,1,GNSS,0.01316,0.17121,0.6926315789473684,0.85605,0.7743407894736842
M153,1e-05,5.5e-06,-0.25,-0.5,0.04,0.0058318,0.03116,2SEG,1,GNSS,0.0131682,0.16884000000000002,0.6930631578947368,0.8442000000000001,0.7686315789473684
M154,1e-05,5.5e-06,-0.25,-0.5,0.05,0.0058166,0.03557,2SEG,1,GNSS,0.0131834,0.16443000000000002,0.6938631578947368,0.82215,0.7580065789473684
M155,1e-05,5.5e-06,-0.25,-0.5,0.08,0.0057772,0.04697,2SEG,1,GNSS,0.0132228,0.15303,0.6959368421052632,0.76515,0.7305434210526316
M156,1e-05,5.5e-06,-0.25,-0.25,0.03,0.005857,0.02328,2SEG,1,GNSS,0.013142999999999998,0.17672000000000002,0.6917368421052631,0.8836,0.7876684210526316
M157,1e-05,5.5e-06,-0.25,-0.25,0.035,0.0058491,0.02551,2SEG,1,GNSS,0.0131509,0.17449,0.6921526315789474,0.87245,0.7823013157894736
M158,1e-05,5.5e-06,-0.25,-0.25,0.04,0.0058417,0.02762,2SEG,1,GNSS,0.0131583,0.17238,0.6925421052631578,0.8619,0.7772210526315789
M159,1e-05,5.5e-06,-0.25,-0.25,0.05,0.0058279,0.03153,2SEG,1,GNSS,0.013172099999999999,0.16847,0.6932684210526315,0.84235,0.7678092105263158
M160,1e-05,5.5e-06,-0.25,-0.25,0.08,0.0057921,0.04165,2SEG,1,GNSS,0.0132079,0.15835000000000002,0.6951526315789474,0.7917500000000001,0.7434513157894738
M161,1e-05,5.5e-06,-0.25,0.0,0.03,0.0058623,0.02136,2SEG,1,GNSS,0.013137699999999999,0.17864000000000002,0.691457894736842,0.8932000000000001,0.7923289473684211
M162,1e-05,5.5e-06,-0.25,0.0,0.035,0.0058549,0.02342,2SEG,1,GNSS,0.0131451,0.17658000000000001,0.6918473684210527,0.8829,0.7873736842105263
M163,1e-05,5.5e-06,-0.25,0.0,0.04,0.005848,0.02535,2SEG,1,GNSS,0.013152,0.17465,0.6922105263157895,0.87325,0.7827302631578947
M164,1e-05,5.5e-06,-0.25,0.0,0.05,0.0058351,0.02895,2SEG,1,GNSS,0.0131649,0.17105,0.6928894736842105,0.85525,0.7740697368421052
M165,1e-05,5.5e-06,-0.25,0.0,0.08,0.0058017,0.03824,2SEG,1,GNSS,0.0131983,0.16176000000000001,0.6946473684210527,0.8088000000000001,0.7517236842105264
M166,1e-05,5.5e-06,-0.25,0.25,0.03,0.0058661,0.01999,2SEG,1,GNSS,0.0131339,0.18001,0.6912578947368422,0.90005,0.7956539473684211
M167,1e-05,5.5e-06,-0.25,0.25,0.035,0.0058591,0.02191,2SEG,1,GNSS,0.0131409,0.17809000000000003,0.6916263157894738,0.8904500000000001,0.791038157894737
M168,1e-05,5.5e-06,-0.25,0.25,0.04,0.0058525,0.02372,2SEG,1,GNSS,0.0131475,0.17628000000000002,0.6919736842105263,0.8814000000000001,0.7866868421052632
M169,1e-05,5.5e-06,-0.25,0.25,0.05,0.0058403,0.02709,2SEG,1,GNSS,0.0131597,0.17291,0.6926157894736842,0.86455,0.7785828947368421
M170,1e-05,5.5e-06,-0.25,0.25,0.08,0.0058085,0.03579,2SEG,1,GNSS,0.013191499999999998,0.16421000000000002,0.6942894736842105,0.8210500000000001,0.7576697368421053
M171,1e-05,5.5e-06,-0.25,0.5,0.03,0.0058691,0.01893,2SEG,1,GNSS,0.0131309,0.18107,0.6910999999999999,0.90535,0.798225
M172,1e-05,5.5e-06,-0.25,0.5,0.035,0.0058624,0.02075,2SEG,1,GNSS,0.0131376,0.17925000000000002,0.6914526315789473,0.8962500000000001,0.7938513157894738
M173,1e-05,5.5e-06,-0.25,0.5,0.04,0.005856,0.02247,2SEG,1,GNSS,0.013144,0.17753000000000002,0.6917894736842105,0.88765,0.7897197368421053
M174,1e-05,5.5e-06,-0.25,0.5,0.05,0.0058443,0.02565,2SEG,1,GNSS,0.0131557,0.17435,0.6924052631578947,0.87175,0.7820776315789474
M175,1e-05,5.5e-06,-0.25,0.5,0.08,0.0058138,0.03391,2SEG,1,GNSS,0.013186199999999999,0.16609000000000002,0.6940105263157894,0.83045,0.7622302631578948
M176,1e-05,5.5e-06,0.0,-0.5,0.03,0.00585,0.02627,2SEG,1,GNSS,0.013149999999999998,0.17373,0.6921052631578947,0.8686499999999999,0.7803776315789472
M177,1e-05,5.5e-06,0.0,-0.5,0.035,0.0058415,0.02879,2SEG,1,GNSS,0.0131585,0.17121,0.6925526315789474,0.85605,0.7743013157894737
M178,1e-05,5.5e-06,0.0,-0.5,0.04,0.0058334,0.03117,2SEG,1,GNSS,0.0131666,0.16883,0.6929789473684211,0.84415,0.7685644736842105
M179,1e-05,5.5e-06,0.0,-0.5,0.05,0.0058184,0.03558,2SEG,1,GNSS,0.0131816,0.16442,0.6937684210526316,0.8221,0.7579342105263158
M180,1e-05,5.5e-06,0.0,-0.5,0.08,0.0057797,0.04698,2SEG,1,GNSS,0.0132203,0.15302000000000002,0.6958052631578948,0.7651,0.7304526315789475
M181,1e-05,5.5e-06,0.0,-0.25,0.03,0.0058583,0.02328,2SEG,1,GNSS,0.0131417,0.17672000000000002,0.6916684210526316,0.8836,0.7876342105263159
M182,1e-05,5.5e-06,0.0,-0.25,0.035,0.0058506,0.02552,2SEG,1,GNSS,0.013149399999999999,0.17448000000000002,0.6920736842105263,0.8724000000000001,0.7822368421052632
M183,1e-05,5.5e-06,0.0,-0.25,0.04,0.0058433,0.02762,2SEG,1,GNSS,0.0131567,0.17238,0.6924578947368422,0.8619,0.7771789473684211
M184,1e-05,5.5e-06,0.0,-0.25,0.05,0.0058297,0.03154,2SEG,1,GNSS,0.0131703,0.16846,0.6931736842105263,0.8422999999999999,0.767736842105263
M185,1e-05,5.5e-06,0.0,-0.25,0.08,0.0057946,0.04166,2SEG,1,GNSS,0.013205399999999999,0.15834,0.6950210526315789,0.7917,0.7433605263157894
M186,1e-05,5.5e-06,0.0,0.0,0.03,0.0058637,0.02137,2SEG,1,GNSS,0.0131363,0.17863,0.6913842105263158,0.89315,0.7922671052631579
M187,1e-05,5.5e-06,0.0,0.0,0.035,0.0058565,0.02342,2SEG,1,GNSS,0.013143499999999999,0.17658000000000001,0.6917631578947369,0.8829,0.7873315789473685
M188,1e-05,5.5e-06,0.0,0.0,0.04,0.0058496,0.02536,2SEG,1,GNSS,0.0131504,0.17464000000000002,0.6921263157894737,0.8732000000000001,0.782663157894737
M189,1e-05,5.5e-06,0.0,0.0,0.05,0.005837,0.02895,2SEG,1,GNSS,0.013163,0.17105,0.6927894736842105,0.85525,0.7740197368421052
M190,1e-05,5.5e-06,0.0,0.0,0.08,0.0058041,0.03825,2SEG,1,GNSS,0.0131959,0.16175,0.6945210526315789,0.80875,0.7516355263157894
M191,1e-05,5.5e-06,0.0,0.25,0.03,0.0058675,0.01999,2SEG,1,GNSS,0.013132499999999998,0.18001,0.6911842105263157,0.90005,0.7956171052631579
M192,1e-05,5.5e-06,0.0,0.25,0.035,0.0058607,0.02191,2SEG,1,GNSS,0.0131393,0.17809000000000003,0.6915421052631578,0.8904500000000001,0.7909960526315789
M193,1e-05,5.5e-06,0.0,0.25,0.04,0.0058542,0.02373,2SEG,1,GNSS,0.0131458,0.17627,0.6918842105263158,0.88135,0.7866171052631579
M194,1e-05,5.5e-06,0.0,0.25,0.05,0.0058422,0.02709,2SEG,1,GNSS,0.0131578,0.17291,0.6925157894736843,0.86455,0.7785328947368422
M195,1e-05,5.5e-06,0.0,0.25,0.08,0.005811,0.0358,2SEG,1,GNSS,0.013189,0.1642,0.6941578947368421,0.8210000000000001,0.7575789473684211
M196,1e-05,5.5e-06,0.0,0.5,0.03,0.0058705,0.01893,2SEG,1,GNSS,0.013129499999999999,0.18107,0.6910263157894736,0.90535,0.7981881578947367
M197,1e-05,5.5e-06,0.0,0.5,0.035,0.0058639,0.02075,2SEG,1,GNSS,0.0131361,0.17925000000000002,0.6913736842105264,0.8962500000000001,0.7938118421052632
M198,1e-05,5.5e-06,0.0,0.5,0.04,0.0058577,0.02247,2SEG,1,GNSS,0.013142299999999999,0.17753000000000002,0.6917,0.88765,0.789675
M199,1e-05,5.5e-06,0.0,0.5,0.05,0.0058462,0.02566,2SEG,1,GNSS,0.0131538,0.17434000000000002,0.6923052631578948,0.8717,0.7820026315789474
M200,1e-05,5.5e-06,0.0,0.5,0.08,0.0058163,0.03392,2SEG,1,GNSS,0.0131837,0.16608,0.693878947368421,0.8304,0.7621394736842105
M201,1e-05,5.5e-06,0.25,-0.5,0.03,0.005851,0.02627,2SEG,1,GNSS,0.013149,0.17373,0.6920526315789474,0.8686499999999999,0.7803513157894737
M202,1e-05,5.5e-06,0.25,-0.5,0.035,0.0058425,0.02879,2SEG,1,GNSS,0.013157499999999999,0.17121,0.6925,0.85605,0.774275
M203,1e-05,5.5e-06,0.25,-0.5,0.04,0.0058346,0.03117,2SEG,1,GNSS,0.0131654,0.16883,0.6929157894736843,0.84415,0.7685328947368422
M204,1e-05,5.5e-06,0.25,-0.5,0.05,0.0058198,0.03558,2SEG,1,GNSS,0.0131802,0.16442,0.6936947368421053,0.8221,0.7578973684210526
M205,1e-05,5.5e-06,0.25,-0.5,0.08,0.0057814,0.04699,2SEG,1,GNSS,0.0132186,0.15301,0.6957157894736843,0.76505,0.7303828947368421
M206,1e-05,5.5e-06,0.25,-0.25,0.03,0.0058593,0.02328,2SEG,1,GNSS,0.0131407,0.17672000000000002,0.6916157894736842,0.8836,0.7876078947368421
M207,1e-05,5.5e-06,0.25,-0.25,0.035,0.0058517,0.02552,2SEG,1,GNSS,0.0131483,0.17448000000000002,0.6920157894736843,0.8724000000000001,0.7822078947368422
M208,1e-05,5.5e-06,0.25,-0.25,0.04,0.0058445,0.02763,2SEG,1,GNSS,0.0131555,0.17237000000000002,0.6923947368421053,0.8618500000000001,0.7771223684210526
M209,1e-05,5.5e-06,0.25,-0.25,0.05,0.0058311,0.03154,2SEG,1,GNSS,0.0131689,0.16846,0.6931,0.8422999999999999,0.7677
M210,1e-05,5.5e-06,0.25,-0.25,0.08,0.0057964,0.04167,2SEG,1,GNSS,0.0132036,0.15833000000000003,0.6949263157894736,0.7916500000000001,0.7432881578947368
M211,1e-05,5.5e-06,0.25,0.0,0.03,0.0058647,0.02137,2SEG,1,GNSS,0.013135299999999999,0.17863,0.6913315789473684,0.89315,0.7922407894736843
M212,1e-05,5.5e-06,0.25,0.0,0.035,0.0058575,0.02342,2SEG,1,GNSS,0.0131425,0.17658000000000001,0.6917105263157894,0.8829,0.7873052631578947
M213,1e-05,5.5e-06,0.25,0.0,0.04,0.0058508,0.02536,2SEG,1,GNSS,0.0131492,0.17464000000000002,0.6920631578947368,0.8732000000000001,0.7826315789473685
M214,1e-05,5.5e-06,0.25,0.0,0.05,0.0058383,0.02896,2SEG,1,GNSS,0.013161699999999998,0.17104000000000003,0.6927210526315789,0.8552000000000001,0.7739605263157895
M215,1e-05,5.5e-06,0.25,0.0,0.08,0.0058059,0.03826,2SEG,1,GNSS,0.0131941,0.16174,0.6944263157894737,0.8087,0.7515631578947368
M216,1e-05,5.5e-06,0.25,0.25,0.03,0.0058685,0.01999,2SEG,1,GNSS,0.0131315,0.18001,0.6911315789473684,0.90005,0.7955907894736842
M217,1e-05,5.5e-06,0.25,0.25,0.035,0.0058617,0.02192,2SEG,1,GNSS,0.013138299999999999,0.17808000000000002,0.6914894736842104,0.8904000000000001,0.7909447368421052
M218,1e-05,5.5e-06,0.25,0.25,0.04,0.0058554,0.02373,2SEG,1,GNSS,0.0131446,0.17627,0.6918210526315789,0.88135,0.7865855263157895
M219,1e-05,5.5e-06,0.25,0.25,0.05,0.0058435,0.0271,2SEG,1,GNSS,0.0131565,0.1729,0.6924473684210526,0.8644999999999999,0.7784736842105262
M220,1e-05,5.5e-06,0.25,0.25,0.08,0.0058128,0.03581,2SEG,1,GNSS,0.0131872,0.16419,0.6940631578947368,0.82095,0.7575065789473684
M221,1e-05,5.5e-06,0.25,0.5,0.03,0.0058715,0.01893,2SEG,1,GNSS,0.0131285,0.18107,0.6909736842105263,0.90535,0.7981618421052632
M222,1e-05,5.5e-06,0.25,0.5,0.035,0.005865,0.02076,2SEG,1,GNSS,0.013134999999999999,0.17924,0.6913157894736842,0.8962,0.7937578947368421
M223,1e-05,5.5e-06,0.25,0.5,0.04,0.0058589,0.02247,2SEG,1,GNSS,0.0131411,0.17753000000000002,0.6916368421052631,0.88765,0.7896434210526315
M224,1e-05,5.5e-06,0.25,0.5,0.05,0.0058475,0.02566,2SEG,1,GNSS,0.0131525,0.17434000000000002,0.6922368421052632,0.8717,0.7819684210526316
M225,1e-05,5.5e-06,0.25,0.5,0.08,0.0058181,0.03392,2SEG,1,GNSS,0.0131819,0.16608,0.6937842105263158,0.8304,0.762092105263158
M226,1e-05,5.5e-06,0.5,-0.5,0.03,0.0058518,0.02627,2SEG,1,GNSS,0.013148199999999999,0.17373,0.6920105263157894,0.8686499999999999,0.7803302631578947
M227,1e-05,5.5e-06,0.5,-0.5,0.035,0.0058434,0.0288,2SEG,1,GNSS,0.0131566,0.17120000000000002,0.6924526315789473,0.8560000000000001,0.7742263157894738
M228,1e-05,5.5e-06,0.5,-0.5,0.04,0.0058355,0.03117,2SEG,1,GNSS,0.013164499999999999,0.16883,0.6928684210526316,0.84415,0.7685092105263158
M229,1e-05,5.5e-06,0.5,-0.5,0.05,0.0058208,0.03559,2SEG,1,GNSS,0.013179199999999999,0.16441,0.6936421052631578,0.82205,0.7578460526315789
M230,1e-05,5.5e-06,0.5,-0.5,0.08,0.0057828,0.04699,2SEG,1,GNSS,0.013217199999999998,0.15301,0.6956421052631578,0.76505,0.7303460526315789
M231,1e-05,5.5e-06,0.5,-0.25,0.03,0.0058601,0.02328,2SEG,1,GNSS,0.0131399,0.17672000000000002,0.6915736842105263,0.8836,0.7875868421052632
M232,1e-05,5.5e-06,0.5,-0.25,0.035,0.0058525,0.02552,2SEG,1,GNSS,0.0131475,0.17448000000000002,0.6919736842105263,0.8724000000000001,0.7821868421052631
M233,1e-05,5.5e-06,0.5,-0.25,0.04,0.0058454,0.02763,2SEG,1,GNSS,0.013154599999999999,0.17237000000000002,0.6923473684210526,0.8618500000000001,0.7770986842105263
M234,1e-05,5.5e-06,0.5,-0.25,0.05,0.0058321,0.03155,2SEG,1,GNSS,0.0131679,0.16845000000000002,0.6930473684210526,0.84225,0.7676486842105263
M235,1e-05,5.5e-06,0.5,-0.25,0.08,0.0057977,0.04168,2SEG,1,GNSS,0.0132023,0.15832000000000002,0.6948578947368421,0.7916000000000001,0.743228947368421
M236,1e-05,5.5e-06,0.5,0.0,0.03,0.0058654,0.02137,2SEG,1,GNSS,0.0131346,0.17863,0.6912947368421053,0.89315,0.7922223684210526
M237,1e-05,5.5e-06,0.5,0.0,0.035,0.0058584,0.02343,2SEG,1,GNSS,0.0131416,0.17657,0.6916631578947369,0.88285,0.7872565789473684
M238,1e-05,5.5e-06,0.5,0.0,0.04,0.0058517,0.02536,2SEG,1,GNSS,0.0131483,0.17464000000000002,0.6920157894736843,0.8732000000000001,0.7826078947368422
M239,1e-05,5.5e-06,0.5,0.0,0.05,0.0058394,0.02896,2SEG,1,GNSS,0.0131606,0.17104000000000003,0.6926631578947369,0.8552000000000001,0.7739315789473684
M240,1e-05,5.5e-06,0.5,0.0,0.08,0.0058073,0.03827,2SEG,1,GNSS,0.0131927,0.16173,0.6943526315789473,0.80865,0.7515013157894737
M241,1e-05,5.5e-06,0.5,0.25,0.03,0.0058693,0.02,2SEG,1,GNSS,0.013130699999999999,0.18000000000000002,0.6910894736842105,0.9,0.7955447368421052
M242,1e-05,5.5e-06,0.5,0.25,0.035,0.0058626,0.02192,2SEG,1,GNSS,0.0131374,0.17808000000000002,0.691442105263158,0.8904000000000001,0.7909210526315791
M243,1e-05,5.5e-06,0.5,0.25,0.04,0.0058563,0.02373,2SEG,1,GNSS,0.0131437,0.17627,0.6917736842105263,0.88135,0.7865618421052631
M244,1e-05,5.5e-06,0.5,0.25,0.05,0.0058446,0.0271,2SEG,1,GNSS,0.0131554,0.1729,0.6923894736842106,0.8644999999999999,0.7784447368421052
M245,1e-05,5.5e-06,0.5,0.25,0.08,0.0058141,0.03581,2SEG,1,GNSS,0.0131859,0.16419,0.6939947368421053,0.82095,0.7574723684210527
M246,1e-05,5.5e-06,0.5,0.5,0.03,0.0058722,0.01894,2SEG,1,GNSS,0.013127799999999998,0.18106,0.6909368421052631,0.9053,0.7981184210526315
M247,1e-05,5.5e-06,0.5,0.5,0.035,0.0058658,0.02076,2SEG,1,GNSS,0.013134199999999999,0.17924,0.6912736842105263,0.8962,0.7937368421052631
M248,1e-05,5.5e-06,0.5,0.5,0.04,0.0058598,0.02248,2SEG,1,GNSS,0.0131402,0.17752,0.6915894736842105,0.8876000000000001,0.7895947368421052
M249,1e-05,5.5e-06,0.5,0.5,0.05,0.0058486,0.02567,2SEG,1,GNSS,0.0131514,0.17433,0.6921789473684211,0.87165,0.7819144736842105
M250,1e-05,5.5e-06,0.5,0.5,0.08,0.0058194,0.03393,2SEG,1,GNSS,0.0131806,0.16607,0.6937157894736843,0.8303499999999999,0.7620328947368421
M251,1e-05,1e-05,-0.5,-0.5,0.03,0.0078843,0.0314,2SEG,1,GNSS,0.0111157,0.16860000000000003,0.5850368421052631,0.8430000000000001,0.7140184210526316
M252,1e-05,1e-05,-0.5,-0.5,0.035,0.0078688,0.0344,2SEG,1,GNSS,0.011131199999999999,0.16560000000000002,0.5858526315789473,0.8280000000000001,0.7069263157894736
M253,1e-05,1e-05,-0.5,-0.5,0.04,0.0078542,0.03723,2SEG,1,GNSS,0.011145799999999999,0.16277000000000003,0.5866210526315789,0.8138500000000001,0.7002355263157896
M254,1e-05,1e-05,-0.5,-0.5,0.05,0.0078271,0.04247,2SEG,1,GNSS,0.0111729,0.15753,0.5880473684210527,0.78765,0.6878486842105263
M255,1e-05,1e-05,-0.5,-0.5,0.08,0.0077567,0.05601,2SEG,1,GNSS,0.0112433,0.14399,0.5917526315789473,0.71995,0.6558513157894736
M256,1e-05,1e-05,-0.5,-0.25,0.03,0.0079005,0.02783,2SEG,1,GNSS,0.0110995,0.17217000000000002,0.5841842105263158,0.86085,0.7225171052631578
M257,1e-05,1e-05,-0.5,-0.25,0.035,0.0078866,0.0305,2SEG,1,GNSS,0.011113399999999999,0.1695,0.5849157894736842,0.8475,0.7162078947368421
M258,1e-05,1e-05,-0.5,-0.25,0.04,0.0078735,0.03301,2SEG,1,GNSS,0.0111265,0.16699000000000003,0.5856052631578947,0.8349500000000001,0.7102776315789474
M259,1e-05,1e-05,-0.5,-0.25,0.05,0.007849,0.03767,2SEG,1,GNSS,0.011151,0.16233,0.5868947368421052,0.81165,0.6992723684210527
M260,1e-05,1e-05,-0.5,-0.25,0.08,0.0077857,0.0497,2SEG,1,GNSS,0.0112143,0.15030000000000002,0.5902263157894737,0.7515000000000001,0.6708631578947368
M261,1e-05,1e-05,-0.5,0.0,0.03,0.0079109,0.02555,2SEG,1,GNSS,0.0110891,0.17445000000000002,0.5836368421052631,0.8722500000000001,0.7279434210526317
M262,1e-05,1e-05,-0.5,0.0,0.035,0.007898,0.028,2SEG,1,GNSS,0.011101999999999999,0.17200000000000001,0.5843157894736841,0.86,0.7221578947368421
M263,1e-05,1e-05,-0.5,0.0,0.04,0.0078858,0.03031,2SEG,1,GNSS,0.0111142,0.16969,0.5849578947368421,0.84845,0.7167039473684211
M264,1e-05,1e-05,-0.5,0.0,0.05,0.0078631,0.03459,2SEG,1,GNSS,0.0111369,0.16541,0.5861526315789474,0.82705,0.7066013157894737
M265,1e-05,1e-05,-0.5,0.0,0.08,0.0078043,0.04566,2SEG,1,GNSS,0.0111957,0.15434,0.5892473684210526,0.7716999999999999,0.6804736842105263
M266,1e-05,1e-05,-0.5,0.25,0.03,0.0079184,0.02391,2SEG,1,GNSS,0.011081599999999999,0.17609000000000002,0.5832421052631579,0.8804500000000001,0.731846052631579
M267,1e-05,1e-05,-0.5,0.25,0.035,0.0079062,0.0262,2SEG,1,GNSS,0.0110938,0.1738,0.5838842105263158,0.869,0.7264421052631579
M268,1e-05,1e-05,-0.5,0.25,0.04,0.0078946,0.02837,2SEG,1,GNSS,0.0111054,0.17163,0.5844947368421053,0.85815,0.7213223684210526
M269,1e-05,1e-05,-0.5,0.25,0.05,0.0078732,0.03238,2SEG,1,GNSS,0.0111268,0.16762000000000002,0.5856210526315789,0.8381000000000001,0.7118605263157896
M270,1e-05,1e-05,-0.5,0.25,0.08,0.0078176,0.04274,2SEG,1,GNSS,0.0111824,0.15726,0.5885473684210527,0.7863,0.6874236842105264
M271,1e-05,1e-05,-0.5,0.5,0.03,0.0079241,0.02265,2SEG,1,GNSS,0.0110759,0.17735,0.5829421052631579,0.88675,0.734846052631579
M272,1e-05,1e-05,-0.5,0.5,0.035,0.0079124,0.02482,2SEG,1,GNSS,0.0110876,0.17518,0.583557894736842,0.8759,0.729728947368421
M273,1e-05,1e-05,-0.5,0.5,0.04,0.0079014,0.02687,2SEG,1,GNSS,0.0110986,0.17313,0.5841368421052632,0.86565,0.7248934210526317
M274,1e-05,1e-05,-0.5,0.5,0.05,0.007881,0.03067,2SEG,1,GNSS,0.011118999999999999,0.16933,0.5852105263157894,0.84665,0.7159302631578948
M275,1e-05,1e-05,-0.5,0.5,0.08,0.0078279,0.0405,2SEG,1,GNSS,0.011172099999999999,0.1595,0.5880052631578947,0.7975,0.6927526315789474
M276,1e-05,1e-05,-0.25,-0.5,0.03,0.0078864,0.0314,2SEG,1,GNSS,0.0111136,0.16860000000000003,0.5849263157894736,0.8430000000000001,0.7139631578947369
M277,1e-05,1e-05,-0.25,-0.5,0.035,0.0078711,0.0344,2SEG,1,GNSS,0.011128899999999999,0.16560000000000002,0.5857315789473684,0.8280000000000001,0.7068657894736843
M278,1e-05,1e-05,-0.25,-0.5,0.04,0.0078567,0.03723,2SEG,1,GNSS,0.0111433,0.16277000000000003,0.5864894736842106,0.8138500000000001,0.7001697368421054
M279,1e-05,1e-05,-0.25,-0.5,0.05,0.0078299,0.04248,2SEG,1,GNSS,0.011170099999999999,0.15752000000000002,0.5879,0.7876000000000001,0.6877500000000001
M280,1e-05,1e-05,-0.25,-0.5,0.08,0.0077604,0.05602,2SEG,1,GNSS,0.011239599999999999,0.14398,0.5915578947368421,0.7199,0.655728947368421
M281,1e-05,1e-05,-0.25,-0.25,0.03,0.0079027,0.02784,2SEG,1,GNSS,0.0110973,0.17216,0.5840684210526316,0.8608,0.7224342105263157
M282,1e-05,1e-05,-0.25,-0.25,0.035,0.0078889,0.0305,2SEG,1,GNSS,0.011111099999999999,0.1695,0.5847947368421053,0.8475,0.7161473684210526
M283,1e-05,1e-05,-0.25,-0.25,0.04,0.007876,0.03302,2SEG,1,GNSS,0.011124,0.16698000000000002,0.5854736842105264,0.8349000000000001,0.7101868421052633
M284,1e-05,1e-05,-0.25,-0.25,0.05,0.0078519,0.03768,2SEG,1,GNSS,0.0111481,0.16232000000000002,0.5867421052631578,0.8116000000000001,0.699171052631579
M285,1e-05,1e-05,-0.25,-0.25,0.08,0.0077894,0.04972,2SEG,1,GNSS,0.0112106,0.15028000000000002,0.5900315789473684,0.7514000000000001,0.6707157894736842
M286,1e-05,1e-05,-0.25,0.0,0.03,0.007913,0.02556,2SEG,1,GNSS,0.011087,0.17444,0.5835263157894737,0.8722,0.7278631578947368
M287,1e-05,1e-05,-0.25,0.0,0.035,0.0079003,0.02801,2SEG,1,GNSS,0.011099699999999999,0.17199,0.5841947368421052,0.85995,0.7220723684210526
M288,1e-05,1e-05,-0.25,0.0,0.04,0.0078883,0.03031,2SEG,1,GNSS,0.011111699999999999,0.16969,0.5848263157894736,0.84845,0.7166381578947368
M289,1e-05,1e-05,-0.25,0.0,0.05,0.0078659,0.0346,2SEG,1,GNSS,0.0111341,0.16540000000000002,0.5860052631578947,0.8270000000000001,0.7065026315789473
M290,1e-05,1e-05,-0.25,0.0,0.08,0.007808,0.04567,2SEG,1,GNSS,0.011192,0.15433000000000002,0.5890526315789474,0.7716500000000001,0.6803513157894737
M291,1e-05,1e-05,-0.25,0.25,0.03,0.0079205,0.02392,2SEG,1,GNSS,0.011079499999999999,0.17608000000000001,0.5831315789473683,0.8804000000000001,0.7317657894736842
M292,1e-05,1e-05,-0.25,0.25,0.035,0.0079085,0.02621,2SEG,1,GNSS,0.011091499999999999,0.17379,0.5837631578947368,0.86895,0.7263565789473684
M293,1e-05,1e-05,-0.25,0.25,0.04,0.0078971,0.02837,2SEG,1,GNSS,0.011102899999999999,0.17163,0.5843631578947368,0.85815,0.7212565789473684
M294,1e-05,1e-05,-0.25,0.25,0.05,0.007876,0.03238,2SEG,1,GNSS,0.011124,0.16762000000000002,0.5854736842105264,0.8381000000000001,0.7117868421052632
M295,1e-05,1e-05,-0.25,0.25,0.08,0.0078214,0.04276,2SEG,1,GNSS,0.0111786,0.15724000000000002,0.5883473684210526,0.7862,0.6872736842105263
M296,1e-05,1e-05,-0.25,0.5,0.03,0.0079262,0.02265,2SEG,1,GNSS,0.0110738,0.17735,0.5828315789473685,0.88675,0.7347907894736843
M297,1e-05,1e-05,-0.25,0.5,0.035,0.0079148,0.02483,2SEG,1,GNSS,0.0110852,0.17517000000000002,0.5834315789473684,0.87585,0.7296407894736843
M298,1e-05,1e-05,-0.25,0.5,0.04,0.0079039,0.02687,2SEG,1,GNSS,0.0110961,0.17313,0.5840052631578947,0.86565,0.7248276315789474
M299,1e-05,1e-05,-0.25,0.5,0.05,0.0078838,0.03068,2SEG,1,GNSS,0.0111162,0.16932000000000003,0.5850631578947368,0.8466000000000001,0.7158315789473685
M300,1e-05,1e-05,-0.25,0.5,0.08,0.0078316,0.04051,2SEG,1,GNSS,0.0111684,0.15949000000000002,0.5878105263157895,0.7974500000000001,0.6926302631578948
M301,1e-05,1e-05,0.0,-0.5,0.03,0.0078878,0.0314,2SEG,1,GNSS,0.0111122,0.16860000000000003,0.5848526315789473,0.8430000000000001,0.7139263157894737
M302,1e-05,1e-05,0.0,-0.5,0.035,0.0078726,0.03441,2SEG,1,GNSS,0.011127399999999999,0.16559000000000001,0.5856526315789473,0.8279500000000001,0.7068013157894737
M303,1e-05,1e-05,0.0,-0.5,0.04,0.0078583,0.03724,2SEG,1,GNSS,0.0111417,0.16276000000000002,0.5864052631578948,0.8138000000000001,0.7001026315789474
M304,1e-05,1e-05,0.0,-0.5,0.05,0.0078317,0.04249,2SEG,1,GNSS,0.011168299999999999,0.15751,0.5878052631578947,0.78755,0.6876776315789473
M305,1e-05,1e-05,0.0,-0.5,0.08,0.0077628,0.05603,2SEG,1,GNSS,0.0112372,0.14397000000000001,0.5914315789473684,0.71985,0.6556407894736842
M306,1e-05,1e-05,0.0,-0.25,0.03,0.007904,0.02784,2SEG,1,GNSS,0.011096,0.17216,0.584,0.8608,0.7223999999999999
M307,1e-05,1e-05,0.0,-0.25,0.035,0.0078904,0.03051,2SEG,1,GNSS,0.011109599999999999,0.16949,0.5847157894736842,0.8474499999999999,0.7160828947368421
M308,1e-05,1e-05,0.0,-0.25,0.04,0.0078776,0.03302,2SEG,1,GNSS,0.0111224,0.16698000000000002,0.5853894736842105,0.8349000000000001,0.7101447368421052
M309,1e-05,1e-05,0.0,-0.25,0.05,0.0078537,0.03768,2SEG,1,GNSS,0.0111463,0.16232000000000002,0.5866473684210526,0.8116000000000001,0.6991236842105264
M310,1e-05,1e-05,0.0,-0.25,0.08,0.0077918,0.04972,2SEG,1,GNSS,0.0112082,0.15028000000000002,0.5899052631578947,0.7514000000000001,0.6706526315789474
M311,1e-05,1e-05,0.0,0.0,0.03,0.0079144,0.02556,2SEG,1,GNSS,0.0110856,0.17444,0.5834526315789473,0.8722,0.7278263157894737
M312,1e-05,1e-05,0.0,0.0,0.035,0.0079018,0.02801,2SEG,1,GNSS,0.011098199999999999,0.17199,0.5841157894736841,0.85995,0.7220328947368421
M313,1e-05,1e-05,0.0,0.0,0.04,0.0078899,0.03032,2SEG,1,GNSS,0.0111101,0.16968,0.5847421052631578,0.8483999999999999,0.7165710526315789
M314,1e-05,1e-05,0.0,0.0,0.05,0.0078678,0.0346,2SEG,1,GNSS,0.0111322,0.16540000000000002,0.5859052631578947,0.8270000000000001,0.7064526315789474
M315,1e-05,1e-05,0.0,0.0,0.08,0.0078104,0.04568,2SEG,1,GNSS,0.0111896,0.15432,0.5889263157894736,0.7716000000000001,0.6802631578947369
M316,1e-05,1e-05,0.0,0.25,0.03,0.0079219,0.02392,2SEG,1,GNSS,0.011078099999999999,0.17608000000000001,0.583057894736842,0.8804000000000001,0.731728947368421
M317,1e-05,1e-05,0.0,0.25,0.035,0.00791,0.02621,2SEG,1,GNSS,0.01109,0.17379,0.5836842105263158,0.86895,0.7263171052631578
M318,1e-05,1e-05,0.0,0.25,0.04,0.0078987,0.02837,2SEG,1,GNSS,0.0111013,0.17163,0.584278947368421,0.85815,0.7212144736842105
M319,1e-05,1e-05,0.0,0.25,0.05,0.0078779,0.03239,2SEG,1,GNSS,0.0111221,0.16761,0.5853736842105263,0.83805,0.7117118421052631
M320,1e-05,1e-05,0.0,0.25,0.08,0.0078238,0.04276,2SEG,1,GNSS,0.011176199999999999,0.15724000000000002,0.5882210526315789,0.7862,0.6872105263157895
M321,1e-05,1e-05,0.0,0.5,0.03,0.0079276,0.02265,2SEG,1,GNSS,0.0110724,0.17735,0.5827578947368421,0.88675,0.734753947368421
M322,1e-05,1e-05,0.0,0.5,0.035,0.0079163,0.02483,2SEG,1,GNSS,0.0110837,0.17517000000000002,0.5833526315789473,0.87585,0.7296013157894736
M323,1e-05,1e-05,0.0,0.5,0.04,0.0079055,0.02688,2SEG,1,GNSS,0.0110945,0.17312,0.583921052631579,0.8655999999999999,0.7247605263157895
M324,1e-05,1e-05,0.0,0.5,0.05,0.0078857,0.03068,2SEG,1,GNSS,0.011114299999999999,0.16932000000000003,0.5849631578947367,0.8466000000000001,0.7157815789473685
M325,1e-05,1e-05,0.0,0.5,0.08,0.007834,0.04052,2SEG,1,GNSS,0.011165999999999999,0.15948,0.5876842105263157,0.7974,0.6925421052631578
M326,1e-05,1e-05,0.25,-0.5,0.03,0.0078888,0.03141,2SEG,1,GNSS,0.0111112,0.16859000000000002,0.5848,0.8429500000000001,0.713875
M327,1e-05,1e-05,0.25,-0.5,0.035,0.0078737,0.03441,2SEG,1,GNSS,0.011126299999999999,0.16559000000000001,0.5855947368421052,0.8279500000000001,0.7067723684210526
M328,1e-05,1e-05,0.25,-0.5,0.04,0.0078595,0.03724,2SEG,1,GNSS,0.0111405,0.16276000000000002,0.5863421052631579,0.8138000000000001,0.700071052631579
M329,1e-05,1e-05,0.25,-0.5,0.05,0.007833,0.04249,2SEG,1,GNSS,0.011167,0.15751,0.5877368421052631,0.78755,0.6876434210526315
M330,1e-05,1e-05,0.25,-0.5,0.08,0.0077645,0.05604,2SEG,1,GNSS,0.011235499999999999,0.14396,0.5913421052631579,0.7198,0.655571052631579
M331,1e-05,1e-05,0.25,-0.25,0.03,0.007905,0.02784,2SEG,1,GNSS,0.011094999999999999,0.17216,0.5839473684210525,0.8608,0.7223736842105263
M332,1e-05,1e-05,0.25,-0.25,0.035,0.0078915,0.03051,2SEG,1,GNSS,0.0111085,0.16949,0.5846578947368422,0.8474499999999999,0.7160539473684211
M333,1e-05,1e-05,0.25,-0.25,0.04,0.0078787,0.03302,2SEG,1,GNSS,0.011121299999999999,0.16698000000000002,0.5853315789473684,0.8349000000000001,0.7101157894736843
M334,1e-05,1e-05,0.25,-0.25,0.05,0.007855,0.03769,2SEG,1,GNSS,0.011145,0.16231,0.5865789473684211,0.81155,0.6990644736842105
M335,1e-05,1e-05,0.25,-0.25,0.08,0.0077936,0.04973,2SEG,1,GNSS,0.011206399999999998,0.15027000000000001,0.5898105263157895,0.7513500000000001,0.6705802631578948
M336,1e-05,1e-05,0.25,0.0,0.03,0.0079154,0.02556,2SEG,1,GNSS,0.0110846,0.17444,0.5834,0.8722,0.7278
M337,1e-05,1e-05,0.25,0.0,0.035,0.0079028,0.02801,2SEG,1,GNSS,0.0110972,0.17199,0.5840631578947368,0.85995,0.7220065789473684
M338,1e-05,1e-05,0.25,0.0,0.04,0.007891,0.03032,2SEG,1,GNSS,0.011108999999999999,0.16968,0.5846842105263158,0.8483999999999999,0.7165421052631579
M339,1e-05,1e-05,0.25,0.0,0.05,0.0078691,0.03461,2SEG,1,GNSS,0.011130899999999999,0.16539,0.5858368421052631,0.82695,0.7063934210526315
M340,1e-05,1e-05,0.25,0.0,0.08,0.0078121,0.04568,2SEG,1,GNSS,0.0111879,0.15432,0.5888368421052632,0.7716000000000001,0.6802184210526316
M341,1e-05,1e-05,0.25,0.25,0.03,0.0079228,0.02392,2SEG,1,GNSS,0.011077199999999999,0.17608000000000001,0.5830105263157894,0.8804000000000001,0.7317052631578947
M342,1e-05,1e-05,0.25,0.25,0.035,0.007911,0.02621,2SEG,1,GNSS,0.011089,0.17379,0.5836315789473684,0.86895,0.7262907894736842
M343,1e-05,1e-05,0.25,0.25,0.04,0.0078999,0.02838,2SEG,1,GNSS,0.0111001,0.17162000000000002,0.5842157894736842,0.8581000000000001,0.7211578947368422
M344,1e-05,1e-05,0.25,0.25,0.05,0.0078792,0.03239,2SEG,1,GNSS,0.0111208,0.16761,0.5853052631578948,0.83805,0.7116776315789474
M345,1e-05,1e-05,0.25,0.25,0.08,0.0078255,0.04277,2SEG,1,GNSS,0.011174499999999999,0.15723,0.5881315789473683,0.78615,0.6871407894736842
M346,1e-05,1e-05,0.25,0.5,0.03,0.0079286,0.02266,2SEG,1,GNSS,0.0110714,0.17734,0.5827052631578947,0.8866999999999999,0.7347026315789473
M347,1e-05,1e-05,0.25,0.5,0.035,0.0079173,0.02483,2SEG,1,GNSS,0.0110827,0.17517000000000002,0.5832999999999999,0.87585,0.729575
M348,1e-05,1e-05,0.25,0.5,0.04,0.0079067,0.02688,2SEG,1,GNSS,0.0110933,0.17312,0.5838578947368421,0.8655999999999999,0.7247289473684211
M349,1e-05,1e-05,0.25,0.5,0.05,0.007887,0.03069,2SEG,1,GNSS,0.011113,0.16931000000000002,0.5848947368421052,0.84655,0.7157223684210526
M350,1e-05,1e-05,0.25,0.5,0.08,0.0078358,0.04052,2SEG,1,GNSS,0.011164199999999999,0.15948,0.5875894736842104,0.7974,0.6924947368421053
M351,1e-05,1e-05,0.5,-0.5,0.03,0.0078895,0.03141,2SEG,1,GNSS,0.011110499999999999,0.16859000000000002,0.5847631578947368,0.8429500000000001,0.7138565789473684
M352,1e-05,1e-05,0.5,-0.5,0.035,0.0078745,0.03441,2SEG,1,GNSS,0.0111255,0.16559000000000001,0.5855526315789474,0.8279500000000001,0.7067513157894738
M353,1e-05,1e-05,0.5,-0.5,0.04,0.0078603,0.03724,2SEG,1,GNSS,0.011139699999999999,0.16276000000000002,0.5862999999999999,0.8138000000000001,0.7000500000000001
M354,1e-05,1e-05,0.5,-0.5,0.05,0.007834,0.04249,2SEG,1,GNSS,0.011165999999999999,0.15751,0.5876842105263157,0.78755,0.6876171052631579
M355,1e-05,1e-05,0.5,-0.5,0.08,0.0077659,0.05605,2SEG,1,GNSS,0.0112341,0.14395000000000002,0.5912684210526317,0.7197500000000001,0.6555092105263158
M356,1e-05,1e-05,0.5,-0.25,0.03,0.0079057,0.02785,2SEG,1,GNSS,0.0110943,0.17215000000000003,0.5839105263157894,0.8607500000000001,0.7223302631578947
M357,1e-05,1e-05,0.5,-0.25,0.035,0.0078923,0.03051,2SEG,1,GNSS,0.0111077,0.16949,0.5846157894736842,0.8474499999999999,0.7160328947368421
M358,1e-05,1e-05,0.5,-0.25,0.04,0.0078796,0.03303,2SEG,1,GNSS,0.011120399999999999,0.16697,0.5852842105263157,0.83485,0.7100671052631579
M359,1e-05,1e-05,0.5,-0.25,0.05,0.007856,0.03769,2SEG,1,GNSS,0.011144,0.16231,0.5865263157894737,0.81155,0.6990381578947369
M360,1e-05,1e-05,0.5,-0.25,0.08,0.0077949,0.04974,2SEG,1,GNSS,0.011205099999999999,0.15026,0.5897421052631578,0.7513,0.6705210526315789
M361,1e-05,1e-05,0.5,0.0,0.03,0.0079161,0.02556,2SEG,1,GNSS,0.011083899999999999,0.17444,0.5833631578947368,0.8722,0.7277815789473684
M362,1e-05,1e-05,0.5,0.0,0.035,0.0079037,0.02801,2SEG,1,GNSS,0.0110963,0.17199,0.5840157894736843,0.85995,0.7219828947368421
M363,1e-05,1e-05,0.5,0.0,0.04,0.0078919,0.03032,2SEG,1,GNSS,0.0111081,0.16968,0.5846368421052631,0.8483999999999999,0.7165184210526315
M364,1e-05,1e-05,0.5,0.0,0.05,0.0078701,0.03461,2SEG,1,GNSS,0.0111299,0.16539,0.5857842105263158,0.82695,0.7063671052631579
M365,1e-05,1e-05,0.5,0.0,0.08,0.0078135,0.04569,2SEG,1,GNSS,0.0111865,0.15431,0.5887631578947369,0.77155,0.6801565789473685
M366,1e-05,1e-05,0.5,0.25,0.03,0.0079236,0.02392,2SEG,1,GNSS,0.0110764,0.17608000000000001,0.5829684210526316,0.8804000000000001,0.7316842105263158
M367,1e-05,1e-05,0.5,0.25,0.035,0.0079118,0.02622,2SEG,1,GNSS,0.0110882,0.17378000000000002,0.5835894736842105,0.8689,0.7262447368421052
M368,1e-05,1e-05,0.5,0.25,0.04,0.0079008,0.02838,2SEG,1,GNSS,0.0110992,0.17162000000000002,0.5841684210526316,0.8581000000000001,0.7211342105263159
M369,1e-05,1e-05,0.5,0.25,0.05,0.0078802,0.03239,2SEG,1,GNSS,0.011119799999999999,0.16761,0.5852526315789474,0.83805,0.7116513157894737
M370,1e-05,1e-05,0.5,0.25,0.08,0.0078268,0.04277,2SEG,1,GNSS,0.0111732,0.15723,0.5880631578947368,0.78615,0.6871065789473685
M371,1e-05,1e-05,0.5,0.5,0.03,0.0079293,0.02266,2SEG,1,GNSS,0.0110707,0.17734,0.5826684210526315,0.8866999999999999,0.7346842105263157
M372,1e-05,1e-05,0.5,0.5,0.035,0.0079181,0.02483,2SEG,1,GNSS,0.011081899999999999,0.17517000000000002,0.5832578947368421,0.87585,0.729553947368421
M373,1e-05,1e-05,0.5,0.5,0.04,0.0079076,0.02688,2SEG,1,GNSS,0.011092399999999999,0.17312,0.5838105263157894,0.8655999999999999,0.7247052631578947
M374,1e-05,1e-05,0.5,0.5,0.05,0.007888,0.03069,2SEG,1,GNSS,0.011112,0.16931000000000002,0.5848421052631579,0.84655,0.715696052631579
M375,1e-05,1e-05,0.5,0.5,0.08,0.0078371,0.04053,2SEG,1,GNSS,0.0111629,0.15947,0.5875210526315789,0.79735,0.6924355263157895
M376,1e-05,5.5e-05,-0.5,-0.5,0.03,0.024804,0.06237,2SEG,1,GNSS,-0.005804,0.13763,0.30547368421052634,0.6881499999999999,0.49681184210526314
M377,1e-05,5.5e-05,-0.5,-0.5,0.035,0.024719,0.06827,2SEG,1,GNSS,-0.005719000000000002,0.13173,0.3010000000000001,0.6586500000000001,0.47982500000000006
M378,1e-05,5.5e-05,-0.5,-0.5,0.04,0.024638,0.07383,2SEG,1,GNSS,-0.005638000000000001,0.12617,0.2967368421052632,0.63085,0.4637934210526316
M379,1e-05,5.5e-05,-0.5,-0.5,0.05,0.024488,0.0841,2SEG,1,GNSS,-0.005488,0.11590000000000002,0.2888421052631579,0.5795,0.43417105263157896
M380,1e-05,5.5e-05,-0.5,-0.5,0.08,0.024096,0.1104,2SEG,1,GNSS,-0.005096,0.08960000000000001,0.26821052631578945,0.44800000000000006,0.35810526315789476
M381,1e-05,5.5e-05,-0.5,-0.25,0.03,0.024902,0.05536,2SEG,1,GNSS,-0.005902000000000001,0.14464000000000002,0.3106315789473685,0.7232000000000001,0.5169157894736842
M382,1e-05,5.5e-05,-0.5,-0.25,0.035,0.024827,0.06061,2SEG,1,GNSS,-0.005826999999999999,0.13939000000000001,0.3066842105263157,0.6969500000000001,0.5018171052631579
M383,1e-05,5.5e-05,-0.5,-0.25,0.04,0.024756,0.06556,2SEG,1,GNSS,-0.005756000000000001,0.13444,0.3029473684210527,0.6722,0.4875736842105264
M384,1e-05,5.5e-05,-0.5,-0.25,0.05,0.024623,0.07471,2SEG,1,GNSS,-0.0056229999999999995,0.12529,0.2959473684210526,0.6264500000000001,0.46119868421052634
M385,1e-05,5.5e-05,-0.5,-0.25,0.08,0.024276,0.09821,2SEG,1,GNSS,-0.0052759999999999994,0.10179,0.27768421052631576,0.50895,0.3933171052631579
M386,1e-05,5.5e-05,-0.5,0.0,0.03,0.024965,0.05085,2SEG,1,GNSS,-0.0059650000000000016,0.14915,0.3139473684210527,0.74575,0.5298486842105263
M387,1e-05,5.5e-05,-0.5,0.0,0.035,0.024896,0.05569,2SEG,1,GNSS,-0.005896000000000002,0.14431,0.3103157894736843,0.7215499999999999,0.5159328947368421
M388,1e-05,5.5e-05,-0.5,0.0,0.04,0.024831,0.06024,2SEG,1,GNSS,-0.005830999999999999,0.13976,0.3068947368421052,0.6988,0.5028473684210526
M389,1e-05,5.5e-05,-0.5,0.0,0.05,0.024709,0.06867,2SEG,1,GNSS,-0.005708999999999999,0.13133,0.3004736842105263,0.65665,0.4785618421052631
M390,1e-05,5.5e-05,-0.5,0.0,0.08,0.024391,0.09035,2SEG,1,GNSS,-0.005391,0.10965000000000001,0.2837368421052632,0.54825,0.4159934210526316
M391,1e-05,5.5e-05,-0.5,0.25,0.03,0.025009,0.04761,2SEG,1,GNSS,-0.0060090000000000005,0.15239000000000003,0.31626315789473686,0.7619500000000001,0.5391065789473685
M392,1e-05,5.5e-05,-0.5,0.25,0.035,0.024945,0.05215,2SEG,1,GNSS,-0.005944999999999999,0.14785,0.3128947368421052,0.73925,0.5260723684210526
M393,1e-05,5.5e-05,-0.5,0.25,0.04,0.024884,0.05641,2SEG,1,GNSS,-0.005884,0.14359,0.30968421052631584,0.71795,0.5138171052631579
M394,1e-05,5.5e-05,-0.5,0.25,0.05,0.024771,0.06432,2SEG,1,GNSS,-0.005771000000000002,0.13568000000000002,0.30373684210526325,0.6784000000000001,0.4910684210526317
M395,1e-05,5.5e-05,-0.5,0.25,0.08,0.024473,0.08467,2SEG,1,GNSS,-0.005473000000000002,0.11533000000000002,0.2880526315789475,0.57665,0.4323513157894737
M396,1e-05,5.5e-05,-0.5,0.5,0.03,0.025044,0.04511,2SEG,1,GNSS,-0.006044000000000001,0.15489000000000003,0.3181052631578948,0.7744500000000001,0.5462776315789475
M397,1e-05,5.5e-05,-0.5,0.5,0.035,0.024983,0.04942,2SEG,1,GNSS,-0.005983000000000002,0.15058000000000002,0.3148947368421054,0.7529,0.5338973684210527
M398,1e-05,5.5e-05,-0.5,0.5,0.04,0.024925,0.05346,2SEG,1,GNSS,-0.005925,0.14654,0.31184210526315786,0.7327,0.5222710526315789
M399,1e-05,5.5e-05,-0.5,0.5,0.05,0.024818,0.06097,2SEG,1,GNSS,-0.005818,0.13903000000000001,0.3062105263157895,0.69515,0.5006802631578948
M400,1e-05,5.5e-05,-0.5,0.5,0.08,0.024536,0.08028,2SEG,1,GNSS,-0.005535999999999999,0.11972000000000001,0.29136842105263155,0.5986,0.44498421052631576
M401,1e-05,5.5e-05,-0.25,-0.5,0.03,0.024805,0.06237,2SEG,1,GNSS,-0.005805000000000001,0.13763,0.30552631578947376,0.6881499999999999,0.49683815789473684
M402,1e-05,5.5e-05,-0.25,-0.5,0.035,0.024721,0.06828,2SEG,1,GNSS,-0.005721,0.13172,0.30110526315789476,0.6586,0.47985263157894736
M403,1e-05,5.5e-05,-0.25,-0.5,0.04,0.024641,0.07383,2SEG,1,GNSS,-0.005641,0.12617,0.29689473684210527,0.63085,0.4638723684210526
M404,1e-05,5.5e-05,-0.25,-0.5,0.05,0.024491,0.0841,2SEG,1,GNSS,-0.005490999999999999,0.11590000000000002,0.289,0.5795,0.43425
M405,1e-05,5.5e-05,-0.25,-0.5,0.08,0.024099,0.1104,2SEG,1,GNSS,-0.005098999999999999,0.08960000000000001,0.26836842105263153,0.44800000000000006,0.35818421052631577
M406,1e-05,5.5e-05,-0.25,-0.25,0.03,0.024904,0.05536,2SEG,1,GNSS,-0.0059039999999999995,0.14464000000000002,0.31073684210526314,0.7232000000000001,0.5169684210526316
M407,1e-05,5.5e-05,-0.25,-0.25,0.035,0.024829,0.06061,2SEG,1,GNSS,-0.005829000000000001,0.13939000000000001,0.30678947368421056,0.6969500000000001,0.5018697368421053
M408,1e-05,5.5e-05,-0.25,-0.25,0.04,0.024758,0.06556,2SEG,1,GNSS,-0.005757999999999999,0.13444,0.30305263157894735,0.6722,0.4876263157894737
M409,1e-05,5.5e-05,-0.25,-0.25,0.05,0.024626,0.07471,2SEG,1,GNSS,-0.005625999999999999,0.12529,0.2961052631578947,0.6264500000000001,0.4612776315789474
M410,1e-05,5.5e-05,-0.25,-0.25,0.08,0.024279,0.09822,2SEG,1,GNSS,-0.005278999999999999,0.10178000000000001,0.27784210526315783,0.5089,0.3933710526315789
M411,1e-05,5.5e-05,-0.25,0.0,0.03,0.024966,0.05086,2SEG,1,GNSS,-0.005965999999999999,0.14914,0.31399999999999995,0.7456999999999999,0.5298499999999999
M412,1e-05,5.5e-05,-0.25,0.0,0.035,0.024898,0.05569,2SEG,1,GNSS,-0.0058980000000000005,0.14431,0.310421052631579,0.7215499999999999,0.5159855263157894
M413,1e-05,5.5e-05,-0.25,0.0,0.04,0.024833,0.06025,2SEG,1,GNSS,-0.005833000000000001,0.13975,0.3070000000000001,0.69875,0.5028750000000001
M414,1e-05,5.5e-05,-0.25,0.0,0.05,0.024711,0.06868,2SEG,1,GNSS,-0.005711000000000001,0.13132,0.3005789473684211,0.6566,0.47858947368421056
M415,1e-05,5.5e-05,-0.25,0.0,0.08,0.024394,0.09035,2SEG,1,GNSS,-0.0053939999999999995,0.10965000000000001,0.28389473684210526,0.54825,0.41607236842105266
M416,1e-05,5.5e-05,-0.25,0.25,0.03,0.025011,0.04761,2SEG,1,GNSS,-0.006010999999999999,0.15239000000000003,0.3163684210526315,0.7619500000000001,0.5391592105263159
M417,1e-05,5.5e-05,-0.25,0.25,0.035,0.024947,0.05215,2SEG,1,GNSS,-0.005947000000000001,0.14785,0.31300000000000006,0.73925,0.526125
M418,1e-05,5.5e-05,-0.25,0.25,0.04,0.024886,0.05642,2SEG,1,GNSS,-0.005885999999999999,0.14358,0.30978947368421045,0.7179,0.5138447368421052
M419,1e-05,5.5e-05,-0.25,0.25,0.05,0.024773,0.06432,2SEG,1,GNSS,-0.005773,0.13568000000000002,0.3038421052631579,0.6784000000000001,0.491121052631579
M420,1e-05,5.5e-05,-0.25,0.25,0.08,0.024476,0.08467,2SEG,1,GNSS,-0.005476000000000002,0.11533000000000002,0.2882105263157896,0.57665,0.4324302631578948
M421,1e-05,5.5e-05,-0.25,0.5,0.03,0.025046,0.04512,2SEG,1,GNSS,-0.006045999999999999,0.15488000000000002,0.31821052631578944,0.7744000000000001,0.5463052631578947
M422,1e-05,5.5e-05,-0.25,0.5,0.035,0.024985,0.04942,2SEG,1,GNSS,-0.005985000000000001,0.15058000000000002,0.31500000000000006,0.7529,0.53395
M423,1e-05,5.5e-05,-0.25,0.5,0.04,0.024927,0.05347,2SEG,1,GNSS,-0.005927000000000002,0.14653000000000002,0.31194736842105275,0.73265,0.5222986842105264
M424,1e-05,5.5e-05,-0.25,0.5,0.05,0.02482,0.06097,2SEG,1,GNSS,-0.005819999999999999,0.13903000000000001,0.30631578947368415,0.69515,0.5007328947368421
M425,1e-05,5.5e-05,-0.25,0.5,0.08,0.02454,0.08029,2SEG,1,GNSS,-0.00554,0.11971000000000001,0.29157894736842105,0.59855,0.44506447368421054
M426,1e-05,5.5e-05,0.0,-0.5,0.03,0.024807,0.06237,2SEG,1,GNSS,-0.005807,0.13763,0.3056315789473684,0.6881499999999999,0.49689078947368415
M427,1e-05,5.5e-05,0.0,-0.5,0.035,0.024722,0.06828,2SEG,1,GNSS,-0.005722000000000001,0.13172,0.3011578947368422,0.6586,0.47987894736842107
M428,1e-05,5.5e-05,0.0,-0.5,0.04,0.024642,0.07383,2SEG,1,GNSS,-0.005642000000000001,0.12617,0.2969473684210527,0.63085,0.4638986842105264
M429,1e-05,5.5e-05,0.0,-0.5,0.05,0.024492,0.0841,2SEG,1,GNSS,-0.005492,0.11590000000000002,0.2890526315789474,0.5795,0.4342763157894737
M430,1e-05,5.5e-05,0.0,-0.5,0.08,0.024101,0.1104,2SEG,1,GNSS,-0.005101000000000001,0.08960000000000001,0.2684736842105264,0.44800000000000006,0.35823684210526324
M431,1e-05,5.5e-05,0.0,-0.25,0.03,0.024905,0.05536,2SEG,1,GNSS,-0.0059050000000000005,0.14464000000000002,0.31078947368421056,0.7232000000000001,0.5169947368421053
M432,1e-05,5.5e-05,0.0,-0.25,0.035,0.02483,0.06062,2SEG,1,GNSS,-0.005830000000000002,0.13938,0.306842105263158,0.6969,0.501871052631579
M433,1e-05,5.5e-05,0.0,-0.25,0.04,0.024759,0.06556,2SEG,1,GNSS,-0.005759,0.13444,0.30310526315789477,0.6722,0.4876526315789474
M434,1e-05,5.5e-05,0.0,-0.25,0.05,0.024627,0.07472,2SEG,1,GNSS,-0.005627,0.12528,0.2961578947368421,0.6264,0.461278947368421
M435,1e-05,5.5e-05,0.0,-0.25,0.08,0.024281,0.09823,2SEG,1,GNSS,-0.005281000000000001,0.10177000000000001,0.27794736842105267,0.50885,0.3933986842105264
M436,1e-05,5.5e-05,0.0,0.0,0.03,0.024968,0.05086,2SEG,1,GNSS,-0.005968000000000001,0.14914,0.3141052631578948,0.7456999999999999,0.5299026315789473
M437,1e-05,5.5e-05,0.0,0.0,0.035,0.024899,0.0557,2SEG,1,GNSS,-0.0058990000000000015,0.1443,0.3104736842105264,0.7215,0.5159868421052632
M438,1e-05,5.5e-05,0.0,0.0,0.04,0.024834,0.06025,2SEG,1,GNSS,-0.005833999999999999,0.13975,0.3070526315789473,0.69875,0.5029013157894736
M439,1e-05,5.5e-05,0.0,0.0,0.05,0.024713,0.06868,2SEG,1,GNSS,-0.005712999999999999,0.13132,0.3006842105263158,0.6566,0.47864210526315787
M440,1e-05,5.5e-05,0.0,0.0,0.08,0.024396,0.09036,2SEG,1,GNSS,-0.0053960000000000015,0.10964000000000002,0.2840000000000001,0.5482,0.4161
M441,1e-05,5.5e-05,0.0,0.25,0.03,0.025012,0.04762,2SEG,1,GNSS,-0.006012,0.15238000000000002,0.31642105263157894,0.7619,0.5391605263157895
M442,1e-05,5.5e-05,0.0,0.25,0.035,0.024948,0.05215,2SEG,1,GNSS,-0.005948000000000002,0.14785,0.31305263157894747,0.73925,0.5261513157894737
M443,1e-05,5.5e-05,0.0,0.25,0.04,0.024888,0.05642,2SEG,1,GNSS,-0.005888000000000001,0.14358,0.30989473684210533,0.7179,0.5138973684210526
M444,1e-05,5.5e-05,0.0,0.25,0.05,0.024775,0.06433,2SEG,1,GNSS,-0.005774999999999999,0.13567,0.3039473684210526,0.67835,0.49114868421052627
M445,1e-05,5.5e-05,0.0,0.25,0.08,0.024478,0.08468,2SEG,1,GNSS,-0.005478,0.11532,0.28831578947368425,0.5766,0.43245789473684215
M446,1e-05,5.5e-05,0.0,0.5,0.03,0.025047,0.04512,2SEG,1,GNSS,-0.006047,0.15488000000000002,0.31826315789473686,0.7744000000000001,0.5463315789473685
M447,1e-05,5.5e-05,0.0,0.5,0.035,0.024986,0.04942,2SEG,1,GNSS,-0.005986000000000002,0.15058000000000002,0.3150526315789475,0.7529,0.5339763157894737
M448,1e-05,5.5e-05,0.0,0.5,0.04,0.024929,0.05347,2SEG,1,GNSS,-0.005929,0.14653000000000002,0.3120526315789474,0.73265,0.5223513157894737
M449,1e-05,5.5e-05,0.0,0.5,0.05,0.024822,0.06097,2SEG,1,GNSS,-0.005822000000000001,0.13903000000000001,0.306421052631579,0.69515,0.5007855263157895
M450,1e-05,5.5e-05,0.0,0.5,0.08,0.024542,0.08029,2SEG,1,GNSS,-0.005542000000000002,0.11971000000000001,0.2916842105263159,0.59855,0.44511710526315795
M451,1e-05,5.5e-05,0.25,-0.5,0.03,0.024807,0.06237,2SEG,1,GNSS,-0.005807,0.13763,0.3056315789473684,0.6881499999999999,0.49689078947368415
M452,1e-05,5.5e-05,0.25,-0.5,0.035,0.024723,0.06828,2SEG,1,GNSS,-0.005722999999999999,0.13172,0.30121052631578943,0.6586,0.4799052631578947
M453,1e-05,5.5e-05,0.25,-0.5,0.04,0.024643,0.07383,2SEG,1,GNSS,-0.005643000000000002,0.12617,0.2970000000000001,0.63085,0.46392500000000003
M454,1e-05,5.5e-05,0.25,-0.5,0.05,0.024493,0.08411,2SEG,1,GNSS,-0.005493000000000001,0.11589,0.2891052631578948,0.57945,0.4342776315789474
M455,1e-05,5.5e-05,0.25,-0.5,0.08,0.024102,0.1104,2SEG,1,GNSS,-0.005101999999999999,0.08960000000000001,0.2685263157894736,0.44800000000000006,0.35826315789473684
M456,1e-05,5.5e-05,0.25,-0.25,0.03,0.024906,0.05536,2SEG,1,GNSS,-0.0059060000000000015,0.14464000000000002,0.310842105263158,0.7232000000000001,0.517021052631579
M457,1e-05,5.5e-05,0.25,-0.25,0.035,0.024831,0.06062,2SEG,1,GNSS,-0.005830999999999999,0.13938,0.3068947368421052,0.6969,0.5018973684210526
M458,1e-05,5.5e-05,0.25,-0.25,0.04,0.02476,0.06556,2SEG,1,GNSS,-0.005760000000000001,0.13444,0.3031578947368422,0.6722,0.4876789473684211
M459,1e-05,5.5e-05,0.25,-0.25,0.05,0.024628,0.07472,2SEG,1,GNSS,-0.005628000000000001,0.12528,0.29621052631578954,0.6264,0.4613052631578948
M460,1e-05,5.5e-05,0.25,-0.25,0.08,0.024283,0.09823,2SEG,1,GNSS,-0.0052829999999999995,0.10177000000000001,0.27805263157894733,0.50885,0.3934513157894737
M461,1e-05,5.5e-05,0.25,0.0,0.03,0.024968,0.05086,2SEG,1,GNSS,-0.005968000000000001,0.14914,0.3141052631578948,0.7456999999999999,0.5299026315789473
M462,1e-05,5.5e-05,0.25,0.0,0.035,0.0249,0.0557,2SEG,1,GNSS,-0.005899999999999999,0.1443,0.31052631578947365,0.7215,0.5160131578947369
M463,1e-05,5.5e-05,0.25,0.0,0.04,0.024835,0.06025,2SEG,1,GNSS,-0.005835,0.13975,0.3071052631578947,0.69875,0.5029276315789474
M464,1e-05,5.5e-05,0.25,0.0,0.05,0.024714,0.06868,2SEG,1,GNSS,-0.005714,0.13132,0.3007368421052632,0.6566,0.4786684210526316
M465,1e-05,5.5e-05,0.25,0.0,0.08,0.024398,0.09036,2SEG,1,GNSS,-0.005398,0.10964000000000002,0.28410526315789475,0.5482,0.4161526315789474
M466,1e-05,5.5e-05,0.25,0.25,0.03,0.025013,0.04762,2SEG,1,GNSS,-0.006013000000000001,0.15238000000000002,0.31647368421052635,0.7619,0.5391868421052632
M467,1e-05,5.5e-05,0.25,0.25,0.035,0.024949,0.05215,2SEG,1,GNSS,-0.005948999999999999,0.14785,0.3131052631578947,0.73925,0.5261776315789474
M468,1e-05,5.5e-05,0.25,0.25,0.04,0.024889,0.05642,2SEG,1,GNSS,-0.005889000000000002,0.14358,0.30994736842105275,0.7179,0.5139236842105264
M469,1e-05,5.5e-05,0.25,0.25,0.05,0.024776,0.06433,2SEG,1,GNSS,-0.005776,0.13567,0.304,0.67835,0.49117500000000003
M470,1e-05,5.5e-05,0.25,0.25,0.08,0.02448,0.08468,2SEG,1,GNSS,-0.005479999999999999,0.11532,0.2884210526315789,0.5766,0.43251052631578946
M471,1e-05,5.5e-05,0.25,0.5,0.03,0.025048,0.04512,2SEG,1,GNSS,-0.006048000000000001,0.15488000000000002,0.3183157894736843,0.7744000000000001,0.5463578947368422
M472,1e-05,5.5e-05,0.25,0.5,0.035,0.024987,0.04942,2SEG,1,GNSS,-0.005986999999999999,0.15058000000000002,0.3151052631578947,0.7529,0.5340026315789473
M473,1e-05,5.5e-05,0.25,0.5,0.04,0.02493,0.05347,2SEG,1,GNSS,-0.005930000000000001,0.14653000000000002,0.31210526315789483,0.73265,0.5223776315789475
M474,1e-05,5.5e-05,0.25,0.5,0.05,0.024823,0.06097,2SEG,1,GNSS,-0.005823000000000002,0.13903000000000001,0.3064736842105264,0.69515,0.5008118421052632
M475,1e-05,5.5e-05,0.25,0.5,0.08,0.024543,0.0803,2SEG,1,GNSS,-0.005542999999999999,0.11970000000000001,0.29173684210526313,0.5985,0.44511842105263155
M476,1e-05,5.5e-05,0.5,-0.5,0.03,0.024808,0.06238,2SEG,1,GNSS,-0.005808000000000001,0.13762000000000002,0.30568421052631584,0.6881,0.49689210526315797
M477,1e-05,5.5e-05,0.5,-0.5,0.035,0.024724,0.06828,2SEG,1,GNSS,-0.005724,0.13172,0.30126315789473684,0.6586,0.4799315789473684
M478,1e-05,5.5e-05,0.5,-0.5,0.04,0.024644,0.07384,2SEG,1,GNSS,-0.005644,0.12616,0.29705263157894735,0.6307999999999999,0.46392631578947363
M479,1e-05,5.5e-05,0.5,-0.5,0.05,0.024494,0.08411,2SEG,1,GNSS,-0.005493999999999999,0.11589,0.28915789473684206,0.57945,0.43430394736842104
M480,1e-05,5.5e-05,0.5,-0.5,0.08,0.024103,0.1104,2SEG,1,GNSS,-0.005103,0.08960000000000001,0.26857894736842103,0.44800000000000006,0.35828947368421055
M481,1e-05,5.5e-05,0.5,-0.25,0.03,0.024906,0.05536,2SEG,1,GNSS,-0.0059060000000000015,0.14464000000000002,0.310842105263158,0.7232000000000001,0.517021052631579
M482,1e-05,5.5e-05,0.5,-0.25,0.035,0.024832,0.06062,2SEG,1,GNSS,-0.005832,0.13938,0.30694736842105264,0.6969,0.5019236842105264
M483,1e-05,5.5e-05,0.5,-0.25,0.04,0.024761,0.06556,2SEG,1,GNSS,-0.005760999999999999,0.13444,0.30321052631578943,0.6722,0.48770526315789475
M484,1e-05,5.5e-05,0.5,-0.25,0.05,0.024629,0.07472,2SEG,1,GNSS,-0.005629000000000002,0.12528,0.29626315789473695,0.6264,0.4613315789473684
M485,1e-05,5.5e-05,0.5,-0.25,0.08,0.024284,0.09823,2SEG,1,GNSS,-0.0052840000000000005,0.10177000000000001,0.27810526315789474,0.50885,0.3934776315789474
M486,1e-05,5.5e-05,0.5,0.0,0.03,0.024969,0.05086,2SEG,1,GNSS,-0.005969000000000002,0.14914,0.31415789473684225,0.7456999999999999,0.5299289473684211
M487,1e-05,5.5e-05,0.5,0.0,0.035,0.024901,0.0557,2SEG,1,GNSS,-0.005901,0.1443,0.31057894736842107,0.7215,0.5160394736842105
M488,1e-05,5.5e-05,0.5,0.0,0.04,0.024836,0.06025,2SEG,1,GNSS,-0.005836000000000001,0.13975,0.3071578947368422,0.69875,0.502953947368421
M489,1e-05,5.5e-05,0.5,0.0,0.05,0.024715,0.06868,2SEG,1,GNSS,-0.005715000000000001,0.13132,0.3007894736842106,0.6566,0.4786947368421053
M490,1e-05,5.5e-05,0.5,0.0,0.08,0.024399,0.09036,2SEG,1,GNSS,-0.005399000000000001,0.10964000000000002,0.28415789473684216,0.5482,0.4161789473684211
M491,1e-05,5.5e-05,0.5,0.25,0.03,0.025014,0.04762,2SEG,1,GNSS,-0.006014000000000002,0.15238000000000002,0.3165263157894738,0.7619,0.5392131578947369
M492,1e-05,5.5e-05,0.5,0.25,0.035,0.02495,0.05215,2SEG,1,GNSS,-0.00595,0.14785,0.31315789473684214,0.73925,0.526203947368421
M493,1e-05,5.5e-05,0.5,0.25,0.04,0.024889,0.05642,2SEG,1,GNSS,-0.005889000000000002,0.14358,0.30994736842105275,0.7179,0.5139236842105264
M494,1e-05,5.5e-05,0.5,0.25,0.05,0.024776,0.06433,2SEG,1,GNSS,-0.005776,0.13567,0.304,0.67835,0.49117500000000003
M495,1e-05,5.5e-05,0.5,0.25,0.08,0.024481,0.08468,2SEG,1,GNSS,-0.005481,0.11532,0.2884736842105263,0.5766,0.43253684210526316
M496,1e-05,5.5e-05,0.5,0.5,0.03,0.025048,0.04512,2SEG,1,GNSS,-0.006048000000000001,0.15488000000000002,0.3183157894736843,0.7744000000000001,0.5463578947368422
M497,1e-05,5.5e-05,0.5,0.5,0.035,0.024988,0.04942,2SEG,1,GNSS,-0.005988,0.15058000000000002,0.31515789473684214,0.7529,0.5340289473684211
M498,1e-05,5.5e-05,0.5,0.5,0.04,0.024931,0.05347,2SEG,1,GNSS,-0.005930999999999999,0.14653000000000002,0.312157894736842,0.73265,0.522403947368421
M499,1e-05,5.5e-05,0.5,0.5,0.05,0.024824,0.06097,2SEG,1,GNSS,-0.005823999999999999,0.13903000000000001,0.30652631578947365,0.69515,0.5008381578947368
M500,1e-05,5.5e-05,0.5,0.5,0.08,0.024544,0.0803,2SEG,1,GNSS,-0.005544,0.11970000000000001,0.29178947368421054,0.5985,0.4451447368421053
M501,1e-05,0.0001,-0.5,-0.5,0.03,0.037802,0.08031,2SEG,1,GNSS,-0.018802000000000003,0.11969,0.9895789473684212,0.59845,0.7940144736842106
M502,1e-05,0.0001,-0.5,-0.5,0.035,0.037667,0.0879,2SEG,1,GNSS,-0.018667,0.1121,0.9824736842105263,0.5605,0.7714868421052632
M503,1e-05,0.0001,-0.5,-0.5,0.04,0.037539,0.09504,2SEG,1,GNSS,-0.018539000000000003,0.10496000000000001,0.9757368421052633,0.5248,0.7502684210526317
M504,1e-05,0.0001,-0.5,-0.5,0.05,0.037299,0.1082,2SEG,1,GNSS,-0.018299,0.0918,0.9631052631578947,0.459,0.7110526315789474
M505,1e-05,0.0001,-0.5,-0.5,0.08,0.036625,0.142,2SEG,1,GNSS,-0.017625,0.058000000000000024,0.9276315789473684,0.2900000000000001,0.6088157894736842
M506,1e-05,0.0001,-0.5,-0.25,0.03,0.037958,0.07128,2SEG,1,GNSS,-0.018958,0.12872,0.9977894736842106,0.6436,0.8206947368421053
M507,1e-05,0.0001,-0.5,-0.25,0.035,0.03784,0.07805,2SEG,1,GNSS,-0.01884,0.12195000000000002,0.991578947368421,0.60975,0.8006644736842106
M508,1e-05,0.0001,-0.5,-0.25,0.04,0.037727,0.08441,2SEG,1,GNSS,-0.018726999999999997,0.11559000000000001,0.9856315789473683,0.5779500000000001,0.7817907894736842
M509,1e-05,0.0001,-0.5,-0.25,0.05,0.037516,0.09618,2SEG,1,GNSS,-0.018516,0.10382000000000001,0.9745263157894738,0.5191,0.7468131578947369
M510,1e-05,0.0001,-0.5,-0.25,0.08,0.036933,0.1263,2SEG,1,GNSS,-0.017933,0.07370000000000002,0.9438421052631579,0.36850000000000005,0.6561710526315789
M511,1e-05,0.0001,-0.5,0.0,0.03,0.038057,0.06549,2SEG,1,GNSS,-0.019057,0.13451000000000002,1.0030000000000001,0.6725500000000001,0.8377750000000002
M512,1e-05,0.0001,-0.5,0.0,0.035,0.037949,0.07172,2SEG,1,GNSS,-0.018948999999999997,0.12828,0.997315789473684,0.6414,0.8193578947368421
M513,1e-05,0.0001,-0.5,0.0,0.04,0.037846,0.07757,2SEG,1,GNSS,-0.018845999999999998,0.12243000000000001,0.9918947368421052,0.61215,0.8020223684210526
M514,1e-05,0.0001,-0.5,0.0,0.05,0.037654,0.08842,2SEG,1,GNSS,-0.018654,0.11158000000000001,0.9817894736842105,0.5579000000000001,0.7698447368421053
M515,1e-05,0.0001,-0.5,0.0,0.08,0.037147,0.1163,2SEG,1,GNSS,-0.018147,0.08370000000000001,0.9551052631578948,0.41850000000000004,0.6868026315789474
M516,1e-05,0.0001,-0.5,0.25,0.03,0.038128,0.06132,2SEG,1,GNSS,-0.019128000000000003,0.13868000000000003,1.0067368421052634,0.6934000000000001,0.8500684210526317
M517,1e-05,0.0001,-0.5,0.25,0.035,0.038027,0.06715,2SEG,1,GNSS,-0.019027,0.13285000000000002,1.001421052631579,0.6642500000000001,0.8328355263157896
M518,1e-05,0.0001,-0.5,0.25,0.04,0.037931,0.07265,2SEG,1,GNSS,-0.018931,0.12735000000000002,0.9963684210526316,0.63675,0.8165592105263157
M519,1e-05,0.0001,-0.5,0.25,0.05,0.037753,0.08282,2SEG,1,GNSS,-0.018753000000000002,0.11718,0.9870000000000001,0.5859,0.7864500000000001
M520,1e-05,0.0001,-0.5,0.25,0.08,0.037279,0.109,2SEG,1,GNSS,-0.018279,0.09100000000000001,0.9620526315789474,0.455,0.7085263157894737
M521,1e-05,0.0001,-0.5,0.5,0.03,0.038182,0.0581,2SEG,1,GNSS,-0.019182,0.14190000000000003,1.0095789473684211,0.7095000000000001,0.8595394736842106
M522,1e-05,0.0001,-0.5,0.5,0.035,0.038087,0.06364,2SEG,1,GNSS,-0.019087000000000003,0.13636,1.0045789473684212,0.6818,0.8431894736842106
M523,1e-05,0.0001,-0.5,0.5,0.04,0.037997,0.06885,2SEG,1,GNSS,-0.018997000000000003,0.13115000000000002,0.9998421052631581,0.65575,0.8277960526315791
M524,1e-05,0.0001,-0.5,0.5,0.05,0.037828,0.07851,2SEG,1,GNSS,-0.018828,0.12149000000000001,0.9909473684210527,0.60745,0.7991986842105263
M525,1e-05,0.0001,-0.5,0.5,0.08,0.037381,0.1034,2SEG,1,GNSS,-0.018380999999999998,0.0966,0.9674210526315788,0.483,0.7252105263157894
M526,1e-05,0.0001,-0.25,-0.5,0.03,0.037803,0.08031,2SEG,1,GNSS,-0.018803000000000004,0.11969,0.9896315789473686,0.59845,0.7940407894736843
M527,1e-05,0.0001,-0.25,-0.5,0.035,0.037669,0.08791,2SEG,1,GNSS,-0.018669,0.11209000000000001,0.9825789473684211,0.56045,0.7715144736842106
M528,1e-05,0.0001,-0.25,-0.5,0.04,0.037541,0.09505,2SEG,1,GNSS,-0.018541,0.10495000000000002,0.9758421052631578,0.52475,0.750296052631579
M529,1e-05,0.0001,-0.25,-0.5,0.05,0.037301,0.1083,2SEG,1,GNSS,-0.018301,0.09170000000000002,0.9632105263157895,0.4585000000000001,0.7108552631578948
M530,1e-05,0.0001,-0.25,-0.5,0.08,0.036627,0.142,2SEG,1,GNSS,-0.017627,0.058000000000000024,0.9277368421052632,0.2900000000000001,0.6088684210526316
M531,1e-05,0.0001,-0.25,-0.25,0.03,0.037959,0.07129,2SEG,1,GNSS,-0.018959,0.12871,0.997842105263158,0.64355,0.820696052631579
M532,1e-05,0.0001,-0.25,-0.25,0.035,0.037841,0.07805,2SEG,1,GNSS,-0.018841,0.12195000000000002,0.9916315789473684,0.60975,0.8006907894736842
M533,1e-05,0.0001,-0.25,-0.25,0.04,0.037729,0.08441,2SEG,1,GNSS,-0.018729,0.11559000000000001,0.9857368421052631,0.5779500000000001,0.7818434210526316
M534,1e-05,0.0001,-0.25,-0.25,0.05,0.037518,0.09618,2SEG,1,GNSS,-0.018518000000000003,0.10382000000000001,0.9746315789473686,0.5191,0.7468657894736843
M535,1e-05,0.0001,-0.25,-0.25,0.08,0.036936,0.1263,2SEG,1,GNSS,-0.017935999999999997,0.07370000000000002,0.9439999999999998,0.36850000000000005,0.65625
M536,1e-05,0.0001,-0.25,0.0,0.03,0.038059,0.06549,2SEG,1,GNSS,-0.019059000000000003,0.13451000000000002,1.003105263157895,0.6725500000000001,0.8378276315789475
M537,1e-05,0.0001,-0.25,0.0,0.035,0.037951,0.07172,2SEG,1,GNSS,-0.018951,0.12828,0.9974210526315789,0.6414,0.8194105263157894
M538,1e-05,0.0001,-0.25,0.0,0.04,0.037848,0.07758,2SEG,1,GNSS,-0.018848,0.12242000000000001,0.992,0.6121000000000001,0.80205
M539,1e-05,0.0001,-0.25,0.0,0.05,0.037656,0.08842,2SEG,1,GNSS,-0.018656000000000002,0.11158000000000001,0.9818947368421054,0.5579000000000001,0.7698973684210527
M540,1e-05,0.0001,-0.25,0.0,0.08,0.03715,0.1163,2SEG,1,GNSS,-0.018150000000000003,0.08370000000000001,0.955263157894737,0.41850000000000004,0.6868815789473686
M541,1e-05,0.0001,-0.25,0.25,0.03,0.03813,0.06132,2SEG,1,GNSS,-0.019129999999999998,0.13868000000000003,1.0068421052631578,0.6934000000000001,0.850121052631579
M542,1e-05,0.0001,-0.25,0.25,0.035,0.038029,0.06716,2SEG,1,GNSS,-0.019029,0.13284,1.0015263157894738,0.6642,0.832863157894737
M543,1e-05,0.0001,-0.25,0.25,0.04,0.037933,0.07265,2SEG,1,GNSS,-0.018933000000000002,0.12735000000000002,0.9964736842105264,0.63675,0.8166118421052633
M544,1e-05,0.0001,-0.25,0.25,0.05,0.037755,0.08283,2SEG,1,GNSS,-0.018754999999999997,0.11717000000000001,0.9871052631578946,0.58585,0.7864776315789472
M545,1e-05,0.0001,-0.25,0.25,0.08,0.037282,0.109,2SEG,1,GNSS,-0.018282000000000003,0.09100000000000001,0.9622105263157896,0.455,0.7086052631578948
M546,1e-05,0.0001,-0.25,0.5,0.03,0.038184,0.0581,2SEG,1,GNSS,-0.019184000000000003,0.14190000000000003,1.009684210526316,0.7095000000000001,0.8595921052631581
M547,1e-05,0.0001,-0.25,0.5,0.035,0.038089,0.06364,2SEG,1,GNSS,-0.019089,0.13636,1.0046842105263156,0.6818,0.8432421052631578
M548,1e-05,0.0001,-0.25,0.5,0.04,0.037999,0.06885,2SEG,1,GNSS,-0.018999,0.13115000000000002,0.9999473684210526,0.65575,0.8278486842105264
M549,1e-05,0.0001,-0.25,0.5,0.05,0.03783,0.07851,2SEG,1,GNSS,-0.018830000000000003,0.12149000000000001,0.9910526315789475,0.60745,0.7992513157894738
M550,1e-05,0.0001,-0.25,0.5,0.08,0.037384,0.1034,2SEG,1,GNSS,-0.018384,0.0966,0.9675789473684211,0.483,0.7252894736842106
M551,1e-05,0.0001,0.0,-0.5,0.03,0.037804,0.08031,2SEG,1,GNSS,-0.018803999999999998,0.11969,0.9896842105263157,0.59845,0.7940671052631578
M552,1e-05,0.0001,0.0,-0.5,0.035,0.03767,0.08791,2SEG,1,GNSS,-0.018670000000000003,0.11209000000000001,0.9826315789473686,0.56045,0.7715407894736843
M553,1e-05,0.0001,0.0,-0.5,0.04,0.037542,0.09505,2SEG,1,GNSS,-0.018542,0.10495000000000002,0.9758947368421053,0.52475,0.7503223684210527
M554,1e-05,0.0001,0.0,-0.5,0.05,0.037302,0.1083,2SEG,1,GNSS,-0.018302000000000002,0.09170000000000002,0.9632631578947369,0.4585000000000001,0.7108815789473685
M555,1e-05,0.0001,0.0,-0.5,0.08,0.036629,0.142,2SEG,1,GNSS,-0.017629000000000002,0.058000000000000024,0.927842105263158,0.2900000000000001,0.608921052631579
M556,1e-05,0.0001,0.0,-0.25,0.03,0.03796,0.07129,2SEG,1,GNSS,-0.01896,0.12871,0.9978947368421054,0.64355,0.8207223684210527
M557,1e-05,0.0001,0.0,-0.25,0.035,0.037842,0.07805,2SEG,1,GNSS,-0.018842,0.12195000000000002,0.9916842105263158,0.60975,0.8007171052631579
M558,1e-05,0.0001,0.0,-0.25,0.04,0.03773,0.08441,2SEG,1,GNSS,-0.01873,0.11559000000000001,0.9857894736842105,0.5779500000000001,0.7818697368421053
M559,1e-05,0.0001,0.0,-0.25,0.05,0.03752,0.09619,2SEG,1,GNSS,-0.01852,0.10381000000000001,0.9747368421052631,0.51905,0.7468934210526316
M560,1e-05,0.0001,0.0,-0.25,0.08,0.036938,0.1263,2SEG,1,GNSS,-0.017938,0.07370000000000002,0.9441052631578947,0.36850000000000005,0.6563026315789473
M561,1e-05,0.0001,0.0,0.0,0.03,0.03806,0.06549,2SEG,1,GNSS,-0.019059999999999997,0.13451000000000002,1.003157894736842,0.6725500000000001,0.837853947368421
M562,1e-05,0.0001,0.0,0.0,0.035,0.037952,0.07172,2SEG,1,GNSS,-0.018952,0.12828,0.9974736842105263,0.6414,0.8194368421052631
M563,1e-05,0.0001,0.0,0.0,0.04,0.03785,0.07758,2SEG,1,GNSS,-0.018850000000000002,0.12242000000000001,0.9921052631578948,0.6121000000000001,0.8021026315789475
M564,1e-05,0.0001,0.0,0.0,0.05,0.037658,0.08843,2SEG,1,GNSS,-0.018657999999999998,0.11157000000000002,0.9819999999999999,0.5578500000000001,0.769925
M565,1e-05,0.0001,0.0,0.0,0.08,0.037152,0.1163,2SEG,1,GNSS,-0.018151999999999998,0.08370000000000001,0.9553684210526315,0.41850000000000004,0.6869342105263158
M566,1e-05,0.0001,0.0,0.25,0.03,0.038131,0.06132,2SEG,1,GNSS,-0.019131,0.13868000000000003,1.0068947368421053,0.6934000000000001,0.8501473684210528
M567,1e-05,0.0001,0.0,0.25,0.035,0.03803,0.06716,2SEG,1,GNSS,-0.019030000000000002,0.13284,1.0015789473684211,0.6642,0.8328894736842105
M568,1e-05,0.0001,0.0,0.25,0.04,0.037935,0.07265,2SEG,1,GNSS,-0.018935000000000004,0.12735000000000002,0.9965789473684212,0.63675,0.8166644736842106
M569,1e-05,0.0001,0.0,0.25,0.05,0.037756,0.08283,2SEG,1,GNSS,-0.018756,0.11717000000000001,0.987157894736842,0.58585,0.786503947368421
M570,1e-05,0.0001,0.0,0.25,0.08,0.037283,0.109,2SEG,1,GNSS,-0.018282999999999997,0.09100000000000001,0.9622631578947367,0.455,0.7086315789473684
M571,1e-05,0.0001,0.0,0.5,0.03,0.038185,0.05811,2SEG,1,GNSS,-0.019184999999999997,0.14189000000000002,1.009736842105263,0.70945,0.8595934210526315
M572,1e-05,0.0001,0.0,0.5,0.035,0.03809,0.06364,2SEG,1,GNSS,-0.01909,0.13636,1.0047368421052632,0.6818,0.8432684210526316
M573,1e-05,0.0001,0.0,0.5,0.04,0.038,0.06885,2SEG,1,GNSS,-0.019,0.13115000000000002,1.0,0.65575,0.827875
M574,1e-05,0.0001,0.0,0.5,0.05,0.037831,0.07851,2SEG,1,GNSS,-0.018830999999999997,0.12149000000000001,0.9911052631578946,0.60745,0.7992776315789474
M575,1e-05,0.0001,0.0,0.5,0.08,0.037386,0.1034,2SEG,1,GNSS,-0.018386000000000003,0.0966,0.9676842105263159,0.483,0.7253421052631579
M576,1e-05,0.0001,0.25,-0.5,0.03,0.037805,0.08031,2SEG,1,GNSS,-0.018805,0.11969,0.9897368421052631,0.59845,0.7940934210526316
M577,1e-05,0.0001,0.25,-0.5,0.035,0.037671,0.08791,2SEG,1,GNSS,-0.018671000000000004,0.11209000000000001,0.982684210526316,0.56045,0.7715671052631581
M578,1e-05,0.0001,0.25,-0.5,0.04,0.037543,0.09505,2SEG,1,GNSS,-0.018543,0.10495000000000002,0.9759473684210527,0.52475,0.7503486842105264
M579,1e-05,0.0001,0.25,-0.5,0.05,0.037303,0.1083,2SEG,1,GNSS,-0.018303000000000003,0.09170000000000002,0.9633157894736845,0.4585000000000001,0.7109078947368422
M580,1e-05,0.0001,0.25,-0.5,0.08,0.03663,0.142,2SEG,1,GNSS,-0.017630000000000003,0.058000000000000024,0.9278947368421054,0.2900000000000001,0.6089473684210528
M581,1e-05,0.0001,0.25,-0.25,0.03,0.037961,0.07129,2SEG,1,GNSS,-0.018961000000000002,0.12871,0.9979473684210528,0.64355,0.8207486842105264
M582,1e-05,0.0001,0.25,-0.25,0.035,0.037843,0.07805,2SEG,1,GNSS,-0.018843000000000002,0.12195000000000002,0.9917368421052632,0.60975,0.8007434210526316
M583,1e-05,0.0001,0.25,-0.25,0.04,0.037731,0.08441,2SEG,1,GNSS,-0.018731,0.11559000000000001,0.985842105263158,0.5779500000000001,0.781896052631579
M584,1e-05,0.0001,0.25,-0.25,0.05,0.037521,0.09619,2SEG,1,GNSS,-0.018521,0.10381000000000001,0.9747894736842105,0.51905,0.7469197368421052
M585,1e-05,0.0001,0.25,-0.25,0.08,0.036939,0.1263,2SEG,1,GNSS,-0.017939,0.07370000000000002,0.9441578947368421,0.36850000000000005,0.6563289473684211
M586,1e-05,0.0001,0.25,0.0,0.03,0.03806,0.06549,2SEG,1,GNSS,-0.019059999999999997,0.13451000000000002,1.003157894736842,0.6725500000000001,0.837853947368421
M587,1e-05,0.0001,0.25,0.0,0.035,0.037952,0.07172,2SEG,1,GNSS,-0.018952,0.12828,0.9974736842105263,0.6414,0.8194368421052631
M588,1e-05,0.0001,0.25,0.0,0.04,0.03785,0.07758,2SEG,1,GNSS,-0.018850000000000002,0.12242000000000001,0.9921052631578948,0.6121000000000001,0.8021026315789475
M589,1e-05,0.0001,0.25,0.0,0.05,0.037659,0.08843,2SEG,1,GNSS,-0.018659,0.11157000000000002,0.9820526315789473,0.5578500000000001,0.7699513157894737
M590,1e-05,0.0001,0.25,0.0,0.08,0.037153,0.1163,2SEG,1,GNSS,-0.018153,0.08370000000000001,0.955421052631579,0.41850000000000004,0.6869605263157895
M591,1e-05,0.0001,0.25,0.25,0.03,0.038131,0.06132,2SEG,1,GNSS,-0.019131,0.13868000000000003,1.0068947368421053,0.6934000000000001,0.8501473684210528
M592,1e-05,0.0001,0.25,0.25,0.035,0.038031,0.06716,2SEG,1,GNSS,-0.019031000000000003,0.13284,1.0016315789473687,0.6642,0.8329157894736843
M593,1e-05,0.0001,0.25,0.25,0.04,0.037935,0.07265,2SEG,1,GNSS,-0.018935000000000004,0.12735000000000002,0.9965789473684212,0.63675,0.8166644736842106
M594,1e-05,0.0001,0.25,0.25,0.05,0.037757,0.08283,2SEG,1,GNSS,-0.018757,0.11717000000000001,0.9872105263157894,0.58585,0.7865302631578948
M595,1e-05,0.0001,0.25,0.25,0.08,0.037285,0.109,2SEG,1,GNSS,-0.018285,0.09100000000000001,0.9623684210526315,0.455,0.7086842105263158
M596,1e-05,0.0001,0.25,0.5,0.03,0.038185,0.05811,2SEG,1,GNSS,-0.019184999999999997,0.14189000000000002,1.009736842105263,0.70945,0.8595934210526315
M597,1e-05,0.0001,0.25,0.5,0.035,0.038091,0.06364,2SEG,1,GNSS,-0.019091,0.13636,1.0047894736842107,0.6818,0.8432947368421053
M598,1e-05,0.0001,0.25,0.5,0.04,0.038001,0.06885,2SEG,1,GNSS,-0.019001,0.13115000000000002,1.0000526315789475,0.65575,0.8279013157894738
M599,1e-05,0.0001,0.25,0.5,0.05,0.037832,0.07851,2SEG,1,GNSS,-0.018831999999999998,0.12149000000000001,0.991157894736842,0.60745,0.799303947368421
M600,1e-05,0.0001,0.25,0.5,0.08,0.037387,0.1034,2SEG,1,GNSS,-0.018386999999999997,0.0966,0.967736842105263,0.483,0.7253684210526314
M601,1e-05,0.0001,0.5,-0.5,0.03,0.037805,0.08031,2SEG,1,GNSS,-0.018805,0.11969,0.9897368421052631,0.59845,0.7940934210526316
M602,1e-05,0.0001,0.5,-0.5,0.035,0.037671,0.08791,2SEG,1,GNSS,-0.018671000000000004,0.11209000000000001,0.982684210526316,0.56045,0.7715671052631581
M603,1e-05,0.0001,0.5,-0.5,0.04,0.037543,0.09505,2SEG,1,GNSS,-0.018543,0.10495000000000002,0.9759473684210527,0.52475,0.7503486842105264
M604,1e-05,0.0001,0.5,-0.5,0.05,0.037304,0.1083,2SEG,1,GNSS,-0.018303999999999997,0.09170000000000002,0.9633684210526314,0.4585000000000001,0.7109342105263158
M605,1e-05,0.0001,0.5,-0.5,0.08,0.036631,0.142,2SEG,1,GNSS,-0.017630999999999997,0.058000000000000024,0.9279473684210525,0.2900000000000001,0.6089736842105263
M606,1e-05,0.0001,0.5,-0.25,0.03,0.037961,0.07129,2SEG,1,GNSS,-0.018961000000000002,0.12871,0.9979473684210528,0.64355,0.8207486842105264
M607,1e-05,0.0001,0.5,-0.25,0.035,0.037844,0.07805,2SEG,1,GNSS,-0.018844000000000003,0.12195000000000002,0.9917894736842107,0.60975,0.8007697368421054
M608,1e-05,0.0001,0.5,-0.25,0.04,0.037732,0.08441,2SEG,1,GNSS,-0.018732000000000002,0.11559000000000001,0.9858947368421054,0.5779500000000001,0.7819223684210528
M609,1e-05,0.0001,0.5,-0.25,0.05,0.037521,0.09619,2SEG,1,GNSS,-0.018521,0.10381000000000001,0.9747894736842105,0.51905,0.7469197368421052
M610,1e-05,0.0001,0.5,-0.25,0.08,0.03694,0.1263,2SEG,1,GNSS,-0.01794,0.07370000000000002,0.9442105263157895,0.36850000000000005,0.6563552631578948
M611,1e-05,0.0001,0.5,0.0,0.03,0.038061,0.06549,2SEG,1,GNSS,-0.019060999999999998,0.13451000000000002,1.0032105263157893,0.6725500000000001,0.8378802631578948
M612,1e-05,0.0001,0.5,0.0,0.035,0.037953,0.07172,2SEG,1,GNSS,-0.018953,0.12828,0.9975263157894738,0.6414,0.8194631578947369
M613,1e-05,0.0001,0.5,0.0,0.04,0.037851,0.07758,2SEG,1,GNSS,-0.018851000000000003,0.12242000000000001,0.9921578947368423,0.6121000000000001,0.8021289473684212
M614,1e-05,0.0001,0.5,0.0,0.05,0.037659,0.08843,2SEG,1,GNSS,-0.018659,0.11157000000000002,0.9820526315789473,0.5578500000000001,0.7699513157894737
M615,1e-05,0.0001,0.5,0.0,0.08,0.037154,0.1163,2SEG,1,GNSS,-0.018154,0.08370000000000001,0.9554736842105264,0.41850000000000004,0.6869868421052632
M616,1e-05,0.0001,0.5,0.25,0.03,0.038132,0.06132,2SEG,1,GNSS,-0.019132,0.13868000000000003,1.0069473684210526,0.6934000000000001,0.8501736842105263
M617,1e-05,0.0001,0.5,0.25,0.035,0.038031,0.06716,2SEG,1,GNSS,-0.019031000000000003,0.13284,1.0016315789473687,0.6642,0.8329157894736843
M618,1e-05,0.0001,0.5,0.25,0.04,0.037936,0.07265,2SEG,1,GNSS,-0.018935999999999998,0.12735000000000002,0.9966315789473683,0.63675,0.8166907894736841
M619,1e-05,0.0001,0.5,0.25,0.05,0.037758,0.08283,2SEG,1,GNSS,-0.018758,0.11717000000000001,0.9872631578947368,0.58585,0.7865565789473684
M620,1e-05,0.0001,0.5,0.25,0.08,0.037286,0.109,2SEG,1,GNSS,-0.018286,0.09100000000000001,0.962421052631579,0.455,0.7087105263157895
M621,1e-05,0.0001,0.5,0.5,0.03,0.038186,0.05811,2SEG,1,GNSS,-0.019185999999999998,0.14189000000000002,1.0097894736842103,0.70945,0.8596197368421052
M622,1e-05,0.0001,0.5,0.5,0.035,0.038091,0.06364,2SEG,1,GNSS,-0.019091,0.13636,1.0047894736842107,0.6818,0.8432947368421053
M623,1e-05,0.0001,0.5,0.5,0.04,0.038001,0.06886,2SEG,1,GNSS,-0.019001,0.13114,1.0000526315789475,0.6557,0.8278763157894737
M624,1e-05,0.0001,0.5,0.5,0.05,0.037833,0.07851,2SEG,1,GNSS,-0.018833,0.12149000000000001,0.9912105263157894,0.60745,0.7993302631578947
M625,1e-05,0.0001,0.5,0.5,0.08,0.037388,0.1034,2SEG,1,GNSS,-0.018387999999999998,0.0966,0.9677894736842104,0.483,0.7253947368421052
M626,5.5e-05,1e-06,-0.5,-0.5,0.03,0.01657,0.04918,2SEG,1,GNSS,0.002429999999999998,0.15082,0.12789473684210517,0.7541,0.4409973684210526
M627,5.5e-05,1e-06,-0.5,-0.5,0.035,0.016543,0.05389,2SEG,1,GNSS,0.002457000000000001,0.14611000000000002,0.12931578947368425,0.73055,0.42993289473684215
M628,5.5e-05,1e-06,-0.5,-0.5,0.04,0.016517,0.05833,2SEG,1,GNSS,0.002482999999999999,0.14167000000000002,0.13068421052631574,0.70835,0.4195171052631579
M629,5.5e-05,1e-06,-0.5,-0.5,0.05,0.016469,0.06657,2SEG,1,GNSS,0.0025309999999999985,0.13343,0.1332105263157894,0.6671499999999999,0.4001802631578947
M630,5.5e-05,1e-06,-0.5,-0.5,0.08,0.016345,0.08786,2SEG,1,GNSS,0.002655000000000001,0.11214000000000002,0.13973684210526321,0.5607000000000001,0.3502184210526317
M631,5.5e-05,1e-06,-0.5,-0.25,0.03,0.016573,0.04355,2SEG,1,GNSS,0.0024269999999999986,0.15645,0.1277368421052631,0.78225,0.4549934210526315
M632,5.5e-05,1e-06,-0.5,-0.25,0.035,0.016546,0.04772,2SEG,1,GNSS,0.002453999999999998,0.15228000000000003,0.129157894736842,0.7614000000000001,0.44527894736842105
M633,5.5e-05,1e-06,-0.5,-0.25,0.04,0.016521,0.05166,2SEG,1,GNSS,0.0024789999999999986,0.14834000000000003,0.13047368421052624,0.7417000000000001,0.43608684210526316
M634,5.5e-05,1e-06,-0.5,-0.25,0.05,0.016473,0.05896,2SEG,1,GNSS,0.002526999999999998,0.14104,0.1329999999999999,0.7051999999999999,0.4190999999999999
M635,5.5e-05,1e-06,-0.5,-0.25,0.08,0.016351,0.07781,2SEG,1,GNSS,0.0026489999999999986,0.12219000000000001,0.13942105263157886,0.61095,0.37518552631578944
M636,5.5e-05,1e-06,-0.5,0.0,0.03,0.016575,0.03995,2SEG,1,GNSS,0.002425,0.16005000000000003,0.12763157894736843,0.8002500000000001,0.4639407894736843
M637,5.5e-05,1e-06,-0.5,0.0,0.035,0.016548,0.04378,2SEG,1,GNSS,0.0024519999999999993,0.15622000000000003,0.12905263157894734,0.7811000000000001,0.4550763157894737
M638,5.5e-05,1e-06,-0.5,0.0,0.04,0.016523,0.04739,2SEG,1,GNSS,0.002477,0.15261000000000002,0.13036842105263158,0.7630500000000001,0.44670921052631585
M639,5.5e-05,1e-06,-0.5,0.0,0.05,0.016476,0.05409,2SEG,1,GNSS,0.0025239999999999985,0.14591,0.13284210526315782,0.72955,0.4311960526315789
M640,5.5e-05,1e-06,-0.5,0.0,0.08,0.016354,0.07139,2SEG,1,GNSS,0.002645999999999999,0.12861,0.13926315789473678,0.64305,0.3911565789473684
M641,5.5e-05,1e-06,-0.5,0.25,0.03,0.016576,0.03737,2SEG,1,GNSS,0.002423999999999999,0.16263,0.12757894736842101,0.8131499999999999,0.47036447368421047
M642,5.5e-05,1e-06,-0.5,0.25,0.035,0.01655,0.04095,2SEG,1,GNSS,0.002450000000000001,0.15905000000000002,0.12894736842105267,0.7952500000000001,0.4620986842105264
M643,5.5e-05,1e-06,-0.5,0.25,0.04,0.016524,0.04432,2SEG,1,GNSS,0.002475999999999999,0.15568,0.13031578947368416,0.7784,0.45435789473684207
M644,5.5e-05,1e-06,-0.5,0.25,0.05,0.016478,0.05059,2SEG,1,GNSS,0.002522,0.14941000000000002,0.13273684210526315,0.74705,0.4398934210526316
M645,5.5e-05,1e-06,-0.5,0.25,0.08,0.016357,0.06677,2SEG,1,GNSS,0.0026429999999999995,0.13323000000000002,0.1391052631578947,0.66615,0.4026276315789474
M646,5.5e-05,1e-06,-0.5,0.5,0.03,0.016577,0.03538,2SEG,1,GNSS,0.002422999999999998,0.16462000000000002,0.1275263157894736,0.8231,0.4753131578947368
M647,5.5e-05,1e-06,-0.5,0.5,0.035,0.016551,0.03877,2SEG,1,GNSS,0.002449,0.16123,0.12889473684210526,0.80615,0.46752236842105266
M648,5.5e-05,1e-06,-0.5,0.5,0.04,0.016526,0.04197,2SEG,1,GNSS,0.0024740000000000005,0.15803,0.1302105263157895,0.79015,0.46018026315789473
M649,5.5e-05,1e-06,-0.5,0.5,0.05,0.016479,0.0479,2SEG,1,GNSS,0.002520999999999999,0.1521,0.13268421052631574,0.7605000000000001,0.4465921052631579
M650,5.5e-05,1e-06,-0.5,0.5,0.08,0.016358,0.06322,2SEG,1,GNSS,0.0026419999999999985,0.13678,0.1390526315789473,0.6839000000000001,0.4114763157894737
M651,5.5e-05,1e-06,-0.25,-0.5,0.03,0.0166,0.04923,2SEG,1,GNSS,0.0023999999999999994,0.15077000000000002,0.1263157894736842,0.75385,0.4400828947368421
M652,5.5e-05,1e-06,-0.25,-0.5,0.035,0.016575,0.05395,2SEG,1,GNSS,0.002425,0.14605,0.12763157894736843,0.7302500000000001,0.42894078947368425
M653,5.5e-05,1e-06,-0.25,-0.5,0.04,0.016552,0.0584,2SEG,1,GNSS,0.002447999999999999,0.1416,0.12884210526315784,0.708,0.4184210526315789
M654,5.5e-05,1e-06,-0.25,-0.5,0.05,0.016509,0.06667,2SEG,1,GNSS,0.002491,0.13333,0.13110526315789475,0.66665,0.39887763157894734
M655,5.5e-05,1e-06,-0.25,-0.5,0.08,0.016398,0.08803,2SEG,1,GNSS,0.002602,0.11197000000000001,0.13694736842105265,0.5598500000000001,0.34839868421052633
M656,5.5e-05,1e-06,-0.25,-0.25,0.03,0.016602,0.0436,2SEG,1,GNSS,0.002398000000000001,0.1564,0.12621052631578952,0.782,0.4541052631578948
M657,5.5e-05,1e-06,-0.25,-0.25,0.035,0.016578,0.04778,2SEG,1,GNSS,0.0024220000000000005,0.15222000000000002,0.12747368421052635,0.7611000000000001,0.44428684210526326
M658,5.5e-05,1e-06,-0.25,-0.25,0.04,0.016555,0.05172,2SEG,1,GNSS,0.0024449999999999993,0.14828000000000002,0.12868421052631576,0.7414000000000001,0.4350421052631579
M659,5.5e-05,1e-06,-0.25,-0.25,0.05,0.016513,0.05904,2SEG,1,GNSS,0.0024869999999999996,0.14096,0.13089473684210526,0.7048,0.41784736842105263
M660,5.5e-05,1e-06,-0.25,-0.25,0.08,0.016403,0.07796,2SEG,1,GNSS,0.0025969999999999986,0.12204000000000001,0.1366842105263157,0.6102,0.37344210526315785
M661,5.5e-05,1e-06,-0.25,0.0,0.03,0.016604,0.03999,2SEG,1,GNSS,0.002395999999999999,0.16001,0.12610526315789466,0.80005,0.4630776315789473
M662,5.5e-05,1e-06,-0.25,0.0,0.035,0.01658,0.04383,2SEG,1,GNSS,0.0024199999999999985,0.15617,0.1273684210526315,0.7808499999999999,0.4541092105263157
M663,5.5e-05,1e-06,-0.25,0.0,0.04,0.016558,0.04745,2SEG,1,GNSS,0.0024419999999999997,0.15255000000000002,0.12852631578947368,0.76275,0.4456381578947369
M664,5.5e-05,1e-06,-0.25,0.0,0.05,0.016516,0.05416,2SEG,1,GNSS,0.002484,0.14584000000000003,0.13073684210526318,0.7292000000000001,0.4299684210526316
M665,5.5e-05,1e-06,-0.25,0.0,0.08,0.016406,0.07153,2SEG,1,GNSS,0.002593999999999999,0.12847000000000003,0.13652631578947363,0.6423500000000001,0.38943815789473685
M666,5.5e-05,1e-06,-0.25,0.25,0.03,0.016606,0.03741,2SEG,1,GNSS,0.0023940000000000003,0.16259,0.12600000000000003,0.8129500000000001,0.46947500000000003
M667,5.5e-05,1e-06,-0.25,0.25,0.035,0.016582,0.041,2SEG,1,GNSS,0.002418,0.159,0.12726315789473686,0.7949999999999999,0.4611315789473684
M668,5.5e-05,1e-06,-0.25,0.25,0.04,0.016559,0.04438,2SEG,1,GNSS,0.0024409999999999987,0.15562,0.12847368421052624,0.7781,0.45328684210526315
M669,5.5e-05,1e-06,-0.25,0.25,0.05,0.016517,0.05066,2SEG,1,GNSS,0.002482999999999999,0.14934000000000003,0.13068421052631574,0.7467000000000001,0.43869210526315794
M670,5.5e-05,1e-06,-0.25,0.25,0.08,0.016409,0.0669,2SEG,1,GNSS,0.0025909999999999996,0.1331,0.13636842105263156,0.6655,0.4009342105263158
M671,5.5e-05,1e-06,-0.25,0.5,0.03,0.016607,0.03542,2SEG,1,GNSS,0.0023929999999999993,0.16458,0.12594736842105259,0.8229,0.4744236842105263
M672,5.5e-05,1e-06,-0.25,0.5,0.035,0.016583,0.03882,2SEG,1,GNSS,0.002416999999999999,0.16118000000000002,0.1272105263157894,0.8059000000000001,0.46655526315789475
M673,5.5e-05,1e-06,-0.25,0.5,0.04,0.016561,0.04202,2SEG,1,GNSS,0.002439,0.15798,0.1283684210526316,0.7899,0.4591342105263158
M674,5.5e-05,1e-06,-0.25,0.5,0.05,0.016519,0.04797,2SEG,1,GNSS,0.0024810000000000006,0.15203,0.13057894736842107,0.76015,0.4453644736842105
M675,5.5e-05,1e-06,-0.25,0.5,0.08,0.016411,0.06334,2SEG,1,GNSS,0.002589000000000001,0.13666,0.1362631578947369,0.6833,0.40978157894736844
M676,5.5e-05,1e-06,0.0,-0.5,0.03,0.016618,0.04926,2SEG,1,GNSS,0.0023819999999999987,0.15074,0.12536842105263152,0.7537,0.4395342105263158
M677,5.5e-05,1e-06,0.0,-0.5,0.035,0.016596,0.05399,2SEG,1,GNSS,0.002404,0.14601,0.12652631578947368,0.73005,0.42828815789473684
M678,5.5e-05,1e-06,0.0,-0.5,0.04,0.016574,0.05845,2SEG,1,GNSS,0.002426000000000001,0.14155,0.12768421052631584,0.70775,0.4177171052631579
M679,5.5e-05,1e-06,0.0,-0.5,0.05,0.016534,0.06673,2SEG,1,GNSS,0.0024659999999999994,0.13327,0.1297894736842105,0.66635,0.3980697368421052
M680,5.5e-05,1e-06,0.0,-0.5,0.08,0.016431,0.08814,2SEG,1,GNSS,0.0025689999999999984,0.11186000000000001,0.1352105263157894,0.5593,0.3472552631578947
M681,5.5e-05,1e-06,0.0,-0.25,0.03,0.016621,0.04363,2SEG,1,GNSS,0.002378999999999999,0.15637,0.12521052631578944,0.78185,0.45353026315789474
M682,5.5e-05,1e-06,0.0,-0.25,0.035,0.016599,0.04781,2SEG,1,GNSS,0.0024010000000000004,0.15219000000000002,0.1263684210526316,0.76095,0.4436592105263158
M683,5.5e-05,1e-06,0.0,-0.25,0.04,0.016578,0.05176,2SEG,1,GNSS,0.0024220000000000005,0.14824,0.12747368421052635,0.7412,0.43433684210526313
M684,5.5e-05,1e-06,0.0,-0.25,0.05,0.016538,0.0591,2SEG,1,GNSS,0.002461999999999999,0.14090000000000003,0.129578947368421,0.7045000000000001,0.41703947368421057
M685,5.5e-05,1e-06,0.0,-0.25,0.08,0.016437,0.07806,2SEG,1,GNSS,0.0025629999999999993,0.12194,0.13489473684210523,0.6097,0.37229736842105265
M686,5.5e-05,1e-06,0.0,0.0,0.03,0.016623,0.04002,2SEG,1,GNSS,0.0023770000000000006,0.15998,0.12510526315789477,0.7999,0.46250263157894744
M687,5.5e-05,1e-06,0.0,0.0,0.035,0.016601,0.04386,2SEG,1,GNSS,0.0023989999999999984,0.15614,0.12626315789473677,0.7807,0.45348157894736835
M688,5.5e-05,1e-06,0.0,0.0,0.04,0.01658,0.04749,2SEG,1,GNSS,0.0024199999999999985,0.15251,0.1273684210526315,0.76255,0.4449592105263157
M689,5.5e-05,1e-06,0.0,0.0,0.05,0.016541,0.05421,2SEG,1,GNSS,0.0024589999999999994,0.14579,0.1294210526315789,0.72895,0.42918552631578943
M690,5.5e-05,1e-06,0.0,0.0,0.08,0.01644,0.07161,2SEG,1,GNSS,0.0025599999999999998,0.12839,0.13473684210526315,0.64195,0.3883434210526316
M691,5.5e-05,1e-06,0.0,0.25,0.03,0.016625,0.03743,2SEG,1,GNSS,0.0023749999999999986,0.16257000000000002,0.12499999999999993,0.8128500000000001,0.468925
M692,5.5e-05,1e-06,0.0,0.25,0.035,0.016602,0.04103,2SEG,1,GNSS,0.002398000000000001,0.15897,0.12621052631578952,0.79485,0.46053026315789475
M693,5.5e-05,1e-06,0.0,0.25,0.04,0.016582,0.04442,2SEG,1,GNSS,0.002418,0.15558,0.12726315789473686,0.7778999999999999,0.4525815789473684
M694,5.5e-05,1e-06,0.0,0.25,0.05,0.016543,0.05071,2SEG,1,GNSS,0.002457000000000001,0.14929,0.12931578947368425,0.74645,0.4378828947368421
M695,5.5e-05,1e-06,0.0,0.25,0.08,0.016442,0.06698,2SEG,1,GNSS,0.0025580000000000012,0.13302000000000003,0.1346315789473685,0.6651000000000001,0.39986578947368434
M696,5.5e-05,1e-06,0.0,0.5,0.03,0.016626,0.03544,2SEG,1,GNSS,0.002374000000000001,0.16456,0.1249473684210527,0.8228,0.47387368421052634
M697,5.5e-05,1e-06,0.0,0.5,0.035,0.016604,0.03884,2SEG,1,GNSS,0.002395999999999999,0.16116000000000003,0.12610526315789466,0.8058000000000001,0.4659526315789474
M698,5.5e-05,1e-06,0.0,0.5,0.04,0.016583,0.04205,2SEG,1,GNSS,0.002416999999999999,0.15795,0.1272105263157894,0.78975,0.4584802631578947
M699,5.5e-05,1e-06,0.0,0.5,0.05,0.016544,0.04801,2SEG,1,GNSS,0.002456,0.15199000000000001,0.12926315789473683,0.75995,0.44460657894736844
M700,5.5e-05,1e-06,0.0,0.5,0.08,0.016444,0.06342,2SEG,1,GNSS,0.0025559999999999992,0.13658,0.13452631578947366,0.6829,0.40871315789473683
M701,5.5e-05,1e-06,0.25,-0.5,0.03,0.016632,0.04929,2SEG,1,GNSS,0.0023679999999999986,0.15071,0.12463157894736834,0.75355,0.4390907894736842
M702,5.5e-05,1e-06,0.25,-0.5,0.035,0.01661,0.05402,2SEG,1,GNSS,0.0023899999999999998,0.14598,0.1257894736842105,0.7299,0.4278447368421052
M703,5.5e-05,1e-06,0.25,-0.5,0.04,0.01659,0.05849,2SEG,1,GNSS,0.002409999999999999,0.14151000000000002,0.12684210526315784,0.7075500000000001,0.417196052631579
M704,5.5e-05,1e-06,0.25,-0.5,0.05,0.016553,0.06677,2SEG,1,GNSS,0.0024470000000000013,0.13323000000000002,0.1287894736842106,0.66615,0.3974697368421053
M705,5.5e-05,1e-06,0.25,-0.5,0.08,0.016455,0.08822,2SEG,1,GNSS,0.0025449999999999987,0.11178,0.13394736842105257,0.5589,0.3464236842105263
M706,5.5e-05,1e-06,0.25,-0.25,0.03,0.016635,0.04365,2SEG,1,GNSS,0.002364999999999999,0.15635000000000002,0.12447368421052626,0.7817500000000001,0.4531118421052632
M707,5.5e-05,1e-06,0.25,-0.25,0.035,0.016614,0.04784,2SEG,1,GNSS,0.0023859999999999992,0.15216000000000002,0.125578947368421,0.7608,0.4431894736842105
M708,5.5e-05,1e-06,0.25,-0.25,0.04,0.016594,0.05179,2SEG,1,GNSS,0.0024059999999999984,0.14821,0.12663157894736835,0.74105,0.43384078947368415
M709,5.5e-05,1e-06,0.25,-0.25,0.05,0.016557,0.05913,2SEG,1,GNSS,0.0024430000000000007,0.14087,0.1285789473684211,0.7043499999999999,0.4164644736842105
M710,5.5e-05,1e-06,0.25,-0.25,0.08,0.016461,0.07813,2SEG,1,GNSS,0.0025389999999999996,0.12187,0.1336315789473684,0.60935,0.3714907894736842
M711,5.5e-05,1e-06,0.25,0.0,0.03,0.016637,0.04004,2SEG,1,GNSS,0.0023630000000000005,0.15996000000000002,0.12436842105263161,0.7998000000000001,0.4620842105263158
M712,5.5e-05,1e-06,0.25,0.0,0.035,0.016616,0.04389,2SEG,1,GNSS,0.0023840000000000007,0.15611000000000003,0.12547368421052635,0.7805500000000001,0.45301184210526324
M713,5.5e-05,1e-06,0.25,0.0,0.04,0.016596,0.04752,2SEG,1,GNSS,0.002404,0.15248,0.12652631578947368,0.7624,0.44446315789473684
M714,5.5e-05,1e-06,0.25,0.0,0.05,0.016559,0.05425,2SEG,1,GNSS,0.0024409999999999987,0.14575000000000002,0.12847368421052624,0.72875,0.42861184210526315
M715,5.5e-05,1e-06,0.25,0.0,0.08,0.016464,0.07168,2SEG,1,GNSS,0.002536,0.12832000000000002,0.13347368421052633,0.6416000000000001,0.3875368421052632
M716,5.5e-05,1e-06,0.25,0.25,0.03,0.016638,0.03745,2SEG,1,GNSS,0.0023619999999999995,0.16255000000000003,0.12431578947368419,0.8127500000000001,0.4685328947368421
M717,5.5e-05,1e-06,0.25,0.25,0.035,0.016617,0.04105,2SEG,1,GNSS,0.0023829999999999997,0.15895,0.12542105263157893,0.79475,0.4600855263157895
M718,5.5e-05,1e-06,0.25,0.25,0.04,0.016598,0.04444,2SEG,1,GNSS,0.002401999999999998,0.15556,0.12642105263157885,0.7777999999999999,0.4521105263157894
M719,5.5e-05,1e-06,0.25,0.25,0.05,0.016561,0.05074,2SEG,1,GNSS,0.002439,0.14926,0.1283684210526316,0.7463,0.43733421052631577
M720,5.5e-05,1e-06,0.25,0.25,0.08,0.016467,0.06704,2SEG,1,GNSS,0.0025330000000000005,0.13296000000000002,0.13331578947368425,0.6648000000000001,0.39905789473684217
M721,5.5e-05,1e-06,0.25,0.5,0.03,0.016639,0.03546,2SEG,1,GNSS,0.0023609999999999985,0.16454000000000002,0.12426315789473677,0.8227000000000001,0.4734815789473684
M722,5.5e-05,1e-06,0.25,0.5,0.035,0.016618,0.03887,2SEG,1,GNSS,0.0023819999999999987,0.16113,0.12536842105263152,0.80565,0.4655092105263158
M723,5.5e-05,1e-06,0.25,0.5,0.04,0.016599,0.04208,2SEG,1,GNSS,0.0024010000000000004,0.15792,0.1263684210526316,0.7896,0.45798421052631577
M724,5.5e-05,1e-06,0.25,0.5,0.05,0.016563,0.04804,2SEG,1,GNSS,0.002436999999999998,0.15196,0.12826315789473675,0.7598,0.4440315789473684
M725,5.5e-05,1e-06,0.25,0.5,0.08,0.016468,0.06348,2SEG,1,GNSS,0.0025319999999999995,0.13652000000000003,0.13326315789473683,0.6826000000000001,0.4079315789473685
M726,5.5e-05,1e-06,0.5,-0.5,0.03,0.016642,0.04931,2SEG,1,GNSS,0.002357999999999999,0.15069000000000002,0.12410526315789469,0.7534500000000001,0.4387776315789474
M727,5.5e-05,1e-06,0.5,-0.5,0.035,0.016622,0.05404,2SEG,1,GNSS,0.002377999999999998,0.14596,0.12515789473684202,0.7298,0.427478947368421
M728,5.5e-05,1e-06,0.5,-0.5,0.04,0.016603,0.05851,2SEG,1,GNSS,0.002397,0.14149,0.1261578947368421,0.70745,0.4168039473684211
M729,5.5e-05,1e-06,0.5,-0.5,0.05,0.016567,0.06681,2SEG,1,GNSS,0.002433000000000001,0.13319000000000003,0.12805263157894742,0.6659500000000002,0.3970013157894738
M730,5.5e-05,1e-06,0.5,-0.5,0.08,0.016474,0.08828,2SEG,1,GNSS,0.0025260000000000005,0.11172000000000001,0.13294736842105265,0.5586,0.34577368421052634
M731,5.5e-05,1e-06,0.5,-0.25,0.03,0.016645,0.04366,2SEG,1,GNSS,0.0023549999999999995,0.15634,0.12394736842105261,0.7817,0.45282368421052627
M732,5.5e-05,1e-06,0.5,-0.25,0.035,0.016625,0.04786,2SEG,1,GNSS,0.0023749999999999986,0.15214,0.12499999999999993,0.7606999999999999,0.4428499999999999
M733,5.5e-05,1e-06,0.5,-0.25,0.04,0.016606,0.05182,2SEG,1,GNSS,0.0023940000000000003,0.14818,0.12600000000000003,0.7409,0.43345
M734,5.5e-05,1e-06,0.5,-0.25,0.05,0.016571,0.05916,2SEG,1,GNSS,0.0024290000000000006,0.14084000000000002,0.12784210526315792,0.7042,0.41602105263157896
M735,5.5e-05,1e-06,0.5,-0.25,0.08,0.016479,0.07818,2SEG,1,GNSS,0.002520999999999999,0.12182000000000001,0.13268421052631574,0.6091,0.37089210526315786
M736,5.5e-05,1e-06,0.5,0.0,0.03,0.016647,0.04006,2SEG,1,GNSS,0.002353000000000001,0.15994000000000003,0.12384210526315795,0.7997000000000001,0.461771052631579
M737,5.5e-05,1e-06,0.5,0.0,0.035,0.016627,0.04391,2SEG,1,GNSS,0.002373,0.15609,0.12489473684210527,0.78045,0.45267236842105263
M738,5.5e-05,1e-06,0.5,0.0,0.04,0.016608,0.04754,2SEG,1,GNSS,0.0023919999999999983,0.15246,0.12589473684210517,0.7623,0.4440973684210526
M739,5.5e-05,1e-06,0.5,0.0,0.05,0.016573,0.05428,2SEG,1,GNSS,0.0024269999999999986,0.14572000000000002,0.1277368421052631,0.7286,0.42816842105263153
M740,5.5e-05,1e-06,0.5,0.0,0.08,0.016483,0.07172,2SEG,1,GNSS,0.0025169999999999984,0.12828,0.13247368421052624,0.6414,0.38693684210526313
M741,5.5e-05,1e-06,0.5,0.25,0.03,0.016648,0.03746,2SEG,1,GNSS,0.002352,0.16254000000000002,0.12378947368421052,0.8127000000000001,0.4682447368421053
M742,5.5e-05,1e-06,0.5,0.25,0.035,0.016629,0.04107,2SEG,1,GNSS,0.002370999999999998,0.15893000000000002,0.12478947368421044,0.7946500000000001,0.45971973684210526
M743,5.5e-05,1e-06,0.5,0.25,0.04,0.01661,0.04446,2SEG,1,GNSS,0.0023899999999999998,0.15554,0.1257894736842105,0.7777000000000001,0.45174473684210525
M744,5.5e-05,1e-06,0.5,0.25,0.05,0.016575,0.05077,2SEG,1,GNSS,0.002425,0.14923,0.12763157894736843,0.74615,0.4368907894736842
M745,5.5e-05,1e-06,0.5,0.25,0.08,0.016485,0.06709,2SEG,1,GNSS,0.002515,0.13291000000000003,0.13236842105263158,0.6645500000000001,0.39845921052631583
M746,5.5e-05,1e-06,0.5,0.5,0.03,0.016649,0.03547,2SEG,1,GNSS,0.002350999999999999,0.16453,0.1237368421052631,0.82265,0.47319342105263157
M747,5.5e-05,1e-06,0.5,0.5,0.035,0.01663,0.03888,2SEG,1,GNSS,0.0023700000000000006,0.16112,0.12473684210526319,0.8056,0.46516842105263156
M748,5.5e-05,1e-06,0.5,0.5,0.04,0.016611,0.0421,2SEG,1,GNSS,0.0023889999999999988,0.1579,0.1257368421052631,0.7895,0.4576184210526315
M749,5.5e-05,1e-06,0.5,0.5,0.05,0.016577,0.04807,2SEG,1,GNSS,0.002422999999999998,0.15193,0.1275263157894736,0.75965,0.4435881578947368
M750,5.5e-05,1e-06,0.5,0.5,0.08,0.016487,0.06352,2SEG,1,GNSS,0.002512999999999998,0.13648000000000002,0.13226315789473672,0.6824,0.4073315789473684
M751,5.5e-05,5.5e-06,-0.5,-0.5,0.03,0.018359,0.05227,2SEG,1,GNSS,0.0006409999999999992,0.14773000000000003,0.033736842105263114,0.7386500000000001,0.3861934210526316
M752,5.5e-05,5.5e-06,-0.5,-0.5,0.035,0.018321,0.05726,2SEG,1,GNSS,0.000678999999999999,0.14274,0.03573684210526311,0.7137,0.37471842105263153
M753,5.5e-05,5.5e-06,-0.5,-0.5,0.04,0.018285,0.06197,2SEG,1,GNSS,0.0007150000000000004,0.13803,0.03763157894736844,0.69015,0.36389078947368425
M754,5.5e-05,5.5e-06,-0.5,-0.5,0.05,0.018219,0.07069,2SEG,1,GNSS,0.0007810000000000004,0.12931,0.04110526315789476,0.64655,0.34382763157894736
M755,5.5e-05,5.5e-06,-0.5,-0.5,0.08,0.018047,0.09319,2SEG,1,GNSS,0.000952999999999999,0.10681000000000002,0.050157894736842054,0.53405,0.29210394736842105
M756,5.5e-05,5.5e-06,-0.5,-0.25,0.03,0.018375,0.04631,2SEG,1,GNSS,0.0006250000000000006,0.15369000000000002,0.032894736842105296,0.7684500000000001,0.4006723684210527
M757,5.5e-05,5.5e-06,-0.5,-0.25,0.035,0.018338,0.05073,2SEG,1,GNSS,0.0006619999999999994,0.14927,0.03484210526315786,0.7463500000000001,0.390596052631579
M758,5.5e-05,5.5e-06,-0.5,-0.25,0.04,0.018304,0.0549,2SEG,1,GNSS,0.0006959999999999987,0.1451,0.036631578947368355,0.7255,0.3810657894736842
M759,5.5e-05,5.5e-06,-0.5,-0.25,0.05,0.01824,0.06264,2SEG,1,GNSS,0.0007600000000000003,0.13736,0.040000000000000015,0.6868,0.3634
M760,5.5e-05,5.5e-06,-0.5,-0.25,0.08,0.018076,0.08259,2SEG,1,GNSS,0.0009240000000000012,0.11741000000000001,0.048631578947368484,0.5870500000000001,0.31784078947368427
M761,5.5e-05,5.5e-06,-0.5,0.0,0.03,0.018385,0.04249,2SEG,1,GNSS,0.000615000000000001,0.15751,0.03236842105263163,0.78755,0.4099592105263158
M762,5.5e-05,5.5e-06,-0.5,0.0,0.035,0.018349,0.04655,2SEG,1,GNSS,0.0006509999999999988,0.15345,0.03426315789473678,0.76725,0.4007565789473684
M763,5.5e-05,5.5e-06,-0.5,0.0,0.04,0.018316,0.05038,2SEG,1,GNSS,0.0006840000000000006,0.14962,0.03600000000000003,0.7481,0.39205
M764,5.5e-05,5.5e-06,-0.5,0.0,0.05,0.018254,0.05748,2SEG,1,GNSS,0.0007460000000000001,0.14252,0.03926315789473685,0.7126,0.37593157894736845
M765,5.5e-05,5.5e-06,-0.5,0.0,0.08,0.018094,0.07581,2SEG,1,GNSS,0.0009060000000000006,0.12419000000000001,0.04768421052631582,0.62095,0.3343171052631579
M766,5.5e-05,5.5e-06,-0.5,0.25,0.03,0.018392,0.03975,2SEG,1,GNSS,0.0006080000000000009,0.16025,0.03200000000000005,0.80125,0.416625
M767,5.5e-05,5.5e-06,-0.5,0.25,0.035,0.018358,0.04355,2SEG,1,GNSS,0.0006420000000000002,0.15645,0.033789473684210536,0.78225,0.40801973684210524
M768,5.5e-05,5.5e-06,-0.5,0.25,0.04,0.018325,0.04713,2SEG,1,GNSS,0.0006749999999999985,0.15287,0.03552631578947361,0.76435,0.3999381578947368
M769,5.5e-05,5.5e-06,-0.5,0.25,0.05,0.018264,0.05378,2SEG,1,GNSS,0.0007360000000000005,0.14622000000000002,0.03873684210526319,0.7311000000000001,0.38491842105263163
M770,5.5e-05,5.5e-06,-0.5,0.25,0.08,0.018107,0.07093,2SEG,1,GNSS,0.000892999999999998,0.12907000000000002,0.046999999999999896,0.6453500000000001,0.346175
M771,5.5e-05,5.5e-06,-0.5,0.5,0.03,0.018398,0.03764,2SEG,1,GNSS,0.0006019999999999984,0.16236,0.031684210526315704,0.8118,0.4217421052631578
M772,5.5e-05,5.5e-06,-0.5,0.5,0.035,0.018364,0.04124,2SEG,1,GNSS,0.0006360000000000011,0.15876,0.03347368421052638,0.7938000000000001,0.4136368421052632
M773,5.5e-05,5.5e-06,-0.5,0.5,0.04,0.018332,0.04464,2SEG,1,GNSS,0.0006679999999999985,0.15536,0.03515789473684203,0.7767999999999999,0.405978947368421
M774,5.5e-05,5.5e-06,-0.5,0.5,0.05,0.018272,0.05093,2SEG,1,GNSS,0.0007279999999999995,0.14907,0.038315789473684185,0.74535,0.3918328947368421
M775,5.5e-05,5.5e-06,-0.5,0.5,0.08,0.018117,0.06718,2SEG,1,GNSS,0.0008829999999999984,0.13282,0.04647368421052623,0.6640999999999999,0.35528684210526307
M776,5.5e-05,5.5e-06,-0.25,-0.5,0.03,0.018387,0.05232,2SEG,1,GNSS,0.000612999999999999,0.14768,0.032263157894736785,0.7384,0.38533157894736836
M777,5.5e-05,5.5e-06,-0.25,-0.5,0.035,0.018352,0.05732,2SEG,1,GNSS,0.0006479999999999993,0.14268,0.0341052631578947,0.7133999999999999,0.37375263157894734
M778,5.5e-05,5.5e-06,-0.25,-0.5,0.04,0.018319,0.06204,2SEG,1,GNSS,0.000681000000000001,0.13796000000000003,0.03584210526315795,0.6898000000000001,0.36282105263157904
M779,5.5e-05,5.5e-06,-0.25,-0.5,0.05,0.018258,0.07078,2SEG,1,GNSS,0.0007419999999999996,0.12922,0.039052631578947346,0.6461,0.3425763157894737
M780,5.5e-05,5.5e-06,-0.25,-0.5,0.08,0.018098,0.09335,2SEG,1,GNSS,0.000902,0.10665000000000001,0.04747368421052632,0.53325,0.29036184210526317
M781,5.5e-05,5.5e-06,-0.25,-0.25,0.03,0.018403,0.04635,2SEG,1,GNSS,0.0005970000000000003,0.15365,0.03142105263157897,0.76825,0.3998355263157895
M782,5.5e-05,5.5e-06,-0.25,-0.25,0.035,0.01837,0.05078,2SEG,1,GNSS,0.0006299999999999986,0.14922000000000002,0.03315789473684203,0.7461000000000001,0.3896289473684211
M783,5.5e-05,5.5e-06,-0.25,-0.25,0.04,0.018338,0.05496,2SEG,1,GNSS,0.0006619999999999994,0.14504,0.03484210526315786,0.7252,0.3800210526315789
M784,5.5e-05,5.5e-06,-0.25,-0.25,0.05,0.018279,0.06272,2SEG,1,GNSS,0.0007209999999999994,0.13728,0.037947368421052605,0.6864,0.3621736842105263
M785,5.5e-05,5.5e-06,-0.25,-0.25,0.08,0.018127,0.08274,2SEG,1,GNSS,0.0008729999999999988,0.11726000000000002,0.04594736842105257,0.5863,0.3161236842105263
M786,5.5e-05,5.5e-06,-0.25,0.0,0.03,0.018414,0.04253,2SEG,1,GNSS,0.0005859999999999997,0.15747,0.03084210526315788,0.78735,0.40909605263157894
M787,5.5e-05,5.5e-06,-0.25,0.0,0.035,0.018381,0.0466,2SEG,1,GNSS,0.000618999999999998,0.1534,0.03257894736842095,0.767,0.3997894736842105
M788,5.5e-05,5.5e-06,-0.25,0.0,0.04,0.01835,0.05044,2SEG,1,GNSS,0.0006499999999999978,0.14956000000000003,0.03421052631578936,0.7478000000000001,0.39100526315789474
M789,5.5e-05,5.5e-06,-0.25,0.0,0.05,0.018293,0.05756,2SEG,1,GNSS,0.0007069999999999993,0.14244,0.03721052631578944,0.7122,0.37470526315789476
M790,5.5e-05,5.5e-06,-0.25,0.0,0.08,0.018145,0.07594,2SEG,1,GNSS,0.0008549999999999981,0.12406000000000002,0.0449999999999999,0.6203000000000001,0.33265
M791,5.5e-05,5.5e-06,-0.25,0.25,0.03,0.018421,0.03979,2SEG,1,GNSS,0.0005789999999999997,0.16021000000000002,0.0304736842105263,0.80105,0.4157618421052632
M792,5.5e-05,5.5e-06,-0.25,0.25,0.035,0.018389,0.0436,2SEG,1,GNSS,0.0006110000000000004,0.1564,0.03215789473684213,0.782,0.4070789473684211
M793,5.5e-05,5.5e-06,-0.25,0.25,0.04,0.018359,0.04719,2SEG,1,GNSS,0.0006409999999999992,0.15281,0.033736842105263114,0.76405,0.39889342105263154
M794,5.5e-05,5.5e-06,-0.25,0.25,0.05,0.018303,0.05385,2SEG,1,GNSS,0.0006969999999999997,0.14615,0.03668421052631578,0.73075,0.3837171052631579
M795,5.5e-05,5.5e-06,-0.25,0.25,0.08,0.018158,0.07105,2SEG,1,GNSS,0.000841999999999999,0.12895,0.044315789473684156,0.64475,0.3445328947368421
M796,5.5e-05,5.5e-06,-0.25,0.5,0.03,0.018427,0.03768,2SEG,1,GNSS,0.0005730000000000006,0.16232000000000002,0.030157894736842137,0.8116000000000001,0.42087894736842113
M797,5.5e-05,5.5e-06,-0.25,0.5,0.035,0.018395,0.04128,2SEG,1,GNSS,0.0006049999999999979,0.15872000000000003,0.03184210526315778,0.7936000000000001,0.41272105263157893
M798,5.5e-05,5.5e-06,-0.25,0.5,0.04,0.018366,0.04468,2SEG,1,GNSS,0.0006339999999999991,0.15532,0.03336842105263153,0.7766000000000001,0.4049842105263158
M799,5.5e-05,5.5e-06,-0.25,0.5,0.05,0.018311,0.051,2SEG,1,GNSS,0.0006889999999999986,0.14900000000000002,0.03626315789473677,0.7450000000000001,0.39063157894736844
M800,5.5e-05,5.5e-06,-0.25,0.5,0.08,0.018169,0.06729,2SEG,1,GNSS,0.0008309999999999984,0.13271,0.043736842105263074,0.66355,0.3536434210526315
M801,5.5e-05,5.5e-06,0.0,-0.5,0.03,0.018406,0.05235,2SEG,1,GNSS,0.0005940000000000008,0.14765,0.03126315789473688,0.73825,0.3847565789473684
M802,5.5e-05,5.5e-06,0.0,-0.5,0.035,0.018372,0.05736,2SEG,1,GNSS,0.0006280000000000001,0.14264000000000002,0.033052631578947375,0.7132000000000001,0.3731263157894737
M803,5.5e-05,5.5e-06,0.0,-0.5,0.04,0.018341,0.06208,2SEG,1,GNSS,0.0006589999999999999,0.13792000000000001,0.03468421052631578,0.6896,0.3621421052631579
M804,5.5e-05,5.5e-06,0.0,-0.5,0.05,0.018282,0.07084,2SEG,1,GNSS,0.0007179999999999999,0.12916,0.03778947368421052,0.6457999999999999,0.3417947368421052
M805,5.5e-05,5.5e-06,0.0,-0.5,0.08,0.018131,0.09345,2SEG,1,GNSS,0.0008689999999999982,0.10655,0.04573684210526307,0.53275,0.2892434210526315
M806,5.5e-05,5.5e-06,0.0,-0.25,0.03,0.018422,0.04638,2SEG,1,GNSS,0.0005779999999999987,0.15362,0.030421052631578877,0.7681,0.39926052631578945
M807,5.5e-05,5.5e-06,0.0,-0.25,0.035,0.01839,0.05082,2SEG,1,GNSS,0.0006099999999999994,0.14918,0.032105263157894706,0.7459,0.3890026315789474
M808,5.5e-05,5.5e-06,0.0,-0.25,0.04,0.01836,0.055,2SEG,1,GNSS,0.0006399999999999982,0.14500000000000002,0.0336842105263157,0.7250000000000001,0.37934210526315787
M809,5.5e-05,5.5e-06,0.0,-0.25,0.05,0.018304,0.06277,2SEG,1,GNSS,0.0006959999999999987,0.13723000000000002,0.036631578947368355,0.68615,0.3613907894736842
M810,5.5e-05,5.5e-06,0.0,-0.25,0.08,0.01816,0.08283,2SEG,1,GNSS,0.0008400000000000005,0.11717000000000001,0.0442105263157895,0.58585,0.31503026315789473
M811,5.5e-05,5.5e-06,0.0,0.0,0.03,0.018432,0.04256,2SEG,1,GNSS,0.0005679999999999991,0.15744000000000002,0.029894736842105214,0.7872000000000001,0.40854736842105266
M812,5.5e-05,5.5e-06,0.0,0.0,0.035,0.018401,0.04663,2SEG,1,GNSS,0.0005989999999999988,0.15337,0.031526315789473625,0.76685,0.39918815789473683
M813,5.5e-05,5.5e-06,0.0,0.0,0.04,0.018372,0.05048,2SEG,1,GNSS,0.0006280000000000001,0.14952000000000001,0.033052631578947375,0.7476,0.3903263157894737
M814,5.5e-05,5.5e-06,0.0,0.0,0.05,0.018318,0.05761,2SEG,1,GNSS,0.0006819999999999986,0.14239000000000002,0.03589473684210519,0.7119500000000001,0.37392236842105264
M815,5.5e-05,5.5e-06,0.0,0.0,0.08,0.018178,0.07602,2SEG,1,GNSS,0.0008219999999999998,0.12398,0.04326315789473684,0.6199,0.3315815789473684
M816,5.5e-05,5.5e-06,0.0,0.25,0.03,0.018439,0.03981,2SEG,1,GNSS,0.000560999999999999,0.16019,0.029526315789473633,0.8009499999999999,0.4152381578947368
M817,5.5e-05,5.5e-06,0.0,0.25,0.035,0.018409,0.04363,2SEG,1,GNSS,0.0005910000000000012,0.15637,0.031105263157894802,0.78185,0.40647763157894745
M818,5.5e-05,5.5e-06,0.0,0.25,0.04,0.018381,0.04722,2SEG,1,GNSS,0.000618999999999998,0.15278000000000003,0.03257894736842095,0.7639000000000001,0.39823947368421053
M819,5.5e-05,5.5e-06,0.0,0.25,0.05,0.018328,0.05389,2SEG,1,GNSS,0.000671999999999999,0.14611000000000002,0.03536842105263153,0.73055,0.38295921052631576
M820,5.5e-05,5.5e-06,0.0,0.25,0.08,0.018191,0.07113,2SEG,1,GNSS,0.0008090000000000007,0.12887,0.04257894736842109,0.64435,0.3434644736842105
M821,5.5e-05,5.5e-06,0.0,0.5,0.03,0.018445,0.0377,2SEG,1,GNSS,0.0005549999999999999,0.1623,0.02921052631578947,0.8115,0.42035526315789473
M822,5.5e-05,5.5e-06,0.0,0.5,0.035,0.018416,0.04131,2SEG,1,GNSS,0.0005840000000000012,0.15869,0.030736842105263222,0.79345,0.4120934210526316
M823,5.5e-05,5.5e-06,0.0,0.5,0.04,0.018388,0.04472,2SEG,1,GNSS,0.000611999999999998,0.15528,0.03221052631578937,0.7764,0.40430526315789467
M824,5.5e-05,5.5e-06,0.0,0.5,0.05,0.018336,0.05104,2SEG,1,GNSS,0.0006639999999999979,0.14896,0.034947368421052526,0.7448,0.38987368421052626
M825,5.5e-05,5.5e-06,0.0,0.5,0.08,0.018201,0.06737,2SEG,1,GNSS,0.0007990000000000011,0.13263000000000003,0.042052631578947425,0.6631500000000001,0.3526013157894738
M826,5.5e-05,5.5e-06,0.25,-0.5,0.03,0.018419,0.05237,2SEG,1,GNSS,0.0005809999999999982,0.14763,0.03057894736842096,0.73815,0.38436447368421045
M827,5.5e-05,5.5e-06,0.25,-0.5,0.035,0.018387,0.05739,2SEG,1,GNSS,0.000612999999999999,0.14261000000000001,0.032263157894736785,0.7130500000000001,0.3726565789473684
M828,5.5e-05,5.5e-06,0.25,-0.5,0.04,0.018357,0.06211,2SEG,1,GNSS,0.0006430000000000012,0.13789,0.03384210526315796,0.68945,0.361646052631579
M829,5.5e-05,5.5e-06,0.25,-0.5,0.05,0.0183,0.07088,2SEG,1,GNSS,0.0006999999999999992,0.12912,0.03684210526315786,0.6456000000000001,0.341221052631579
M830,5.5e-05,5.5e-06,0.25,-0.5,0.08,0.018154,0.09352,2SEG,1,GNSS,0.0008459999999999995,0.10648,0.044526315789473664,0.5324,0.2884631578947368
M831,5.5e-05,5.5e-06,0.25,-0.25,0.03,0.018435,0.0464,2SEG,1,GNSS,0.0005649999999999995,0.15360000000000001,0.029736842105263134,0.768,0.3988684210526316
M832,5.5e-05,5.5e-06,0.25,-0.25,0.035,0.018405,0.05084,2SEG,1,GNSS,0.0005949999999999983,0.14916000000000001,0.03131578947368412,0.7458,0.38855789473684205
M833,5.5e-05,5.5e-06,0.25,-0.25,0.04,0.018376,0.05503,2SEG,1,GNSS,0.0006239999999999996,0.14497000000000002,0.032842105263157874,0.72485,0.37884605263157894
M834,5.5e-05,5.5e-06,0.25,-0.25,0.05,0.018322,0.06281,2SEG,1,GNSS,0.000677999999999998,0.13719,0.035684210526315686,0.68595,0.3608171052631578
M835,5.5e-05,5.5e-06,0.25,-0.25,0.08,0.018183,0.08289,2SEG,1,GNSS,0.0008169999999999983,0.11711,0.04299999999999991,0.58555,0.31427499999999997
M836,5.5e-05,5.5e-06,0.25,0.0,0.03,0.018445,0.04257,2SEG,1,GNSS,0.0005549999999999999,0.15743000000000001,0.02921052631578947,0.78715,0.40818026315789474
M837,5.5e-05,5.5e-06,0.25,0.0,0.035,0.018416,0.04666,2SEG,1,GNSS,0.0005840000000000012,0.15334,0.030736842105263222,0.7666999999999999,0.39871842105263156
M838,5.5e-05,5.5e-06,0.25,0.0,0.04,0.018388,0.0505,2SEG,1,GNSS,0.000611999999999998,0.14950000000000002,0.03221052631578937,0.7475,0.3898552631578947
M839,5.5e-05,5.5e-06,0.25,0.0,0.05,0.018336,0.05764,2SEG,1,GNSS,0.0006639999999999979,0.14236000000000001,0.034947368421052526,0.7118,0.37337368421052625
M840,5.5e-05,5.5e-06,0.25,0.0,0.08,0.018202,0.07608,2SEG,1,GNSS,0.0007980000000000001,0.12392000000000002,0.04200000000000001,0.6196,0.33080000000000004
M841,5.5e-05,5.5e-06,0.25,0.25,0.03,0.018453,0.03983,2SEG,1,GNSS,0.0005469999999999989,0.16017,0.02878947368421047,0.80085,0.4148197368421052
M842,5.5e-05,5.5e-06,0.25,0.25,0.035,0.018424,0.04365,2SEG,1,GNSS,0.0005760000000000001,0.15635000000000002,0.030315789473684216,0.7817500000000001,0.4060328947368421
M843,5.5e-05,5.5e-06,0.25,0.25,0.04,0.018397,0.04724,2SEG,1,GNSS,0.0006029999999999994,0.15276,0.031736842105263126,0.7638,0.3977684210526316
M844,5.5e-05,5.5e-06,0.25,0.25,0.05,0.018346,0.05392,2SEG,1,GNSS,0.0006539999999999983,0.14608000000000002,0.03442105263157886,0.7304,0.3824105263157895
M845,5.5e-05,5.5e-06,0.25,0.25,0.08,0.018215,0.07119,2SEG,1,GNSS,0.000785000000000001,0.12881,0.041315789473684264,0.64405,0.34268289473684216
M846,5.5e-05,5.5e-06,0.25,0.5,0.03,0.018458,0.03771,2SEG,1,GNSS,0.0005420000000000008,0.16229000000000002,0.02852631578947373,0.81145,0.41998815789473687
M847,5.5e-05,5.5e-06,0.25,0.5,0.035,0.01843,0.04133,2SEG,1,GNSS,0.0005700000000000011,0.15867,0.030000000000000058,0.79335,0.411675
M848,5.5e-05,5.5e-06,0.25,0.5,0.04,0.018403,0.04474,2SEG,1,GNSS,0.0005970000000000003,0.15526,0.03142105263157897,0.7763,0.4038605263157895
M849,5.5e-05,5.5e-06,0.25,0.5,0.05,0.018354,0.05107,2SEG,1,GNSS,0.0006460000000000007,0.14893,0.03400000000000004,0.74465,0.38932500000000003
M850,5.5e-05,5.5e-06,0.25,0.5,0.08,0.018225,0.06742,2SEG,1,GNSS,0.0007749999999999979,0.13258000000000003,0.04078947368421042,0.6629000000000002,0.35184473684210527
M851,5.5e-05,5.5e-06,0.5,-0.5,0.03,0.018429,0.05239,2SEG,1,GNSS,0.0005709999999999986,0.14761000000000002,0.030052631578947296,0.7380500000000001,0.3840513157894737
M852,5.5e-05,5.5e-06,0.5,-0.5,0.035,0.018398,0.05741,2SEG,1,GNSS,0.0006019999999999984,0.14259,0.031684210526315704,0.71295,0.37231710526315787
M853,5.5e-05,5.5e-06,0.5,-0.5,0.04,0.018369,0.06214,2SEG,1,GNSS,0.0006309999999999996,0.13786,0.033210526315789454,0.6893,0.36125526315789475
M854,5.5e-05,5.5e-06,0.5,-0.5,0.05,0.018314,0.07091,2SEG,1,GNSS,0.0006859999999999991,0.12909,0.03610526315789469,0.64545,0.3407776315789473
M855,5.5e-05,5.5e-06,0.5,-0.5,0.08,0.018173,0.09358,2SEG,1,GNSS,0.0008269999999999979,0.10642000000000001,0.04352631578947357,0.5321,0.28781315789473677
M856,5.5e-05,5.5e-06,0.5,-0.25,0.03,0.018445,0.04641,2SEG,1,GNSS,0.0005549999999999999,0.15359,0.02921052631578947,0.76795,0.39858026315789474
M857,5.5e-05,5.5e-06,0.5,-0.25,0.035,0.018416,0.05086,2SEG,1,GNSS,0.0005840000000000012,0.14914,0.030736842105263222,0.7456999999999999,0.38821842105263155
M858,5.5e-05,5.5e-06,0.5,-0.25,0.04,0.018388,0.05505,2SEG,1,GNSS,0.000611999999999998,0.14495000000000002,0.03221052631578937,0.7247500000000001,0.37848026315789474
M859,5.5e-05,5.5e-06,0.5,-0.25,0.05,0.018336,0.06283,2SEG,1,GNSS,0.0006639999999999979,0.13717000000000001,0.034947368421052526,0.6858500000000001,0.3603986842105263
M860,5.5e-05,5.5e-06,0.5,-0.25,0.08,0.018201,0.08294,2SEG,1,GNSS,0.0007990000000000011,0.11706000000000001,0.042052631578947425,0.5853,0.31367631578947375
M861,5.5e-05,5.5e-06,0.5,0.0,0.03,0.018456,0.04259,2SEG,1,GNSS,0.0005439999999999993,0.15741,0.028631578947368386,0.7870499999999999,0.40784078947368413
M862,5.5e-05,5.5e-06,0.5,0.0,0.035,0.018427,0.04667,2SEG,1,GNSS,0.0005730000000000006,0.15333000000000002,0.030157894736842137,0.76665,0.3984039473684211
M863,5.5e-05,5.5e-06,0.5,0.0,0.04,0.0184,0.05052,2SEG,1,GNSS,0.0005999999999999998,0.14948,0.03157894736842105,0.7474,0.3894894736842105
M864,5.5e-05,5.5e-06,0.5,0.0,0.05,0.01835,0.05767,2SEG,1,GNSS,0.0006499999999999978,0.14233,0.03421052631578936,0.71165,0.3729302631578947
M865,5.5e-05,5.5e-06,0.5,0.0,0.08,0.01822,0.07613,2SEG,1,GNSS,0.0007799999999999994,0.12387000000000001,0.04105263157894734,0.61935,0.33020131578947365
M866,5.5e-05,5.5e-06,0.5,0.25,0.03,0.018463,0.03984,2SEG,1,GNSS,0.0005369999999999993,0.16016000000000002,0.028263157894736806,0.8008000000000001,0.4145315789473684
M867,5.5e-05,5.5e-06,0.5,0.25,0.035,0.018435,0.04366,2SEG,1,GNSS,0.0005649999999999995,0.15634,0.029736842105263134,0.7817,0.40571842105263156
M868,5.5e-05,5.5e-06,0.5,0.25,0.04,0.018409,0.04726,2SEG,1,GNSS,0.0005910000000000012,0.15274000000000001,0.031105263157894802,0.7637,0.3974026315789474
M869,5.5e-05,5.5e-06,0.5,0.25,0.05,0.01836,0.05395,2SEG,1,GNSS,0.0006399999999999982,0.14605,0.0336842105263157,0.7302500000000001,0.38196710526315786
M870,5.5e-05,5.5e-06,0.5,0.25,0.08,0.018233,0.07123,2SEG,1,GNSS,0.0007670000000000003,0.12877,0.040368421052631595,0.6438499999999999,0.34210921052631577
M871,5.5e-05,5.5e-06,0.5,0.5,0.03,0.018469,0.03773,2SEG,1,GNSS,0.0005310000000000002,0.16227000000000003,0.027947368421052644,0.8113500000000001,0.41964868421052637
M872,5.5e-05,5.5e-06,0.5,0.5,0.035,0.018441,0.04135,2SEG,1,GNSS,0.0005590000000000005,0.15865,0.029421052631578973,0.79325,0.4113355263157895
M873,5.5e-05,5.5e-06,0.5,0.5,0.04,0.018415,0.04476,2SEG,1,GNSS,0.0005849999999999987,0.15524000000000002,0.03078947368421046,0.7762,0.40349473684210524
M874,5.5e-05,5.5e-06,0.5,0.5,0.05,0.018368,0.05109,2SEG,1,GNSS,0.0006320000000000006,0.14891000000000001,0.033263157894736876,0.74455,0.38890657894736846
M875,5.5e-05,5.5e-06,0.5,0.5,0.08,0.018243,0.06746,2SEG,1,GNSS,0.0007570000000000007,0.13254,0.039842105263157936,0.6627,0.35127105263157893
M876,5.5e-05,1e-05,-0.5,-0.5,0.03,0.020084,0.05514,2SEG,1,GNSS,-0.0010840000000000016,0.14486000000000002,0.05705263157894746,0.7243,0.39067631578947376
M877,5.5e-05,1e-05,-0.5,-0.5,0.035,0.020036,0.06039,2SEG,1,GNSS,-0.0010360000000000022,0.13961,0.054526315789473805,0.6980500000000001,0.3762881578947369
M878,5.5e-05,1e-05,-0.5,-0.5,0.04,0.019991,0.06534,2SEG,1,GNSS,-0.0009909999999999988,0.13466,0.05215789473684204,0.6733,0.36272894736842104
M879,5.5e-05,1e-05,-0.5,-0.5,0.05,0.019906,0.07452,2SEG,1,GNSS,-0.0009060000000000006,0.12548,0.04768421052631582,0.6274,0.33754210526315787
M880,5.5e-05,1e-05,-0.5,-0.5,0.08,0.019689,0.09815,2SEG,1,GNSS,-0.0006890000000000021,0.10185000000000001,0.036263157894736955,0.50925,0.2727565789473685
M881,5.5e-05,1e-05,-0.5,-0.25,0.03,0.020113,0.04886,2SEG,1,GNSS,-0.0011129999999999994,0.15114,0.05857894736842102,0.7556999999999999,0.4071394736842105
M882,5.5e-05,1e-05,-0.5,-0.25,0.035,0.020067,0.05353,2SEG,1,GNSS,-0.001067000000000002,0.14647000000000002,0.05615789473684221,0.7323500000000001,0.3942539473684211
M883,5.5e-05,1e-05,-0.5,-0.25,0.04,0.020025,0.05792,2SEG,1,GNSS,-0.0010250000000000016,0.14208,0.053947368421052716,0.7104,0.3821736842105264
M884,5.5e-05,1e-05,-0.5,-0.25,0.05,0.019945,0.06606,2SEG,1,GNSS,-0.0009450000000000014,0.13394,0.04973684210526323,0.6697,0.3597184210526316
M885,5.5e-05,1e-05,-0.5,-0.25,0.08,0.01974,0.08704,2SEG,1,GNSS,-0.0007400000000000011,0.11296,0.03894736842105269,0.5648,0.30187368421052635
M886,5.5e-05,1e-05,-0.5,0.0,0.03,0.020131,0.04485,2SEG,1,GNSS,-0.001131,0.15515,0.05952631578947369,0.77575,0.41763815789473685
M887,5.5e-05,1e-05,-0.5,0.0,0.035,0.020087,0.04913,2SEG,1,GNSS,-0.0010870000000000012,0.15087,0.05721052631578954,0.75435,0.4057802631578947
M888,5.5e-05,1e-05,-0.5,0.0,0.04,0.020046,0.05316,2SEG,1,GNSS,-0.0010460000000000018,0.14684000000000003,0.055052631578947464,0.7342000000000001,0.39462631578947377
M889,5.5e-05,1e-05,-0.5,0.0,0.05,0.01997,0.06064,2SEG,1,GNSS,-0.0009700000000000021,0.13936,0.05105263157894748,0.6968,0.3739263157894737
M890,5.5e-05,1e-05,-0.5,0.0,0.08,0.019773,0.07992,2SEG,1,GNSS,-0.0007729999999999994,0.12008,0.04068421052631576,0.6004,0.3205421052631579
M891,5.5e-05,1e-05,-0.5,0.25,0.03,0.020144,0.04196,2SEG,1,GNSS,-0.0011439999999999992,0.15804,0.06021052631578943,0.7902,0.4252052631578947
M892,5.5e-05,1e-05,-0.5,0.25,0.035,0.020102,0.04597,2SEG,1,GNSS,-0.0011019999999999988,0.15403,0.05799999999999994,0.77015,0.41407499999999997
M893,5.5e-05,1e-05,-0.5,0.25,0.04,0.020062,0.04974,2SEG,1,GNSS,-0.0010620000000000004,0.15026,0.05589473684210529,0.7513,0.40359736842105265
M894,5.5e-05,1e-05,-0.5,0.25,0.05,0.019988,0.05674,2SEG,1,GNSS,-0.0009879999999999993,0.14326,0.05199999999999996,0.7162999999999999,0.38414999999999994
M895,5.5e-05,1e-05,-0.5,0.25,0.08,0.019796,0.0748,2SEG,1,GNSS,-0.0007960000000000016,0.1252,0.041894736842105346,0.626,0.33394736842105266
M896,5.5e-05,1e-05,-0.5,0.5,0.03,0.020154,0.03974,2SEG,1,GNSS,-0.0011539999999999988,0.16026,0.060736842105263096,0.8013,0.43101842105263155
M897,5.5e-05,1e-05,-0.5,0.5,0.035,0.020113,0.04354,2SEG,1,GNSS,-0.0011129999999999994,0.15646000000000002,0.05857894736842102,0.7823,0.42043947368421053
M898,5.5e-05,1e-05,-0.5,0.5,0.04,0.020074,0.04711,2SEG,1,GNSS,-0.001074000000000002,0.15289000000000003,0.05652631578947379,0.7644500000000001,0.4104881578947369
M899,5.5e-05,1e-05,-0.5,0.5,0.05,0.020001,0.05375,2SEG,1,GNSS,-0.0010010000000000019,0.14625000000000002,0.05268421052631589,0.7312500000000001,0.391967105263158
M900,5.5e-05,1e-05,-0.5,0.5,0.08,0.019814,0.07085,2SEG,1,GNSS,-0.0008139999999999988,0.12915000000000001,0.04284210526315783,0.64575,0.3442960526315789
M901,5.5e-05,1e-05,-0.25,-0.5,0.03,0.020112,0.05518,2SEG,1,GNSS,-0.0011120000000000019,0.14482,0.05852631578947379,0.7241,0.39131315789473686
M902,5.5e-05,1e-05,-0.25,-0.5,0.035,0.020067,0.06045,2SEG,1,GNSS,-0.001067000000000002,0.13955,0.05615789473684221,0.69775,0.3769539473684211
M903,5.5e-05,1e-05,-0.25,-0.5,0.04,0.020024,0.06541,2SEG,1,GNSS,-0.0010240000000000006,0.13459000000000002,0.053894736842105294,0.67295,0.3634223684210527
M904,5.5e-05,1e-05,-0.25,-0.5,0.05,0.019944,0.0746,2SEG,1,GNSS,-0.0009440000000000004,0.1254,0.04968421052631581,0.627,0.3383421052631579
M905,5.5e-05,1e-05,-0.25,-0.5,0.08,0.019739,0.0983,2SEG,1,GNSS,-0.0007390000000000001,0.10170000000000001,0.03889473684210527,0.5085000000000001,0.2736973684210527
M906,5.5e-05,1e-05,-0.25,-0.25,0.03,0.020141,0.0489,2SEG,1,GNSS,-0.0011409999999999997,0.1511,0.06005263157894735,0.7555000000000001,0.4077763157894737
M907,5.5e-05,1e-05,-0.25,-0.25,0.035,0.020098,0.05358,2SEG,1,GNSS,-0.0010980000000000018,0.14642,0.05778947368421062,0.7321,0.3949447368421053
M908,5.5e-05,1e-05,-0.25,-0.25,0.04,0.020058,0.05798,2SEG,1,GNSS,-0.001058,0.14202,0.05568421052631579,0.7101,0.38289210526315787
M909,5.5e-05,1e-05,-0.25,-0.25,0.05,0.019983,0.06613,2SEG,1,GNSS,-0.0009830000000000012,0.13387000000000002,0.05173684210526323,0.66935,0.3605434210526316
M910,5.5e-05,1e-05,-0.25,-0.25,0.08,0.01979,0.08717,2SEG,1,GNSS,-0.000789999999999999,0.11283000000000001,0.041578947368421,0.56415,0.30286447368421054
M911,5.5e-05,1e-05,-0.25,0.0,0.03,0.020159,0.04489,2SEG,1,GNSS,-0.0011590000000000003,0.15511000000000003,0.06100000000000002,0.7755500000000001,0.41827500000000006
M912,5.5e-05,1e-05,-0.25,0.0,0.035,0.020118,0.04917,2SEG,1,GNSS,-0.001118000000000001,0.15083000000000002,0.058842105263157946,0.7541500000000001,0.406496052631579
M913,5.5e-05,1e-05,-0.25,0.0,0.04,0.02008,0.05322,2SEG,1,GNSS,-0.001080000000000001,0.14678000000000002,0.05684210526315795,0.7339000000000001,0.395371052631579
M914,5.5e-05,1e-05,-0.25,0.0,0.05,0.020008,0.06071,2SEG,1,GNSS,-0.001008000000000002,0.13929000000000002,0.05305263157894747,0.6964500000000001,0.3747513157894738
M915,5.5e-05,1e-05,-0.25,0.0,0.08,0.019823,0.08004,2SEG,1,GNSS,-0.0008230000000000008,0.11996000000000001,0.04331578947368425,0.5998,0.32155789473684215
M916,5.5e-05,1e-05,-0.25,0.25,0.03,0.020172,0.042,2SEG,1,GNSS,-0.0011719999999999994,0.158,0.06168421052631576,0.7899999999999999,0.42584210526315786
M917,5.5e-05,1e-05,-0.25,0.25,0.035,0.020133,0.04601,2SEG,1,GNSS,-0.001133000000000002,0.15399000000000002,0.05963157894736853,0.76995,0.41479078947368425
M918,5.5e-05,1e-05,-0.25,0.25,0.04,0.020095,0.04979,2SEG,1,GNSS,-0.0010949999999999988,0.15021,0.05763157894736836,0.75105,0.4043407894736842
M919,5.5e-05,1e-05,-0.25,0.25,0.05,0.020026,0.05681,2SEG,1,GNSS,-0.0010259999999999991,0.14319,0.05399999999999996,0.71595,0.38497499999999996
M920,5.5e-05,1e-05,-0.25,0.25,0.08,0.019846,0.07491,2SEG,1,GNSS,-0.0008459999999999995,0.12509,0.044526315789473664,0.62545,0.3349881578947368
M921,5.5e-05,1e-05,-0.25,0.5,0.03,0.020182,0.03977,2SEG,1,GNSS,-0.001181999999999999,0.16023,0.062210526315789424,0.80115,0.4316802631578947
M922,5.5e-05,1e-05,-0.25,0.5,0.035,0.020144,0.04358,2SEG,1,GNSS,-0.0011439999999999992,0.15642,0.06021052631578943,0.7821,0.4211552631578947
M923,5.5e-05,1e-05,-0.25,0.5,0.04,0.020107,0.04716,2SEG,1,GNSS,-0.0011070000000000003,0.15284,0.058263157894736864,0.7642,0.41123157894736845
M924,5.5e-05,1e-05,-0.25,0.5,0.05,0.02004,0.05381,2SEG,1,GNSS,-0.0010399999999999993,0.14619000000000001,0.05473684210526312,0.73095,0.39284342105263154
M925,5.5e-05,1e-05,-0.25,0.5,0.08,0.019864,0.07096,2SEG,1,GNSS,-0.0008640000000000002,0.12904000000000002,0.045473684210526326,0.6452,0.34533684210526316
M926,5.5e-05,1e-05,0.0,-0.5,0.03,0.02013,0.05521,2SEG,1,GNSS,-0.001129999999999999,0.14479,0.05947368421052627,0.72395,0.3917118421052631
M927,5.5e-05,1e-05,0.0,-0.5,0.035,0.020087,0.06049,2SEG,1,GNSS,-0.0010870000000000012,0.13951000000000002,0.05721052631578954,0.6975500000000001,0.3773802631578948
M928,5.5e-05,1e-05,0.0,-0.5,0.04,0.020045,0.06545,2SEG,1,GNSS,-0.0010450000000000008,0.13455,0.05500000000000004,0.67275,0.363875
M929,5.5e-05,1e-05,0.0,-0.5,0.05,0.019969,0.07466,2SEG,1,GNSS,-0.0009690000000000011,0.12534,0.05100000000000006,0.6267,0.33885000000000004
M930,5.5e-05,1e-05,0.0,-0.5,0.08,0.019771,0.09839,2SEG,1,GNSS,-0.0007710000000000009,0.10161,0.040578947368421096,0.50805,0.2743144736842105
M931,5.5e-05,1e-05,0.0,-0.25,0.03,0.020159,0.04893,2SEG,1,GNSS,-0.0011590000000000003,0.15107,0.06100000000000002,0.75535,0.408175
M932,5.5e-05,1e-05,0.0,-0.25,0.035,0.020118,0.05361,2SEG,1,GNSS,-0.001118000000000001,0.14639000000000002,0.058842105263157946,0.7319500000000001,0.395396052631579
M933,5.5e-05,1e-05,0.0,-0.25,0.04,0.020079,0.05801,2SEG,1,GNSS,-0.001079,0.14199,0.056789473684210535,0.70995,0.38336973684210524
M934,5.5e-05,1e-05,0.0,-0.25,0.05,0.020008,0.06618,2SEG,1,GNSS,-0.001008000000000002,0.13382,0.05305263157894747,0.6690999999999999,0.3610763157894737
M935,5.5e-05,1e-05,0.0,-0.25,0.08,0.019822,0.08726,2SEG,1,GNSS,-0.0008219999999999998,0.11274,0.04326315789473684,0.5637,0.3034815789473684
M936,5.5e-05,1e-05,0.0,0.0,0.03,0.020177,0.04491,2SEG,1,GNSS,-0.001177000000000001,0.15509,0.06194736842105268,0.77545,0.4186986842105263
M937,5.5e-05,1e-05,0.0,0.0,0.035,0.020138,0.0492,2SEG,1,GNSS,-0.0011380000000000001,0.15080000000000002,0.05989473684210527,0.754,0.4069473684210526
M938,5.5e-05,1e-05,0.0,0.0,0.04,0.020101,0.05325,2SEG,1,GNSS,-0.0011010000000000013,0.14675000000000002,0.0579473684210527,0.73375,0.3958486842105264
M939,5.5e-05,1e-05,0.0,0.0,0.05,0.020033,0.06075,2SEG,1,GNSS,-0.0010329999999999992,0.13925,0.05436842105263154,0.69625,0.3753092105263158
M940,5.5e-05,1e-05,0.0,0.0,0.08,0.019855,0.08012,2SEG,1,GNSS,-0.0008550000000000016,0.11988000000000001,0.04500000000000008,0.5994,0.32220000000000004
M941,5.5e-05,1e-05,0.0,0.25,0.03,0.02019,0.04202,2SEG,1,GNSS,-0.00119,0.15798,0.06263157894736843,0.7899,0.4262657894736842
M942,5.5e-05,1e-05,0.0,0.25,0.035,0.020153,0.04604,2SEG,1,GNSS,-0.0011530000000000012,0.15396,0.060684210526315854,0.7698,0.41524210526315797
M943,5.5e-05,1e-05,0.0,0.25,0.04,0.020117,0.04983,2SEG,1,GNSS,-0.001117,0.15017000000000003,0.05878947368421052,0.7508500000000001,0.4048197368421053
M944,5.5e-05,1e-05,0.0,0.25,0.05,0.02005,0.05685,2SEG,1,GNSS,-0.0010499999999999989,0.14315,0.055263157894736785,0.71575,0.3855065789473684
M945,5.5e-05,1e-05,0.0,0.25,0.08,0.019878,0.07498,2SEG,1,GNSS,-0.0008780000000000003,0.12502000000000002,0.046210526315789494,0.6251000000000001,0.3356552631578948
M946,5.5e-05,1e-05,0.0,0.5,0.03,0.020201,0.03979,2SEG,1,GNSS,-0.0012010000000000007,0.16021000000000002,0.06321052631578951,0.80105,0.43213026315789477
M947,5.5e-05,1e-05,0.0,0.5,0.035,0.020164,0.0436,2SEG,1,GNSS,-0.0011640000000000018,0.1564,0.06126315789473694,0.782,0.42163157894736847
M948,5.5e-05,1e-05,0.0,0.5,0.04,0.020129,0.04719,2SEG,1,GNSS,-0.0011290000000000015,0.15281,0.05942105263157903,0.76405,0.4117355263157895
M949,5.5e-05,1e-05,0.0,0.5,0.05,0.020064,0.05385,2SEG,1,GNSS,-0.001063999999999999,0.14615,0.055999999999999946,0.73075,0.393375
M950,5.5e-05,1e-05,0.0,0.5,0.08,0.019896,0.07103,2SEG,1,GNSS,-0.000896000000000001,0.12897000000000003,0.047157894736842156,0.6448500000000001,0.34600394736842116
M951,5.5e-05,1e-05,0.25,-0.5,0.03,0.020143,0.05523,2SEG,1,GNSS,-0.0011430000000000017,0.14477,0.060157894736842195,0.72385,0.3920039473684211
M952,5.5e-05,1e-05,0.25,-0.5,0.035,0.020101,0.06051,2SEG,1,GNSS,-0.0011010000000000013,0.13949,0.0579473684210527,0.69745,0.3776986842105264
M953,5.5e-05,1e-05,0.25,-0.5,0.04,0.020061,0.06548,2SEG,1,GNSS,-0.0010609999999999994,0.13452000000000003,0.05584210526315787,0.6726000000000001,0.364221052631579
M954,5.5e-05,1e-05,0.25,-0.5,0.05,0.019986,0.0747,2SEG,1,GNSS,-0.0009860000000000008,0.12530000000000002,0.051894736842105306,0.6265000000000001,0.3391973684210527
M955,5.5e-05,1e-05,0.25,-0.5,0.08,0.019794,0.09846,2SEG,1,GNSS,-0.0007939999999999996,0.10154,0.0417894736842105,0.5077,0.27474473684210526
M956,5.5e-05,1e-05,0.25,-0.25,0.03,0.020172,0.04895,2SEG,1,GNSS,-0.0011719999999999994,0.15105000000000002,0.06168421052631576,0.7552500000000001,0.40846710526315794
M957,5.5e-05,1e-05,0.25,-0.25,0.035,0.020132,0.05363,2SEG,1,GNSS,-0.001132000000000001,0.14637,0.05957894736842111,0.73185,0.39571447368421053
M958,5.5e-05,1e-05,0.25,-0.25,0.04,0.020095,0.05804,2SEG,1,GNSS,-0.0010949999999999988,0.14196,0.05763157894736836,0.7098,0.3837157894736842
M959,5.5e-05,1e-05,0.25,-0.25,0.05,0.020025,0.06622,2SEG,1,GNSS,-0.0010250000000000016,0.13378,0.053947368421052716,0.6689,0.3614236842105264
M960,5.5e-05,1e-05,0.25,-0.25,0.08,0.019845,0.08732,2SEG,1,GNSS,-0.000845000000000002,0.11268000000000002,0.04447368421052642,0.5634,0.3039368421052632
M961,5.5e-05,1e-05,0.25,0.0,0.03,0.02019,0.04493,2SEG,1,GNSS,-0.00119,0.15507,0.06263157894736843,0.77535,0.4189907894736842
M962,5.5e-05,1e-05,0.25,0.0,0.035,0.020152,0.04923,2SEG,1,GNSS,-0.0011520000000000002,0.15077000000000002,0.06063157894736843,0.75385,0.40724078947368425
M963,5.5e-05,1e-05,0.25,0.0,0.04,0.020117,0.05327,2SEG,1,GNSS,-0.001117,0.14673000000000003,0.05878947368421052,0.7336500000000001,0.3962197368421053
M964,5.5e-05,1e-05,0.25,0.0,0.05,0.02005,0.06079,2SEG,1,GNSS,-0.0010499999999999989,0.13921,0.055263157894736785,0.69605,0.37565657894736837
M965,5.5e-05,1e-05,0.25,0.0,0.08,0.019878,0.08018,2SEG,1,GNSS,-0.0008780000000000003,0.11982000000000001,0.046210526315789494,0.5991,0.3226552631578947
M966,5.5e-05,1e-05,0.25,0.25,0.03,0.020204,0.04203,2SEG,1,GNSS,-0.0012040000000000002,0.15797,0.06336842105263159,0.7898499999999999,0.4266092105263158
M967,5.5e-05,1e-05,0.25,0.25,0.035,0.020167,0.04606,2SEG,1,GNSS,-0.0011670000000000014,0.15394000000000002,0.06142105263157902,0.7697,0.41556052631578955
M968,5.5e-05,1e-05,0.25,0.25,0.04,0.020132,0.04985,2SEG,1,GNSS,-0.001132000000000001,0.15015,0.05957894736842111,0.75075,0.40516447368421055
M969,5.5e-05,1e-05,0.25,0.25,0.05,0.020068,0.05688,2SEG,1,GNSS,-0.0010679999999999995,0.14312000000000002,0.05621052631578945,0.7156000000000001,0.3859052631578948
M970,5.5e-05,1e-05,0.25,0.25,0.08,0.019901,0.07504,2SEG,1,GNSS,-0.000900999999999999,0.12496000000000002,0.0474210526315789,0.6248,0.33611052631578947
M971,5.5e-05,1e-05,0.25,0.5,0.03,0.020214,0.03981,2SEG,1,GNSS,-0.0012139999999999998,0.16019,0.06389473684210525,0.8009499999999999,0.4324223684210526
M972,5.5e-05,1e-05,0.25,0.5,0.035,0.020178,0.04362,2SEG,1,GNSS,-0.001178000000000002,0.15638000000000002,0.062000000000000104,0.7819,0.42195000000000005
M973,5.5e-05,1e-05,0.25,0.5,0.04,0.020144,0.04721,2SEG,1,GNSS,-0.0011439999999999992,0.15279,0.06021052631578943,0.76395,0.4120802631578947
M974,5.5e-05,1e-05,0.25,0.5,0.05,0.020082,0.05387,2SEG,1,GNSS,-0.0010819999999999996,0.14613,0.056947368421052615,0.73065,0.39379868421052633
M975,5.5e-05,1e-05,0.25,0.5,0.08,0.01992,0.07108,2SEG,1,GNSS,-0.0009200000000000007,0.12892,0.04842105263157898,0.6446,0.3465105263157895
M976,5.5e-05,1e-05,0.5,-0.5,0.03,0.020153,0.05525,2SEG,1,GNSS,-0.0011530000000000012,0.14475000000000002,0.060684210526315854,0.72375,0.39221710526315795
M977,5.5e-05,1e-05,0.5,-0.5,0.035,0.020112,0.06053,2SEG,1,GNSS,-0.0011120000000000019,0.13947,0.05852631578947379,0.69735,0.3779381578947369
M978,5.5e-05,1e-05,0.5,-0.5,0.04,0.020073,0.0655,2SEG,1,GNSS,-0.001073000000000001,0.1345,0.05647368421052637,0.6725,0.36448684210526316
M979,5.5e-05,1e-05,0.5,-0.5,0.05,0.02,0.07473,2SEG,1,GNSS,-0.0010000000000000009,0.12527,0.05263157894736847,0.62635,0.3394907894736842
M980,5.5e-05,1e-05,0.5,-0.5,0.08,0.019812,0.09851,2SEG,1,GNSS,-0.0008120000000000002,0.10149000000000001,0.04273684210526317,0.5074500000000001,0.2750934210526316
M981,5.5e-05,1e-05,0.5,-0.25,0.03,0.020182,0.04896,2SEG,1,GNSS,-0.001181999999999999,0.15104,0.062210526315789424,0.7552,0.4087052631578947
M982,5.5e-05,1e-05,0.5,-0.25,0.035,0.020143,0.05365,2SEG,1,GNSS,-0.0011430000000000017,0.14635,0.060157894736842195,0.73175,0.3959539473684211
M983,5.5e-05,1e-05,0.5,-0.25,0.04,0.020107,0.05806,2SEG,1,GNSS,-0.0011070000000000003,0.14194,0.058263157894736864,0.7097,0.38398157894736845
M984,5.5e-05,1e-05,0.5,-0.25,0.05,0.020039,0.06624,2SEG,1,GNSS,-0.0010390000000000017,0.13376000000000002,0.054684210526315884,0.6688000000000001,0.361742105263158
M985,5.5e-05,1e-05,0.5,-0.25,0.08,0.019863,0.08737,2SEG,1,GNSS,-0.0008629999999999992,0.11263000000000001,0.045421052631578904,0.56315,0.3042855263157895
M986,5.5e-05,1e-05,0.5,0.0,0.03,0.0202,0.04494,2SEG,1,GNSS,-0.0011999999999999997,0.15506,0.0631578947368421,0.7753,0.41922894736842103
M987,5.5e-05,1e-05,0.5,0.0,0.035,0.020163,0.04924,2SEG,1,GNSS,-0.0011630000000000008,0.15076,0.06121052631578952,0.7538,0.40750526315789476
M988,5.5e-05,1e-05,0.5,0.0,0.04,0.020129,0.05329,2SEG,1,GNSS,-0.0011290000000000015,0.14671,0.05942105263157903,0.73355,0.39648552631578954
M989,5.5e-05,1e-05,0.5,0.0,0.05,0.020064,0.06081,2SEG,1,GNSS,-0.001063999999999999,0.13919,0.055999999999999946,0.69595,0.37597499999999995
M990,5.5e-05,1e-05,0.5,0.0,0.08,0.019896,0.08022,2SEG,1,GNSS,-0.000896000000000001,0.11978000000000001,0.047157894736842156,0.5989,0.3230289473684211
M991,5.5e-05,1e-05,0.5,0.25,0.03,0.020214,0.04205,2SEG,1,GNSS,-0.0012139999999999998,0.15795,0.06389473684210525,0.78975,0.4268223684210526
M992,5.5e-05,1e-05,0.5,0.25,0.035,0.020178,0.04607,2SEG,1,GNSS,-0.001178000000000002,0.15393,0.062000000000000104,0.7696500000000001,0.41582500000000006
M993,5.5e-05,1e-05,0.5,0.25,0.04,0.020144,0.04987,2SEG,1,GNSS,-0.0011439999999999992,0.15013,0.06021052631578943,0.75065,0.4054302631578947
M994,5.5e-05,1e-05,0.5,0.25,0.05,0.020082,0.0569,2SEG,1,GNSS,-0.0010819999999999996,0.1431,0.056947368421052615,0.7155,0.38622368421052633
M995,5.5e-05,1e-05,0.5,0.25,0.08,0.019919,0.07508,2SEG,1,GNSS,-0.0009189999999999997,0.12492000000000002,0.04836842105263156,0.6246,0.33648421052631583
M996,5.5e-05,1e-05,0.5,0.5,0.03,0.020224,0.03982,2SEG,1,GNSS,-0.0012239999999999994,0.16018000000000002,0.06442105263157892,0.8009000000000001,0.4326605263157895
M997,5.5e-05,1e-05,0.5,0.5,0.035,0.020189,0.04363,2SEG,1,GNSS,-0.001188999999999999,0.15637,0.06257894736842101,0.78185,0.4222144736842105
M998,5.5e-05,1e-05,0.5,0.5,0.04,0.020156,0.04723,2SEG,1,GNSS,-0.0011560000000000008,0.15277000000000002,0.06084210526315794,0.76385,0.412346052631579
M999,5.5e-05,1e-05,0.5,0.5,0.05,0.020095,0.0539,2SEG,1,GNSS,-0.0010949999999999988,0.1461,0.05763157894736836,0.7305,0.3940657894736842
M1000,5.5e-05,1e-05,0.5,0.5,0.08,0.019937,0.07112,2SEG,1,GNSS,-0.0009370000000000003,0.12888,0.04931578947368423,0.6444,0.3468578947368421
M1001,5.5e-05,5.5e-05,-0.5,-0.5,0.03,0.034802,0.07654,2SEG,1,GNSS,-0.015802,0.12346000000000001,0.8316842105263158,0.6173000000000001,0.7244921052631579
M1002,5.5e-05,5.5e-05,-0.5,-0.5,0.035,0.034672,0.08377,2SEG,1,GNSS,-0.015672000000000002,0.11623000000000001,0.824842105263158,0.58115,0.702996052631579
M1003,5.5e-05,5.5e-05,-0.5,-0.5,0.04,0.034548,0.09056,2SEG,1,GNSS,-0.015548000000000003,0.10944000000000001,0.8183157894736843,0.5472,0.6827578947368422
M1004,5.5e-05,5.5e-05,-0.5,-0.5,0.05,0.034319,0.1031,2SEG,1,GNSS,-0.015319000000000003,0.09690000000000001,0.806263157894737,0.48450000000000004,0.6453815789473685
M1005,5.5e-05,5.5e-05,-0.5,-0.5,0.08,0.033717,0.1353,2SEG,1,GNSS,-0.014716999999999997,0.06470000000000001,0.7745789473684209,0.3235,0.5490394736842105
M1006,5.5e-05,5.5e-05,-0.5,-0.25,0.03,0.034931,0.06792,2SEG,1,GNSS,-0.015930999999999997,0.13208000000000003,0.8384736842105261,0.6604000000000001,0.7494368421052631
M1007,5.5e-05,5.5e-05,-0.5,-0.25,0.035,0.034814,0.07435,2SEG,1,GNSS,-0.015813999999999998,0.12565,0.8323157894736841,0.62825,0.730282894736842
M1008,5.5e-05,5.5e-05,-0.5,-0.25,0.04,0.034703,0.0804,2SEG,1,GNSS,-0.015702999999999998,0.11960000000000001,0.8264736842105262,0.598,0.7122368421052632
M1009,5.5e-05,5.5e-05,-0.5,-0.25,0.05,0.034496,0.0916,2SEG,1,GNSS,-0.015496,0.10840000000000001,0.8155789473684211,0.542,0.6787894736842106
M1010,5.5e-05,5.5e-05,-0.5,-0.25,0.08,0.033956,0.1203,2SEG,1,GNSS,-0.014956,0.07970000000000001,0.7871578947368422,0.3985,0.5928289473684211
M1011,5.5e-05,5.5e-05,-0.5,0.0,0.03,0.035013,0.06239,2SEG,1,GNSS,-0.016013000000000003,0.13761,0.8427894736842108,0.68805,0.7654197368421054
M1012,5.5e-05,5.5e-05,-0.5,0.0,0.035,0.034904,0.06831,2SEG,1,GNSS,-0.015903999999999998,0.13169000000000003,0.8370526315789473,0.6584500000000001,0.7477513157894737
M1013,5.5e-05,5.5e-05,-0.5,0.0,0.04,0.034801,0.07388,2SEG,1,GNSS,-0.015801,0.12612,0.8316315789473684,0.6306,0.7311157894736842
M1014,5.5e-05,5.5e-05,-0.5,0.0,0.05,0.034609,0.08419,2SEG,1,GNSS,-0.015609000000000001,0.11581000000000001,0.8215263157894738,0.5790500000000001,0.7002881578947369
M1015,5.5e-05,5.5e-05,-0.5,0.0,0.08,0.034107,0.1106,2SEG,1,GNSS,-0.015106999999999999,0.08940000000000001,0.7951052631578946,0.447,0.6210526315789473
M1016,5.5e-05,5.5e-05,-0.5,0.25,0.03,0.035072,0.05841,2SEG,1,GNSS,-0.016072,0.14159000000000002,0.8458947368421053,0.7079500000000001,0.7769223684210527
M1017,5.5e-05,5.5e-05,-0.5,0.25,0.035,0.034969,0.06396,2SEG,1,GNSS,-0.015969,0.13604,0.8404736842105264,0.6801999999999999,0.7603368421052632
M1018,5.5e-05,5.5e-05,-0.5,0.25,0.04,0.034871,0.06918,2SEG,1,GNSS,-0.015871,0.13082,0.8353157894736842,0.6540999999999999,0.7447078947368421
M1019,5.5e-05,5.5e-05,-0.5,0.25,0.05,0.03469,0.07884,2SEG,1,GNSS,-0.01569,0.12116000000000002,0.8257894736842105,0.6058,0.7157947368421053
M1020,5.5e-05,5.5e-05,-0.5,0.25,0.08,0.034215,0.1037,2SEG,1,GNSS,-0.015215000000000003,0.09630000000000001,0.8007894736842107,0.48150000000000004,0.6411447368421054
M1021,5.5e-05,5.5e-05,-0.5,0.5,0.03,0.035117,0.05534,2SEG,1,GNSS,-0.016117000000000003,0.14466,0.848263157894737,0.7233,0.7857815789473686
M1022,5.5e-05,5.5e-05,-0.5,0.5,0.035,0.035018,0.0606,2SEG,1,GNSS,-0.016018,0.13940000000000002,0.8430526315789474,0.6970000000000001,0.7700263157894738
M1023,5.5e-05,5.5e-05,-0.5,0.5,0.04,0.034925,0.06556,2SEG,1,GNSS,-0.015924999999999998,0.13444,0.838157894736842,0.6722,0.755178947368421
M1024,5.5e-05,5.5e-05,-0.5,0.5,0.05,0.034752,0.07473,2SEG,1,GNSS,-0.015752,0.12527,0.8290526315789473,0.62635,0.7277013157894736
M1025,5.5e-05,5.5e-05,-0.5,0.5,0.08,0.034298,0.0983,2SEG,1,GNSS,-0.015298000000000003,0.10170000000000001,0.8051578947368423,0.5085000000000001,0.6568289473684212
M1026,5.5e-05,5.5e-05,-0.25,-0.5,0.03,0.034826,0.07657,2SEG,1,GNSS,-0.015826000000000003,0.12343000000000001,0.8329473684210528,0.61715,0.7250486842105264
M1027,5.5e-05,5.5e-05,-0.25,-0.5,0.035,0.034698,0.08381,2SEG,1,GNSS,-0.015698,0.11619000000000002,0.8262105263157895,0.5809500000000001,0.7035802631578948
M1028,5.5e-05,5.5e-05,-0.25,-0.5,0.04,0.034577,0.09061,2SEG,1,GNSS,-0.015576999999999997,0.10939000000000002,0.8198421052631578,0.54695,0.683396052631579
M1029,5.5e-05,5.5e-05,-0.25,-0.5,0.05,0.034351,0.1032,2SEG,1,GNSS,-0.015351,0.09680000000000001,0.8079473684210526,0.48400000000000004,0.6459736842105264
M1030,5.5e-05,5.5e-05,-0.25,-0.5,0.08,0.033759,0.1354,2SEG,1,GNSS,-0.014758999999999998,0.06460000000000002,0.7767894736842105,0.32300000000000006,0.5498947368421052
M1031,5.5e-05,5.5e-05,-0.25,-0.25,0.03,0.034955,0.06795,2SEG,1,GNSS,-0.015955,0.13205,0.8397368421052632,0.66025,0.7499934210526316
M1032,5.5e-05,5.5e-05,-0.25,-0.25,0.035,0.03484,0.07439,2SEG,1,GNSS,-0.015840000000000003,0.12561,0.833684210526316,0.62805,0.730867105263158
M1033,5.5e-05,5.5e-05,-0.25,-0.25,0.04,0.034732,0.08044,2SEG,1,GNSS,-0.015732,0.11956000000000001,0.828,0.5978,0.7129
M1034,5.5e-05,5.5e-05,-0.25,-0.25,0.05,0.034529,0.09165,2SEG,1,GNSS,-0.015528999999999998,0.10835000000000002,0.8173157894736841,0.5417500000000001,0.6795328947368421
M1035,5.5e-05,5.5e-05,-0.25,-0.25,0.08,0.033998,0.1204,2SEG,1,GNSS,-0.014998000000000001,0.07960000000000002,0.7893684210526316,0.3980000000000001,0.5936842105263158
M1036,5.5e-05,5.5e-05,-0.25,0.0,0.03,0.035037,0.06242,2SEG,1,GNSS,-0.016037,0.13758,0.8440526315789474,0.6879,0.7659763157894737
M1037,5.5e-05,5.5e-05,-0.25,0.0,0.035,0.034931,0.06834,2SEG,1,GNSS,-0.015930999999999997,0.13166,0.8384736842105261,0.6583,0.7483868421052631
M1038,5.5e-05,5.5e-05,-0.25,0.0,0.04,0.03483,0.07392,2SEG,1,GNSS,-0.01583,0.12608000000000003,0.8331578947368421,0.6304000000000001,0.7317789473684211
M1039,5.5e-05,5.5e-05,-0.25,0.0,0.05,0.034642,0.08423,2SEG,1,GNSS,-0.015642,0.11577000000000001,0.8232631578947368,0.57885,0.7010565789473684
M1040,5.5e-05,5.5e-05,-0.25,0.0,0.08,0.03415,0.1107,2SEG,1,GNSS,-0.01515,0.0893,0.7973684210526316,0.4465,0.6219342105263158
M1041,5.5e-05,5.5e-05,-0.25,0.25,0.03,0.035096,0.05843,2SEG,1,GNSS,-0.016096000000000003,0.14157,0.8471578947368422,0.70785,0.7775039473684211
M1042,5.5e-05,5.5e-05,-0.25,0.25,0.035,0.034995,0.06399,2SEG,1,GNSS,-0.015995,0.13601000000000002,0.8418421052631578,0.68005,0.760946052631579
M1043,5.5e-05,5.5e-05,-0.25,0.25,0.04,0.0349,0.06921,2SEG,1,GNSS,-0.0159,0.13079000000000002,0.8368421052631579,0.65395,0.745396052631579
M1044,5.5e-05,5.5e-05,-0.25,0.25,0.05,0.034723,0.07889,2SEG,1,GNSS,-0.015722999999999997,0.12111000000000001,0.8275263157894736,0.60555,0.7165381578947367
M1045,5.5e-05,5.5e-05,-0.25,0.25,0.08,0.034258,0.1038,2SEG,1,GNSS,-0.015257999999999997,0.09620000000000001,0.8030526315789472,0.48100000000000004,0.6420263157894737
M1046,5.5e-05,5.5e-05,-0.25,0.5,0.03,0.035141,0.05537,2SEG,1,GNSS,-0.016141,0.14463,0.8495263157894737,0.72315,0.7863381578947368
M1047,5.5e-05,5.5e-05,-0.25,0.5,0.035,0.035045,0.06063,2SEG,1,GNSS,-0.016045,0.13937,0.8444736842105264,0.69685,0.7706618421052631
M1048,5.5e-05,5.5e-05,-0.25,0.5,0.04,0.034954,0.06559,2SEG,1,GNSS,-0.015954,0.13441000000000003,0.8396842105263158,0.6720500000000001,0.755867105263158
M1049,5.5e-05,5.5e-05,-0.25,0.5,0.05,0.034784,0.07477,2SEG,1,GNSS,-0.015784000000000003,0.12523,0.8307368421052633,0.62615,0.7284434210526316
M1050,5.5e-05,5.5e-05,-0.25,0.5,0.08,0.034341,0.09837,2SEG,1,GNSS,-0.015341000000000004,0.10163000000000001,0.8074210526315792,0.50815,0.6577855263157896
M1051,5.5e-05,5.5e-05,0.0,-0.5,0.03,0.034842,0.07659,2SEG,1,GNSS,-0.015842,0.12341,0.8337894736842104,0.61705,0.7254197368421051
M1052,5.5e-05,5.5e-05,0.0,-0.5,0.035,0.034715,0.08383,2SEG,1,GNSS,-0.015715000000000003,0.11617000000000001,0.8271052631578949,0.58085,0.7039776315789474
M1053,5.5e-05,5.5e-05,0.0,-0.5,0.04,0.034595,0.09064,2SEG,1,GNSS,-0.015595000000000001,0.10936000000000001,0.8207894736842106,0.5468000000000001,0.6837947368421053
M1054,5.5e-05,5.5e-05,0.0,-0.5,0.05,0.034372,0.1032,2SEG,1,GNSS,-0.015372,0.09680000000000001,0.8090526315789474,0.48400000000000004,0.6465263157894737
M1055,5.5e-05,5.5e-05,0.0,-0.5,0.08,0.033787,0.1355,2SEG,1,GNSS,-0.014786999999999998,0.0645,0.7782631578947368,0.3225,0.5503815789473684
M1056,5.5e-05,5.5e-05,0.0,-0.25,0.03,0.034971,0.06797,2SEG,1,GNSS,-0.015971000000000003,0.13203,0.8405789473684212,0.66015,0.7503644736842106
M1057,5.5e-05,5.5e-05,0.0,-0.25,0.035,0.034857,0.07441,2SEG,1,GNSS,-0.015857,0.12559,0.8345789473684211,0.62795,0.7312644736842105
M1058,5.5e-05,5.5e-05,0.0,-0.25,0.04,0.03475,0.08047,2SEG,1,GNSS,-0.015750000000000004,0.11953000000000001,0.8289473684210529,0.59765,0.7132986842105264
M1059,5.5e-05,5.5e-05,0.0,-0.25,0.05,0.03455,0.09168,2SEG,1,GNSS,-0.015549999999999998,0.10832000000000001,0.8184210526315788,0.5416000000000001,0.6800105263157894
M1060,5.5e-05,5.5e-05,0.0,-0.25,0.08,0.034026,0.1205,2SEG,1,GNSS,-0.015026000000000001,0.07950000000000002,0.790842105263158,0.3975000000000001,0.5941710526315791
M1061,5.5e-05,5.5e-05,0.0,0.0,0.03,0.035053,0.06243,2SEG,1,GNSS,-0.016053,0.13757000000000003,0.8448947368421054,0.6878500000000001,0.7663723684210527
M1062,5.5e-05,5.5e-05,0.0,0.0,0.035,0.034948,0.06836,2SEG,1,GNSS,-0.015948,0.13164,0.8393684210526317,0.6582,0.7487842105263158
M1063,5.5e-05,5.5e-05,0.0,0.0,0.04,0.034848,0.07394,2SEG,1,GNSS,-0.015847999999999998,0.12606,0.8341052631578946,0.6303,0.7322026315789473
M1064,5.5e-05,5.5e-05,0.0,0.0,0.05,0.034663,0.08426,2SEG,1,GNSS,-0.015663,0.11574000000000001,0.8243684210526316,0.5787,0.7015342105263158
M1065,5.5e-05,5.5e-05,0.0,0.0,0.08,0.034177,0.1108,2SEG,1,GNSS,-0.015177,0.08920000000000002,0.7987894736842105,0.44600000000000006,0.6223947368421052
M1066,5.5e-05,5.5e-05,0.0,0.25,0.03,0.035112,0.05845,2SEG,1,GNSS,-0.016111999999999998,0.14155,0.8479999999999999,0.70775,0.7778749999999999
M1067,5.5e-05,5.5e-05,0.0,0.25,0.035,0.035013,0.06401,2SEG,1,GNSS,-0.016013000000000003,0.13599,0.8427894736842108,0.6799499999999999,0.7613697368421053
M1068,5.5e-05,5.5e-05,0.0,0.25,0.04,0.034919,0.06924,2SEG,1,GNSS,-0.015919,0.13076000000000002,0.8378421052631578,0.6538,0.7458210526315789
M1069,5.5e-05,5.5e-05,0.0,0.25,0.05,0.034744,0.07892,2SEG,1,GNSS,-0.015743999999999998,0.12108000000000001,0.8286315789473683,0.6054,0.7170157894736842
M1070,5.5e-05,5.5e-05,0.0,0.25,0.08,0.034286,0.1038,2SEG,1,GNSS,-0.015285999999999998,0.09620000000000001,0.8045263157894735,0.48100000000000004,0.6427631578947368
M1071,5.5e-05,5.5e-05,0.0,0.5,0.03,0.035157,0.05538,2SEG,1,GNSS,-0.016157,0.14462000000000003,0.8503684210526317,0.7231000000000001,0.7867342105263159
M1072,5.5e-05,5.5e-05,0.0,0.5,0.035,0.035062,0.06065,2SEG,1,GNSS,-0.016062000000000003,0.13935,0.8453684210526318,0.69675,0.7710592105263159
M1073,5.5e-05,5.5e-05,0.0,0.5,0.04,0.034973,0.06561,2SEG,1,GNSS,-0.015972999999999998,0.13439,0.8406842105263157,0.67195,0.7563171052631579
M1074,5.5e-05,5.5e-05,0.0,0.5,0.05,0.034806,0.0748,2SEG,1,GNSS,-0.015805999999999997,0.1252,0.8318947368421051,0.626,0.7289473684210526
M1075,5.5e-05,5.5e-05,0.0,0.5,0.08,0.034369,0.09842,2SEG,1,GNSS,-0.015368999999999997,0.10158000000000002,0.8088947368421051,0.5079,0.6583973684210526
M1076,5.5e-05,5.5e-05,0.25,-0.5,0.03,0.034853,0.07661,2SEG,1,GNSS,-0.015853000000000003,0.12339000000000001,0.8343684210526318,0.61695,0.7256592105263159
M1077,5.5e-05,5.5e-05,0.25,-0.5,0.035,0.034727,0.08385,2SEG,1,GNSS,-0.015727,0.11615000000000002,0.8277368421052632,0.5807500000000001,0.7042434210526316
M1078,5.5e-05,5.5e-05,0.25,-0.5,0.04,0.034609,0.09066,2SEG,1,GNSS,-0.015609000000000001,0.10934,0.8215263157894738,0.5467,0.6841131578947368
M1079,5.5e-05,5.5e-05,0.25,-0.5,0.05,0.034387,0.1033,2SEG,1,GNSS,-0.015387000000000001,0.09670000000000001,0.809842105263158,0.48350000000000004,0.6466710526315791
M1080,5.5e-05,5.5e-05,0.25,-0.5,0.08,0.033806,0.1355,2SEG,1,GNSS,-0.014806000000000003,0.0645,0.779263157894737,0.3225,0.5508815789473684
M1081,5.5e-05,5.5e-05,0.25,-0.25,0.03,0.034982,0.06798,2SEG,1,GNSS,-0.015982,0.13202000000000003,0.8411578947368421,0.6601000000000001,0.7506289473684211
M1082,5.5e-05,5.5e-05,0.25,-0.25,0.035,0.03487,0.07443,2SEG,1,GNSS,-0.01587,0.12557000000000001,0.8352631578947368,0.62785,0.7315565789473684
M1083,5.5e-05,5.5e-05,0.25,-0.25,0.04,0.034763,0.08049,2SEG,1,GNSS,-0.015763000000000003,0.11951,0.8296315789473686,0.59755,0.7135907894736844
M1084,5.5e-05,5.5e-05,0.25,-0.25,0.05,0.034565,0.09171,2SEG,1,GNSS,-0.015564999999999999,0.10829000000000001,0.8192105263157894,0.54145,0.6803302631578947
M1085,5.5e-05,5.5e-05,0.25,-0.25,0.08,0.034045,0.1205,2SEG,1,GNSS,-0.015045,0.07950000000000002,0.7918421052631579,0.3975000000000001,0.594671052631579
M1086,5.5e-05,5.5e-05,0.25,0.0,0.03,0.035064,0.06245,2SEG,1,GNSS,-0.016064,0.13755,0.8454736842105263,0.68775,0.7666118421052631
M1087,5.5e-05,5.5e-05,0.25,0.0,0.035,0.03496,0.06838,2SEG,1,GNSS,-0.01596,0.13162000000000001,0.84,0.6581,0.74905
M1088,5.5e-05,5.5e-05,0.25,0.0,0.04,0.034862,0.07396,2SEG,1,GNSS,-0.015861999999999998,0.12604,0.8348421052631578,0.6302,0.7325210526315789
M1089,5.5e-05,5.5e-05,0.25,0.0,0.05,0.034678,0.08429,2SEG,1,GNSS,-0.015678,0.11571000000000001,0.8251578947368422,0.57855,0.7018539473684211
M1090,5.5e-05,5.5e-05,0.25,0.0,0.08,0.034197,0.1108,2SEG,1,GNSS,-0.015196999999999999,0.08920000000000002,0.7998421052631578,0.44600000000000006,0.6229210526315789
M1091,5.5e-05,5.5e-05,0.25,0.25,0.03,0.035123,0.05846,2SEG,1,GNSS,-0.016123000000000002,0.14154,0.8485789473684212,0.7077,0.7781394736842107
M1092,5.5e-05,5.5e-05,0.25,0.25,0.035,0.035025,0.06402,2SEG,1,GNSS,-0.016025,0.13598000000000002,0.8434210526315791,0.6799000000000001,0.7616605263157896
M1093,5.5e-05,5.5e-05,0.25,0.25,0.04,0.034932,0.06925,2SEG,1,GNSS,-0.015931999999999998,0.13075,0.8385263157894736,0.6537499999999999,0.7461381578947368
M1094,5.5e-05,5.5e-05,0.25,0.25,0.05,0.034759,0.07894,2SEG,1,GNSS,-0.015759,0.12106000000000001,0.829421052631579,0.6053000000000001,0.7173605263157895
M1095,5.5e-05,5.5e-05,0.25,0.25,0.08,0.034305,0.1038,2SEG,1,GNSS,-0.015305000000000003,0.09620000000000001,0.8055263157894739,0.48100000000000004,0.643263157894737
M1096,5.5e-05,5.5e-05,0.25,0.5,0.03,0.035168,0.05539,2SEG,1,GNSS,-0.016168,0.14461000000000002,0.8509473684210526,0.7230500000000001,0.7869986842105263
M1097,5.5e-05,5.5e-05,0.25,0.5,0.035,0.035074,0.06066,2SEG,1,GNSS,-0.016074,0.13934000000000002,0.8460000000000001,0.6967000000000001,0.7713500000000001
M1098,5.5e-05,5.5e-05,0.25,0.5,0.04,0.034986,0.06562,2SEG,1,GNSS,-0.015986000000000004,0.13438,0.8413684210526318,0.6718999999999999,0.7566342105263159
M1099,5.5e-05,5.5e-05,0.25,0.5,0.05,0.034821,0.07482,2SEG,1,GNSS,-0.015820999999999998,0.12518,0.8326842105263157,0.6259,0.7292921052631578
M1100,5.5e-05,5.5e-05,0.25,0.5,0.08,0.034389,0.09846,2SEG,1,GNSS,-0.015389000000000003,0.10154,0.8099473684210529,0.5077,0.6588236842105264
M1101,5.5e-05,5.5e-05,0.5,-0.5,0.03,0.034861,0.07662,2SEG,1,GNSS,-0.015861000000000004,0.12338000000000002,0.8347894736842107,0.6169,0.7258447368421054
M1102,5.5e-05,5.5e-05,0.5,-0.5,0.035,0.034737,0.08386,2SEG,1,GNSS,-0.015736999999999998,0.11614000000000001,0.8282631578947367,0.5807,0.7044815789473684
M1103,5.5e-05,5.5e-05,0.5,-0.5,0.04,0.034619,0.09068,2SEG,1,GNSS,-0.015618999999999997,0.10932000000000001,0.8220526315789473,0.5466000000000001,0.6843263157894737
M1104,5.5e-05,5.5e-05,0.5,-0.5,0.05,0.034398,0.1033,2SEG,1,GNSS,-0.015397999999999998,0.09670000000000001,0.8104210526315789,0.48350000000000004,0.6469605263157895
M1105,5.5e-05,5.5e-05,0.5,-0.5,0.08,0.033821,0.1355,2SEG,1,GNSS,-0.014820999999999997,0.0645,0.7800526315789472,0.3225,0.5512763157894736
M1106,5.5e-05,5.5e-05,0.5,-0.25,0.03,0.034991,0.06799,2SEG,1,GNSS,-0.015991000000000002,0.13201000000000002,0.8416315789473685,0.66005,0.7508407894736843
M1107,5.5e-05,5.5e-05,0.5,-0.25,0.035,0.034879,0.07444,2SEG,1,GNSS,-0.015879,0.12556,0.8357368421052632,0.6278,0.7317684210526316
M1108,5.5e-05,5.5e-05,0.5,-0.25,0.04,0.034773,0.0805,2SEG,1,GNSS,-0.015773,0.11950000000000001,0.8301578947368421,0.5975,0.7138289473684211
M1109,5.5e-05,5.5e-05,0.5,-0.25,0.05,0.034576,0.09173,2SEG,1,GNSS,-0.015576000000000003,0.10827,0.8197894736842107,0.54135,0.6805697368421053
M1110,5.5e-05,5.5e-05,0.5,-0.25,0.08,0.03406,0.1205,2SEG,1,GNSS,-0.01506,0.07950000000000002,0.7926315789473685,0.3975000000000001,0.5950657894736843
M1111,5.5e-05,5.5e-05,0.5,0.0,0.03,0.035073,0.06246,2SEG,1,GNSS,-0.016073,0.13754,0.8459473684210527,0.6877,0.7668236842105263
M1112,5.5e-05,5.5e-05,0.5,0.0,0.035,0.034969,0.06839,2SEG,1,GNSS,-0.015969,0.13161,0.8404736842105264,0.65805,0.7492618421052633
M1113,5.5e-05,5.5e-05,0.5,0.0,0.04,0.034872,0.07397,2SEG,1,GNSS,-0.015872,0.12603000000000003,0.8353684210526316,0.6301500000000001,0.7327592105263159
M1114,5.5e-05,5.5e-05,0.5,0.0,0.05,0.034689,0.0843,2SEG,1,GNSS,-0.015688999999999998,0.11570000000000001,0.8257368421052631,0.5785,0.7021184210526316
M1115,5.5e-05,5.5e-05,0.5,0.0,0.08,0.034212,0.1109,2SEG,1,GNSS,-0.015212,0.08910000000000001,0.8006315789473685,0.44550000000000006,0.6230657894736843
M1116,5.5e-05,5.5e-05,0.5,0.25,0.03,0.035132,0.05847,2SEG,1,GNSS,-0.016131999999999997,0.14153000000000002,0.8490526315789473,0.70765,0.7783513157894737
M1117,5.5e-05,5.5e-05,0.5,0.25,0.035,0.035034,0.06403,2SEG,1,GNSS,-0.016034000000000003,0.13597,0.8438947368421055,0.67985,0.7618723684210527
M1118,5.5e-05,5.5e-05,0.5,0.25,0.04,0.034942,0.06926,2SEG,1,GNSS,-0.015942,0.13074000000000002,0.8390526315789475,0.6537000000000001,0.7463763157894738
M1119,5.5e-05,5.5e-05,0.5,0.25,0.05,0.03477,0.07895,2SEG,1,GNSS,-0.015770000000000003,0.12105,0.8300000000000002,0.60525,0.7176250000000001
M1120,5.5e-05,5.5e-05,0.5,0.25,0.08,0.034321,0.1039,2SEG,1,GNSS,-0.015320999999999998,0.0961,0.8063684210526315,0.4805,0.6434342105263158
M1121,5.5e-05,5.5e-05,0.5,0.5,0.03,0.035177,0.0554,2SEG,1,GNSS,-0.016177,0.1446,0.851421052631579,0.723,0.7872105263157895
M1122,5.5e-05,5.5e-05,0.5,0.5,0.035,0.035084,0.06067,2SEG,1,GNSS,-0.016083999999999998,0.13933,0.8465263157894736,0.69665,0.7715881578947368
M1123,5.5e-05,5.5e-05,0.5,0.5,0.04,0.034996,0.06564,2SEG,1,GNSS,-0.015996,0.13436,0.8418947368421053,0.6718,0.7568473684210526
M1124,5.5e-05,5.5e-05,0.5,0.5,0.05,0.034832,0.07483,2SEG,1,GNSS,-0.015832000000000002,0.12517,0.833263157894737,0.62585,0.7295565789473686
M1125,5.5e-05,5.5e-05,0.5,0.5,0.08,0.034404,0.09848,2SEG,1,GNSS,-0.015403999999999998,0.10152000000000001,0.8107368421052631,0.5076,0.6591684210526316
M1126,5.5e-05,0.0001,-0.5,-0.5,0.03,0.046434,0.09095,2SEG,1,GNSS,-0.027434000000000004,0.10905000000000001,1.4438947368421056,0.54525,0.9945723684210528
M1127,5.5e-05,0.0001,-0.5,-0.5,0.035,0.046253,0.09954,2SEG,1,GNSS,-0.027253000000000003,0.10046000000000001,1.4343684210526317,0.5023,0.9683342105263159
M1128,5.5e-05,0.0001,-0.5,-0.5,0.04,0.046083,0.1076,2SEG,1,GNSS,-0.027083,0.09240000000000001,1.425421052631579,0.462,0.9437105263157894
M1129,5.5e-05,0.0001,-0.5,-0.5,0.05,0.045764,0.1225,2SEG,1,GNSS,-0.026764,0.07750000000000001,1.4086315789473685,0.38750000000000007,0.8980657894736843
M1130,5.5e-05,0.0001,-0.5,-0.5,0.08,0.04486,0.1605,2SEG,1,GNSS,-0.025859999999999998,0.03950000000000001,1.3610526315789473,0.19750000000000004,0.7792763157894737
M1131,5.5e-05,0.0001,-0.5,-0.25,0.03,0.046624,0.08073,2SEG,1,GNSS,-0.027624,0.11927000000000001,1.4538947368421054,0.59635,1.0251223684210526
M1132,5.5e-05,0.0001,-0.5,-0.25,0.035,0.046463,0.08837,2SEG,1,GNSS,-0.027462999999999998,0.11163000000000001,1.445421052631579,0.55815,1.0017855263157895
M1133,5.5e-05,0.0001,-0.5,-0.25,0.04,0.046311,0.09556,2SEG,1,GNSS,-0.027311,0.10444,1.437421052631579,0.5222,0.9798105263157895
M1134,5.5e-05,0.0001,-0.5,-0.25,0.05,0.046027,0.1088,2SEG,1,GNSS,-0.027027,0.09120000000000002,1.4224736842105263,0.45600000000000007,0.9392368421052633
M1135,5.5e-05,0.0001,-0.5,-0.25,0.08,0.045236,0.1428,2SEG,1,GNSS,-0.026236,0.0572,1.3808421052631579,0.286,0.833421052631579
M1136,5.5e-05,0.0001,-0.5,0.0,0.03,0.046744,0.07417,2SEG,1,GNSS,-0.027744,0.12583,1.4602105263157896,0.62915,1.0446802631578949
M1137,5.5e-05,0.0001,-0.5,0.0,0.035,0.046596,0.0812,2SEG,1,GNSS,-0.027596,0.11880000000000002,1.4524210526315788,0.5940000000000001,1.0232105263157893
M1138,5.5e-05,0.0001,-0.5,0.0,0.04,0.046456,0.08782,2SEG,1,GNSS,-0.027455999999999998,0.11218000000000002,1.4450526315789474,0.5609000000000001,1.0029763157894738
M1139,5.5e-05,0.0001,-0.5,0.0,0.05,0.046193,0.1001,2SEG,1,GNSS,-0.027193,0.09990000000000002,1.4312105263157895,0.49950000000000006,0.9653552631578948
M1140,5.5e-05,0.0001,-0.5,0.0,0.08,0.045474,0.1314,2SEG,1,GNSS,-0.026474,0.06860000000000002,1.3933684210526316,0.3430000000000001,0.8681842105263158
M1141,5.5e-05,0.0001,-0.5,0.25,0.03,0.046829,0.06944,2SEG,1,GNSS,-0.027829000000000003,0.13056,1.464684210526316,0.6528,1.058742105263158
M1142,5.5e-05,0.0001,-0.5,0.25,0.035,0.046691,0.07603,2SEG,1,GNSS,-0.027691000000000004,0.12397000000000001,1.4574210526315792,0.61985,1.0386355263157896
M1143,5.5e-05,0.0001,-0.5,0.25,0.04,0.046559,0.08224,2SEG,1,GNSS,-0.027559000000000004,0.11776000000000002,1.4504736842105266,0.5888000000000001,1.0196368421052633
M1144,5.5e-05,0.0001,-0.5,0.25,0.05,0.046313,0.09373,2SEG,1,GNSS,-0.027313,0.10627000000000002,1.4375263157894738,0.5313500000000001,0.984438157894737
M1145,5.5e-05,0.0001,-0.5,0.25,0.08,0.045666,0.1232,2SEG,1,GNSS,-0.026666,0.07680000000000001,1.4034736842105262,0.384,0.8937368421052632
M1146,5.5e-05,0.0001,-0.5,0.5,0.03,0.046896,0.0658,2SEG,1,GNSS,-0.027896,0.1342,1.4682105263157896,0.671,1.0696052631578947
M1147,5.5e-05,0.0001,-0.5,0.5,0.035,0.046763,0.07205,2SEG,1,GNSS,-0.027763,0.12795,1.4612105263157895,0.63975,1.050480263157895
M1148,5.5e-05,0.0001,-0.5,0.5,0.04,0.046638,0.07794,2SEG,1,GNSS,-0.027638,0.12206000000000002,1.4546315789473685,0.6103000000000001,1.0324657894736844
M1149,5.5e-05,0.0001,-0.5,0.5,0.05,0.046404,0.08884,2SEG,1,GNSS,-0.027404,0.11116000000000001,1.4423157894736842,0.5558,0.999057894736842
M1150,5.5e-05,0.0001,-0.5,0.5,0.08,0.045788,0.1169,2SEG,1,GNSS,-0.026788000000000003,0.08310000000000001,1.4098947368421055,0.41550000000000004,0.9126973684210528
M1151,5.5e-05,0.0001,-0.25,-0.5,0.03,0.046455,0.09098,2SEG,1,GNSS,-0.027455000000000004,0.10902,1.4450000000000003,0.5451,0.9950500000000002
M1152,5.5e-05,0.0001,-0.25,-0.5,0.035,0.046277,0.09957,2SEG,1,GNSS,-0.027277,0.10043,1.4356315789473684,0.50215,0.9688907894736842
M1153,5.5e-05,0.0001,-0.25,-0.5,0.04,0.046109,0.1076,2SEG,1,GNSS,-0.027108999999999998,0.09240000000000001,1.4267894736842104,0.462,0.9443947368421052
M1154,5.5e-05,0.0001,-0.25,-0.5,0.05,0.045792,0.1226,2SEG,1,GNSS,-0.026792,0.07740000000000001,1.4101052631578948,0.387,0.8985526315789474
M1155,5.5e-05,0.0001,-0.25,-0.5,0.08,0.044897,0.1606,2SEG,1,GNSS,-0.025897,0.03940000000000002,1.363,0.1970000000000001,0.78
M1156,5.5e-05,0.0001,-0.25,-0.25,0.03,0.046645,0.08075,2SEG,1,GNSS,-0.027645,0.11925000000000001,1.455,0.5962500000000001,1.025625
M1157,5.5e-05,0.0001,-0.25,-0.25,0.035,0.046487,0.0884,2SEG,1,GNSS,-0.027487,0.1116,1.4466842105263158,0.5579999999999999,1.0023421052631578
M1158,5.5e-05,0.0001,-0.25,-0.25,0.04,0.046337,0.09559,2SEG,1,GNSS,-0.027337000000000004,0.10441000000000002,1.4387894736842108,0.52205,0.9804197368421055
M1159,5.5e-05,0.0001,-0.25,-0.25,0.05,0.046056,0.1089,2SEG,1,GNSS,-0.027056,0.09110000000000001,1.4240000000000002,0.45550000000000007,0.9397500000000001
M1160,5.5e-05,0.0001,-0.25,-0.25,0.08,0.045274,0.1429,2SEG,1,GNSS,-0.026274000000000002,0.05710000000000001,1.382842105263158,0.28550000000000003,0.8341710526315791
M1161,5.5e-05,0.0001,-0.25,0.0,0.03,0.046765,0.07419,2SEG,1,GNSS,-0.027765,0.12581,1.4613157894736843,0.62905,1.0451828947368422
M1162,5.5e-05,0.0001,-0.25,0.0,0.035,0.04662,0.08123,2SEG,1,GNSS,-0.027620000000000002,0.11877000000000001,1.453684210526316,0.59385,1.023767105263158
M1163,5.5e-05,0.0001,-0.25,0.0,0.04,0.046482,0.08785,2SEG,1,GNSS,-0.027482000000000003,0.11215000000000001,1.446421052631579,0.5607500000000001,1.0035855263157896
M1164,5.5e-05,0.0001,-0.25,0.0,0.05,0.046222,0.1001,2SEG,1,GNSS,-0.027222,0.09990000000000002,1.432736842105263,0.49950000000000006,0.9661184210526316
M1165,5.5e-05,0.0001,-0.25,0.0,0.08,0.045512,0.1315,2SEG,1,GNSS,-0.026511999999999997,0.0685,1.3953684210526314,0.3425,0.8689342105263157
M1166,5.5e-05,0.0001,-0.25,0.25,0.03,0.046851,0.06946,2SEG,1,GNSS,-0.027850999999999997,0.13054000000000002,1.4658421052631578,0.6527000000000001,1.059271052631579
M1167,5.5e-05,0.0001,-0.25,0.25,0.035,0.046715,0.07606,2SEG,1,GNSS,-0.027715,0.12394000000000001,1.4586842105263158,0.6197,1.0391921052631579
M1168,5.5e-05,0.0001,-0.25,0.25,0.04,0.046585,0.08227,2SEG,1,GNSS,-0.027585000000000002,0.11773000000000002,1.451842105263158,0.58865,1.020246052631579
M1169,5.5e-05,0.0001,-0.25,0.25,0.05,0.046342,0.09376,2SEG,1,GNSS,-0.027342,0.10624000000000001,1.4390526315789476,0.5312,0.9851263157894738
M1170,5.5e-05,0.0001,-0.25,0.25,0.08,0.045703,0.1233,2SEG,1,GNSS,-0.026703,0.0767,1.4054210526315791,0.3835,0.8944605263157895
M1171,5.5e-05,0.0001,-0.25,0.5,0.03,0.046918,0.06582,2SEG,1,GNSS,-0.027918000000000002,0.13418000000000002,1.4693684210526317,0.6709,1.0701342105263159
M1172,5.5e-05,0.0001,-0.25,0.5,0.035,0.046787,0.07208,2SEG,1,GNSS,-0.027787000000000003,0.12792,1.4624736842105266,0.6396,1.0510368421052632
M1173,5.5e-05,0.0001,-0.25,0.5,0.04,0.046664,0.07797,2SEG,1,GNSS,-0.027663999999999998,0.12203000000000001,1.456,0.6101500000000001,1.033075
M1174,5.5e-05,0.0001,-0.25,0.5,0.05,0.046434,0.08887,2SEG,1,GNSS,-0.027434000000000004,0.11113,1.4438947368421056,0.55565,0.9997723684210528
M1175,5.5e-05,0.0001,-0.25,0.5,0.08,0.045826,0.1169,2SEG,1,GNSS,-0.026826,0.08310000000000001,1.4118947368421053,0.41550000000000004,0.9136973684210526
M1176,5.5e-05,0.0001,0.0,-0.5,0.03,0.046469,0.09099,2SEG,1,GNSS,-0.027469000000000004,0.10901000000000001,1.4457368421052634,0.54505,0.9953934210526317
M1177,5.5e-05,0.0001,0.0,-0.5,0.035,0.046292,0.09959,2SEG,1,GNSS,-0.027292,0.10041000000000001,1.436421052631579,0.50205,0.9692355263157895
M1178,5.5e-05,0.0001,0.0,-0.5,0.04,0.046125,0.1077,2SEG,1,GNSS,-0.027125,0.09230000000000001,1.4276315789473684,0.4615,0.9445657894736842
M1179,5.5e-05,0.0001,0.0,-0.5,0.05,0.045811,0.1226,2SEG,1,GNSS,-0.026810999999999998,0.07740000000000001,1.4111052631578946,0.387,0.8990526315789473
M1180,5.5e-05,0.0001,0.0,-0.5,0.08,0.044921,0.1606,2SEG,1,GNSS,-0.025921000000000003,0.03940000000000002,1.364263157894737,0.1970000000000001,0.7806315789473686
M1181,5.5e-05,0.0001,0.0,-0.25,0.03,0.046659,0.08077,2SEG,1,GNSS,-0.027659,0.11923000000000002,1.4557368421052632,0.5961500000000001,1.0259434210526317
M1182,5.5e-05,0.0001,0.0,-0.25,0.035,0.046502,0.08842,2SEG,1,GNSS,-0.027502000000000002,0.11158000000000001,1.4474736842105265,0.5579000000000001,1.0026868421052633
M1183,5.5e-05,0.0001,0.0,-0.25,0.04,0.046353,0.09561,2SEG,1,GNSS,-0.027353,0.10439000000000001,1.4396315789473684,0.52195,0.9807907894736843
M1184,5.5e-05,0.0001,0.0,-0.25,0.05,0.046074,0.1089,2SEG,1,GNSS,-0.027073999999999997,0.09110000000000001,1.4249473684210525,0.45550000000000007,0.9402236842105263
M1185,5.5e-05,0.0001,0.0,-0.25,0.08,0.045298,0.143,2SEG,1,GNSS,-0.026298,0.05700000000000002,1.3841052631578947,0.2850000000000001,0.8345526315789474
M1186,5.5e-05,0.0001,0.0,0.0,0.03,0.046779,0.0742,2SEG,1,GNSS,-0.027779,0.12580000000000002,1.4620526315789475,0.6290000000000001,1.0455263157894739
M1187,5.5e-05,0.0001,0.0,0.0,0.035,0.046635,0.08124,2SEG,1,GNSS,-0.027635000000000003,0.11876,1.4544736842105266,0.5938,1.0241368421052632
M1188,5.5e-05,0.0001,0.0,0.0,0.04,0.046498,0.08787,2SEG,1,GNSS,-0.027497999999999998,0.11213000000000001,1.4472631578947368,0.56065,1.0039565789473683
M1189,5.5e-05,0.0001,0.0,0.0,0.05,0.046241,0.1001,2SEG,1,GNSS,-0.027240999999999998,0.09990000000000002,1.433736842105263,0.49950000000000006,0.9666184210526315
M1190,5.5e-05,0.0001,0.0,0.0,0.08,0.045536,0.1315,2SEG,1,GNSS,-0.026536,0.0685,1.3966315789473684,0.3425,0.8695657894736842
M1191,5.5e-05,0.0001,0.0,0.25,0.03,0.046865,0.06947,2SEG,1,GNSS,-0.027864999999999997,0.13053,1.466578947368421,0.65265,1.0596144736842104
M1192,5.5e-05,0.0001,0.0,0.25,0.035,0.04673,0.07607,2SEG,1,GNSS,-0.02773,0.12393000000000001,1.4594736842105265,0.61965,1.0395618421052633
M1193,5.5e-05,0.0001,0.0,0.25,0.04,0.046602,0.08228,2SEG,1,GNSS,-0.027601999999999998,0.11772,1.452736842105263,0.5886,1.0206684210526316
M1194,5.5e-05,0.0001,0.0,0.25,0.05,0.046361,0.09378,2SEG,1,GNSS,-0.027361,0.10622000000000001,1.4400526315789475,0.5311,0.9855763157894737
M1195,5.5e-05,0.0001,0.0,0.25,0.08,0.045728,0.1233,2SEG,1,GNSS,-0.026728,0.0767,1.406736842105263,0.3835,0.8951184210526315
M1196,5.5e-05,0.0001,0.0,0.5,0.03,0.046932,0.06583,2SEG,1,GNSS,-0.027932000000000002,0.13417,1.4701052631578948,0.6708500000000001,1.0704776315789475
M1197,5.5e-05,0.0001,0.0,0.5,0.035,0.046802,0.07209,2SEG,1,GNSS,-0.027802000000000004,0.12791000000000002,1.463263157894737,0.6395500000000001,1.0514065789473686
M1198,5.5e-05,0.0001,0.0,0.5,0.04,0.046681,0.07798,2SEG,1,GNSS,-0.027681,0.12202000000000002,1.4568947368421052,0.6101000000000001,1.0334973684210527
M1199,5.5e-05,0.0001,0.0,0.5,0.05,0.046452,0.0889,2SEG,1,GNSS,-0.027452,0.1111,1.444842105263158,0.5555,1.000171052631579
M1200,5.5e-05,0.0001,0.0,0.5,0.08,0.045851,0.1169,2SEG,1,GNSS,-0.026851000000000003,0.08310000000000001,1.4132105263157897,0.41550000000000004,0.9143552631578948
M1201,5.5e-05,0.0001,0.25,-0.5,0.03,0.046479,0.09101,2SEG,1,GNSS,-0.027479,0.10899000000000002,1.446263157894737,0.54495,0.9956065789473685
M1202,5.5e-05,0.0001,0.25,-0.5,0.035,0.046303,0.0996,2SEG,1,GNSS,-0.027302999999999997,0.10040000000000002,1.4369999999999998,0.502,0.9694999999999999
M1203,5.5e-05,0.0001,0.25,-0.5,0.04,0.046137,0.1077,2SEG,1,GNSS,-0.027136999999999998,0.09230000000000001,1.4282631578947367,0.4615,0.9448815789473684
M1204,5.5e-05,0.0001,0.25,-0.5,0.05,0.045824,0.1226,2SEG,1,GNSS,-0.026823999999999997,0.07740000000000001,1.4117894736842105,0.387,0.8993947368421052
M1205,5.5e-05,0.0001,0.25,-0.5,0.08,0.044938,0.1607,2SEG,1,GNSS,-0.025938,0.0393,1.3651578947368421,0.1965,0.7808289473684211
M1206,5.5e-05,0.0001,0.25,-0.25,0.03,0.046669,0.08078,2SEG,1,GNSS,-0.027669000000000003,0.11922,1.456263157894737,0.5961,1.0261815789473685
M1207,5.5e-05,0.0001,0.25,-0.25,0.035,0.046513,0.08843,2SEG,1,GNSS,-0.027513,0.11157000000000002,1.4480526315789473,0.5578500000000001,1.0029513157894736
M1208,5.5e-05,0.0001,0.25,-0.25,0.04,0.046365,0.09562,2SEG,1,GNSS,-0.027365000000000004,0.10438000000000001,1.4402631578947371,0.5219,0.9810815789473686
M1209,5.5e-05,0.0001,0.25,-0.25,0.05,0.046088,0.1089,2SEG,1,GNSS,-0.027087999999999997,0.09110000000000001,1.4256842105263157,0.45550000000000007,0.9405921052631578
M1210,5.5e-05,0.0001,0.25,-0.25,0.08,0.045315,0.143,2SEG,1,GNSS,-0.026315,0.05700000000000002,1.385,0.2850000000000001,0.8350000000000001
M1211,5.5e-05,0.0001,0.25,0.0,0.03,0.046789,0.07421,2SEG,1,GNSS,-0.027788999999999998,0.12579,1.462578947368421,0.62895,1.0457644736842104
M1212,5.5e-05,0.0001,0.25,0.0,0.035,0.046646,0.08125,2SEG,1,GNSS,-0.027646,0.11875000000000001,1.4550526315789474,0.59375,1.0244013157894738
M1213,5.5e-05,0.0001,0.25,0.0,0.04,0.04651,0.08788,2SEG,1,GNSS,-0.027510000000000003,0.11212000000000001,1.4478947368421056,0.5606,1.0042473684210527
M1214,5.5e-05,0.0001,0.25,0.0,0.05,0.046254,0.1001,2SEG,1,GNSS,-0.027254000000000004,0.09990000000000002,1.4344210526315793,0.49950000000000006,0.9669605263157897
M1215,5.5e-05,0.0001,0.25,0.0,0.08,0.045554,0.1316,2SEG,1,GNSS,-0.026553999999999998,0.06840000000000002,1.397578947368421,0.3420000000000001,0.8697894736842106
M1216,5.5e-05,0.0001,0.25,0.25,0.03,0.046875,0.06948,2SEG,1,GNSS,-0.027875,0.13052000000000002,1.4671052631578947,0.6526000000000001,1.0598526315789474
M1217,5.5e-05,0.0001,0.25,0.25,0.035,0.046741,0.07608,2SEG,1,GNSS,-0.027741,0.12392000000000002,1.4600526315789473,0.6196,1.0398263157894736
M1218,5.5e-05,0.0001,0.25,0.25,0.04,0.046613,0.0823,2SEG,1,GNSS,-0.027613000000000002,0.11770000000000001,1.4533157894736843,0.5885,1.0209078947368422
M1219,5.5e-05,0.0001,0.25,0.25,0.05,0.046374,0.0938,2SEG,1,GNSS,-0.027374,0.10620000000000002,1.440736842105263,0.531,0.9858684210526316
M1220,5.5e-05,0.0001,0.25,0.25,0.08,0.045745,0.1234,2SEG,1,GNSS,-0.026745,0.07660000000000002,1.4076315789473686,0.38300000000000006,0.8953157894736843
M1221,5.5e-05,0.0001,0.25,0.5,0.03,0.046942,0.06584,2SEG,1,GNSS,-0.027941999999999998,0.13416,1.4706315789473683,0.6708,1.070715789473684
M1222,5.5e-05,0.0001,0.25,0.5,0.035,0.046813,0.0721,2SEG,1,GNSS,-0.027813,0.1279,1.463842105263158,0.6395000000000001,1.0516710526315791
M1223,5.5e-05,0.0001,0.25,0.5,0.04,0.046693,0.07799,2SEG,1,GNSS,-0.027693,0.12201000000000001,1.4575263157894736,0.61005,1.0337881578947368
M1224,5.5e-05,0.0001,0.25,0.5,0.05,0.046466,0.08891,2SEG,1,GNSS,-0.027466,0.11109000000000001,1.445578947368421,0.55545,1.0005144736842104
M1225,5.5e-05,0.0001,0.25,0.5,0.08,0.045868,0.117,2SEG,1,GNSS,-0.026868,0.083,1.4141052631578948,0.415,0.9145526315789474
M1226,5.5e-05,0.0001,0.5,-0.5,0.03,0.046487,0.09101,2SEG,1,GNSS,-0.027487,0.10899000000000002,1.4466842105263158,0.54495,0.9958171052631579
M1227,5.5e-05,0.0001,0.5,-0.5,0.035,0.046311,0.09961,2SEG,1,GNSS,-0.027311,0.10039000000000001,1.437421052631579,0.50195,0.9696855263157895
M1228,5.5e-05,0.0001,0.5,-0.5,0.04,0.046146,0.1077,2SEG,1,GNSS,-0.027146,0.09230000000000001,1.428736842105263,0.4615,0.9451184210526316
M1229,5.5e-05,0.0001,0.5,-0.5,0.05,0.045834,0.1226,2SEG,1,GNSS,-0.026834,0.07740000000000001,1.4123157894736842,0.387,0.8996578947368421
M1230,5.5e-05,0.0001,0.5,-0.5,0.08,0.044951,0.1607,2SEG,1,GNSS,-0.025951,0.0393,1.3658421052631577,0.1965,0.7811710526315789
M1231,5.5e-05,0.0001,0.5,-0.25,0.03,0.046677,0.08078,2SEG,1,GNSS,-0.027677000000000004,0.11922,1.456684210526316,0.5961,1.026392105263158
M1232,5.5e-05,0.0001,0.5,-0.25,0.035,0.046522,0.08844,2SEG,1,GNSS,-0.027522,0.11156,1.4485263157894739,0.5578,1.0031631578947369
M1233,5.5e-05,0.0001,0.5,-0.25,0.04,0.046374,0.09564,2SEG,1,GNSS,-0.027374,0.10436000000000001,1.440736842105263,0.5218,0.9812684210526316
M1234,5.5e-05,0.0001,0.5,-0.25,0.05,0.046098,0.109,2SEG,1,GNSS,-0.027098,0.09100000000000001,1.4262105263157896,0.455,0.9406052631578948
M1235,5.5e-05,0.0001,0.5,-0.25,0.08,0.045329,0.143,2SEG,1,GNSS,-0.026329,0.05700000000000002,1.3857368421052634,0.2850000000000001,0.8353684210526318
M1236,5.5e-05,0.0001,0.5,0.0,0.03,0.046797,0.07422,2SEG,1,GNSS,-0.027797,0.12578,1.463,0.6289,1.04595
M1237,5.5e-05,0.0001,0.5,0.0,0.035,0.046655,0.08126,2SEG,1,GNSS,-0.027655000000000002,0.11874000000000001,1.4555263157894738,0.5937,1.0246131578947368
M1238,5.5e-05,0.0001,0.5,0.0,0.04,0.046519,0.08789,2SEG,1,GNSS,-0.027519,0.11211000000000002,1.4483684210526315,0.56055,1.0044592105263157
M1239,5.5e-05,0.0001,0.5,0.0,0.05,0.046265,0.1002,2SEG,1,GNSS,-0.027265,0.09980000000000001,1.435,0.49900000000000005,0.9670000000000001
M1240,5.5e-05,0.0001,0.5,0.0,0.08,0.045567,0.1316,2SEG,1,GNSS,-0.026567000000000004,0.06840000000000002,1.398263157894737,0.3420000000000001,0.8701315789473686
M1241,5.5e-05,0.0001,0.5,0.25,0.03,0.046883,0.06949,2SEG,1,GNSS,-0.027883,0.13051000000000001,1.4675263157894738,0.6525500000000001,1.0600381578947369
M1242,5.5e-05,0.0001,0.5,0.25,0.035,0.046749,0.07609,2SEG,1,GNSS,-0.027749,0.12391,1.4604736842105264,0.61955,1.040011842105263
M1243,5.5e-05,0.0001,0.5,0.25,0.04,0.046623,0.08231,2SEG,1,GNSS,-0.027622999999999998,0.11769000000000002,1.4538421052631578,0.58845,1.021146052631579
M1244,5.5e-05,0.0001,0.5,0.25,0.05,0.046385,0.09381,2SEG,1,GNSS,-0.027385000000000003,0.10619,1.4413157894736843,0.53095,0.9861328947368422
M1245,5.5e-05,0.0001,0.5,0.25,0.08,0.045759,0.1234,2SEG,1,GNSS,-0.026759,0.07660000000000002,1.4083684210526317,0.38300000000000006,0.8956842105263159
M1246,5.5e-05,0.0001,0.5,0.5,0.03,0.046949,0.06584,2SEG,1,GNSS,-0.027948999999999998,0.13416,1.4709999999999999,0.6708,1.0709
M1247,5.5e-05,0.0001,0.5,0.5,0.035,0.046822,0.07211,2SEG,1,GNSS,-0.027822000000000003,0.12789,1.4643157894736845,0.63945,1.0518828947368422
M1248,5.5e-05,0.0001,0.5,0.5,0.04,0.046702,0.078,2SEG,1,GNSS,-0.027702,0.12200000000000001,1.4580000000000002,0.61,1.034
M1249,5.5e-05,0.0001,0.5,0.5,0.05,0.046476,0.08892,2SEG,1,GNSS,-0.027476000000000004,0.11108000000000001,1.446105263157895,0.5554,1.0007526315789474
M1250,5.5e-05,0.0001,0.5,0.5,0.08,0.045882,0.117,2SEG,1,GNSS,-0.026882,0.083,1.414842105263158,0.415,0.914921052631579
M1251,0.0001,1e-06,-0.5,-0.5,0.03,0.027358,0.06644,2SEG,1,GNSS,-0.008358,0.13356,0.43989473684210534,0.6678000000000001,0.5538473684210528
M1252,0.0001,1e-06,-0.5,-0.5,0.035,0.027299,0.07279,2SEG,1,GNSS,-0.008299,0.12721000000000002,0.43678947368421056,0.63605,0.5364197368421053
M1253,0.0001,1e-06,-0.5,-0.5,0.04,0.027242,0.07876,2SEG,1,GNSS,-0.008242,0.12124000000000001,0.4337894736842105,0.6062000000000001,0.5199947368421053
M1254,0.0001,1e-06,-0.5,-0.5,0.05,0.027138,0.08984,2SEG,1,GNSS,-0.008138,0.11016000000000001,0.4283157894736842,0.5508,0.4895578947368421
M1255,0.0001,1e-06,-0.5,-0.5,0.08,0.026868,0.1184,2SEG,1,GNSS,-0.007868,0.0816,0.41410526315789475,0.40800000000000003,0.4110526315789474
M1256,0.0001,1e-06,-0.5,-0.25,0.03,0.027362,0.05884,2SEG,1,GNSS,-0.008362000000000001,0.14116,0.44010526315789483,0.7058,0.5729526315789474
M1257,0.0001,1e-06,-0.5,-0.25,0.035,0.027302,0.06446,2SEG,1,GNSS,-0.008302,0.13554,0.43694736842105264,0.6777,0.5573236842105262
M1258,0.0001,1e-06,-0.5,-0.25,0.04,0.027246,0.06975,2SEG,1,GNSS,-0.008246,0.13025,0.434,0.65125,0.542625
M1259,0.0001,1e-06,-0.5,-0.25,0.05,0.027143,0.07956,2SEG,1,GNSS,-0.008143000000000001,0.12044,0.4285789473684211,0.6022,0.5153894736842105
M1260,0.0001,1e-06,-0.5,-0.25,0.08,0.026875,0.1048,2SEG,1,GNSS,-0.007875,0.0952,0.4144736842105263,0.47600000000000003,0.44523684210526315
M1261,0.0001,1e-06,-0.5,0.0,0.03,0.027364,0.05398,2SEG,1,GNSS,-0.008364,0.14602,0.4402105263157895,0.7301,0.5851552631578947
M1262,0.0001,1e-06,-0.5,0.0,0.035,0.027305,0.05913,2SEG,1,GNSS,-0.008305,0.14087,0.4371052631578947,0.7043499999999999,0.5707276315789473
M1263,0.0001,1e-06,-0.5,0.0,0.04,0.027249,0.06398,2SEG,1,GNSS,-0.008249,0.13602000000000003,0.4341578947368421,0.6801000000000001,0.5571289473684211
M1264,0.0001,1e-06,-0.5,0.0,0.05,0.027146,0.07298,2SEG,1,GNSS,-0.008146,0.12702000000000002,0.4287368421052632,0.6351000000000001,0.5319184210526317
M1265,0.0001,1e-06,-0.5,0.0,0.08,0.026878,0.09619,2SEG,1,GNSS,-0.007878,0.10381000000000001,0.4146315789473684,0.51905,0.46684078947368424
M1266,0.0001,1e-06,-0.5,0.25,0.03,0.027365,0.05048,2SEG,1,GNSS,-0.008365000000000001,0.14952000000000001,0.4402631578947369,0.7476,0.5939315789473685
M1267,0.0001,1e-06,-0.5,0.25,0.035,0.027306,0.0553,2SEG,1,GNSS,-0.008306000000000001,0.1447,0.4371578947368422,0.7234999999999999,0.580328947368421
M1268,0.0001,1e-06,-0.5,0.25,0.04,0.027251,0.05984,2SEG,1,GNSS,-0.008251000000000001,0.14016,0.4342631578947369,0.7008,0.5675315789473685
M1269,0.0001,1e-06,-0.5,0.25,0.05,0.027148,0.06826,2SEG,1,GNSS,-0.008147999999999999,0.13174000000000002,0.42884210526315786,0.6587000000000001,0.543771052631579
M1270,0.0001,1e-06,-0.5,0.25,0.08,0.026881,0.08997,2SEG,1,GNSS,-0.007880999999999999,0.11003000000000002,0.4147894736842105,0.55015,0.48246973684210526
M1271,0.0001,1e-06,-0.5,0.5,0.03,0.027367,0.0478,2SEG,1,GNSS,-0.008367,0.1522,0.4403684210526316,0.761,0.6006842105263158
M1272,0.0001,1e-06,-0.5,0.5,0.035,0.027308,0.05236,2SEG,1,GNSS,-0.008308,0.14764000000000002,0.4372631578947368,0.7382000000000001,0.5877315789473685
M1273,0.0001,1e-06,-0.5,0.5,0.04,0.027252,0.05666,2SEG,1,GNSS,-0.008251999999999999,0.14334000000000002,0.43431578947368416,0.7167000000000001,0.5755078947368422
M1274,0.0001,1e-06,-0.5,0.5,0.05,0.027149,0.06463,2SEG,1,GNSS,-0.008149,0.13537,0.4288947368421053,0.67685,0.5528723684210526
M1275,0.0001,1e-06,-0.5,0.5,0.08,0.026883,0.08518,2SEG,1,GNSS,-0.007883000000000001,0.11482,0.4148947368421053,0.5740999999999999,0.49449736842105263
M1276,0.0001,1e-06,-0.25,-0.5,0.03,0.027425,0.06654,2SEG,1,GNSS,-0.008425000000000002,0.13346000000000002,0.44342105263157905,0.6673000000000001,0.5553605263157896
M1277,0.0001,1e-06,-0.25,-0.5,0.035,0.027372,0.07291,2SEG,1,GNSS,-0.008372000000000001,0.12709,0.4406315789473685,0.63545,0.5380407894736843
M1278,0.0001,1e-06,-0.25,-0.5,0.04,0.027322,0.0789,2SEG,1,GNSS,-0.008322,0.12110000000000001,0.438,0.6055,0.52175
M1279,0.0001,1e-06,-0.25,-0.5,0.05,0.027229,0.09002,2SEG,1,GNSS,-0.008229,0.10998000000000001,0.43310526315789477,0.5499,0.4915026315789474
M1280,0.0001,1e-06,-0.25,-0.5,0.08,0.026988,0.1187,2SEG,1,GNSS,-0.007988000000000002,0.08130000000000001,0.4204210526315791,0.40650000000000003,0.41346052631578956
M1281,0.0001,1e-06,-0.25,-0.25,0.03,0.027429,0.05893,2SEG,1,GNSS,-0.008428999999999999,0.14107,0.4436315789473684,0.7053499999999999,0.5744907894736841
M1282,0.0001,1e-06,-0.25,-0.25,0.035,0.027376,0.06456,2SEG,1,GNSS,-0.008376000000000001,0.13544,0.440842105263158,0.6772,0.559021052631579
M1283,0.0001,1e-06,-0.25,-0.25,0.04,0.027326,0.06987,2SEG,1,GNSS,-0.008326,0.13013000000000002,0.4382105263157895,0.6506500000000001,0.5444302631578948
M1284,0.0001,1e-06,-0.25,-0.25,0.05,0.027233,0.07972,2SEG,1,GNSS,-0.008233,0.12028000000000001,0.43331578947368427,0.6014,0.5173578947368421
M1285,0.0001,1e-06,-0.25,-0.25,0.08,0.026994,0.1051,2SEG,1,GNSS,-0.007994000000000001,0.09490000000000001,0.42073684210526324,0.47450000000000003,0.4476184210526316
M1286,0.0001,1e-06,-0.25,0.0,0.03,0.027431,0.05406,2SEG,1,GNSS,-0.008431000000000001,0.14594000000000001,0.4437368421052632,0.7297,0.5867184210526316
M1287,0.0001,1e-06,-0.25,0.0,0.035,0.027378,0.05923,2SEG,1,GNSS,-0.008378,0.14077,0.44094736842105264,0.70385,0.5723986842105263
M1288,0.0001,1e-06,-0.25,0.0,0.04,0.027329,0.0641,2SEG,1,GNSS,-0.008329,0.13590000000000002,0.4383684210526316,0.6795000000000001,0.5589342105263159
M1289,0.0001,1e-06,-0.25,0.0,0.05,0.027236,0.07313,2SEG,1,GNSS,-0.008236,0.12687,0.43347368421052634,0.63435,0.5339118421052631
M1290,0.0001,1e-06,-0.25,0.0,0.08,0.026998,0.09644,2SEG,1,GNSS,-0.007998000000000002,0.10356000000000001,0.42094736842105274,0.5178,0.4693736842105264
M1291,0.0001,1e-06,-0.25,0.25,0.03,0.027432,0.05056,2SEG,1,GNSS,-0.008432000000000002,0.14944000000000002,0.4437894736842106,0.7472000000000001,0.5954947368421053
M1292,0.0001,1e-06,-0.25,0.25,0.035,0.02738,0.05539,2SEG,1,GNSS,-0.008380000000000002,0.14461000000000002,0.4410526315789475,0.7230500000000001,0.5820513157894738
M1293,0.0001,1e-06,-0.25,0.25,0.04,0.02733,0.05995,2SEG,1,GNSS,-0.00833,0.14005,0.438421052631579,0.70025,0.5693355263157895
M1294,0.0001,1e-06,-0.25,0.25,0.05,0.027238,0.0684,2SEG,1,GNSS,-0.008237999999999999,0.1316,0.433578947368421,0.6579999999999999,0.5457894736842105
M1295,0.0001,1e-06,-0.25,0.25,0.08,0.027001,0.0902,2SEG,1,GNSS,-0.008001000000000001,0.10980000000000001,0.4211052631578948,0.549,0.4850526315789474
M1296,0.0001,1e-06,-0.25,0.5,0.03,0.027434,0.04787,2SEG,1,GNSS,-0.008434,0.15213000000000002,0.4438947368421053,0.76065,0.6022723684210527
M1297,0.0001,1e-06,-0.25,0.5,0.035,0.027381,0.05245,2SEG,1,GNSS,-0.008381,0.14755000000000001,0.4411052631578947,0.73775,0.5894276315789474
M1298,0.0001,1e-06,-0.25,0.5,0.04,0.027332,0.05676,2SEG,1,GNSS,-0.008331999999999999,0.14324,0.43852631578947365,0.7162,0.5773631578947368
M1299,0.0001,1e-06,-0.25,0.5,0.05,0.02724,0.06476,2SEG,1,GNSS,-0.00824,0.13524000000000003,0.43368421052631584,0.6762000000000001,0.554942105263158
M1300,0.0001,1e-06,-0.25,0.5,0.08,0.027003,0.08541,2SEG,1,GNSS,-0.008003,0.11459000000000001,0.4212105263157895,0.5729500000000001,0.4970802631578948
M1301,0.0001,1e-06,0.0,-0.5,0.03,0.027468,0.0666,2SEG,1,GNSS,-0.008468,0.13340000000000002,0.4456842105263158,0.667,0.5563421052631579
M1302,0.0001,1e-06,0.0,-0.5,0.035,0.027419,0.07298,2SEG,1,GNSS,-0.008419,0.12702000000000002,0.4431052631578947,0.6351000000000001,0.5391026315789474
M1303,0.0001,1e-06,0.0,-0.5,0.04,0.027373,0.07899,2SEG,1,GNSS,-0.008373000000000002,0.12101,0.4406842105263159,0.60505,0.5228671052631579
M1304,0.0001,1e-06,0.0,-0.5,0.05,0.027287,0.09013,2SEG,1,GNSS,-0.008287,0.10987000000000001,0.4361578947368421,0.54935,0.49275394736842104
M1305,0.0001,1e-06,0.0,-0.5,0.08,0.027064,0.1189,2SEG,1,GNSS,-0.008064000000000002,0.0811,0.42442105263157903,0.4055,0.4149605263157895
M1306,0.0001,1e-06,0.0,-0.25,0.03,0.027472,0.05898,2SEG,1,GNSS,-0.008472,0.14102,0.4458947368421053,0.7051,0.5754973684210526
M1307,0.0001,1e-06,0.0,-0.25,0.035,0.027423,0.06463,2SEG,1,GNSS,-0.008423,0.13537,0.4433157894736842,0.67685,0.5600828947368421
M1308,0.0001,1e-06,0.0,-0.25,0.04,0.027377,0.06995,2SEG,1,GNSS,-0.008376999999999999,0.13005,0.44089473684210523,0.65025,0.5455723684210526
M1309,0.0001,1e-06,0.0,-0.25,0.05,0.027291,0.07982,2SEG,1,GNSS,-0.008291,0.12018000000000001,0.43636842105263157,0.6009,0.5186342105263158
M1310,0.0001,1e-06,0.0,-0.25,0.08,0.02707,0.1053,2SEG,1,GNSS,-0.00807,0.0947,0.4247368421052632,0.47350000000000003,0.4491184210526316
M1311,0.0001,1e-06,0.0,0.0,0.03,0.027474,0.05411,2SEG,1,GNSS,-0.008473999999999999,0.14589000000000002,0.44599999999999995,0.72945,0.587725
M1312,0.0001,1e-06,0.0,0.0,0.035,0.027425,0.05929,2SEG,1,GNSS,-0.008425000000000002,0.14071,0.44342105263157905,0.70355,0.5734855263157895
M1313,0.0001,1e-06,0.0,0.0,0.04,0.02738,0.06417,2SEG,1,GNSS,-0.008380000000000002,0.13583,0.4410526315789475,0.67915,0.5601013157894738
M1314,0.0001,1e-06,0.0,0.0,0.05,0.027294,0.07322,2SEG,1,GNSS,-0.008294,0.12678,0.43652631578947365,0.6339,0.5352131578947368
M1315,0.0001,1e-06,0.0,0.0,0.08,0.027074,0.09661,2SEG,1,GNSS,-0.008074000000000001,0.10339000000000001,0.4249473684210527,0.51695,0.4709486842105264
M1316,0.0001,1e-06,0.0,0.25,0.03,0.027475,0.0506,2SEG,1,GNSS,-0.008475,0.1494,0.44605263157894737,0.747,0.5965263157894737
M1317,0.0001,1e-06,0.0,0.25,0.035,0.027427,0.05545,2SEG,1,GNSS,-0.008427,0.14455,0.4435263157894737,0.72275,0.5831381578947369
M1318,0.0001,1e-06,0.0,0.25,0.04,0.027381,0.06001,2SEG,1,GNSS,-0.008381,0.13999,0.4411052631578947,0.69995,0.5705276315789474
M1319,0.0001,1e-06,0.0,0.25,0.05,0.027297,0.06849,2SEG,1,GNSS,-0.008296999999999999,0.13151000000000002,0.43668421052631573,0.6575500000000001,0.5471171052631579
M1320,0.0001,1e-06,0.0,0.25,0.08,0.027077,0.09036,2SEG,1,GNSS,-0.008077,0.10964000000000002,0.4251052631578948,0.5482,0.48665263157894745
M1321,0.0001,1e-06,0.0,0.5,0.03,0.027477,0.04791,2SEG,1,GNSS,-0.008477000000000002,0.15209,0.4461578947368422,0.76045,0.6033039473684211
M1322,0.0001,1e-06,0.0,0.5,0.035,0.027428,0.0525,2SEG,1,GNSS,-0.008428000000000001,0.14750000000000002,0.44357894736842113,0.7375,0.5905394736842106
M1323,0.0001,1e-06,0.0,0.5,0.04,0.027383,0.05682,2SEG,1,GNSS,-0.008383000000000002,0.14318,0.44121052631578955,0.7159,0.5785552631578947
M1324,0.0001,1e-06,0.0,0.5,0.05,0.027298,0.06484,2SEG,1,GNSS,-0.008298,0.13516,0.43673684210526315,0.6758,0.5562684210526315
M1325,0.0001,1e-06,0.0,0.5,0.08,0.027079,0.08555,2SEG,1,GNSS,-0.008079,0.11445000000000001,0.4252105263157894,0.57225,0.4987302631578947
M1326,0.0001,1e-06,0.25,-0.5,0.03,0.027499,0.06665,2SEG,1,GNSS,-0.008499,0.13335000000000002,0.4473157894736842,0.6667500000000001,0.5570328947368421
M1327,0.0001,1e-06,0.25,-0.5,0.035,0.027453,0.07303,2SEG,1,GNSS,-0.008453000000000002,0.12697000000000003,0.4448947368421054,0.6348500000000001,0.5398723684210528
M1328,0.0001,1e-06,0.25,-0.5,0.04,0.027409,0.07905,2SEG,1,GNSS,-0.008409,0.12095000000000002,0.44257894736842107,0.60475,0.5236644736842105
M1329,0.0001,1e-06,0.25,-0.5,0.05,0.027329,0.09022,2SEG,1,GNSS,-0.008329,0.10978000000000002,0.4383684210526316,0.5489,0.49363421052631584
M1330,0.0001,1e-06,0.25,-0.5,0.08,0.027119,0.1191,2SEG,1,GNSS,-0.008119000000000001,0.08090000000000001,0.42731578947368426,0.4045,0.41590789473684214
M1331,0.0001,1e-06,0.25,-0.25,0.03,0.027503,0.05902,2SEG,1,GNSS,-0.008503,0.14098,0.4475263157894737,0.7049,0.5762131578947368
M1332,0.0001,1e-06,0.25,-0.25,0.035,0.027457,0.06467,2SEG,1,GNSS,-0.008457,0.13533,0.4451052631578947,0.67665,0.5608776315789473
M1333,0.0001,1e-06,0.25,-0.25,0.04,0.027414,0.07,2SEG,1,GNSS,-0.008414000000000001,0.13,0.442842105263158,0.65,0.546421052631579
M1334,0.0001,1e-06,0.25,-0.25,0.05,0.027333,0.07989,2SEG,1,GNSS,-0.008333,0.12011000000000001,0.43857894736842107,0.60055,0.5195644736842105
M1335,0.0001,1e-06,0.25,-0.25,0.08,0.027125,0.1054,2SEG,1,GNSS,-0.008125,0.09460000000000002,0.4276315789473685,0.4730000000000001,0.4503157894736843
M1336,0.0001,1e-06,0.25,0.0,0.03,0.027505,0.05414,2SEG,1,GNSS,-0.008505000000000002,0.14586000000000002,0.44763157894736855,0.7293000000000001,0.5884657894736843
M1337,0.0001,1e-06,0.25,0.0,0.035,0.027459,0.05933,2SEG,1,GNSS,-0.008459000000000001,0.14067000000000002,0.44521052631578956,0.70335,0.5742802631578948
M1338,0.0001,1e-06,0.25,0.0,0.04,0.027416,0.06422,2SEG,1,GNSS,-0.008416,0.13578,0.44294736842105265,0.6789000000000001,0.5609236842105263
M1339,0.0001,1e-06,0.25,0.0,0.05,0.027336,0.07329,2SEG,1,GNSS,-0.008336,0.12671000000000002,0.43873684210526315,0.6335500000000001,0.5361434210526316
M1340,0.0001,1e-06,0.25,0.0,0.08,0.027129,0.09673,2SEG,1,GNSS,-0.008129,0.10327000000000001,0.42784210526315797,0.5163500000000001,0.47209605263157906
M1341,0.0001,1e-06,0.25,0.25,0.03,0.027506,0.05064,2SEG,1,GNSS,-0.008506,0.14936000000000002,0.4476842105263158,0.7468,0.5972421052631579
M1342,0.0001,1e-06,0.25,0.25,0.035,0.027461,0.05549,2SEG,1,GNSS,-0.008461,0.14451000000000003,0.4453157894736842,0.7225500000000001,0.5839328947368422
M1343,0.0001,1e-06,0.25,0.25,0.04,0.027418,0.06006,2SEG,1,GNSS,-0.008418000000000002,0.13994,0.4430526315789475,0.6997,0.5713763157894738
M1344,0.0001,1e-06,0.25,0.25,0.05,0.027338,0.06855,2SEG,1,GNSS,-0.008338000000000002,0.13145,0.438842105263158,0.65725,0.548046052631579
M1345,0.0001,1e-06,0.25,0.25,0.08,0.027132,0.09047,2SEG,1,GNSS,-0.008132,0.10953000000000002,0.42800000000000005,0.5476500000000001,0.48782500000000006
M1346,0.0001,1e-06,0.25,0.5,0.03,0.027508,0.04794,2SEG,1,GNSS,-0.008508000000000002,0.15206,0.4477894736842106,0.7603,0.6040447368421054
M1347,0.0001,1e-06,0.25,0.5,0.035,0.027462,0.05254,2SEG,1,GNSS,-0.008462,0.14746,0.44536842105263164,0.7373,0.5913342105263157
M1348,0.0001,1e-06,0.25,0.5,0.04,0.027419,0.05687,2SEG,1,GNSS,-0.008419,0.14313,0.4431052631578947,0.71565,0.5793776315789474
M1349,0.0001,1e-06,0.25,0.5,0.05,0.02734,0.0649,2SEG,1,GNSS,-0.00834,0.1351,0.43894736842105264,0.6755,0.5572236842105263
M1350,0.0001,1e-06,0.25,0.5,0.08,0.027134,0.08566,2SEG,1,GNSS,-0.008133999999999999,0.11434000000000001,0.4281052631578947,0.5717,0.4999026315789473
M1351,0.0001,1e-06,0.5,-0.5,0.03,0.027523,0.06668,2SEG,1,GNSS,-0.008523,0.13332,0.448578947368421,0.6666,0.5575894736842105
M1352,0.0001,1e-06,0.5,-0.5,0.035,0.027479,0.07308,2SEG,1,GNSS,-0.008479,0.12692,0.44626315789473686,0.6345999999999999,0.5404315789473684
M1353,0.0001,1e-06,0.5,-0.5,0.04,0.027438,0.0791,2SEG,1,GNSS,-0.008438000000000001,0.12090000000000001,0.4441052631578948,0.6045,0.5243026315789474
M1354,0.0001,1e-06,0.5,-0.5,0.05,0.027361,0.09028,2SEG,1,GNSS,-0.008361,0.10972000000000001,0.4400526315789474,0.5486,0.4943263157894737
M1355,0.0001,1e-06,0.5,-0.5,0.08,0.027161,0.1192,2SEG,1,GNSS,-0.008161000000000002,0.08080000000000001,0.42952631578947376,0.404,0.4167631578947369
M1356,0.0001,1e-06,0.5,-0.25,0.03,0.027526,0.05905,2SEG,1,GNSS,-0.008525999999999999,0.14095000000000002,0.4487368421052631,0.7047500000000001,0.5767434210526317
M1357,0.0001,1e-06,0.5,-0.25,0.035,0.027483,0.06471,2SEG,1,GNSS,-0.008483000000000001,0.13529000000000002,0.44647368421052636,0.6764500000000001,0.5614618421052633
M1358,0.0001,1e-06,0.5,-0.25,0.04,0.027442,0.07005,2SEG,1,GNSS,-0.008442000000000002,0.12995,0.44431578947368433,0.64975,0.5470328947368421
M1359,0.0001,1e-06,0.5,-0.25,0.05,0.027365,0.07995,2SEG,1,GNSS,-0.008365000000000001,0.12005000000000002,0.4402631578947369,0.6002500000000001,0.5202565789473685
M1360,0.0001,1e-06,0.5,-0.25,0.08,0.027168,0.1055,2SEG,1,GNSS,-0.008168000000000002,0.09450000000000001,0.4298947368421054,0.47250000000000003,0.45119736842105274
M1361,0.0001,1e-06,0.5,0.0,0.03,0.027529,0.05417,2SEG,1,GNSS,-0.008529000000000002,0.14583000000000002,0.44889473684210535,0.7291500000000001,0.5890223684210527
M1362,0.0001,1e-06,0.5,0.0,0.035,0.027485,0.05936,2SEG,1,GNSS,-0.008485,0.14064000000000002,0.446578947368421,0.7032,0.5748894736842105
M1363,0.0001,1e-06,0.5,0.0,0.04,0.027444,0.06426,2SEG,1,GNSS,-0.008444,0.13574000000000003,0.44442105263157894,0.6787000000000001,0.5615605263157895
M1364,0.0001,1e-06,0.5,0.0,0.05,0.027368,0.07334,2SEG,1,GNSS,-0.008368,0.12666,0.440421052631579,0.6333,0.5368605263157895
M1365,0.0001,1e-06,0.5,0.0,0.08,0.027172,0.09682,2SEG,1,GNSS,-0.008172000000000002,0.10318000000000001,0.4301052631578949,0.5159,0.47300263157894745
M1366,0.0001,1e-06,0.5,0.25,0.03,0.02753,0.05067,2SEG,1,GNSS,-0.00853,0.14933000000000002,0.4489473684210526,0.74665,0.5977986842105263
M1367,0.0001,1e-06,0.5,0.25,0.035,0.027487,0.05552,2SEG,1,GNSS,-0.008487000000000001,0.14448,0.4466842105263159,0.7223999999999999,0.5845421052631579
M1368,0.0001,1e-06,0.5,0.25,0.04,0.027446,0.0601,2SEG,1,GNSS,-0.008446000000000002,0.13990000000000002,0.4445263157894738,0.6995000000000001,0.572013157894737
M1369,0.0001,1e-06,0.5,0.25,0.05,0.027371,0.0686,2SEG,1,GNSS,-0.008371,0.13140000000000002,0.44057894736842107,0.657,0.5487894736842105
M1370,0.0001,1e-06,0.5,0.25,0.08,0.027174,0.09055,2SEG,1,GNSS,-0.008174,0.10945,0.43021052631578954,0.54725,0.4887302631578948
M1371,0.0001,1e-06,0.5,0.5,0.03,0.027531,0.04797,2SEG,1,GNSS,-0.008531,0.15203,0.449,0.76015,0.604575
M1372,0.0001,1e-06,0.5,0.5,0.035,0.027488,0.05257,2SEG,1,GNSS,-0.008487999999999999,0.14743,0.4467368421052631,0.73715,0.5919434210526315
M1373,0.0001,1e-06,0.5,0.5,0.04,0.027448,0.0569,2SEG,1,GNSS,-0.008448,0.1431,0.4446315789473685,0.7155,0.5800657894736843
M1374,0.0001,1e-06,0.5,0.5,0.05,0.027372,0.06495,2SEG,1,GNSS,-0.008372000000000001,0.13505,0.4406315789473685,0.67525,0.5579407894736843
M1375,0.0001,1e-06,0.5,0.5,0.08,0.027177,0.08574,2SEG,1,GNSS,-0.008177,0.11426000000000001,0.4303684210526316,0.5713,0.5008342105263158
M1376,0.0001,5.5e-06,-0.5,-0.5,0.03,0.028906,0.06865,2SEG,1,GNSS,-0.009906000000000002,0.13135000000000002,0.5213684210526317,0.6567500000000001,0.5890592105263159
M1377,0.0001,5.5e-06,-0.5,-0.5,0.035,0.028834,0.07519,2SEG,1,GNSS,-0.009833999999999999,0.12481,0.517578947368421,0.62405,0.5708144736842105
M1378,0.0001,5.5e-06,-0.5,-0.5,0.04,0.028767,0.08135,2SEG,1,GNSS,-0.009767000000000001,0.11865,0.5140526315789474,0.5932499999999999,0.5536513157894737
M1379,0.0001,5.5e-06,-0.5,-0.5,0.05,0.028642,0.09276,2SEG,1,GNSS,-0.009642000000000001,0.10724000000000002,0.5074736842105264,0.5362,0.5218368421052633
M1380,0.0001,5.5e-06,-0.5,-0.5,0.08,0.028319,0.1222,2SEG,1,GNSS,-0.009319000000000001,0.07780000000000001,0.4904736842105264,0.389,0.4397368421052632
M1381,0.0001,5.5e-06,-0.5,-0.25,0.03,0.028924,0.06081,2SEG,1,GNSS,-0.009923999999999999,0.13919,0.5223157894736842,0.69595,0.6091328947368421
M1382,0.0001,5.5e-06,-0.5,-0.25,0.035,0.028855,0.06661,2SEG,1,GNSS,-0.009855,0.13339,0.5186842105263157,0.66695,0.5928171052631579
M1383,0.0001,5.5e-06,-0.5,-0.25,0.04,0.028789,0.07207,2SEG,1,GNSS,-0.009788999999999999,0.12793000000000002,0.5152105263157895,0.63965,0.5774302631578947
M1384,0.0001,5.5e-06,-0.5,-0.25,0.05,0.028667,0.08218,2SEG,1,GNSS,-0.009667000000000002,0.11782000000000001,0.5087894736842107,0.5891,0.5489447368421053
M1385,0.0001,5.5e-06,-0.5,-0.25,0.08,0.028352,0.1082,2SEG,1,GNSS,-0.009352,0.0918,0.49221052631578943,0.459,0.47560526315789475
M1386,0.0001,5.5e-06,-0.5,0.0,0.03,0.028936,0.0558,2SEG,1,GNSS,-0.009936,0.1442,0.5229473684210527,0.721,0.6219736842105263
M1387,0.0001,5.5e-06,-0.5,0.0,0.035,0.028868,0.06112,2SEG,1,GNSS,-0.009868000000000002,0.13888,0.5193684210526317,0.6944,0.6068842105263159
M1388,0.0001,5.5e-06,-0.5,0.0,0.04,0.028803,0.06613,2SEG,1,GNSS,-0.009803,0.13387000000000002,0.5159473684210526,0.66935,0.5926486842105263
M1389,0.0001,5.5e-06,-0.5,0.0,0.05,0.028683,0.07541,2SEG,1,GNSS,-0.009683,0.12459,0.5096315789473684,0.62295,0.5662907894736842
M1390,0.0001,5.5e-06,-0.5,0.0,0.08,0.028374,0.09933,2SEG,1,GNSS,-0.009374,0.10067000000000001,0.4933684210526316,0.50335,0.4983592105263158
M1391,0.0001,5.5e-06,-0.5,0.25,0.03,0.028944,0.05219,2SEG,1,GNSS,-0.009944000000000001,0.14781,0.5233684210526317,0.73905,0.6312092105263158
M1392,0.0001,5.5e-06,-0.5,0.25,0.035,0.028877,0.05717,2SEG,1,GNSS,-0.009877,0.14283,0.5198421052631579,0.7141500000000001,0.616996052631579
M1393,0.0001,5.5e-06,-0.5,0.25,0.04,0.028813,0.06186,2SEG,1,GNSS,-0.009812999999999999,0.13814,0.5164736842105263,0.6907,0.6035868421052631
M1394,0.0001,5.5e-06,-0.5,0.25,0.05,0.028695,0.07054,2SEG,1,GNSS,-0.009694999999999999,0.12946000000000002,0.5102631578947368,0.6473000000000001,0.5787815789473685
M1395,0.0001,5.5e-06,-0.5,0.25,0.08,0.028389,0.09293,2SEG,1,GNSS,-0.009389000000000002,0.10707000000000001,0.4941578947368422,0.53535,0.5147539473684211
M1396,0.0001,5.5e-06,-0.5,0.5,0.03,0.02895,0.04942,2SEG,1,GNSS,-0.00995,0.15058000000000002,0.5236842105263159,0.7529,0.6382921052631579
M1397,0.0001,5.5e-06,-0.5,0.5,0.035,0.028883,0.05413,2SEG,1,GNSS,-0.009883,0.14587,0.520157894736842,0.7293499999999999,0.6247539473684209
M1398,0.0001,5.5e-06,-0.5,0.5,0.04,0.028821,0.05857,2SEG,1,GNSS,-0.009821,0.14143,0.5168947368421053,0.70715,0.6120223684210526
M1399,0.0001,5.5e-06,-0.5,0.5,0.05,0.028704,0.0668,2SEG,1,GNSS,-0.009704,0.1332,0.5107368421052633,0.666,0.5883684210526317
M1400,0.0001,5.5e-06,-0.5,0.5,0.08,0.0284,0.088,2SEG,1,GNSS,-0.009400000000000002,0.11200000000000002,0.4947368421052633,0.56,0.5273684210526317
M1401,0.0001,5.5e-06,-0.25,-0.5,0.03,0.028972,0.06874,2SEG,1,GNSS,-0.009972000000000002,0.13126000000000002,0.524842105263158,0.6563,0.590571052631579
M1402,0.0001,5.5e-06,-0.25,-0.5,0.035,0.028907,0.0753,2SEG,1,GNSS,-0.009907,0.1247,0.5214210526315789,0.6234999999999999,0.5724605263157894
M1403,0.0001,5.5e-06,-0.25,-0.5,0.04,0.028845,0.08148,2SEG,1,GNSS,-0.009845,0.11852000000000001,0.5181578947368422,0.5926,0.5553789473684211
M1404,0.0001,5.5e-06,-0.25,-0.5,0.05,0.028731,0.09294,2SEG,1,GNSS,-0.009731,0.10706000000000002,0.5121578947368421,0.5353,0.523728947368421
M1405,0.0001,5.5e-06,-0.25,-0.5,0.08,0.028436,0.1225,2SEG,1,GNSS,-0.009436,0.07750000000000001,0.4966315789473684,0.38750000000000007,0.44206578947368425
M1406,0.0001,5.5e-06,-0.25,-0.25,0.03,0.02899,0.06089,2SEG,1,GNSS,-0.009989999999999999,0.13911,0.5257894736842105,0.69555,0.6106697368421052
M1407,0.0001,5.5e-06,-0.25,-0.25,0.035,0.028927,0.06671,2SEG,1,GNSS,-0.009927000000000002,0.13329000000000002,0.5224736842105264,0.6664500000000001,0.5944618421052632
M1408,0.0001,5.5e-06,-0.25,-0.25,0.04,0.028867,0.07218,2SEG,1,GNSS,-0.009867,0.12782000000000002,0.5193157894736843,0.6391,0.5792078947368422
M1409,0.0001,5.5e-06,-0.25,-0.25,0.05,0.028756,0.08233,2SEG,1,GNSS,-0.009756,0.11767000000000001,0.5134736842105264,0.58835,0.5509118421052632
M1410,0.0001,5.5e-06,-0.25,-0.25,0.08,0.028469,0.1085,2SEG,1,GNSS,-0.009469000000000002,0.09150000000000001,0.4983684210526317,0.4575,0.47793421052631585
M1411,0.0001,5.5e-06,-0.25,0.0,0.03,0.029002,0.05587,2SEG,1,GNSS,-0.010002,0.14413,0.526421052631579,0.72065,0.6235355263157896
M1412,0.0001,5.5e-06,-0.25,0.0,0.035,0.02894,0.06121,2SEG,1,GNSS,-0.009940000000000001,0.13879000000000002,0.5231578947368422,0.6939500000000001,0.6085539473684212
M1413,0.0001,5.5e-06,-0.25,0.0,0.04,0.028881,0.06623,2SEG,1,GNSS,-0.009881000000000001,0.13377,0.5200526315789474,0.66885,0.5944513157894737
M1414,0.0001,5.5e-06,-0.25,0.0,0.05,0.028772,0.07555,2SEG,1,GNSS,-0.009772,0.12445,0.5143157894736842,0.62225,0.5682828947368421
M1415,0.0001,5.5e-06,-0.25,0.0,0.08,0.028491,0.09958,2SEG,1,GNSS,-0.009491,0.10042000000000001,0.49952631578947365,0.5021,0.5008131578947368
M1416,0.0001,5.5e-06,-0.25,0.25,0.03,0.02901,0.05226,2SEG,1,GNSS,-0.010010000000000002,0.14774,0.526842105263158,0.7387,0.6327710526315791
M1417,0.0001,5.5e-06,-0.25,0.25,0.035,0.028949,0.05726,2SEG,1,GNSS,-0.009949,0.14274,0.5236315789473684,0.7137,0.6186657894736842
M1418,0.0001,5.5e-06,-0.25,0.25,0.04,0.028891,0.06196,2SEG,1,GNSS,-0.009891,0.13804,0.5205789473684211,0.6901999999999999,0.6053894736842105
M1419,0.0001,5.5e-06,-0.25,0.25,0.05,0.028784,0.07068,2SEG,1,GNSS,-0.009784000000000001,0.12932,0.5149473684210527,0.6466,0.5807736842105263
M1420,0.0001,5.5e-06,-0.25,0.25,0.08,0.028506,0.09316,2SEG,1,GNSS,-0.009506,0.10684,0.5003157894736843,0.5342,0.5172578947368421
M1421,0.0001,5.5e-06,-0.25,0.5,0.03,0.029016,0.04949,2SEG,1,GNSS,-0.010016,0.15051,0.5271578947368422,0.7525499999999999,0.639853947368421
M1422,0.0001,5.5e-06,-0.25,0.5,0.035,0.028956,0.05422,2SEG,1,GNSS,-0.009956,0.14578000000000002,0.524,0.7289000000000001,0.6264500000000001
M1423,0.0001,5.5e-06,-0.25,0.5,0.04,0.028899,0.05867,2SEG,1,GNSS,-0.009899000000000002,0.14133,0.5210000000000001,0.70665,0.6138250000000001
M1424,0.0001,5.5e-06,-0.25,0.5,0.05,0.028793,0.06693,2SEG,1,GNSS,-0.009793,0.13307000000000002,0.5154210526315789,0.6653500000000001,0.5903855263157896
M1425,0.0001,5.5e-06,-0.25,0.5,0.08,0.028518,0.08822,2SEG,1,GNSS,-0.009518000000000002,0.11178,0.5009473684210528,0.5589,0.5299236842105264
M1426,0.0001,5.5e-06,0.0,-0.5,0.03,0.029014,0.06881,2SEG,1,GNSS,-0.010014000000000002,0.13119000000000003,0.5270526315789474,0.6559500000000001,0.5915013157894737
M1427,0.0001,5.5e-06,0.0,-0.5,0.035,0.028953,0.07538,2SEG,1,GNSS,-0.009953,0.12462000000000001,0.5238421052631579,0.6231,0.5734710526315789
M1428,0.0001,5.5e-06,0.0,-0.5,0.04,0.028895,0.08157,2SEG,1,GNSS,-0.009895000000000001,0.11843000000000001,0.5207894736842106,0.59215,0.5564697368421052
M1429,0.0001,5.5e-06,0.0,-0.5,0.05,0.028788,0.09305,2SEG,1,GNSS,-0.009788000000000002,0.10695000000000002,0.5151578947368421,0.5347500000000001,0.524953947368421
M1430,0.0001,5.5e-06,0.0,-0.5,0.08,0.028511,0.1226,2SEG,1,GNSS,-0.009511000000000002,0.07740000000000001,0.5005789473684211,0.387,0.44378947368421057
M1431,0.0001,5.5e-06,0.0,-0.25,0.03,0.029033,0.06095,2SEG,1,GNSS,-0.010033,0.13905,0.5280526315789474,0.69525,0.6116513157894737
M1432,0.0001,5.5e-06,0.0,-0.25,0.035,0.028973,0.06677,2SEG,1,GNSS,-0.009973,0.13323000000000002,0.5248947368421052,0.66615,0.5955223684210527
M1433,0.0001,5.5e-06,0.0,-0.25,0.04,0.028917,0.07226,2SEG,1,GNSS,-0.009917000000000002,0.12774000000000002,0.5219473684210527,0.6387,0.5803236842105264
M1434,0.0001,5.5e-06,0.0,-0.25,0.05,0.028814,0.08243,2SEG,1,GNSS,-0.009814,0.11757000000000001,0.5165263157894737,0.58785,0.5521881578947369
M1435,0.0001,5.5e-06,0.0,-0.25,0.08,0.028545,0.1087,2SEG,1,GNSS,-0.009545000000000001,0.0913,0.5023684210526317,0.4565,0.47943421052631585
M1436,0.0001,5.5e-06,0.0,0.0,0.03,0.029044,0.05592,2SEG,1,GNSS,-0.010044,0.14408,0.5286315789473685,0.7204,0.6245157894736842
M1437,0.0001,5.5e-06,0.0,0.0,0.035,0.028986,0.06127,2SEG,1,GNSS,-0.009986000000000002,0.13873000000000002,0.5255789473684211,0.6936500000000001,0.6096144736842106
M1438,0.0001,5.5e-06,0.0,0.0,0.04,0.028931,0.0663,2SEG,1,GNSS,-0.009930999999999999,0.1337,0.5226842105263158,0.6685,0.5955921052631579
M1439,0.0001,5.5e-06,0.0,0.0,0.05,0.02883,0.07564,2SEG,1,GNSS,-0.009830000000000002,0.12436000000000001,0.5173684210526317,0.6218,0.5695842105263158
M1440,0.0001,5.5e-06,0.0,0.0,0.08,0.028566,0.09973,2SEG,1,GNSS,-0.009566000000000002,0.10027000000000001,0.5034736842105264,0.5013500000000001,0.5024118421052632
M1441,0.0001,5.5e-06,0.0,0.25,0.03,0.029052,0.05231,2SEG,1,GNSS,-0.010052000000000002,0.14769000000000002,0.5290526315789474,0.73845,0.6337513157894737
M1442,0.0001,5.5e-06,0.0,0.25,0.035,0.028996,0.05731,2SEG,1,GNSS,-0.009996000000000001,0.14269,0.5261052631578949,0.71345,0.6197776315789474
M1443,0.0001,5.5e-06,0.0,0.25,0.04,0.028942,0.06202,2SEG,1,GNSS,-0.009942,0.13798000000000002,0.5232631578947369,0.6899000000000001,0.6065815789473685
M1444,0.0001,5.5e-06,0.0,0.25,0.05,0.028841,0.07076,2SEG,1,GNSS,-0.009840999999999999,0.12924000000000002,0.5179473684210526,0.6462000000000001,0.5820736842105263
M1445,0.0001,5.5e-06,0.0,0.25,0.08,0.028581,0.09331,2SEG,1,GNSS,-0.009581,0.10669000000000001,0.5042631578947369,0.53345,0.5188565789473685
M1446,0.0001,5.5e-06,0.0,0.5,0.03,0.029059,0.04953,2SEG,1,GNSS,-0.010059000000000002,0.15047000000000002,0.529421052631579,0.7523500000000001,0.6408855263157895
M1447,0.0001,5.5e-06,0.0,0.5,0.035,0.029002,0.05427,2SEG,1,GNSS,-0.010002,0.14573000000000003,0.526421052631579,0.7286500000000001,0.6275355263157896
M1448,0.0001,5.5e-06,0.0,0.5,0.04,0.028949,0.05873,2SEG,1,GNSS,-0.009949,0.14127,0.5236315789473684,0.70635,0.6149907894736842
M1449,0.0001,5.5e-06,0.0,0.5,0.05,0.02885,0.06701,2SEG,1,GNSS,-0.009850000000000001,0.13299,0.518421052631579,0.6649499999999999,0.5916855263157894
M1450,0.0001,5.5e-06,0.0,0.5,0.08,0.028593,0.08836,2SEG,1,GNSS,-0.009593,0.11164000000000002,0.5048947368421053,0.5582,0.5315473684210527
M1451,0.0001,5.5e-06,0.25,-0.5,0.03,0.029045,0.06885,2SEG,1,GNSS,-0.010045000000000002,0.13115000000000002,0.5286842105263159,0.65575,0.592217105263158
M1452,0.0001,5.5e-06,0.25,-0.5,0.035,0.028986,0.07543,2SEG,1,GNSS,-0.009986000000000002,0.12457000000000001,0.5255789473684211,0.62285,0.5742144736842105
M1453,0.0001,5.5e-06,0.25,-0.5,0.04,0.028931,0.08163,2SEG,1,GNSS,-0.009930999999999999,0.11837000000000002,0.5226842105263158,0.5918500000000001,0.5572671052631579
M1454,0.0001,5.5e-06,0.25,-0.5,0.05,0.02883,0.09313,2SEG,1,GNSS,-0.009830000000000002,0.10687,0.5173684210526317,0.53435,0.5258592105263158
M1455,0.0001,5.5e-06,0.25,-0.5,0.08,0.028565,0.1228,2SEG,1,GNSS,-0.009565,0.0772,0.503421052631579,0.386,0.4447105263157895
M1456,0.0001,5.5e-06,0.25,-0.25,0.03,0.029063,0.06099,2SEG,1,GNSS,-0.010062999999999999,0.13901000000000002,0.5296315789473683,0.6950500000000001,0.6123407894736842
M1457,0.0001,5.5e-06,0.25,-0.25,0.035,0.029007,0.06682,2SEG,1,GNSS,-0.010007000000000002,0.13318000000000002,0.5266842105263159,0.6659,0.596292105263158
M1458,0.0001,5.5e-06,0.25,-0.25,0.04,0.028953,0.07231,2SEG,1,GNSS,-0.009953,0.12769000000000003,0.5238421052631579,0.6384500000000001,0.581146052631579
M1459,0.0001,5.5e-06,0.25,-0.25,0.05,0.028855,0.0825,2SEG,1,GNSS,-0.009855,0.11750000000000001,0.5186842105263157,0.5875,0.5530921052631579
M1460,0.0001,5.5e-06,0.25,-0.25,0.08,0.028599,0.1088,2SEG,1,GNSS,-0.009599,0.09120000000000002,0.5052105263157894,0.45600000000000007,0.48060526315789476
M1461,0.0001,5.5e-06,0.25,0.0,0.03,0.029075,0.05596,2SEG,1,GNSS,-0.010075,0.14404,0.5302631578947369,0.7202,0.6252315789473684
M1462,0.0001,5.5e-06,0.25,0.0,0.035,0.02902,0.06131,2SEG,1,GNSS,-0.010020000000000001,0.13869,0.5273684210526316,0.69345,0.6104092105263158
M1463,0.0001,5.5e-06,0.25,0.0,0.04,0.028968,0.06635,2SEG,1,GNSS,-0.009968000000000001,0.13365,0.5246315789473684,0.6682499999999999,0.5964407894736842
M1464,0.0001,5.5e-06,0.25,0.0,0.05,0.028871,0.07571,2SEG,1,GNSS,-0.009871000000000001,0.12429000000000001,0.5195263157894737,0.6214500000000001,0.570488157894737
M1465,0.0001,5.5e-06,0.25,0.0,0.08,0.02862,0.09985,2SEG,1,GNSS,-0.00962,0.10015000000000002,0.5063157894736843,0.50075,0.5035328947368422
M1466,0.0001,5.5e-06,0.25,0.25,0.03,0.029082,0.05234,2SEG,1,GNSS,-0.010082,0.14766,0.5306315789473685,0.7383000000000001,0.6344657894736843
M1467,0.0001,5.5e-06,0.25,0.25,0.035,0.029029,0.05735,2SEG,1,GNSS,-0.010029,0.14265,0.5278421052631579,0.7132499999999999,0.6205460526315789
M1468,0.0001,5.5e-06,0.25,0.25,0.04,0.028978,0.06207,2SEG,1,GNSS,-0.009978,0.13793,0.5251578947368422,0.68965,0.6074039473684211
M1469,0.0001,5.5e-06,0.25,0.25,0.05,0.028882,0.07082,2SEG,1,GNSS,-0.009882000000000002,0.12918000000000002,0.5201052631578948,0.6459,0.5830026315789474
M1470,0.0001,5.5e-06,0.25,0.25,0.08,0.028635,0.09341,2SEG,1,GNSS,-0.009635000000000001,0.10659,0.5071052631578948,0.53295,0.5200276315789474
M1471,0.0001,5.5e-06,0.25,0.5,0.03,0.029089,0.04956,2SEG,1,GNSS,-0.010089,0.15044000000000002,0.531,0.7522000000000001,0.6416000000000001
M1472,0.0001,5.5e-06,0.25,0.5,0.035,0.029035,0.0543,2SEG,1,GNSS,-0.010034999999999999,0.1457,0.528157894736842,0.7284999999999999,0.628328947368421
M1473,0.0001,5.5e-06,0.25,0.5,0.04,0.028985,0.05877,2SEG,1,GNSS,-0.009985,0.14123000000000002,0.5255263157894737,0.70615,0.615838157894737
M1474,0.0001,5.5e-06,0.25,0.5,0.05,0.028891,0.06706,2SEG,1,GNSS,-0.009891,0.13294,0.5205789473684211,0.6647,0.5926394736842105
M1475,0.0001,5.5e-06,0.25,0.5,0.08,0.028647,0.08846,2SEG,1,GNSS,-0.009647,0.11154000000000001,0.5077368421052632,0.5577000000000001,0.5327184210526317
M1476,0.0001,5.5e-06,0.5,-0.5,0.03,0.029068,0.06888,2SEG,1,GNSS,-0.010068,0.13112000000000001,0.5298947368421053,0.6556000000000001,0.5927473684210527
M1477,0.0001,5.5e-06,0.5,-0.5,0.035,0.029012,0.07547,2SEG,1,GNSS,-0.010012,0.12453000000000002,0.5269473684210526,0.62265,0.5747986842105264
M1478,0.0001,5.5e-06,0.5,-0.5,0.04,0.028959,0.08168,2SEG,1,GNSS,-0.009958999999999999,0.11832000000000001,0.524157894736842,0.5916,0.557878947368421
M1479,0.0001,5.5e-06,0.5,-0.5,0.05,0.028861,0.09319,2SEG,1,GNSS,-0.009861000000000002,0.10681000000000002,0.5190000000000001,0.53405,0.5265250000000001
M1480,0.0001,5.5e-06,0.5,-0.5,0.08,0.028607,0.1229,2SEG,1,GNSS,-0.009607000000000001,0.07710000000000002,0.5056315789473684,0.38550000000000006,0.44556578947368425
M1481,0.0001,5.5e-06,0.5,-0.25,0.03,0.029086,0.06102,2SEG,1,GNSS,-0.010086000000000001,0.13898000000000002,0.530842105263158,0.6949000000000001,0.612871052631579
M1482,0.0001,5.5e-06,0.5,-0.25,0.035,0.029032,0.06685,2SEG,1,GNSS,-0.010032,0.13315,0.528,0.66575,0.596875
M1483,0.0001,5.5e-06,0.5,-0.25,0.04,0.028981,0.07235,2SEG,1,GNSS,-0.009981,0.12765,0.5253157894736843,0.63825,0.5817828947368422
M1484,0.0001,5.5e-06,0.5,-0.25,0.05,0.028886,0.08256,2SEG,1,GNSS,-0.009885999999999999,0.11744000000000002,0.5203157894736842,0.5872,0.5537578947368421
M1485,0.0001,5.5e-06,0.5,-0.25,0.08,0.02864,0.1089,2SEG,1,GNSS,-0.00964,0.09110000000000001,0.5073684210526316,0.45550000000000007,0.48143421052631585
M1486,0.0001,5.5e-06,0.5,0.0,0.03,0.029098,0.05598,2SEG,1,GNSS,-0.010098,0.14402,0.5314736842105263,0.7201,0.6257868421052631
M1487,0.0001,5.5e-06,0.5,0.0,0.035,0.029045,0.06134,2SEG,1,GNSS,-0.010045000000000002,0.13866,0.5286842105263159,0.6933,0.610992105263158
M1488,0.0001,5.5e-06,0.5,0.0,0.04,0.028995,0.06639,2SEG,1,GNSS,-0.009995,0.13361,0.5260526315789474,0.66805,0.5970513157894737
M1489,0.0001,5.5e-06,0.5,0.0,0.05,0.028902,0.07576,2SEG,1,GNSS,-0.009902000000000001,0.12424000000000002,0.5211578947368422,0.6212000000000001,0.5711789473684211
M1490,0.0001,5.5e-06,0.5,0.0,0.08,0.028662,0.09993,2SEG,1,GNSS,-0.009662,0.10007,0.5085263157894737,0.50035,0.5044381578947368
M1491,0.0001,5.5e-06,0.5,0.25,0.03,0.029106,0.05237,2SEG,1,GNSS,-0.010106,0.14763,0.5318947368421053,0.73815,0.6350223684210526
M1492,0.0001,5.5e-06,0.5,0.25,0.035,0.029055,0.05738,2SEG,1,GNSS,-0.010055000000000001,0.14262000000000002,0.5292105263157896,0.7131000000000001,0.6211552631578948
M1493,0.0001,5.5e-06,0.5,0.25,0.04,0.029005,0.0621,2SEG,1,GNSS,-0.010005,0.13790000000000002,0.526578947368421,0.6895000000000001,0.6080394736842105
M1494,0.0001,5.5e-06,0.5,0.25,0.05,0.028914,0.07087,2SEG,1,GNSS,-0.009914,0.12913000000000002,0.5217894736842105,0.6456500000000001,0.5837197368421052
M1495,0.0001,5.5e-06,0.5,0.25,0.08,0.028677,0.09349,2SEG,1,GNSS,-0.009677000000000002,0.10651000000000001,0.5093157894736843,0.53255,0.5209328947368421
M1496,0.0001,5.5e-06,0.5,0.5,0.03,0.029112,0.04959,2SEG,1,GNSS,-0.010112,0.15041000000000002,0.5322105263157895,0.75205,0.6421302631578947
M1497,0.0001,5.5e-06,0.5,0.5,0.035,0.029061,0.05433,2SEG,1,GNSS,-0.010061,0.14567000000000002,0.5295263157894737,0.72835,0.6289381578947368
M1498,0.0001,5.5e-06,0.5,0.5,0.04,0.029013,0.05881,2SEG,1,GNSS,-0.010013000000000001,0.14119,0.527,0.70595,0.616475
M1499,0.0001,5.5e-06,0.5,0.5,0.05,0.028923,0.06711,2SEG,1,GNSS,-0.009923000000000001,0.13289,0.5222631578947369,0.66445,0.5933565789473685
M1500,0.0001,5.5e-06,0.5,0.5,0.08,0.028689,0.08854,2SEG,1,GNSS,-0.009689,0.11146000000000002,0.5099473684210526,0.5573,0.5336236842105263
M1501,0.0001,1e-05,-0.5,-0.5,0.03,0.030404,0.07074,2SEG,1,GNSS,-0.011404000000000001,0.12926,0.6002105263157895,0.6463,0.6232552631578947
M1502,0.0001,1e-05,-0.5,-0.5,0.035,0.030323,0.07747,2SEG,1,GNSS,-0.011323,0.12253000000000001,0.5959473684210527,0.61265,0.6042986842105263
M1503,0.0001,1e-05,-0.5,-0.5,0.04,0.030245,0.08381,2SEG,1,GNSS,-0.011245000000000002,0.11619000000000002,0.591842105263158,0.5809500000000001,0.586396052631579
M1504,0.0001,1e-05,-0.5,-0.5,0.05,0.0301,0.09554,2SEG,1,GNSS,-0.011099999999999999,0.10446000000000001,0.5842105263157894,0.5223,0.5532552631578946
M1505,0.0001,1e-05,-0.5,-0.5,0.08,0.029726,0.1257,2SEG,1,GNSS,-0.010726,0.0743,0.5645263157894737,0.3715,0.46801315789473685
M1506,0.0001,1e-05,-0.5,-0.25,0.03,0.030437,0.06268,2SEG,1,GNSS,-0.011437,0.13732,0.6019473684210526,0.6866,0.6442736842105263
M1507,0.0001,1e-05,-0.5,-0.25,0.035,0.030358,0.06865,2SEG,1,GNSS,-0.011358,0.13135000000000002,0.5977894736842105,0.6567500000000001,0.6272697368421053
M1508,0.0001,1e-05,-0.5,-0.25,0.04,0.030284,0.07427,2SEG,1,GNSS,-0.011283999999999999,0.12573,0.5938947368421053,0.62865,0.6112723684210526
M1509,0.0001,1e-05,-0.5,-0.25,0.05,0.030145,0.08467,2SEG,1,GNSS,-0.011145000000000002,0.11533000000000002,0.5865789473684212,0.57665,0.5816144736842106
M1510,0.0001,1e-05,-0.5,-0.25,0.08,0.029785,0.1115,2SEG,1,GNSS,-0.010785,0.08850000000000001,0.5676315789473684,0.4425,0.5050657894736842
M1511,0.0001,1e-05,-0.5,0.0,0.03,0.030458,0.05752,2SEG,1,GNSS,-0.011458,0.14248,0.6030526315789474,0.7123999999999999,0.6577263157894737
M1512,0.0001,1e-05,-0.5,0.0,0.035,0.03038,0.063,2SEG,1,GNSS,-0.011380000000000001,0.137,0.5989473684210527,0.685,0.6419736842105264
M1513,0.0001,1e-05,-0.5,0.0,0.04,0.030307,0.06816,2SEG,1,GNSS,-0.011307000000000001,0.13184,0.5951052631578948,0.6592,0.6271526315789474
M1514,0.0001,1e-05,-0.5,0.0,0.05,0.030173,0.07771,2SEG,1,GNSS,-0.011172999999999999,0.12229000000000001,0.5880526315789473,0.61145,0.5997513157894736
M1515,0.0001,1e-05,-0.5,0.0,0.08,0.029823,0.1023,2SEG,1,GNSS,-0.010823,0.09770000000000001,0.5696315789473684,0.48850000000000005,0.5290657894736842
M1516,0.0001,1e-05,-0.5,0.25,0.03,0.030473,0.05381,2SEG,1,GNSS,-0.011473,0.14619000000000001,0.603842105263158,0.73095,0.667396052631579
M1517,0.0001,1e-05,-0.5,0.25,0.035,0.030397,0.05894,2SEG,1,GNSS,-0.011397000000000001,0.14106000000000002,0.599842105263158,0.7053,0.652571052631579
M1518,0.0001,1e-05,-0.5,0.25,0.04,0.030325,0.06377,2SEG,1,GNSS,-0.011325000000000002,0.13623000000000002,0.5960526315789475,0.68115,0.6386013157894738
M1519,0.0001,1e-05,-0.5,0.25,0.05,0.030193,0.07271,2SEG,1,GNSS,-0.011193000000000002,0.12729000000000001,0.5891052631578948,0.6364500000000001,0.6127776315789475
M1520,0.0001,1e-05,-0.5,0.25,0.08,0.02985,0.09574,2SEG,1,GNSS,-0.010850000000000002,0.10426,0.5710526315789475,0.5213,0.5461763157894737
M1521,0.0001,1e-05,-0.5,0.5,0.03,0.030484,0.05096,2SEG,1,GNSS,-0.011484000000000001,0.14904,0.604421052631579,0.7452,0.6748105263157895
M1522,0.0001,1e-05,-0.5,0.5,0.035,0.030409,0.05582,2SEG,1,GNSS,-0.011408999999999999,0.14418,0.6004736842105263,0.7209,0.6606868421052632
M1523,0.0001,1e-05,-0.5,0.5,0.04,0.030339,0.06039,2SEG,1,GNSS,-0.011339000000000002,0.13961,0.5967894736842106,0.6980500000000001,0.6474197368421053
M1524,0.0001,1e-05,-0.5,0.5,0.05,0.030209,0.06886,2SEG,1,GNSS,-0.011209,0.13114,0.5899473684210527,0.6557,0.6228236842105264
M1525,0.0001,1e-05,-0.5,0.5,0.08,0.02987,0.09068,2SEG,1,GNSS,-0.010870000000000001,0.10932000000000001,0.5721052631578948,0.5466000000000001,0.5593526315789474
M1526,0.0001,1e-05,-0.25,-0.5,0.03,0.030469,0.07083,2SEG,1,GNSS,-0.011469,0.12917,0.6036315789473684,0.64585,0.6247407894736843
M1527,0.0001,1e-05,-0.25,-0.5,0.035,0.030394,0.07758,2SEG,1,GNSS,-0.011394000000000001,0.12242000000000001,0.5996842105263159,0.6121000000000001,0.6058921052631581
M1528,0.0001,1e-05,-0.25,-0.5,0.04,0.030322,0.08394,2SEG,1,GNSS,-0.011322000000000002,0.11606000000000001,0.5958947368421054,0.5803,0.5880973684210526
M1529,0.0001,1e-05,-0.25,-0.5,0.05,0.030188,0.09571,2SEG,1,GNSS,-0.011188,0.10429000000000001,0.5888421052631579,0.52145,0.555146052631579
M1530,0.0001,1e-05,-0.25,-0.5,0.08,0.029841,0.126,2SEG,1,GNSS,-0.010841,0.07400000000000001,0.5705789473684211,0.37000000000000005,0.4702894736842106
M1531,0.0001,1e-05,-0.25,-0.25,0.03,0.030502,0.06276,2SEG,1,GNSS,-0.011502000000000002,0.13724000000000003,0.6053684210526317,0.6862000000000001,0.6457842105263158
M1532,0.0001,1e-05,-0.25,-0.25,0.035,0.030429,0.06874,2SEG,1,GNSS,-0.011429000000000002,0.13126000000000002,0.6015263157894738,0.6563,0.6289131578947369
M1533,0.0001,1e-05,-0.25,-0.25,0.04,0.03036,0.07438,2SEG,1,GNSS,-0.011360000000000002,0.12562,0.5978947368421054,0.6281,0.6129973684210527
M1534,0.0001,1e-05,-0.25,-0.25,0.05,0.030232,0.08482,2SEG,1,GNSS,-0.011231999999999999,0.11518,0.5911578947368421,0.5759,0.5835289473684211
M1535,0.0001,1e-05,-0.25,-0.25,0.08,0.0299,0.1117,2SEG,1,GNSS,-0.0109,0.08830000000000002,0.5736842105263158,0.44150000000000006,0.5075921052631579
M1536,0.0001,1e-05,-0.25,0.0,0.03,0.030523,0.0576,2SEG,1,GNSS,-0.011523000000000002,0.14240000000000003,0.6064736842105264,0.7120000000000001,0.6592368421052632
M1537,0.0001,1e-05,-0.25,0.0,0.035,0.030452,0.06309,2SEG,1,GNSS,-0.011452,0.13691000000000003,0.6027368421052632,0.6845500000000001,0.6436434210526316
M1538,0.0001,1e-05,-0.25,0.0,0.04,0.030384,0.06826,2SEG,1,GNSS,-0.011384000000000002,0.13174000000000002,0.5991578947368422,0.6587000000000001,0.6289289473684212
M1539,0.0001,1e-05,-0.25,0.0,0.05,0.030261,0.07785,2SEG,1,GNSS,-0.011261,0.12215000000000001,0.5926842105263158,0.61075,0.6017171052631579
M1540,0.0001,1e-05,-0.25,0.0,0.08,0.029938,0.1026,2SEG,1,GNSS,-0.010938,0.09740000000000001,0.5756842105263158,0.48700000000000004,0.531342105263158
M1541,0.0001,1e-05,-0.25,0.25,0.03,0.030538,0.05388,2SEG,1,GNSS,-0.011538,0.14612000000000003,0.6072631578947368,0.7306000000000001,0.6689315789473684
M1542,0.0001,1e-05,-0.25,0.25,0.035,0.030468,0.05902,2SEG,1,GNSS,-0.011467999999999999,0.14098,0.603578947368421,0.7049,0.6542394736842105
M1543,0.0001,1e-05,-0.25,0.25,0.04,0.030402,0.06386,2SEG,1,GNSS,-0.011401999999999999,0.13614,0.6001052631578947,0.6807,0.6404026315789473
M1544,0.0001,1e-05,-0.25,0.25,0.05,0.030281,0.07284,2SEG,1,GNSS,-0.011281,0.12716,0.5937368421052631,0.6357999999999999,0.6147684210526315
M1545,0.0001,1e-05,-0.25,0.25,0.08,0.029965,0.09596,2SEG,1,GNSS,-0.010964999999999999,0.10404000000000001,0.5771052631578947,0.5202,0.5486526315789473
M1546,0.0001,1e-05,-0.25,0.5,0.03,0.030549,0.05102,2SEG,1,GNSS,-0.011549,0.14898,0.607842105263158,0.7449,0.6763710526315789
M1547,0.0001,1e-05,-0.25,0.5,0.035,0.030481,0.05589,2SEG,1,GNSS,-0.011481000000000002,0.14411000000000002,0.604263157894737,0.72055,0.6624065789473685
M1548,0.0001,1e-05,-0.25,0.5,0.04,0.030416,0.06048,2SEG,1,GNSS,-0.011415999999999999,0.13952,0.6008421052631578,0.6976,0.6492210526315789
M1549,0.0001,1e-05,-0.25,0.5,0.05,0.030296,0.06898,2SEG,1,GNSS,-0.011296,0.13102000000000003,0.5945263157894737,0.6551000000000001,0.6248131578947369
M1550,0.0001,1e-05,-0.25,0.5,0.08,0.029986,0.09089,2SEG,1,GNSS,-0.010986,0.10911000000000001,0.5782105263157894,0.54555,0.5618802631578947
M1551,0.0001,1e-05,0.0,-0.5,0.03,0.030511,0.07089,2SEG,1,GNSS,-0.011511,0.12911,0.605842105263158,0.64555,0.6256960526315789
M1552,0.0001,1e-05,0.0,-0.5,0.035,0.030439,0.07765,2SEG,1,GNSS,-0.011439000000000001,0.12235000000000001,0.6020526315789474,0.61175,0.6069013157894737
M1553,0.0001,1e-05,0.0,-0.5,0.04,0.030371,0.08402,2SEG,1,GNSS,-0.011371,0.11598000000000001,0.5984736842105263,0.5799000000000001,0.5891868421052632
M1554,0.0001,1e-05,0.0,-0.5,0.05,0.030244,0.09581,2SEG,1,GNSS,-0.011244,0.10419,0.5917894736842105,0.52095,0.5563697368421052
M1555,0.0001,1e-05,0.0,-0.5,0.08,0.029915,0.1262,2SEG,1,GNSS,-0.010915000000000001,0.0738,0.5744736842105264,0.369,0.4717368421052632
M1556,0.0001,1e-05,0.0,-0.25,0.03,0.030543,0.06281,2SEG,1,GNSS,-0.011543000000000001,0.13719,0.6075263157894738,0.68595,0.6467381578947369
M1557,0.0001,1e-05,0.0,-0.25,0.035,0.030474,0.06881,2SEG,1,GNSS,-0.011474000000000002,0.13119000000000003,0.6038947368421054,0.6559500000000001,0.6299223684210528
M1558,0.0001,1e-05,0.0,-0.25,0.04,0.030409,0.07445,2SEG,1,GNSS,-0.011408999999999999,0.12555,0.6004736842105263,0.6277499999999999,0.6141118421052632
M1559,0.0001,1e-05,0.0,-0.25,0.05,0.030288,0.08491,2SEG,1,GNSS,-0.011288,0.11509000000000001,0.5941052631578947,0.57545,0.5847776315789474
M1560,0.0001,1e-05,0.0,-0.25,0.08,0.029974,0.1119,2SEG,1,GNSS,-0.010974000000000001,0.08810000000000001,0.5775789473684211,0.44050000000000006,0.5090394736842105
M1561,0.0001,1e-05,0.0,0.0,0.03,0.030564,0.05764,2SEG,1,GNSS,-0.011564000000000001,0.14236000000000001,0.6086315789473685,0.7118,0.6602157894736842
M1562,0.0001,1e-05,0.0,0.0,0.035,0.030497,0.06315,2SEG,1,GNSS,-0.011497,0.13685000000000003,0.6051052631578948,0.6842500000000001,0.6446776315789475
M1563,0.0001,1e-05,0.0,0.0,0.04,0.030434,0.06833,2SEG,1,GNSS,-0.011434,0.13167,0.6017894736842105,0.65835,0.6300697368421053
M1564,0.0001,1e-05,0.0,0.0,0.05,0.030317,0.07794,2SEG,1,GNSS,-0.011317,0.12206000000000002,0.5956315789473685,0.6103000000000001,0.6029657894736843
M1565,0.0001,1e-05,0.0,0.0,0.08,0.030012,0.1027,2SEG,1,GNSS,-0.011012000000000001,0.09730000000000001,0.5795789473684211,0.48650000000000004,0.5330394736842106
M1566,0.0001,1e-05,0.0,0.25,0.03,0.030579,0.05393,2SEG,1,GNSS,-0.011578999999999999,0.14607,0.6094210526315789,0.7303499999999999,0.6698855263157895
M1567,0.0001,1e-05,0.0,0.25,0.035,0.030514,0.05908,2SEG,1,GNSS,-0.011514,0.14092000000000002,0.606,0.7046,0.6553
M1568,0.0001,1e-05,0.0,0.25,0.04,0.030452,0.06393,2SEG,1,GNSS,-0.011452,0.13607000000000002,0.6027368421052632,0.6803500000000001,0.6415434210526316
M1569,0.0001,1e-05,0.0,0.25,0.05,0.030337,0.07292,2SEG,1,GNSS,-0.011337,0.12708000000000003,0.5966842105263158,0.6354000000000001,0.616042105263158
M1570,0.0001,1e-05,0.0,0.25,0.08,0.030039,0.09611,2SEG,1,GNSS,-0.011039,0.10389000000000001,0.5810000000000001,0.51945,0.550225
M1571,0.0001,1e-05,0.0,0.5,0.03,0.030591,0.05107,2SEG,1,GNSS,-0.011591,0.14893,0.6100526315789474,0.74465,0.6773513157894737
M1572,0.0001,1e-05,0.0,0.5,0.035,0.030526,0.05594,2SEG,1,GNSS,-0.011526000000000002,0.14406000000000002,0.6066315789473685,0.7203,0.6634657894736843
M1573,0.0001,1e-05,0.0,0.5,0.04,0.030465,0.06054,2SEG,1,GNSS,-0.011465,0.13946000000000003,0.603421052631579,0.6973000000000001,0.6503605263157896
M1574,0.0001,1e-05,0.0,0.5,0.05,0.030352,0.06906,2SEG,1,GNSS,-0.011352000000000001,0.13094,0.5974736842105264,0.6547,0.6260868421052632
M1575,0.0001,1e-05,0.0,0.5,0.08,0.03006,0.09103,2SEG,1,GNSS,-0.01106,0.10897000000000001,0.5821052631578948,0.5448500000000001,0.5634776315789474
M1576,0.0001,1e-05,0.25,-0.5,0.03,0.030541,0.07093,2SEG,1,GNSS,-0.011541,0.12907000000000002,0.607421052631579,0.6453500000000001,0.6263855263157896
M1577,0.0001,1e-05,0.25,-0.5,0.035,0.030472,0.0777,2SEG,1,GNSS,-0.011472,0.1223,0.6037894736842105,0.6115,0.6076447368421053
M1578,0.0001,1e-05,0.25,-0.5,0.04,0.030406,0.08408,2SEG,1,GNSS,-0.011406,0.11592000000000001,0.6003157894736842,0.5796,0.5899578947368421
M1579,0.0001,1e-05,0.25,-0.5,0.05,0.030284,0.09589,2SEG,1,GNSS,-0.011283999999999999,0.10411000000000001,0.5938947368421053,0.52055,0.5572223684210527
M1580,0.0001,1e-05,0.25,-0.5,0.08,0.029968,0.1263,2SEG,1,GNSS,-0.010968000000000002,0.07370000000000002,0.5772631578947369,0.36850000000000005,0.4728815789473685
M1581,0.0001,1e-05,0.25,-0.25,0.03,0.030573,0.06285,2SEG,1,GNSS,-0.011573,0.13715,0.6091052631578947,0.68575,0.6474276315789473
M1582,0.0001,1e-05,0.25,-0.25,0.035,0.030507,0.06885,2SEG,1,GNSS,-0.011507,0.13115000000000002,0.6056315789473684,0.65575,0.6306907894736842
M1583,0.0001,1e-05,0.25,-0.25,0.04,0.030444,0.0745,2SEG,1,GNSS,-0.011444,0.1255,0.6023157894736841,0.6275,0.614907894736842
M1584,0.0001,1e-05,0.25,-0.25,0.05,0.030329,0.08498,2SEG,1,GNSS,-0.011328999999999999,0.11502000000000001,0.5962631578947368,0.5751000000000001,0.5856815789473684
M1585,0.0001,1e-05,0.25,-0.25,0.08,0.030027,0.112,2SEG,1,GNSS,-0.011027000000000002,0.08800000000000001,0.5803684210526318,0.44,0.5101842105263159
M1586,0.0001,1e-05,0.25,0.0,0.03,0.030594,0.05768,2SEG,1,GNSS,-0.011594,0.14232,0.6102105263157895,0.7116,0.6609052631578948
M1587,0.0001,1e-05,0.25,0.0,0.035,0.03053,0.06319,2SEG,1,GNSS,-0.011530000000000002,0.13681000000000001,0.6068421052631581,0.68405,0.6454460526315791
M1588,0.0001,1e-05,0.25,0.0,0.04,0.030469,0.06838,2SEG,1,GNSS,-0.011469,0.13162000000000001,0.6036315789473684,0.6581,0.6308657894736842
M1589,0.0001,1e-05,0.25,0.0,0.05,0.030357,0.078,2SEG,1,GNSS,-0.011356999999999999,0.12200000000000001,0.5977368421052631,0.61,0.6038684210526315
M1590,0.0001,1e-05,0.25,0.0,0.08,0.030065,0.1028,2SEG,1,GNSS,-0.011065000000000002,0.09720000000000001,0.5823684210526316,0.48600000000000004,0.5341842105263158
M1591,0.0001,1e-05,0.25,0.25,0.03,0.030609,0.05396,2SEG,1,GNSS,-0.011609000000000001,0.14604,0.6110000000000001,0.7302,0.6706000000000001
M1592,0.0001,1e-05,0.25,0.25,0.035,0.030546,0.05911,2SEG,1,GNSS,-0.011546,0.14089000000000002,0.6076842105263158,0.70445,0.6560671052631579
M1593,0.0001,1e-05,0.25,0.25,0.04,0.030487,0.06397,2SEG,1,GNSS,-0.011487,0.13603,0.6045789473684211,0.68015,0.6423644736842106
M1594,0.0001,1e-05,0.25,0.25,0.05,0.030377,0.07298,2SEG,1,GNSS,-0.011377000000000002,0.12702000000000002,0.5987894736842106,0.6351000000000001,0.6169447368421054
M1595,0.0001,1e-05,0.25,0.25,0.08,0.030092,0.09621,2SEG,1,GNSS,-0.011092000000000001,0.10379000000000001,0.5837894736842106,0.51895,0.5513697368421053
M1596,0.0001,1e-05,0.25,0.5,0.03,0.030621,0.0511,2SEG,1,GNSS,-0.011621,0.1489,0.6116315789473684,0.7444999999999999,0.6780657894736841
M1597,0.0001,1e-05,0.25,0.5,0.035,0.030559,0.05598,2SEG,1,GNSS,-0.011559,0.14402,0.6083684210526316,0.7201,0.6642342105263157
M1598,0.0001,1e-05,0.25,0.5,0.04,0.030501,0.06058,2SEG,1,GNSS,-0.011501,0.13942000000000002,0.6053157894736843,0.6971,0.6512078947368422
M1599,0.0001,1e-05,0.25,0.5,0.05,0.030392,0.06911,2SEG,1,GNSS,-0.011392,0.13089,0.599578947368421,0.65445,0.6270144736842105
M1600,0.0001,1e-05,0.25,0.5,0.08,0.030113,0.09112,2SEG,1,GNSS,-0.011113000000000001,0.10888,0.5848947368421054,0.5444,0.5646473684210527
M1601,0.0001,1e-05,0.5,-0.5,0.03,0.030564,0.07097,2SEG,1,GNSS,-0.011564000000000001,0.12903,0.6086315789473685,0.64515,0.6268907894736843
M1602,0.0001,1e-05,0.5,-0.5,0.035,0.030497,0.07774,2SEG,1,GNSS,-0.011497,0.12226000000000001,0.6051052631578948,0.6113,0.6082026315789474
M1603,0.0001,1e-05,0.5,-0.5,0.04,0.030434,0.08412,2SEG,1,GNSS,-0.011434,0.11588000000000001,0.6017894736842105,0.5794,0.5905947368421053
M1604,0.0001,1e-05,0.5,-0.5,0.05,0.030316,0.09595,2SEG,1,GNSS,-0.011316,0.10405000000000002,0.5955789473684211,0.5202500000000001,0.5579144736842105
M1605,0.0001,1e-05,0.5,-0.5,0.08,0.030009,0.1264,2SEG,1,GNSS,-0.011009000000000001,0.0736,0.5794210526315791,0.368,0.4737105263157895
M1606,0.0001,1e-05,0.5,-0.25,0.03,0.030596,0.06288,2SEG,1,GNSS,-0.011596000000000002,0.13712000000000002,0.6103157894736844,0.6856000000000001,0.6479578947368423
M1607,0.0001,1e-05,0.5,-0.25,0.035,0.030532,0.06888,2SEG,1,GNSS,-0.011532,0.13112000000000001,0.6069473684210527,0.6556000000000001,0.6312736842105264
M1608,0.0001,1e-05,0.5,-0.25,0.04,0.030472,0.07454,2SEG,1,GNSS,-0.011472,0.12546000000000002,0.6037894736842105,0.6273000000000001,0.6155447368421053
M1609,0.0001,1e-05,0.5,-0.25,0.05,0.03036,0.08504,2SEG,1,GNSS,-0.011360000000000002,0.11496,0.5978947368421054,0.5748,0.5863473684210527
M1610,0.0001,1e-05,0.5,-0.25,0.08,0.030068,0.1121,2SEG,1,GNSS,-0.011068000000000001,0.0879,0.5825263157894738,0.4395,0.5110131578947369
M1611,0.0001,1e-05,0.5,0.0,0.03,0.030617,0.0577,2SEG,1,GNSS,-0.011616999999999999,0.1423,0.6114210526315789,0.7115,0.6614605263157894
M1612,0.0001,1e-05,0.5,0.0,0.035,0.030555,0.06322,2SEG,1,GNSS,-0.011555,0.13678,0.6081578947368421,0.6839000000000001,0.6460289473684211
M1613,0.0001,1e-05,0.5,0.0,0.04,0.030497,0.06841,2SEG,1,GNSS,-0.011497,0.13159,0.6051052631578948,0.65795,0.6315276315789474
M1614,0.0001,1e-05,0.5,0.0,0.05,0.030388,0.07805,2SEG,1,GNSS,-0.011387999999999999,0.12195000000000002,0.5993684210526316,0.60975,0.6045592105263158
M1615,0.0001,1e-05,0.5,0.0,0.08,0.030106,0.1029,2SEG,1,GNSS,-0.011106000000000001,0.0971,0.5845263157894738,0.4855,0.5350131578947369
M1616,0.0001,1e-05,0.5,0.25,0.03,0.030632,0.05398,2SEG,1,GNSS,-0.011632,0.14602,0.6122105263157895,0.7301,0.6711552631578948
M1617,0.0001,1e-05,0.5,0.25,0.035,0.030572,0.05914,2SEG,1,GNSS,-0.011571999999999999,0.14086,0.6090526315789473,0.7043,0.6566763157894737
M1618,0.0001,1e-05,0.5,0.25,0.04,0.030514,0.064,2SEG,1,GNSS,-0.011514,0.136,0.606,0.68,0.643
M1619,0.0001,1e-05,0.5,0.25,0.05,0.030408,0.07302,2SEG,1,GNSS,-0.011408000000000001,0.12698,0.6004210526315791,0.6349,0.6176605263157895
M1620,0.0001,1e-05,0.5,0.25,0.08,0.030133,0.09629,2SEG,1,GNSS,-0.011133,0.10371000000000001,0.5859473684210527,0.5185500000000001,0.5522486842105263
M1621,0.0001,1e-05,0.5,0.5,0.03,0.030644,0.05112,2SEG,1,GNSS,-0.011644000000000002,0.14888,0.612842105263158,0.7444000000000001,0.678621052631579
M1622,0.0001,1e-05,0.5,0.5,0.035,0.030584,0.05601,2SEG,1,GNSS,-0.011584,0.14399,0.6096842105263158,0.71995,0.664817105263158
M1623,0.0001,1e-05,0.5,0.5,0.04,0.030528,0.06061,2SEG,1,GNSS,-0.011528,0.13939000000000001,0.6067368421052631,0.6969500000000001,0.6518434210526316
M1624,0.0001,1e-05,0.5,0.5,0.05,0.030424,0.06916,2SEG,1,GNSS,-0.011424,0.13084,0.6012631578947368,0.6542,0.6277315789473684
M1625,0.0001,1e-05,0.5,0.5,0.08,0.030154,0.0912,2SEG,1,GNSS,-0.011154,0.10880000000000001,0.5870526315789474,0.544,0.5655263157894737
M1626,0.0001,5.5e-05,-0.5,-0.5,0.03,0.043444,0.0875,2SEG,1,GNSS,-0.024444000000000004,0.11250000000000002,1.286526315789474,0.5625,0.924513157894737
M1627,0.0001,5.5e-05,-0.5,-0.5,0.035,0.043278,0.09576,2SEG,1,GNSS,-0.024277999999999997,0.10424000000000001,1.2777894736842104,0.5212,0.8994947368421051
M1628,0.0001,5.5e-05,-0.5,-0.5,0.04,0.043121,0.1035,2SEG,1,GNSS,-0.024121,0.09650000000000002,1.2695263157894736,0.48250000000000004,0.8760131578947368
M1629,0.0001,5.5e-05,-0.5,-0.5,0.05,0.042827,0.1179,2SEG,1,GNSS,-0.023826999999999997,0.0821,1.2540526315789473,0.41050000000000003,0.8322763157894737
M1630,0.0001,5.5e-05,-0.5,-0.5,0.08,0.042056,0.1546,2SEG,1,GNSS,-0.023056000000000004,0.045400000000000024,1.2134736842105265,0.22700000000000012,0.7202368421052633
M1631,0.0001,5.5e-05,-0.5,-0.25,0.03,0.043584,0.07762,2SEG,1,GNSS,-0.024583999999999998,0.12238000000000002,1.2938947368421052,0.6119,0.9528973684210527
M1632,0.0001,5.5e-05,-0.5,-0.25,0.035,0.043432,0.08497,2SEG,1,GNSS,-0.024432,0.11503000000000001,1.2858947368421052,0.57515,0.9305223684210526
M1633,0.0001,5.5e-05,-0.5,-0.25,0.04,0.043288,0.09188,2SEG,1,GNSS,-0.024288,0.10812000000000001,1.2783157894736843,0.5406,0.9094578947368421
M1634,0.0001,5.5e-05,-0.5,-0.25,0.05,0.043019,0.1046,2SEG,1,GNSS,-0.024019000000000002,0.09540000000000001,1.2641578947368421,0.47700000000000004,0.8705789473684211
M1635,0.0001,5.5e-05,-0.5,-0.25,0.08,0.042317,0.1374,2SEG,1,GNSS,-0.023317,0.06260000000000002,1.2272105263157895,0.31300000000000006,0.7701052631578948
M1636,0.0001,5.5e-05,-0.5,0.0,0.03,0.043672,0.07129,2SEG,1,GNSS,-0.024672000000000003,0.12871,1.298526315789474,0.64355,0.9710381578947369
M1637,0.0001,5.5e-05,-0.5,0.0,0.035,0.043529,0.07805,2SEG,1,GNSS,-0.024529,0.12195000000000002,1.291,0.60975,0.950375
M1638,0.0001,5.5e-05,-0.5,0.0,0.04,0.043394,0.0844,2SEG,1,GNSS,-0.024394000000000002,0.11560000000000001,1.2838947368421054,0.578,0.9309473684210527
M1639,0.0001,5.5e-05,-0.5,0.0,0.05,0.043141,0.09616,2SEG,1,GNSS,-0.024141,0.10384000000000002,1.270578947368421,0.5192,0.8948894736842106
M1640,0.0001,5.5e-05,-0.5,0.0,0.08,0.042482,0.1263,2SEG,1,GNSS,-0.023482,0.07370000000000002,1.2358947368421052,0.36850000000000005,0.8021973684210526
M1641,0.0001,5.5e-05,-0.5,0.25,0.03,0.043735,0.06673,2SEG,1,GNSS,-0.024735000000000004,0.13327,1.3018421052631581,0.66635,0.9840960526315791
M1642,0.0001,5.5e-05,-0.5,0.25,0.035,0.043599,0.07306,2SEG,1,GNSS,-0.024599,0.12694,1.2946842105263159,0.6346999999999999,0.9646921052631579
M1643,0.0001,5.5e-05,-0.5,0.25,0.04,0.043469,0.07902,2SEG,1,GNSS,-0.024469,0.12098,1.287842105263158,0.6049,0.946371052631579
M1644,0.0001,5.5e-05,-0.5,0.25,0.05,0.043229,0.09004,2SEG,1,GNSS,-0.024228999999999997,0.10996000000000002,1.2752105263157893,0.5498000000000001,0.9125052631578947
M1645,0.0001,5.5e-05,-0.5,0.25,0.08,0.0426,0.1183,2SEG,1,GNSS,-0.0236,0.08170000000000001,1.2421052631578948,0.40850000000000003,0.8253026315789475
M1646,0.0001,5.5e-05,-0.5,0.5,0.03,0.043784,0.06322,2SEG,1,GNSS,-0.024783999999999997,0.13678,1.304421052631579,0.6839000000000001,0.9941605263157896
M1647,0.0001,5.5e-05,-0.5,0.5,0.035,0.043652,0.06922,2SEG,1,GNSS,-0.024652000000000004,0.13078,1.2974736842105266,0.6539,0.9756868421052634
M1648,0.0001,5.5e-05,-0.5,0.5,0.04,0.043528,0.07487,2SEG,1,GNSS,-0.024527999999999998,0.12513000000000002,1.2909473684210526,0.62565,0.9582986842105263
M1649,0.0001,5.5e-05,-0.5,0.5,0.05,0.043296,0.08532,2SEG,1,GNSS,-0.024296,0.11468000000000002,1.2787368421052632,0.5734,0.9260684210526315
M1650,0.0001,5.5e-05,-0.5,0.5,0.08,0.04269,0.1122,2SEG,1,GNSS,-0.02369,0.08780000000000002,1.246842105263158,0.43900000000000006,0.842921052631579
M1651,0.0001,5.5e-05,-0.25,-0.5,0.03,0.043501,0.08757,2SEG,1,GNSS,-0.024501,0.11243000000000002,1.2895263157894736,0.56215,0.9258381578947368
M1652,0.0001,5.5e-05,-0.25,-0.5,0.035,0.04334,0.09584,2SEG,1,GNSS,-0.024339999999999997,0.10416000000000002,1.2810526315789472,0.5208,0.9009263157894736
M1653,0.0001,5.5e-05,-0.25,-0.5,0.04,0.043188,0.1036,2SEG,1,GNSS,-0.024187999999999998,0.09640000000000001,1.2730526315789472,0.48200000000000004,0.8775263157894736
M1654,0.0001,5.5e-05,-0.25,-0.5,0.05,0.042903,0.118,2SEG,1,GNSS,-0.023902999999999997,0.08200000000000002,1.2580526315789473,0.4100000000000001,0.8340263157894737
M1655,0.0001,5.5e-05,-0.25,-0.5,0.08,0.042155,0.1548,2SEG,1,GNSS,-0.023155,0.04520000000000002,1.2186842105263158,0.2260000000000001,0.722342105263158
M1656,0.0001,5.5e-05,-0.25,-0.25,0.03,0.04364,0.07769,2SEG,1,GNSS,-0.02464,0.12231000000000002,1.2968421052631578,0.61155,0.9541960526315789
M1657,0.0001,5.5e-05,-0.25,-0.25,0.035,0.043494,0.08504,2SEG,1,GNSS,-0.024494,0.11496,1.289157894736842,0.5748,0.931978947368421
M1658,0.0001,5.5e-05,-0.25,-0.25,0.04,0.043355,0.09196,2SEG,1,GNSS,-0.024354999999999998,0.10804000000000001,1.281842105263158,0.5402,0.911021052631579
M1659,0.0001,5.5e-05,-0.25,-0.25,0.05,0.043095,0.1048,2SEG,1,GNSS,-0.024095000000000002,0.0952,1.2681578947368422,0.47600000000000003,0.8720789473684211
M1660,0.0001,5.5e-05,-0.25,-0.25,0.08,0.042416,0.1376,2SEG,1,GNSS,-0.023416000000000003,0.06240000000000001,1.232421052631579,0.31200000000000006,0.7722105263157896
M1661,0.0001,5.5e-05,-0.25,0.0,0.03,0.043729,0.07135,2SEG,1,GNSS,-0.024728999999999998,0.12865000000000001,1.3015263157894736,0.64325,0.9723881578947369
M1662,0.0001,5.5e-05,-0.25,0.0,0.035,0.043591,0.07811,2SEG,1,GNSS,-0.024591,0.12189000000000001,1.2942631578947368,0.60945,0.9518565789473684
M1663,0.0001,5.5e-05,-0.25,0.0,0.04,0.043461,0.08448,2SEG,1,GNSS,-0.024461,0.11552000000000001,1.287421052631579,0.5776,0.9325105263157896
M1664,0.0001,5.5e-05,-0.25,0.0,0.05,0.043218,0.09626,2SEG,1,GNSS,-0.024218,0.10374000000000001,1.2746315789473686,0.5187,0.8966657894736842
M1665,0.0001,5.5e-05,-0.25,0.0,0.08,0.042581,0.1265,2SEG,1,GNSS,-0.023581,0.07350000000000001,1.241105263157895,0.36750000000000005,0.8043026315789474
M1666,0.0001,5.5e-05,-0.25,0.25,0.03,0.043792,0.06678,2SEG,1,GNSS,-0.024791999999999998,0.13322,1.3048421052631578,0.6661,0.9854710526315789
M1667,0.0001,5.5e-05,-0.25,0.25,0.035,0.043661,0.07313,2SEG,1,GNSS,-0.024661,0.12687,1.2979473684210525,0.63435,0.9661486842105262
M1668,0.0001,5.5e-05,-0.25,0.25,0.04,0.043537,0.07909,2SEG,1,GNSS,-0.024537,0.12091000000000002,1.291421052631579,0.60455,0.9479855263157895
M1669,0.0001,5.5e-05,-0.25,0.25,0.05,0.043305,0.09013,2SEG,1,GNSS,-0.024305000000000004,0.10987000000000001,1.2792105263157898,0.54935,0.9142802631578949
M1670,0.0001,5.5e-05,-0.25,0.25,0.08,0.0427,0.1185,2SEG,1,GNSS,-0.023700000000000002,0.08150000000000002,1.2473684210526317,0.4075000000000001,0.8274342105263159
M1671,0.0001,5.5e-05,-0.25,0.5,0.03,0.043841,0.06327,2SEG,1,GNSS,-0.024841,0.13673000000000002,1.3074210526315788,0.6836500000000001,0.9955355263157895
M1672,0.0001,5.5e-05,-0.25,0.5,0.035,0.043714,0.06928,2SEG,1,GNSS,-0.024714000000000003,0.13072,1.3007368421052634,0.6536,0.9771684210526317
M1673,0.0001,5.5e-05,-0.25,0.5,0.04,0.043595,0.07494,2SEG,1,GNSS,-0.024595000000000002,0.12506,1.2944736842105264,0.6253,0.9598868421052632
M1674,0.0001,5.5e-05,-0.25,0.5,0.05,0.043372,0.08542,2SEG,1,GNSS,-0.024372,0.11458000000000002,1.2827368421052632,0.5729000000000001,0.9278184210526317
M1675,0.0001,5.5e-05,-0.25,0.5,0.08,0.04279,0.1123,2SEG,1,GNSS,-0.023790000000000002,0.08770000000000001,1.2521052631578948,0.43850000000000006,0.8453026315789475
M1676,0.0001,5.5e-05,0.0,-0.5,0.03,0.043537,0.08761,2SEG,1,GNSS,-0.024537,0.11239000000000002,1.291421052631579,0.5619500000000001,0.9266855263157896
M1677,0.0001,5.5e-05,0.0,-0.5,0.035,0.04338,0.09589,2SEG,1,GNSS,-0.024380000000000002,0.10411000000000001,1.2831578947368423,0.52055,0.9018539473684211
M1678,0.0001,5.5e-05,0.0,-0.5,0.04,0.04323,0.1037,2SEG,1,GNSS,-0.024229999999999998,0.09630000000000001,1.2752631578947369,0.48150000000000004,0.8783815789473685
M1679,0.0001,5.5e-05,0.0,-0.5,0.05,0.042951,0.1181,2SEG,1,GNSS,-0.023951000000000004,0.08190000000000001,1.2605789473684212,0.40950000000000003,0.8350394736842106
M1680,0.0001,5.5e-05,0.0,-0.5,0.08,0.042219,0.155,2SEG,1,GNSS,-0.023219,0.04500000000000001,1.2220526315789475,0.22500000000000006,0.7235263157894738
M1681,0.0001,5.5e-05,0.0,-0.25,0.03,0.043677,0.07772,2SEG,1,GNSS,-0.024677,0.12228000000000001,1.2987894736842107,0.6114,0.9550947368421054
M1682,0.0001,5.5e-05,0.0,-0.25,0.035,0.043533,0.08509,2SEG,1,GNSS,-0.024533000000000003,0.11491000000000001,1.2912105263157896,0.57455,0.9328802631578947
M1683,0.0001,5.5e-05,0.0,-0.25,0.04,0.043398,0.09202,2SEG,1,GNSS,-0.024398,0.10798,1.2841052631578946,0.5399,0.9120026315789473
M1684,0.0001,5.5e-05,0.0,-0.25,0.05,0.043144,0.1048,2SEG,1,GNSS,-0.024144000000000002,0.0952,1.2707368421052634,0.47600000000000003,0.8733684210526317
M1685,0.0001,5.5e-05,0.0,-0.25,0.08,0.04248,0.1377,2SEG,1,GNSS,-0.023479999999999997,0.06230000000000002,1.2357894736842103,0.3115000000000001,0.7736447368421052
M1686,0.0001,5.5e-05,0.0,0.0,0.03,0.043765,0.07138,2SEG,1,GNSS,-0.024765,0.12862,1.3034210526315788,0.6431,0.9732605263157894
M1687,0.0001,5.5e-05,0.0,0.0,0.035,0.043631,0.07816,2SEG,1,GNSS,-0.024631000000000004,0.12184000000000002,1.2963684210526318,0.6092000000000001,0.952784210526316
M1688,0.0001,5.5e-05,0.0,0.0,0.04,0.043504,0.08453,2SEG,1,GNSS,-0.024504,0.11547000000000002,1.289684210526316,0.57735,0.933517105263158
M1689,0.0001,5.5e-05,0.0,0.0,0.05,0.043267,0.09633,2SEG,1,GNSS,-0.024267,0.10367000000000001,1.2772105263157896,0.51835,0.8977802631578948
M1690,0.0001,5.5e-05,0.0,0.0,0.08,0.042645,0.1266,2SEG,1,GNSS,-0.023645000000000003,0.07340000000000002,1.2444736842105264,0.3670000000000001,0.8057368421052633
M1691,0.0001,5.5e-05,0.0,0.25,0.03,0.043829,0.06682,2SEG,1,GNSS,-0.024829,0.13318000000000002,1.3067894736842105,0.6659,0.9863447368421052
M1692,0.0001,5.5e-05,0.0,0.25,0.035,0.043701,0.07317,2SEG,1,GNSS,-0.024700999999999997,0.12683,1.3000526315789473,0.63415,0.9671013157894737
M1693,0.0001,5.5e-05,0.0,0.25,0.04,0.04358,0.07914,2SEG,1,GNSS,-0.02458,0.12086000000000001,1.293684210526316,0.6043000000000001,0.948992105263158
M1694,0.0001,5.5e-05,0.0,0.25,0.05,0.043354,0.0902,2SEG,1,GNSS,-0.024353999999999997,0.10980000000000001,1.2817894736842104,0.549,0.9153947368421052
M1695,0.0001,5.5e-05,0.0,0.25,0.08,0.042764,0.1186,2SEG,1,GNSS,-0.023764000000000004,0.08140000000000001,1.2507368421052634,0.40700000000000003,0.8288684210526317
M1696,0.0001,5.5e-05,0.0,0.5,0.03,0.043877,0.0633,2SEG,1,GNSS,-0.024877,0.13670000000000002,1.3093157894736842,0.6835,0.9964078947368421
M1697,0.0001,5.5e-05,0.0,0.5,0.035,0.043754,0.06932,2SEG,1,GNSS,-0.024754,0.13068000000000002,1.302842105263158,0.6534000000000001,0.9781210526315791
M1698,0.0001,5.5e-05,0.0,0.5,0.04,0.043638,0.07498,2SEG,1,GNSS,-0.024638000000000004,0.12502000000000002,1.2967368421052634,0.6251000000000001,0.9609184210526318
M1699,0.0001,5.5e-05,0.0,0.5,0.05,0.043421,0.08547,2SEG,1,GNSS,-0.024421,0.11453,1.2853157894736844,0.57265,0.9289828947368421
M1700,0.0001,5.5e-05,0.0,0.5,0.08,0.042854,0.1124,2SEG,1,GNSS,-0.023854000000000004,0.08760000000000001,1.2554736842105265,0.43800000000000006,0.8467368421052632
M1701,0.0001,5.5e-05,0.25,-0.5,0.03,0.043563,0.08764,2SEG,1,GNSS,-0.024562999999999998,0.11236000000000002,1.2927894736842105,0.5618000000000001,0.9272947368421053
M1702,0.0001,5.5e-05,0.25,-0.5,0.035,0.043408,0.09593,2SEG,1,GNSS,-0.024408000000000003,0.10407000000000001,1.2846315789473686,0.52035,0.9024907894736842
M1703,0.0001,5.5e-05,0.25,-0.5,0.04,0.043261,0.1037,2SEG,1,GNSS,-0.024261,0.09630000000000001,1.2768947368421053,0.48150000000000004,0.8791973684210527
M1704,0.0001,5.5e-05,0.25,-0.5,0.05,0.042986,0.1181,2SEG,1,GNSS,-0.023986000000000004,0.08190000000000001,1.262421052631579,0.40950000000000003,0.8359605263157895
M1705,0.0001,5.5e-05,0.25,-0.5,0.08,0.042264,0.1551,2SEG,1,GNSS,-0.023264000000000003,0.04490000000000002,1.224421052631579,0.22450000000000012,0.7244605263157896
M1706,0.0001,5.5e-05,0.25,-0.25,0.03,0.043703,0.07775,2SEG,1,GNSS,-0.024703,0.12225000000000001,1.3001578947368422,0.6112500000000001,0.9557039473684211
M1707,0.0001,5.5e-05,0.25,-0.25,0.035,0.043562,0.08512,2SEG,1,GNSS,-0.024561999999999997,0.11488000000000001,1.292736842105263,0.5744,0.9335684210526315
M1708,0.0001,5.5e-05,0.25,-0.25,0.04,0.043429,0.09206,2SEG,1,GNSS,-0.024429000000000003,0.10794000000000001,1.2857368421052633,0.5397,0.9127184210526316
M1709,0.0001,5.5e-05,0.25,-0.25,0.05,0.043179,0.1049,2SEG,1,GNSS,-0.024179000000000003,0.09510000000000002,1.2725789473684213,0.4755000000000001,0.8740394736842106
M1710,0.0001,5.5e-05,0.25,-0.25,0.08,0.042526,0.1378,2SEG,1,GNSS,-0.023526000000000002,0.062200000000000005,1.2382105263157897,0.311,0.7746052631578948
M1711,0.0001,5.5e-05,0.25,0.0,0.03,0.043791,0.07141,2SEG,1,GNSS,-0.024790999999999997,0.12859,1.3047894736842105,0.64295,0.9738697368421052
M1712,0.0001,5.5e-05,0.25,0.0,0.035,0.04366,0.07819,2SEG,1,GNSS,-0.024659999999999998,0.12181000000000002,1.2978947368421052,0.6090500000000001,0.9534723684210527
M1713,0.0001,5.5e-05,0.25,0.0,0.04,0.043535,0.08457,2SEG,1,GNSS,-0.024534999999999998,0.11543,1.2913157894736842,0.5771499999999999,0.9342328947368421
M1714,0.0001,5.5e-05,0.25,0.0,0.05,0.043302,0.09637,2SEG,1,GNSS,-0.024302,0.10363000000000001,1.2790526315789474,0.51815,0.8986013157894737
M1715,0.0001,5.5e-05,0.25,0.0,0.08,0.042691,0.1267,2SEG,1,GNSS,-0.023691,0.0733,1.2468947368421053,0.3665,0.8066973684210527
M1716,0.0001,5.5e-05,0.25,0.25,0.03,0.043855,0.06684,2SEG,1,GNSS,-0.024855,0.13316,1.308157894736842,0.6658,0.986978947368421
M1717,0.0001,5.5e-05,0.25,0.25,0.035,0.043729,0.07319,2SEG,1,GNSS,-0.024728999999999998,0.12681,1.3015263157894736,0.63405,0.9677881578947368
M1718,0.0001,5.5e-05,0.25,0.25,0.04,0.043611,0.07917,2SEG,1,GNSS,-0.024610999999999997,0.12083,1.2953157894736842,0.60415,0.9497328947368421
M1719,0.0001,5.5e-05,0.25,0.25,0.05,0.043389,0.09024,2SEG,1,GNSS,-0.024388999999999997,0.10976000000000001,1.2836315789473682,0.5488000000000001,0.9162157894736842
M1720,0.0001,5.5e-05,0.25,0.25,0.08,0.04281,0.1187,2SEG,1,GNSS,-0.02381,0.08130000000000001,1.2531578947368422,0.40650000000000003,0.8298289473684212
M1721,0.0001,5.5e-05,0.25,0.5,0.03,0.043903,0.06333,2SEG,1,GNSS,-0.024902999999999998,0.13667,1.3106842105263157,0.68335,0.9970171052631578
M1722,0.0001,5.5e-05,0.25,0.5,0.035,0.043783,0.06935,2SEG,1,GNSS,-0.024783000000000003,0.13065000000000002,1.3043684210526318,0.65325,0.978809210526316
M1723,0.0001,5.5e-05,0.25,0.5,0.04,0.043669,0.07502,2SEG,1,GNSS,-0.024669,0.12498000000000001,1.2983684210526316,0.6249,0.9616342105263158
M1724,0.0001,5.5e-05,0.25,0.5,0.05,0.043456,0.08552,2SEG,1,GNSS,-0.024456000000000002,0.11448000000000001,1.2871578947368423,0.5724,0.9297789473684211
M1725,0.0001,5.5e-05,0.25,0.5,0.08,0.0429,0.1125,2SEG,1,GNSS,-0.0239,0.08750000000000001,1.2578947368421054,0.4375,0.8476973684210527
M1726,0.0001,5.5e-05,0.5,-0.5,0.03,0.043584,0.08767,2SEG,1,GNSS,-0.024583999999999998,0.11233000000000001,1.2938947368421052,0.56165,0.9277723684210526
M1727,0.0001,5.5e-05,0.5,-0.5,0.035,0.04343,0.09596,2SEG,1,GNSS,-0.024430000000000004,0.10404000000000001,1.2857894736842108,0.5202,0.9029947368421054
M1728,0.0001,5.5e-05,0.5,-0.5,0.04,0.043285,0.1038,2SEG,1,GNSS,-0.024284999999999998,0.09620000000000001,1.278157894736842,0.48100000000000004,0.879578947368421
M1729,0.0001,5.5e-05,0.5,-0.5,0.05,0.043013,0.1182,2SEG,1,GNSS,-0.024013000000000003,0.08180000000000001,1.263842105263158,0.40900000000000003,0.8364210526315791
M1730,0.0001,5.5e-05,0.5,-0.5,0.08,0.042299,0.1551,2SEG,1,GNSS,-0.023299000000000004,0.04490000000000002,1.2262631578947372,0.22450000000000012,0.7253815789473687
M1731,0.0001,5.5e-05,0.5,-0.25,0.03,0.043723,0.07777,2SEG,1,GNSS,-0.024723,0.12223,1.3012105263157894,0.61115,0.9561802631578946
M1732,0.0001,5.5e-05,0.5,-0.25,0.035,0.043584,0.08515,2SEG,1,GNSS,-0.024583999999999998,0.11485000000000001,1.2938947368421052,0.57425,0.9340723684210526
M1733,0.0001,5.5e-05,0.5,-0.25,0.04,0.043452,0.09209,2SEG,1,GNSS,-0.024451999999999998,0.10791,1.2869473684210526,0.53955,0.9132486842105263
M1734,0.0001,5.5e-05,0.5,-0.25,0.05,0.043206,0.1049,2SEG,1,GNSS,-0.024206000000000002,0.09510000000000002,1.274,0.4755000000000001,0.87475
M1735,0.0001,5.5e-05,0.5,-0.25,0.08,0.042561,0.1379,2SEG,1,GNSS,-0.023561000000000002,0.062100000000000016,1.2400526315789475,0.31050000000000005,0.7752763157894738
M1736,0.0001,5.5e-05,0.5,0.0,0.03,0.043812,0.07143,2SEG,1,GNSS,-0.024811999999999997,0.12857000000000002,1.3058947368421052,0.64285,0.9743723684210526
M1737,0.0001,5.5e-05,0.5,0.0,0.035,0.043682,0.07821,2SEG,1,GNSS,-0.024682,0.12179000000000001,1.2990526315789475,0.60895,0.9540013157894738
M1738,0.0001,5.5e-05,0.5,0.0,0.04,0.043559,0.08459,2SEG,1,GNSS,-0.024559,0.11541000000000001,1.292578947368421,0.5770500000000001,0.9348144736842106
M1739,0.0001,5.5e-05,0.5,0.0,0.05,0.043329,0.09641,2SEG,1,GNSS,-0.024329,0.10359000000000002,1.2804736842105264,0.51795,0.8992118421052633
M1740,0.0001,5.5e-05,0.5,0.0,0.08,0.042727,0.1268,2SEG,1,GNSS,-0.023727,0.07320000000000002,1.2487894736842107,0.36600000000000005,0.8073947368421054
M1741,0.0001,5.5e-05,0.5,0.25,0.03,0.043875,0.06686,2SEG,1,GNSS,-0.024874999999999998,0.13314,1.3092105263157894,0.6657,0.9874552631578947
M1742,0.0001,5.5e-05,0.5,0.25,0.035,0.043752,0.07322,2SEG,1,GNSS,-0.024752,0.12678,1.3027368421052632,0.6339,0.9683184210526317
M1743,0.0001,5.5e-05,0.5,0.25,0.04,0.043635,0.0792,2SEG,1,GNSS,-0.024635,0.1208,1.296578947368421,0.604,0.9502894736842105
M1744,0.0001,5.5e-05,0.5,0.25,0.05,0.043416,0.09027,2SEG,1,GNSS,-0.024416000000000004,0.10973000000000001,1.2850526315789477,0.54865,0.9168513157894738
M1745,0.0001,5.5e-05,0.5,0.25,0.08,0.042845,0.1187,2SEG,1,GNSS,-0.023845,0.08130000000000001,1.2550000000000001,0.40650000000000003,0.8307500000000001
M1746,0.0001,5.5e-05,0.5,0.5,0.03,0.043924,0.06334,2SEG,1,GNSS,-0.024923999999999998,0.13666,1.3117894736842104,0.6833,0.9975447368421052
M1747,0.0001,5.5e-05,0.5,0.5,0.035,0.043805,0.06937,2SEG,1,GNSS,-0.024804999999999997,0.13063000000000002,1.3055263157894736,0.6531500000000001,0.9793381578947369
M1748,0.0001,5.5e-05,0.5,0.5,0.04,0.043693,0.07504,2SEG,1,GNSS,-0.024693000000000003,0.12496000000000002,1.2996315789473687,0.6248,0.9622157894736844
M1749,0.0001,5.5e-05,0.5,0.5,0.05,0.043483,0.08555,2SEG,1,GNSS,-0.024483,0.11445000000000001,1.288578947368421,0.57225,0.9304144736842106
M1750,0.0001,5.5e-05,0.5,0.5,0.08,0.042936,0.1126,2SEG,1,GNSS,-0.023936000000000002,0.0874,1.2597894736842108,0.437,0.8483947368421054
M1751,0.0001,0.0001,-0.5,-0.5,0.03,0.053986,0.09962,2SEG,1,GNSS,-0.034986,0.10038000000000001,1.8413684210526318,0.5019,1.171634210526316
M1752,0.0001,0.0001,-0.5,-0.5,0.035,0.053771,0.109,2SEG,1,GNSS,-0.034770999999999996,0.09100000000000001,1.8300526315789472,0.455,1.1425263157894736
M1753,0.0001,0.0001,-0.5,-0.5,0.04,0.053568,0.1178,2SEG,1,GNSS,-0.034568,0.08220000000000001,1.8193684210526317,0.41100000000000003,1.1151842105263159
M1754,0.0001,0.0001,-0.5,-0.5,0.05,0.053188,0.1342,2SEG,1,GNSS,-0.034187999999999996,0.0658,1.7993684210526315,0.32899999999999996,1.0641842105263157
M1755,0.0001,0.0001,-0.5,-0.5,0.08,0.052097,0.1757,2SEG,1,GNSS,-0.033097,0.024300000000000016,1.7419473684210527,0.12150000000000008,0.9317236842105264
M1756,0.0001,0.0001,-0.5,-0.25,0.03,0.054186,0.08841,2SEG,1,GNSS,-0.035185999999999995,0.11159000000000001,1.851894736842105,0.5579500000000001,1.2049223684210526
M1757,0.0001,0.0001,-0.5,-0.25,0.035,0.053993,0.09677,2SEG,1,GNSS,-0.034992999999999996,0.10323000000000002,1.8417368421052631,0.51615,1.1789434210526315
M1758,0.0001,0.0001,-0.5,-0.25,0.04,0.05381,0.1046,2SEG,1,GNSS,-0.034809999999999994,0.09540000000000001,1.8321052631578945,0.47700000000000004,1.1545526315789472
M1759,0.0001,0.0001,-0.5,-0.25,0.05,0.053467,0.1192,2SEG,1,GNSS,-0.034467,0.08080000000000001,1.8140526315789474,0.404,1.1090263157894737
M1760,0.0001,0.0001,-0.5,-0.25,0.08,0.052511,0.1563,2SEG,1,GNSS,-0.033511,0.04370000000000002,1.763736842105263,0.21850000000000008,0.9911184210526316
M1761,0.0001,0.0001,-0.5,0.0,0.03,0.054313,0.08121,2SEG,1,GNSS,-0.035313,0.11879,1.8585789473684209,0.59395,1.2262644736842105
M1762,0.0001,0.0001,-0.5,0.0,0.035,0.054134,0.0889,2SEG,1,GNSS,-0.035134,0.1111,1.8491578947368421,0.5555,1.202328947368421
M1763,0.0001,0.0001,-0.5,0.0,0.04,0.053963,0.09614,2SEG,1,GNSS,-0.034962999999999994,0.10386000000000001,1.8401578947368418,0.5193,1.179728947368421
M1764,0.0001,0.0001,-0.5,0.0,0.05,0.053644,0.1095,2SEG,1,GNSS,-0.034643999999999994,0.09050000000000001,1.8233684210526313,0.4525,1.1379342105263157
M1765,0.0001,0.0001,-0.5,0.0,0.08,0.052766,0.1438,2SEG,1,GNSS,-0.033766000000000004,0.0562,1.7771578947368423,0.28099999999999997,1.0290789473684212
M1766,0.0001,0.0001,-0.5,0.25,0.03,0.054403,0.07602,2SEG,1,GNSS,-0.035403000000000004,0.12398,1.8633157894736845,0.6199,1.2416078947368423
M1767,0.0001,0.0001,-0.5,0.25,0.035,0.054234,0.08324,2SEG,1,GNSS,-0.035234,0.11676000000000002,1.854421052631579,0.5838000000000001,1.2191105263157895
M1768,0.0001,0.0001,-0.5,0.25,0.04,0.054073,0.09002,2SEG,1,GNSS,-0.03507300000000001,0.10998000000000001,1.845947368421053,0.5499,1.1979236842105265
M1769,0.0001,0.0001,-0.5,0.25,0.05,0.053771,0.1026,2SEG,1,GNSS,-0.034770999999999996,0.09740000000000001,1.8300526315789472,0.48700000000000004,1.1585263157894736
M1770,0.0001,0.0001,-0.5,0.25,0.08,0.052978,0.1348,2SEG,1,GNSS,-0.033977999999999994,0.06520000000000001,1.7883157894736839,0.326,1.0571578947368419
M1771,0.0001,0.0001,-0.5,0.5,0.03,0.054473,0.07203,2SEG,1,GNSS,-0.035473000000000005,0.12797000000000003,1.8670000000000002,0.6398500000000001,1.2534250000000002
M1772,0.0001,0.0001,-0.5,0.5,0.035,0.05431,0.07887,2SEG,1,GNSS,-0.035309999999999994,0.12113000000000002,1.8584210526315788,0.60565,1.2320355263157894
M1773,0.0001,0.0001,-0.5,0.5,0.04,0.054156,0.08531,2SEG,1,GNSS,-0.03515600000000001,0.11469000000000001,1.8503157894736846,0.57345,1.2118828947368423
M1774,0.0001,0.0001,-0.5,0.5,0.05,0.053868,0.09722,2SEG,1,GNSS,-0.034867999999999996,0.10278000000000001,1.8351578947368419,0.5139,1.174528947368421
M1775,0.0001,0.0001,-0.5,0.5,0.08,0.05311,0.1278,2SEG,1,GNSS,-0.03411,0.07220000000000001,1.795263157894737,0.36100000000000004,1.0781315789473684
M1776,0.0001,0.0001,-0.25,-0.5,0.03,0.054037,0.09968,2SEG,1,GNSS,-0.035037,0.10032,1.8440526315789474,0.5016,1.1728263157894738
M1777,0.0001,0.0001,-0.25,-0.5,0.035,0.053827,0.1091,2SEG,1,GNSS,-0.034827,0.09090000000000001,1.833,0.4545,1.14375
M1778,0.0001,0.0001,-0.25,-0.5,0.04,0.053628,0.1179,2SEG,1,GNSS,-0.034628000000000006,0.0821,1.822526315789474,0.41050000000000003,1.116513157894737
M1779,0.0001,0.0001,-0.25,-0.5,0.05,0.053255,0.1343,2SEG,1,GNSS,-0.034254999999999994,0.06570000000000001,1.8028947368421049,0.3285,1.0656973684210524
M1780,0.0001,0.0001,-0.25,-0.5,0.08,0.052185,0.1759,2SEG,1,GNSS,-0.033185000000000006,0.02410000000000001,1.7465789473684215,0.12050000000000005,0.9335394736842108
M1781,0.0001,0.0001,-0.25,-0.25,0.03,0.054237,0.08846,2SEG,1,GNSS,-0.035237000000000004,0.11154000000000001,1.8545789473684213,0.5577000000000001,1.2061394736842108
M1782,0.0001,0.0001,-0.25,-0.25,0.035,0.054049,0.09683,2SEG,1,GNSS,-0.035049,0.10317000000000001,1.8446842105263157,0.51585,1.180267105263158
M1783,0.0001,0.0001,-0.25,-0.25,0.04,0.05387,0.1047,2SEG,1,GNSS,-0.03487,0.09530000000000001,1.8352631578947367,0.47650000000000003,1.1558815789473684
M1784,0.0001,0.0001,-0.25,-0.25,0.05,0.053535,0.1193,2SEG,1,GNSS,-0.034534999999999996,0.08070000000000001,1.8176315789473683,0.4035,1.1105657894736842
M1785,0.0001,0.0001,-0.25,-0.25,0.08,0.052599,0.1565,2SEG,1,GNSS,-0.033599000000000004,0.04350000000000001,1.7683684210526318,0.21750000000000005,0.9929342105263159
M1786,0.0001,0.0001,-0.25,0.0,0.03,0.054364,0.08125,2SEG,1,GNSS,-0.03536400000000001,0.11875000000000001,1.8612631578947372,0.59375,1.2275065789473687
M1787,0.0001,0.0001,-0.25,0.0,0.035,0.054189,0.08896,2SEG,1,GNSS,-0.035189,0.11104000000000001,1.8520526315789474,0.5552,1.2036263157894738
M1788,0.0001,0.0001,-0.25,0.0,0.04,0.054024,0.0962,2SEG,1,GNSS,-0.035024,0.10380000000000002,1.8433684210526315,0.519,1.1811842105263157
M1789,0.0001,0.0001,-0.25,0.0,0.05,0.053713,0.1096,2SEG,1,GNSS,-0.034712999999999994,0.09040000000000001,1.8269999999999997,0.452,1.1395
M1790,0.0001,0.0001,-0.25,0.0,0.08,0.052856,0.1439,2SEG,1,GNSS,-0.033856,0.05610000000000001,1.7818947368421052,0.2805,1.0311973684210527
M1791,0.0001,0.0001,-0.25,0.25,0.03,0.054454,0.07607,2SEG,1,GNSS,-0.035454,0.12393000000000001,1.866,0.61965,1.242825
M1792,0.0001,0.0001,-0.25,0.25,0.035,0.054289,0.08329,2SEG,1,GNSS,-0.035289,0.11671000000000001,1.8573157894736843,0.58355,1.2204328947368421
M1793,0.0001,0.0001,-0.25,0.25,0.04,0.054133,0.09008,2SEG,1,GNSS,-0.035133,0.10992000000000002,1.8491052631578946,0.5496000000000001,1.1993526315789473
M1794,0.0001,0.0001,-0.25,0.25,0.05,0.053839,0.1027,2SEG,1,GNSS,-0.034838999999999995,0.09730000000000001,1.8336315789473683,0.48650000000000004,1.160065789473684
M1795,0.0001,0.0001,-0.25,0.25,0.08,0.053067,0.1349,2SEG,1,GNSS,-0.034067,0.06510000000000002,1.7930000000000001,0.32550000000000007,1.05925
M1796,0.0001,0.0001,-0.25,0.5,0.03,0.054525,0.07207,2SEG,1,GNSS,-0.035525,0.12793000000000002,1.8697368421052634,0.63965,1.2546934210526317
M1797,0.0001,0.0001,-0.25,0.5,0.035,0.054366,0.07892,2SEG,1,GNSS,-0.035365999999999995,0.12108000000000001,1.8613684210526313,0.6054,1.2333842105263157
M1798,0.0001,0.0001,-0.25,0.5,0.04,0.054216,0.08536,2SEG,1,GNSS,-0.035216,0.11464,1.8534736842105262,0.5732,1.213336842105263
M1799,0.0001,0.0001,-0.25,0.5,0.05,0.053936,0.09729,2SEG,1,GNSS,-0.034935999999999995,0.10271000000000001,1.838736842105263,0.5135500000000001,1.1761434210526316
M1800,0.0001,0.0001,-0.25,0.5,0.08,0.053199,0.1279,2SEG,1,GNSS,-0.03419900000000001,0.0721,1.799947368421053,0.3605,1.0802236842105264
M1801,0.0001,0.0001,0.0,-0.5,0.03,0.054069,0.09972,2SEG,1,GNSS,-0.035069,0.10028000000000001,1.8457368421052633,0.5014,1.1735684210526316
M1802,0.0001,0.0001,0.0,-0.5,0.035,0.053862,0.1091,2SEG,1,GNSS,-0.034862000000000004,0.09090000000000001,1.834842105263158,0.4545,1.144671052631579
M1803,0.0001,0.0001,0.0,-0.5,0.04,0.053666,0.118,2SEG,1,GNSS,-0.034666,0.08200000000000002,1.8245263157894738,0.4100000000000001,1.117263157894737
M1804,0.0001,0.0001,0.0,-0.5,0.05,0.053299,0.1343,2SEG,1,GNSS,-0.034298999999999996,0.06570000000000001,1.8052105263157894,0.3285,1.0668552631578947
M1805,0.0001,0.0001,0.0,-0.5,0.08,0.052242,0.176,2SEG,1,GNSS,-0.033241999999999994,0.02400000000000002,1.7495789473684207,0.1200000000000001,0.9347894736842104
M1806,0.0001,0.0001,0.0,-0.25,0.03,0.05427,0.08849,2SEG,1,GNSS,-0.035269999999999996,0.11151000000000001,1.8563157894736841,0.55755,1.206932894736842
M1807,0.0001,0.0001,0.0,-0.25,0.035,0.054085,0.09687,2SEG,1,GNSS,-0.035085000000000005,0.10313000000000001,1.8465789473684213,0.51565,1.1811144736842107
M1808,0.0001,0.0001,0.0,-0.25,0.04,0.053909,0.1047,2SEG,1,GNSS,-0.034908999999999996,0.09530000000000001,1.837315789473684,0.47650000000000003,1.156907894736842
M1809,0.0001,0.0001,0.0,-0.25,0.05,0.053579,0.1193,2SEG,1,GNSS,-0.034579,0.08070000000000001,1.8199473684210525,0.4035,1.1117236842105263
M1810,0.0001,0.0001,0.0,-0.25,0.08,0.052656,0.1566,2SEG,1,GNSS,-0.033656000000000005,0.04340000000000002,1.771368421052632,0.2170000000000001,0.994184210526316
M1811,0.0001,0.0001,0.0,0.0,0.03,0.054397,0.08128,2SEG,1,GNSS,-0.035397,0.11872,1.863,0.5936,1.2283
M1812,0.0001,0.0001,0.0,0.0,0.035,0.054225,0.08899,2SEG,1,GNSS,-0.035225000000000006,0.11101000000000001,1.853947368421053,0.55505,1.2044986842105265
M1813,0.0001,0.0001,0.0,0.0,0.04,0.054062,0.09624,2SEG,1,GNSS,-0.035061999999999996,0.10376,1.8453684210526313,0.5188,1.1820842105263156
M1814,0.0001,0.0001,0.0,0.0,0.05,0.053756,0.1097,2SEG,1,GNSS,-0.034755999999999995,0.0903,1.8292631578947367,0.4515,1.1403815789473684
M1815,0.0001,0.0001,0.0,0.0,0.08,0.052913,0.144,2SEG,1,GNSS,-0.033913,0.05600000000000002,1.7848947368421053,0.2800000000000001,1.0324473684210527
M1816,0.0001,0.0001,0.0,0.25,0.03,0.054487,0.07609,2SEG,1,GNSS,-0.035487000000000005,0.12391,1.8677368421052634,0.61955,1.2436434210526317
M1817,0.0001,0.0001,0.0,0.25,0.035,0.054325,0.08332,2SEG,1,GNSS,-0.035324999999999995,0.11668,1.8592105263157892,0.5834,1.2213052631578947
M1818,0.0001,0.0001,0.0,0.25,0.04,0.054172,0.09012,2SEG,1,GNSS,-0.035171999999999995,0.10988,1.851157894736842,0.5494,1.200278947368421
M1819,0.0001,0.0001,0.0,0.25,0.05,0.053883,0.1027,2SEG,1,GNSS,-0.034883,0.09730000000000001,1.8359473684210526,0.48650000000000004,1.1612236842105264
M1820,0.0001,0.0001,0.0,0.25,0.08,0.053125,0.135,2SEG,1,GNSS,-0.034125,0.065,1.7960526315789476,0.325,1.0605263157894738
M1821,0.0001,0.0001,0.0,0.5,0.03,0.054557,0.0721,2SEG,1,GNSS,-0.035557000000000005,0.1279,1.8714210526315793,0.6395000000000001,1.2554605263157896
M1822,0.0001,0.0001,0.0,0.5,0.035,0.054402,0.07895,2SEG,1,GNSS,-0.035402,0.12105,1.863263157894737,0.60525,1.2342565789473685
M1823,0.0001,0.0001,0.0,0.5,0.04,0.054255,0.0854,2SEG,1,GNSS,-0.035254999999999995,0.11460000000000001,1.8555263157894735,0.573,1.2142631578947367
M1824,0.0001,0.0001,0.0,0.5,0.05,0.05398,0.09734,2SEG,1,GNSS,-0.03498,0.10266000000000002,1.8410526315789473,0.5133000000000001,1.1771763157894737
M1825,0.0001,0.0001,0.0,0.5,0.08,0.053257,0.128,2SEG,1,GNSS,-0.034256999999999996,0.07200000000000001,1.8029999999999997,0.36000000000000004,1.0815
M1826,0.0001,0.0001,0.25,-0.5,0.03,0.054092,0.09974,2SEG,1,GNSS,-0.035092,0.10026000000000002,1.8469473684210527,0.5013000000000001,1.1741236842105263
M1827,0.0001,0.0001,0.25,-0.5,0.035,0.053888,0.1092,2SEG,1,GNSS,-0.034888,0.0908,1.8362105263157897,0.454,1.1451052631578948
M1828,0.0001,0.0001,0.25,-0.5,0.04,0.053694,0.118,2SEG,1,GNSS,-0.034694,0.08200000000000002,1.8260000000000003,0.4100000000000001,1.118
M1829,0.0001,0.0001,0.25,-0.5,0.05,0.05333,0.1344,2SEG,1,GNSS,-0.03433,0.06560000000000002,1.8068421052631578,0.32800000000000007,1.067421052631579
M1830,0.0001,0.0001,0.25,-0.5,0.08,0.052283,0.1761,2SEG,1,GNSS,-0.03328300000000001,0.023900000000000005,1.7517368421052635,0.11950000000000002,0.9356184210526317
M1831,0.0001,0.0001,0.25,-0.25,0.03,0.054293,0.08851,2SEG,1,GNSS,-0.035293000000000005,0.11149,1.857526315789474,0.55745,1.207488157894737
M1832,0.0001,0.0001,0.25,-0.25,0.035,0.05411,0.09689,2SEG,1,GNSS,-0.03511,0.10311000000000001,1.8478947368421055,0.51555,1.1817223684210527
M1833,0.0001,0.0001,0.25,-0.25,0.04,0.053936,0.1048,2SEG,1,GNSS,-0.034935999999999995,0.0952,1.838736842105263,0.47600000000000003,1.1573684210526316
M1834,0.0001,0.0001,0.25,-0.25,0.05,0.053611,0.1194,2SEG,1,GNSS,-0.034611,0.0806,1.8216315789473687,0.403,1.1123157894736844
M1835,0.0001,0.0001,0.25,-0.25,0.08,0.052697,0.1566,2SEG,1,GNSS,-0.033697000000000005,0.04340000000000002,1.773526315789474,0.2170000000000001,0.9952631578947371
M1836,0.0001,0.0001,0.25,0.0,0.03,0.05442,0.0813,2SEG,1,GNSS,-0.03542000000000001,0.11870000000000001,1.86421052631579,0.5935,1.228855263157895
M1837,0.0001,0.0001,0.25,0.0,0.035,0.054251,0.08902,2SEG,1,GNSS,-0.035251000000000005,0.11098000000000001,1.8553157894736845,0.5549000000000001,1.2051078947368423
M1838,0.0001,0.0001,0.25,0.0,0.04,0.05409,0.09627,2SEG,1,GNSS,-0.035089999999999996,0.10373000000000002,1.8468421052631578,0.51865,1.182746052631579
M1839,0.0001,0.0001,0.25,0.0,0.05,0.053788,0.1097,2SEG,1,GNSS,-0.034788,0.0903,1.8309473684210527,0.4515,1.1412236842105263
M1840,0.0001,0.0001,0.25,0.0,0.08,0.052954,0.1441,2SEG,1,GNSS,-0.033954,0.055900000000000005,1.7870526315789472,0.2795,1.0332763157894735
M1841,0.0001,0.0001,0.25,0.25,0.03,0.054511,0.07611,2SEG,1,GNSS,-0.035511,0.12389000000000001,1.869,0.6194500000000001,1.2442250000000001
M1842,0.0001,0.0001,0.25,0.25,0.035,0.054351,0.08334,2SEG,1,GNSS,-0.035350999999999994,0.11666000000000001,1.8605789473684207,0.5833,1.2219394736842104
M1843,0.0001,0.0001,0.25,0.25,0.04,0.054199,0.09015,2SEG,1,GNSS,-0.035198999999999994,0.10985000000000002,1.8525789473684209,0.54925,1.2009144736842106
M1844,0.0001,0.0001,0.25,0.25,0.05,0.053915,0.1027,2SEG,1,GNSS,-0.034915,0.09730000000000001,1.8376315789473685,0.48650000000000004,1.1620657894736843
M1845,0.0001,0.0001,0.25,0.25,0.08,0.053166,0.1351,2SEG,1,GNSS,-0.034166,0.06490000000000001,1.7982105263157897,0.32450000000000007,1.0613552631578949
M1846,0.0001,0.0001,0.25,0.5,0.03,0.054581,0.07212,2SEG,1,GNSS,-0.035581,0.12788,1.872684210526316,0.6394,1.256042105263158
M1847,0.0001,0.0001,0.25,0.5,0.035,0.054427,0.07897,2SEG,1,GNSS,-0.035427,0.12103000000000001,1.8645789473684211,0.6051500000000001,1.2348644736842105
M1848,0.0001,0.0001,0.25,0.5,0.04,0.054283,0.08543,2SEG,1,GNSS,-0.035282999999999995,0.11457,1.8569999999999998,0.57285,1.2149249999999998
M1849,0.0001,0.0001,0.25,0.5,0.05,0.054012,0.09738,2SEG,1,GNSS,-0.035012,0.10262000000000002,1.8427368421052632,0.5131,1.1779184210526317
M1850,0.0001,0.0001,0.25,0.5,0.08,0.053298,0.1281,2SEG,1,GNSS,-0.034297999999999995,0.07190000000000002,1.8051578947368419,0.3595000000000001,1.082328947368421
M1851,0.0001,0.0001,0.5,-0.5,0.03,0.05411,0.09976,2SEG,1,GNSS,-0.03511,0.10024000000000001,1.8478947368421055,0.5012,1.1745473684210528
M1852,0.0001,0.0001,0.5,-0.5,0.035,0.053907,0.1092,2SEG,1,GNSS,-0.034906999999999994,0.0908,1.8372105263157892,0.454,1.1456052631578946
M1853,0.0001,0.0001,0.5,-0.5,0.04,0.053715,0.118,2SEG,1,GNSS,-0.034714999999999996,0.08200000000000002,1.8271052631578946,0.4100000000000001,1.1185526315789474
M1854,0.0001,0.0001,0.5,-0.5,0.05,0.053354,0.1344,2SEG,1,GNSS,-0.034353999999999996,0.06560000000000002,1.8081052631578947,0.32800000000000007,1.0680526315789474
M1855,0.0001,0.0001,0.5,-0.5,0.08,0.052314,0.1761,2SEG,1,GNSS,-0.033313999999999996,0.023900000000000005,1.7533684210526315,0.11950000000000002,0.9364342105263157
M1856,0.0001,0.0001,0.5,-0.25,0.03,0.054311,0.08853,2SEG,1,GNSS,-0.035310999999999995,0.11147000000000001,1.858473684210526,0.55735,1.207911842105263
M1857,0.0001,0.0001,0.5,-0.25,0.035,0.05413,0.09692,2SEG,1,GNSS,-0.035129999999999995,0.10308,1.8489473684210525,0.5154,1.1821736842105262
M1858,0.0001,0.0001,0.5,-0.25,0.04,0.053958,0.1048,2SEG,1,GNSS,-0.034958,0.0952,1.8398947368421055,0.47600000000000003,1.1579473684210528
M1859,0.0001,0.0001,0.5,-0.25,0.05,0.053635,0.1194,2SEG,1,GNSS,-0.034635,0.0806,1.8228947368421053,0.403,1.1129473684210527
M1860,0.0001,0.0001,0.5,-0.25,0.08,0.052729,0.1567,2SEG,1,GNSS,-0.033728999999999995,0.043300000000000005,1.7752105263157893,0.21650000000000003,0.9958552631578947
M1861,0.0001,0.0001,0.5,0.0,0.03,0.054438,0.08132,2SEG,1,GNSS,-0.035438,0.11868000000000001,1.865157894736842,0.5934,1.229278947368421
M1862,0.0001,0.0001,0.5,0.0,0.035,0.054271,0.08904,2SEG,1,GNSS,-0.035271,0.11096000000000002,1.8563684210526314,0.5548000000000001,1.2055842105263157
M1863,0.0001,0.0001,0.5,0.0,0.04,0.054111,0.0963,2SEG,1,GNSS,-0.035111,0.10370000000000001,1.8479473684210528,0.5185000000000001,1.1832236842105264
M1864,0.0001,0.0001,0.5,0.0,0.05,0.053812,0.1097,2SEG,1,GNSS,-0.034811999999999996,0.0903,1.8322105263157893,0.4515,1.1418552631578947
M1865,0.0001,0.0001,0.5,0.0,0.08,0.052986,0.1441,2SEG,1,GNSS,-0.033986,0.055900000000000005,1.7887368421052634,0.2795,1.0341184210526317
M1866,0.0001,0.0001,0.5,0.25,0.03,0.054529,0.07613,2SEG,1,GNSS,-0.035529000000000005,0.12387000000000001,1.869947368421053,0.61935,1.2446486842105264
M1867,0.0001,0.0001,0.5,0.25,0.035,0.054371,0.08336,2SEG,1,GNSS,-0.035371,0.11664000000000001,1.8616315789473685,0.5832,1.2224157894736842
M1868,0.0001,0.0001,0.5,0.25,0.04,0.054221,0.09017,2SEG,1,GNSS,-0.035221,0.10983000000000001,1.8537368421052633,0.54915,1.2014434210526317
M1869,0.0001,0.0001,0.5,0.25,0.05,0.053939,0.1028,2SEG,1,GNSS,-0.034939,0.09720000000000001,1.8388947368421051,0.48600000000000004,1.1624473684210526
M1870,0.0001,0.0001,0.5,0.25,0.08,0.053197,0.1351,2SEG,1,GNSS,-0.034197000000000005,0.06490000000000001,1.7998421052631581,0.32450000000000007,1.062171052631579
M1871,0.0001,0.0001,0.5,0.5,0.03,0.054599,0.07213,2SEG,1,GNSS,-0.035599000000000006,0.12787,1.8736315789473688,0.63935,1.2564907894736843
M1872,0.0001,0.0001,0.5,0.5,0.035,0.054447,0.07899,2SEG,1,GNSS,-0.035447000000000006,0.12101,1.8656315789473688,0.60505,1.2353407894736843
M1873,0.0001,0.0001,0.5,0.5,0.04,0.054304,0.08545,2SEG,1,GNSS,-0.035304,0.11455000000000001,1.858105263157895,0.57275,1.2154276315789474
M1874,0.0001,0.0001,0.5,0.5,0.05,0.054036,0.0974,2SEG,1,GNSS,-0.035036,0.10260000000000001,1.8439999999999999,0.513,1.1784999999999999
M1875,0.0001,0.0001,0.5,0.5,0.08,0.05333,0.1281,2SEG,1,GNSS,-0.03433,0.07190000000000002,1.8068421052631578,0.3595000000000001,1.083171052631579
M1876,0.00055,1e-06,-0.5,-0.5,0.03,0.082845,0.1292,2SEG,1,GNSS,-0.063845,0.0708,3.360263157894737,0.354,1.8571315789473686
M1877,0.00055,1e-06,-0.5,-0.5,0.035,0.082498,0.1413,2SEG,1,GNSS,-0.063498,0.0587,3.342,0.2935,1.81775
M1878,0.00055,1e-06,-0.5,-0.5,0.04,0.082172,0.1528,2SEG,1,GNSS,-0.06317199999999999,0.04720000000000002,3.3248421052631576,0.2360000000000001,1.780421052631579
M1879,0.00055,1e-06,-0.5,-0.5,0.05,0.081569,0.1739,2SEG,1,GNSS,-0.062569,0.026100000000000012,3.2931052631578948,0.13050000000000006,1.7118026315789474
M1880,0.00055,1e-06,-0.5,-0.5,0.08,0.080005,0.2279,2SEG,1,GNSS,-0.061005000000000004,-0.02789999999999998,3.2107894736842106,0.1394999999999999,1.6751447368421053
M1881,0.00055,1e-06,-0.5,-0.25,0.03,0.082845,0.1144,2SEG,1,GNSS,-0.063845,0.08560000000000001,3.360263157894737,0.42800000000000005,1.8941315789473685
M1882,0.00055,1e-06,-0.5,-0.25,0.035,0.082499,0.1252,2SEG,1,GNSS,-0.063499,0.0748,3.3420526315789476,0.374,1.8580263157894739
M1883,0.00055,1e-06,-0.5,-0.25,0.04,0.082174,0.1353,2SEG,1,GNSS,-0.063174,0.06470000000000001,3.324947368421052,0.3235,1.8242236842105262
M1884,0.00055,1e-06,-0.5,-0.25,0.05,0.08157,0.154,2SEG,1,GNSS,-0.06257,0.04600000000000001,3.2931578947368423,0.23000000000000007,1.7615789473684211
M1885,0.00055,1e-06,-0.5,-0.25,0.08,0.080007,0.2018,2SEG,1,GNSS,-0.06100699999999999,-0.001799999999999996,3.210894736842105,0.00899999999999998,1.6099473684210523
M1886,0.00055,1e-06,-0.5,0.0,0.03,0.082846,0.1049,2SEG,1,GNSS,-0.063846,0.09510000000000002,3.360315789473684,0.4755000000000001,1.9179078947368422
M1887,0.00055,1e-06,-0.5,0.0,0.035,0.0825,0.1148,2SEG,1,GNSS,-0.0635,0.08520000000000001,3.3421052631578947,0.42600000000000005,1.8840526315789474
M1888,0.00055,1e-06,-0.5,0.0,0.04,0.082174,0.1241,2SEG,1,GNSS,-0.063174,0.07590000000000001,3.324947368421052,0.3795,1.8522236842105262
M1889,0.00055,1e-06,-0.5,0.0,0.05,0.081571,0.1412,2SEG,1,GNSS,-0.062571,0.05880000000000002,3.29321052631579,0.2940000000000001,1.793605263157895
M1890,0.00055,1e-06,-0.5,0.0,0.08,0.080008,0.1851,2SEG,1,GNSS,-0.06100799999999999,0.014900000000000024,3.2109473684210523,0.07450000000000012,1.6427236842105262
M1891,0.00055,1e-06,-0.5,0.25,0.03,0.082846,0.09813,2SEG,1,GNSS,-0.063846,0.10187000000000002,3.360315789473684,0.5093500000000001,1.934832894736842
M1892,0.00055,1e-06,-0.5,0.25,0.035,0.0825,0.1074,2SEG,1,GNSS,-0.0635,0.09260000000000002,3.3421052631578947,0.4630000000000001,1.9025526315789474
M1893,0.00055,1e-06,-0.5,0.25,0.04,0.082175,0.1161,2SEG,1,GNSS,-0.063175,0.08390000000000002,3.3249999999999997,0.41950000000000004,1.87225
M1894,0.00055,1e-06,-0.5,0.25,0.05,0.081571,0.1321,2SEG,1,GNSS,-0.062571,0.06790000000000002,3.29321052631579,0.3395000000000001,1.816355263157895
M1895,0.00055,1e-06,-0.5,0.25,0.08,0.080009,0.1731,2SEG,1,GNSS,-0.061008999999999994,0.026900000000000007,3.211,0.13450000000000004,1.67275
M1896,0.00055,1e-06,-0.5,0.5,0.03,0.082847,0.09291,2SEG,1,GNSS,-0.063847,0.10709,3.3603684210526317,0.53545,1.9479092105263158
M1897,0.00055,1e-06,-0.5,0.5,0.035,0.082501,0.1017,2SEG,1,GNSS,-0.063501,0.09830000000000001,3.342157894736842,0.49150000000000005,1.9168289473684212
M1898,0.00055,1e-06,-0.5,0.5,0.04,0.082175,0.1099,2SEG,1,GNSS,-0.063175,0.09010000000000001,3.3249999999999997,0.45050000000000007,1.8877499999999998
M1899,0.00055,1e-06,-0.5,0.5,0.05,0.081572,0.1251,2SEG,1,GNSS,-0.062572,0.07490000000000002,3.293263157894737,0.3745000000000001,1.8338815789473686
M1900,0.00055,1e-06,-0.5,0.5,0.08,0.08001,0.1639,2SEG,1,GNSS,-0.061009999999999995,0.03610000000000002,3.2110526315789474,0.1805000000000001,1.6957763157894736
M1901,0.00055,1e-06,-0.25,-0.5,0.03,0.083254,0.1296,2SEG,1,GNSS,-0.06425399999999999,0.07040000000000002,3.38178947368421,0.3520000000000001,1.866894736842105
M1902,0.00055,1e-06,-0.25,-0.5,0.035,0.082946,0.1418,2SEG,1,GNSS,-0.063946,0.0582,3.3655789473684212,0.291,1.8282894736842106
M1903,0.00055,1e-06,-0.25,-0.5,0.04,0.082656,0.1533,2SEG,1,GNSS,-0.06365599999999999,0.04670000000000002,3.350315789473684,0.2335000000000001,1.791907894736842
M1904,0.00055,1e-06,-0.25,-0.5,0.05,0.082119,0.1746,2SEG,1,GNSS,-0.063119,0.025400000000000006,3.322052631578947,0.12700000000000003,1.7245263157894737
M1905,0.00055,1e-06,-0.25,-0.5,0.08,0.080735,0.2291,2SEG,1,GNSS,-0.061735,-0.029099999999999987,3.2492105263157893,0.14549999999999993,1.6973552631578945
M1906,0.00055,1e-06,-0.25,-0.25,0.03,0.083255,0.1147,2SEG,1,GNSS,-0.06425499999999999,0.08530000000000001,3.3818421052631575,0.42650000000000005,1.9041710526315787
M1907,0.00055,1e-06,-0.25,-0.25,0.035,0.082947,0.1256,2SEG,1,GNSS,-0.063947,0.07440000000000002,3.3656315789473688,0.3720000000000001,1.8688157894736843
M1908,0.00055,1e-06,-0.25,-0.25,0.04,0.082657,0.1358,2SEG,1,GNSS,-0.06365699999999999,0.06420000000000001,3.350368421052631,0.321,1.8356842105263156
M1909,0.00055,1e-06,-0.25,-0.25,0.05,0.08212,0.1546,2SEG,1,GNSS,-0.06312,0.045400000000000024,3.3221052631578947,0.22700000000000012,1.7745526315789475
M1910,0.00055,1e-06,-0.25,-0.25,0.08,0.080737,0.2029,2SEG,1,GNSS,-0.061737,-0.002899999999999986,3.2493157894736844,0.01449999999999993,1.6319078947368422
M1911,0.00055,1e-06,-0.25,0.0,0.03,0.083256,0.1052,2SEG,1,GNSS,-0.064256,0.09480000000000001,3.381894736842105,0.47400000000000003,1.9279473684210526
M1912,0.00055,1e-06,-0.25,0.0,0.035,0.082948,0.1152,2SEG,1,GNSS,-0.06394799999999999,0.08480000000000001,3.3656842105263154,0.42400000000000004,1.8948421052631577
M1913,0.00055,1e-06,-0.25,0.0,0.04,0.082658,0.1245,2SEG,1,GNSS,-0.06365799999999999,0.07550000000000001,3.3504210526315785,0.37750000000000006,1.8639605263157892
M1914,0.00055,1e-06,-0.25,0.0,0.05,0.082121,0.1418,2SEG,1,GNSS,-0.063121,0.0582,3.322157894736842,0.291,1.806578947368421
M1915,0.00055,1e-06,-0.25,0.0,0.08,0.080738,0.1861,2SEG,1,GNSS,-0.061738,0.013900000000000023,3.249368421052632,0.06950000000000012,1.659434210526316
M1916,0.00055,1e-06,-0.25,0.25,0.03,0.083256,0.09842,2SEG,1,GNSS,-0.064256,0.10158000000000002,3.381894736842105,0.5079,1.9448973684210524
M1917,0.00055,1e-06,-0.25,0.25,0.035,0.082948,0.1077,2SEG,1,GNSS,-0.06394799999999999,0.09230000000000001,3.3656842105263154,0.4615,1.9135921052631577
M1918,0.00055,1e-06,-0.25,0.25,0.04,0.082659,0.1165,2SEG,1,GNSS,-0.063659,0.0835,3.350473684210526,0.4175,1.883986842105263
M1919,0.00055,1e-06,-0.25,0.25,0.05,0.082122,0.1326,2SEG,1,GNSS,-0.063122,0.06740000000000002,3.3222105263157893,0.3370000000000001,1.8296052631578947
M1920,0.00055,1e-06,-0.25,0.25,0.08,0.080739,0.1741,2SEG,1,GNSS,-0.061739,0.025900000000000006,3.249421052631579,0.12950000000000003,1.6894605263157896
M1921,0.00055,1e-06,-0.25,0.5,0.03,0.083257,0.09319,2SEG,1,GNSS,-0.064257,0.10681000000000002,3.3819473684210526,0.53405,1.9579986842105264
M1922,0.00055,1e-06,-0.25,0.5,0.035,0.082949,0.102,2SEG,1,GNSS,-0.06394899999999999,0.09800000000000002,3.365736842105263,0.49000000000000005,1.9278684210526316
M1923,0.00055,1e-06,-0.25,0.5,0.04,0.082659,0.1103,2SEG,1,GNSS,-0.063659,0.08970000000000002,3.350473684210526,0.44850000000000007,1.899486842105263
M1924,0.00055,1e-06,-0.25,0.5,0.05,0.082122,0.1256,2SEG,1,GNSS,-0.063122,0.07440000000000002,3.3222105263157893,0.3720000000000001,1.8471052631578946
M1925,0.00055,1e-06,-0.25,0.5,0.08,0.08074,0.1648,2SEG,1,GNSS,-0.06174,0.03520000000000001,3.2494736842105265,0.17600000000000005,1.7127368421052633
M1926,0.00055,1e-06,0.0,-0.5,0.03,0.083517,0.1298,2SEG,1,GNSS,-0.06451699999999999,0.07020000000000001,3.395631578947368,0.35100000000000003,1.873315789473684
M1927,0.00055,1e-06,0.0,-0.5,0.035,0.083234,0.1421,2SEG,1,GNSS,-0.064234,0.05790000000000001,3.380736842105263,0.28950000000000004,1.8351184210526315
M1928,0.00055,1e-06,0.0,-0.5,0.04,0.082967,0.1537,2SEG,1,GNSS,-0.063967,0.04630000000000001,3.3666842105263157,0.23150000000000004,1.7990921052631579
M1929,0.00055,1e-06,0.0,-0.5,0.05,0.082472,0.175,2SEG,1,GNSS,-0.063472,0.025000000000000022,3.3406315789473684,0.1250000000000001,1.7328157894736842
M1930,0.00055,1e-06,0.0,-0.5,0.08,0.081197,0.2299,2SEG,1,GNSS,-0.062197,-0.029899999999999982,3.273526315789474,0.1494999999999999,1.711513157894737
M1931,0.00055,1e-06,0.0,-0.25,0.03,0.083518,0.1149,2SEG,1,GNSS,-0.06451799999999999,0.08510000000000001,3.3956842105263156,0.42550000000000004,1.9105921052631578
M1932,0.00055,1e-06,0.0,-0.25,0.035,0.083235,0.1258,2SEG,1,GNSS,-0.064235,0.07420000000000002,3.3807894736842106,0.37100000000000005,1.8758947368421053
M1933,0.00055,1e-06,0.0,-0.25,0.04,0.082968,0.1361,2SEG,1,GNSS,-0.063968,0.06390000000000001,3.3667368421052632,0.31950000000000006,1.8431184210526317
M1934,0.00055,1e-06,0.0,-0.25,0.05,0.082474,0.155,2SEG,1,GNSS,-0.063474,0.04500000000000001,3.3407368421052634,0.22500000000000006,1.7828684210526318
M1935,0.00055,1e-06,0.0,-0.25,0.08,0.081199,0.2036,2SEG,1,GNSS,-0.06219899999999999,-0.003599999999999992,3.273631578947368,0.01799999999999996,1.6458157894736838
M1936,0.00055,1e-06,0.0,0.0,0.03,0.083518,0.1054,2SEG,1,GNSS,-0.06451799999999999,0.09460000000000002,3.3956842105263156,0.4730000000000001,1.9343421052631578
M1937,0.00055,1e-06,0.0,0.0,0.035,0.083236,0.1154,2SEG,1,GNSS,-0.064236,0.08460000000000001,3.380842105263158,0.42300000000000004,1.901921052631579
M1938,0.00055,1e-06,0.0,0.0,0.04,0.082969,0.1248,2SEG,1,GNSS,-0.063969,0.07520000000000002,3.3667894736842103,0.37600000000000006,1.871394736842105
M1939,0.00055,1e-06,0.0,0.0,0.05,0.082474,0.1422,2SEG,1,GNSS,-0.063474,0.05780000000000002,3.3407368421052634,0.2890000000000001,1.8148684210526318
M1940,0.00055,1e-06,0.0,0.0,0.08,0.0812,0.1867,2SEG,1,GNSS,-0.06219999999999999,0.013300000000000006,3.2736842105263153,0.06650000000000003,1.6700921052631577
M1941,0.00055,1e-06,0.0,0.25,0.03,0.083519,0.09861,2SEG,1,GNSS,-0.06451899999999999,0.10139000000000001,3.3957368421052627,0.50695,1.9513434210526315
M1942,0.00055,1e-06,0.0,0.25,0.035,0.083236,0.1079,2SEG,1,GNSS,-0.064236,0.09210000000000002,3.380842105263158,0.4605000000000001,1.9206710526315791
M1943,0.00055,1e-06,0.0,0.25,0.04,0.08297,0.1167,2SEG,1,GNSS,-0.06397,0.08330000000000001,3.366842105263158,0.41650000000000004,1.891671052631579
M1944,0.00055,1e-06,0.0,0.25,0.05,0.082475,0.133,2SEG,1,GNSS,-0.063475,0.067,3.340789473684211,0.335,1.8378947368421055
M1945,0.00055,1e-06,0.0,0.25,0.08,0.081201,0.1747,2SEG,1,GNSS,-0.06220099999999999,0.025300000000000017,3.273736842105263,0.12650000000000008,1.7001184210526314
M1946,0.00055,1e-06,0.0,0.5,0.03,0.083519,0.09336,2SEG,1,GNSS,-0.06451899999999999,0.10664000000000001,3.3957368421052627,0.5332,1.9644684210526313
M1947,0.00055,1e-06,0.0,0.5,0.035,0.083236,0.1022,2SEG,1,GNSS,-0.064236,0.09780000000000001,3.380842105263158,0.48900000000000005,1.934921052631579
M1948,0.00055,1e-06,0.0,0.5,0.04,0.08297,0.1105,2SEG,1,GNSS,-0.06397,0.08950000000000001,3.366842105263158,0.4475,1.907171052631579
M1949,0.00055,1e-06,0.0,0.5,0.05,0.082476,0.1259,2SEG,1,GNSS,-0.06347599999999999,0.0741,3.3408421052631576,0.3705,1.8556710526315787
M1950,0.00055,1e-06,0.0,0.5,0.08,0.081202,0.1654,2SEG,1,GNSS,-0.06220199999999999,0.03460000000000002,3.2737894736842104,0.1730000000000001,1.7233947368421052
M1951,0.00055,1e-06,0.25,-0.5,0.03,0.083706,0.13,2SEG,1,GNSS,-0.064706,0.07,3.4055789473684213,0.35000000000000003,1.8777894736842107
M1952,0.00055,1e-06,0.25,-0.5,0.035,0.083441,0.1423,2SEG,1,GNSS,-0.064441,0.0577,3.3916315789473686,0.2885,1.8400657894736843
M1953,0.00055,1e-06,0.25,-0.5,0.04,0.083191,0.1539,2SEG,1,GNSS,-0.064191,0.0461,3.3784736842105265,0.2305,1.8044868421052633
M1954,0.00055,1e-06,0.25,-0.5,0.05,0.082727,0.1754,2SEG,1,GNSS,-0.06372699999999999,0.02460000000000001,3.354052631578947,0.12300000000000005,1.7385263157894737
M1955,0.00055,1e-06,0.25,-0.5,0.08,0.08153,0.2305,2SEG,1,GNSS,-0.06253,-0.0305,3.2910526315789475,0.1525,1.7217763157894737
M1956,0.00055,1e-06,0.25,-0.25,0.03,0.083707,0.1151,2SEG,1,GNSS,-0.064707,0.08490000000000002,3.4056315789473683,0.42450000000000004,1.9150657894736842
M1957,0.00055,1e-06,0.25,-0.25,0.035,0.083442,0.126,2SEG,1,GNSS,-0.064442,0.07400000000000001,3.3916842105263156,0.37000000000000005,1.8808421052631579
M1958,0.00055,1e-06,0.25,-0.25,0.04,0.083192,0.1363,2SEG,1,GNSS,-0.064192,0.0637,3.3785263157894736,0.3185,1.848513157894737
M1959,0.00055,1e-06,0.25,-0.25,0.05,0.082728,0.1553,2SEG,1,GNSS,-0.06372799999999999,0.04470000000000002,3.3541052631578943,0.2235000000000001,1.7888026315789471
M1960,0.00055,1e-06,0.25,-0.25,0.08,0.081532,0.2041,2SEG,1,GNSS,-0.06253199999999999,-0.0040999999999999925,3.2911578947368416,0.020499999999999963,1.6558289473684207
M1961,0.00055,1e-06,0.25,0.0,0.03,0.083708,0.1056,2SEG,1,GNSS,-0.064708,0.09440000000000001,3.405684210526316,0.47200000000000003,1.938842105263158
M1962,0.00055,1e-06,0.25,0.0,0.035,0.083442,0.1156,2SEG,1,GNSS,-0.064442,0.08440000000000002,3.3916842105263156,0.42200000000000004,1.906842105263158
M1963,0.00055,1e-06,0.25,0.0,0.04,0.083193,0.125,2SEG,1,GNSS,-0.064193,0.07500000000000001,3.378578947368421,0.37500000000000006,1.8767894736842106
M1964,0.00055,1e-06,0.25,0.0,0.05,0.082729,0.1424,2SEG,1,GNSS,-0.063729,0.05760000000000001,3.354157894736842,0.28800000000000003,1.821078947368421
M1965,0.00055,1e-06,0.25,0.0,0.08,0.081533,0.1872,2SEG,1,GNSS,-0.06253299999999999,0.012800000000000006,3.291210526315789,0.06400000000000003,1.6776052631578946
M1966,0.00055,1e-06,0.25,0.25,0.03,0.083708,0.09874,2SEG,1,GNSS,-0.064708,0.10126000000000002,3.405684210526316,0.5063000000000001,1.955992105263158
M1967,0.00055,1e-06,0.25,0.25,0.035,0.083443,0.1081,2SEG,1,GNSS,-0.064443,0.09190000000000001,3.391736842105263,0.4595,1.9256184210526315
M1968,0.00055,1e-06,0.25,0.25,0.04,0.083193,0.1169,2SEG,1,GNSS,-0.064193,0.08310000000000001,3.378578947368421,0.41550000000000004,1.8970394736842107
M1969,0.00055,1e-06,0.25,0.25,0.05,0.08273,0.1332,2SEG,1,GNSS,-0.06373,0.0668,3.3542105263157893,0.33399999999999996,1.8441052631578947
M1970,0.00055,1e-06,0.25,0.25,0.08,0.081534,0.1751,2SEG,1,GNSS,-0.06253399999999999,0.024900000000000005,3.2912631578947367,0.12450000000000003,1.7078815789473683
M1971,0.00055,1e-06,0.25,0.5,0.03,0.083709,0.09349,2SEG,1,GNSS,-0.064709,0.10651000000000001,3.4057368421052634,0.53255,1.9691434210526317
M1972,0.00055,1e-06,0.25,0.5,0.035,0.083443,0.1024,2SEG,1,GNSS,-0.064443,0.0976,3.391736842105263,0.488,1.9398684210526316
M1973,0.00055,1e-06,0.25,0.5,0.04,0.083193,0.1107,2SEG,1,GNSS,-0.064193,0.0893,3.378578947368421,0.4465,1.9125394736842105
M1974,0.00055,1e-06,0.25,0.5,0.05,0.08273,0.1261,2SEG,1,GNSS,-0.06373,0.07390000000000002,3.3542105263157893,0.3695000000000001,1.8618552631578946
M1975,0.00055,1e-06,0.25,0.5,0.08,0.081535,0.1658,2SEG,1,GNSS,-0.062535,0.03420000000000001,3.2913157894736838,0.17100000000000004,1.731157894736842
M1976,0.00055,1e-06,0.5,-0.5,0.03,0.083852,0.1301,2SEG,1,GNSS,-0.06485199999999999,0.06990000000000002,3.4132631578947366,0.3495000000000001,1.8813815789473682
M1977,0.00055,1e-06,0.5,-0.5,0.035,0.0836,0.1425,2SEG,1,GNSS,-0.06459999999999999,0.05750000000000002,3.3999999999999995,0.2875000000000001,1.8437499999999998
M1978,0.00055,1e-06,0.5,-0.5,0.04,0.083363,0.1541,2SEG,1,GNSS,-0.064363,0.045900000000000024,3.387526315789474,0.22950000000000012,1.808513157894737
M1979,0.00055,1e-06,0.5,-0.5,0.05,0.082923,0.1756,2SEG,1,GNSS,-0.063923,0.024400000000000005,3.3643684210526312,0.12200000000000003,1.7431842105263156
M1980,0.00055,1e-06,0.5,-0.5,0.08,0.081788,0.2309,2SEG,1,GNSS,-0.062788,-0.030899999999999983,3.3046315789473684,0.15449999999999992,1.7295657894736842
M1981,0.00055,1e-06,0.5,-0.25,0.03,0.083853,0.1152,2SEG,1,GNSS,-0.064853,0.08480000000000001,3.413315789473684,0.42400000000000004,1.918657894736842
M1982,0.00055,1e-06,0.5,-0.25,0.035,0.083601,0.1262,2SEG,1,GNSS,-0.06460099999999999,0.0738,3.400052631578947,0.369,1.8845263157894734
M1983,0.00055,1e-06,0.5,-0.25,0.04,0.083364,0.1364,2SEG,1,GNSS,-0.06436399999999999,0.06360000000000002,3.3875789473684206,0.31800000000000006,1.8527894736842103
M1984,0.00055,1e-06,0.5,-0.25,0.05,0.082924,0.1555,2SEG,1,GNSS,-0.063924,0.04450000000000001,3.3644210526315788,0.22250000000000006,1.7934605263157894
M1985,0.00055,1e-06,0.5,-0.25,0.08,0.081789,0.2045,2SEG,1,GNSS,-0.062789,-0.004499999999999976,3.304684210526316,0.02249999999999988,1.663592105263158
M1986,0.00055,1e-06,0.5,0.0,0.03,0.083853,0.1057,2SEG,1,GNSS,-0.064853,0.09430000000000001,3.413315789473684,0.47150000000000003,1.9424078947368422
M1987,0.00055,1e-06,0.5,0.0,0.035,0.083602,0.1157,2SEG,1,GNSS,-0.06460199999999999,0.08430000000000001,3.4001052631578945,0.42150000000000004,1.9108026315789473
M1988,0.00055,1e-06,0.5,0.0,0.04,0.083365,0.1252,2SEG,1,GNSS,-0.06436499999999999,0.0748,3.387631578947368,0.374,1.880815789473684
M1989,0.00055,1e-06,0.5,0.0,0.05,0.082925,0.1426,2SEG,1,GNSS,-0.063925,0.05740000000000001,3.3644736842105263,0.28700000000000003,1.825736842105263
M1990,0.00055,1e-06,0.5,0.0,0.08,0.081791,0.1876,2SEG,1,GNSS,-0.062791,0.012400000000000022,3.3047894736842105,0.06200000000000011,1.6833947368421054
M1991,0.00055,1e-06,0.5,0.25,0.03,0.083854,0.09885,2SEG,1,GNSS,-0.064854,0.10115000000000002,3.4133684210526316,0.50575,1.9595592105263158
M1992,0.00055,1e-06,0.5,0.25,0.035,0.083602,0.1082,2SEG,1,GNSS,-0.06460199999999999,0.0918,3.4001052631578945,0.459,1.9295526315789473
M1993,0.00055,1e-06,0.5,0.25,0.04,0.083365,0.1171,2SEG,1,GNSS,-0.06436499999999999,0.08290000000000002,3.387631578947368,0.41450000000000004,1.901065789473684
M1994,0.00055,1e-06,0.5,0.25,0.05,0.082926,0.1334,2SEG,1,GNSS,-0.063926,0.06660000000000002,3.364526315789474,0.3330000000000001,1.848763157894737
M1995,0.00055,1e-06,0.5,0.25,0.08,0.081791,0.1754,2SEG,1,GNSS,-0.062791,0.02460000000000001,3.3047894736842105,0.12300000000000005,1.7138947368421054
M1996,0.00055,1e-06,0.5,0.5,0.03,0.083854,0.09359,2SEG,1,GNSS,-0.064854,0.10641,3.4133684210526316,0.53205,1.9727092105263158
M1997,0.00055,1e-06,0.5,0.5,0.035,0.083603,0.1025,2SEG,1,GNSS,-0.064603,0.09750000000000002,3.400157894736842,0.48750000000000004,1.943828947368421
M1998,0.00055,1e-06,0.5,0.5,0.04,0.083366,0.1108,2SEG,1,GNSS,-0.06436599999999999,0.08920000000000002,3.3876842105263156,0.44600000000000006,1.916842105263158
M1999,0.00055,1e-06,0.5,0.5,0.05,0.082926,0.1263,2SEG,1,GNSS,-0.063926,0.07370000000000002,3.364526315789474,0.36850000000000005,1.866513157894737
M2000,0.00055,1e-06,0.5,0.5,0.08,0.081792,0.1661,2SEG,1,GNSS,-0.062792,0.03390000000000001,3.304842105263158,0.16950000000000007,1.7371710526315791
M2001,0.00055,5.5e-06,-0.5,-0.5,0.03,0.083576,0.1299,2SEG,1,GNSS,-0.064576,0.07010000000000002,3.398736842105263,0.3505000000000001,1.8746184210526315
M2002,0.00055,5.5e-06,-0.5,-0.5,0.035,0.083229,0.1421,2SEG,1,GNSS,-0.064229,0.05790000000000001,3.3804736842105263,0.28950000000000004,1.834986842105263
M2003,0.00055,5.5e-06,-0.5,-0.5,0.04,0.082902,0.1536,2SEG,1,GNSS,-0.063902,0.046400000000000025,3.3632631578947367,0.23200000000000012,1.7976315789473685
M2004,0.00055,5.5e-06,-0.5,-0.5,0.05,0.082297,0.1748,2SEG,1,GNSS,-0.06329699999999999,0.0252,3.331421052631579,0.126,1.7287105263157894
M2005,0.00055,5.5e-06,-0.5,-0.5,0.08,0.080715,0.2291,2SEG,1,GNSS,-0.06171499999999999,-0.029099999999999987,3.248157894736842,0.14549999999999993,1.6968289473684208
M2006,0.00055,5.5e-06,-0.5,-0.25,0.03,0.083581,0.115,2SEG,1,GNSS,-0.064581,0.085,3.399,0.425,1.912
M2007,0.00055,5.5e-06,-0.5,-0.25,0.035,0.083235,0.1258,2SEG,1,GNSS,-0.064235,0.07420000000000002,3.3807894736842106,0.37100000000000005,1.8758947368421053
M2008,0.00055,5.5e-06,-0.5,-0.25,0.04,0.082909,0.136,2SEG,1,GNSS,-0.063909,0.064,3.363631578947368,0.32,1.841815789473684
M2009,0.00055,5.5e-06,-0.5,-0.25,0.05,0.082304,0.1548,2SEG,1,GNSS,-0.063304,0.04520000000000002,3.3317894736842106,0.2260000000000001,1.7788947368421053
M2010,0.00055,5.5e-06,-0.5,-0.25,0.08,0.080729,0.2029,2SEG,1,GNSS,-0.06172899999999999,-0.002899999999999986,3.248894736842105,0.01449999999999993,1.6316973684210525
M2011,0.00055,5.5e-06,-0.5,0.0,0.03,0.083585,0.1055,2SEG,1,GNSS,-0.064585,0.09450000000000001,3.3992105263157897,0.47250000000000003,1.935855263157895
M2012,0.00055,5.5e-06,-0.5,0.0,0.035,0.083238,0.1154,2SEG,1,GNSS,-0.064238,0.08460000000000001,3.3809473684210527,0.42300000000000004,1.9019736842105264
M2013,0.00055,5.5e-06,-0.5,0.0,0.04,0.082913,0.1247,2SEG,1,GNSS,-0.063913,0.0753,3.3638421052631577,0.3765,1.870171052631579
M2014,0.00055,5.5e-06,-0.5,0.0,0.05,0.082309,0.142,2SEG,1,GNSS,-0.06330899999999999,0.058000000000000024,3.332052631578947,0.2900000000000001,1.8110263157894735
M2015,0.00055,5.5e-06,-0.5,0.0,0.08,0.080736,0.1861,2SEG,1,GNSS,-0.061736,0.013900000000000023,3.249263157894737,0.06950000000000012,1.6593815789473685
M2016,0.00055,5.5e-06,-0.5,0.25,0.03,0.083587,0.09865,2SEG,1,GNSS,-0.06458699999999999,0.10135000000000001,3.399315789473684,0.50675,1.9530328947368418
M2017,0.00055,5.5e-06,-0.5,0.25,0.035,0.083241,0.1079,2SEG,1,GNSS,-0.06424099999999999,0.09210000000000002,3.3811052631578944,0.4605000000000001,1.9208026315789473
M2018,0.00055,5.5e-06,-0.5,0.25,0.04,0.082916,0.1167,2SEG,1,GNSS,-0.063916,0.08330000000000001,3.3640000000000003,0.41650000000000004,1.8902500000000002
M2019,0.00055,5.5e-06,-0.5,0.25,0.05,0.082313,0.1328,2SEG,1,GNSS,-0.063313,0.06720000000000001,3.3322631578947366,0.336,1.8341315789473682
M2020,0.00055,5.5e-06,-0.5,0.25,0.08,0.080741,0.174,2SEG,1,GNSS,-0.06174099999999999,0.026000000000000023,3.249526315789473,0.13000000000000012,1.6897631578947365
M2021,0.00055,5.5e-06,-0.5,0.5,0.03,0.083589,0.0934,2SEG,1,GNSS,-0.064589,0.10660000000000001,3.399421052631579,0.533,1.9662105263157894
M2022,0.00055,5.5e-06,-0.5,0.5,0.035,0.083243,0.1022,2SEG,1,GNSS,-0.064243,0.09780000000000001,3.3812105263157894,0.48900000000000005,1.9351052631578947
M2023,0.00055,5.5e-06,-0.5,0.5,0.04,0.082918,0.1105,2SEG,1,GNSS,-0.063918,0.08950000000000001,3.364105263157895,0.4475,1.9058026315789474
M2024,0.00055,5.5e-06,-0.5,0.5,0.05,0.082315,0.1257,2SEG,1,GNSS,-0.063315,0.0743,3.3323684210526316,0.3715,1.851934210526316
M2025,0.00055,5.5e-06,-0.5,0.5,0.08,0.080744,0.1648,2SEG,1,GNSS,-0.06174399999999999,0.03520000000000001,3.2496842105263157,0.17600000000000005,1.712842105263158
M2026,0.00055,5.5e-06,-0.25,-0.5,0.03,0.083982,0.1302,2SEG,1,GNSS,-0.064982,0.0698,3.4201052631578945,0.349,1.8845526315789471
M2027,0.00055,5.5e-06,-0.25,-0.5,0.035,0.083673,0.1425,2SEG,1,GNSS,-0.064673,0.05750000000000002,3.403842105263158,0.2875000000000001,1.845671052631579
M2028,0.00055,5.5e-06,-0.25,-0.5,0.04,0.083382,0.1541,2SEG,1,GNSS,-0.064382,0.045900000000000024,3.3885263157894734,0.22950000000000012,1.8090131578947368
M2029,0.00055,5.5e-06,-0.25,-0.5,0.05,0.082842,0.1755,2SEG,1,GNSS,-0.063842,0.024500000000000022,3.3601052631578945,0.12250000000000011,1.7413026315789473
M2030,0.00055,5.5e-06,-0.25,-0.5,0.08,0.081435,0.2303,2SEG,1,GNSS,-0.06243499999999999,-0.030299999999999994,3.286052631578947,0.15149999999999997,1.7187763157894735
M2031,0.00055,5.5e-06,-0.25,-0.25,0.03,0.083988,0.1153,2SEG,1,GNSS,-0.06498799999999999,0.08470000000000001,3.4204210526315784,0.42350000000000004,1.9219605263157893
M2032,0.00055,5.5e-06,-0.25,-0.25,0.035,0.083679,0.1262,2SEG,1,GNSS,-0.064679,0.0738,3.404157894736842,0.369,1.8865789473684211
M2033,0.00055,5.5e-06,-0.25,-0.25,0.04,0.083388,0.1365,2SEG,1,GNSS,-0.064388,0.0635,3.388842105263158,0.3175,1.853171052631579
M2034,0.00055,5.5e-06,-0.25,-0.25,0.05,0.08285,0.1554,2SEG,1,GNSS,-0.06384999999999999,0.0446,3.3605263157894734,0.223,1.7917631578947366
M2035,0.00055,5.5e-06,-0.25,-0.25,0.08,0.081446,0.2039,2SEG,1,GNSS,-0.062446,-0.003899999999999987,3.2866315789473686,0.019499999999999934,1.6530657894736842
M2036,0.00055,5.5e-06,-0.25,0.0,0.03,0.083991,0.1058,2SEG,1,GNSS,-0.064991,0.0942,3.420578947368421,0.47100000000000003,1.9457894736842105
M2037,0.00055,5.5e-06,-0.25,0.0,0.035,0.083683,0.1158,2SEG,1,GNSS,-0.06468299999999999,0.08420000000000001,3.4043684210526313,0.42100000000000004,1.9126842105263155
M2038,0.00055,5.5e-06,-0.25,0.0,0.04,0.083393,0.1252,2SEG,1,GNSS,-0.06439299999999999,0.0748,3.3891052631578944,0.374,1.8815526315789473
M2039,0.00055,5.5e-06,-0.25,0.0,0.05,0.082854,0.1426,2SEG,1,GNSS,-0.063854,0.05740000000000001,3.360736842105263,0.28700000000000003,1.8238684210526315
M2040,0.00055,5.5e-06,-0.25,0.0,0.08,0.081452,0.1871,2SEG,1,GNSS,-0.062451999999999994,0.012900000000000023,3.2869473684210524,0.06450000000000011,1.6757236842105263
M2041,0.00055,5.5e-06,-0.25,0.25,0.03,0.083993,0.09894,2SEG,1,GNSS,-0.064993,0.10106000000000001,3.4206842105263155,0.5053,1.9629921052631578
M2042,0.00055,5.5e-06,-0.25,0.25,0.035,0.083685,0.1083,2SEG,1,GNSS,-0.06468499999999999,0.09170000000000002,3.404473684210526,0.4585000000000001,1.931486842105263
M2043,0.00055,5.5e-06,-0.25,0.25,0.04,0.083395,0.1171,2SEG,1,GNSS,-0.064395,0.08290000000000002,3.3892105263157895,0.41450000000000004,1.9018552631578947
M2044,0.00055,5.5e-06,-0.25,0.25,0.05,0.082858,0.1333,2SEG,1,GNSS,-0.063858,0.06670000000000001,3.3609473684210527,0.3335,1.8472236842105263
M2045,0.00055,5.5e-06,-0.25,0.25,0.08,0.081457,0.175,2SEG,1,GNSS,-0.062457,0.025000000000000022,3.2872105263157896,0.1250000000000001,1.7061052631578948
M2046,0.00055,5.5e-06,-0.25,0.5,0.03,0.083995,0.09367,2SEG,1,GNSS,-0.064995,0.10633000000000001,3.4207894736842106,0.53165,1.9762197368421053
M2047,0.00055,5.5e-06,-0.25,0.5,0.035,0.083688,0.1025,2SEG,1,GNSS,-0.064688,0.09750000000000002,3.4046315789473685,0.48750000000000004,1.9460657894736841
M2048,0.00055,5.5e-06,-0.25,0.5,0.04,0.083398,0.1108,2SEG,1,GNSS,-0.064398,0.08920000000000002,3.3893684210526316,0.44600000000000006,1.9176842105263159
M2049,0.00055,5.5e-06,-0.25,0.5,0.05,0.082861,0.1262,2SEG,1,GNSS,-0.063861,0.0738,3.361105263157895,0.369,1.8650526315789473
M2050,0.00055,5.5e-06,-0.25,0.5,0.08,0.081461,0.1657,2SEG,1,GNSS,-0.062461,0.034300000000000025,3.2874210526315792,0.17150000000000012,1.7294605263157896
M2051,0.00055,5.5e-06,0.0,-0.5,0.03,0.084243,0.1305,2SEG,1,GNSS,-0.065243,0.0695,3.4338421052631576,0.34750000000000003,1.8906710526315789
M2052,0.00055,5.5e-06,0.0,-0.5,0.035,0.083958,0.1428,2SEG,1,GNSS,-0.064958,0.0572,3.418842105263158,0.286,1.852421052631579
M2053,0.00055,5.5e-06,0.0,-0.5,0.04,0.08369,0.1544,2SEG,1,GNSS,-0.06469,0.0456,3.404736842105263,0.228,1.8163684210526316
M2054,0.00055,5.5e-06,0.0,-0.5,0.05,0.083193,0.1759,2SEG,1,GNSS,-0.064193,0.02410000000000001,3.378578947368421,0.12050000000000005,1.7495394736842105
M2055,0.00055,5.5e-06,0.0,-0.5,0.08,0.081894,0.2311,2SEG,1,GNSS,-0.06289399999999999,-0.03109999999999999,3.3102105263157893,0.15549999999999994,1.7328552631578946
M2056,0.00055,5.5e-06,0.0,-0.25,0.03,0.084248,0.1155,2SEG,1,GNSS,-0.065248,0.0845,3.4341052631578948,0.4225,1.9283026315789473
M2057,0.00055,5.5e-06,0.0,-0.25,0.035,0.083964,0.1265,2SEG,1,GNSS,-0.064964,0.07350000000000001,3.4191578947368417,0.36750000000000005,1.893328947368421
M2058,0.00055,5.5e-06,0.0,-0.25,0.04,0.083696,0.1368,2SEG,1,GNSS,-0.064696,0.0632,3.4050526315789478,0.316,1.8605263157894738
M2059,0.00055,5.5e-06,0.0,-0.25,0.05,0.0832,0.1558,2SEG,1,GNSS,-0.0642,0.04420000000000002,3.3789473684210525,0.22100000000000009,1.7999736842105263
M2060,0.00055,5.5e-06,0.0,-0.25,0.08,0.081904,0.2046,2SEG,1,GNSS,-0.062904,-0.004599999999999993,3.310736842105263,0.022999999999999965,1.6668684210526317
M2061,0.00055,5.5e-06,0.0,0.0,0.03,0.084251,0.106,2SEG,1,GNSS,-0.065251,0.09400000000000001,3.434263157894737,0.47000000000000003,1.9521315789473686
M2062,0.00055,5.5e-06,0.0,0.0,0.035,0.083968,0.116,2SEG,1,GNSS,-0.064968,0.084,3.4193684210526314,0.42,1.9196842105263157
M2063,0.00055,5.5e-06,0.0,0.0,0.04,0.0837,0.1255,2SEG,1,GNSS,-0.0647,0.07450000000000001,3.4052631578947365,0.37250000000000005,1.8888815789473683
M2064,0.00055,5.5e-06,0.0,0.0,0.05,0.083205,0.1429,2SEG,1,GNSS,-0.064205,0.05710000000000001,3.3792105263157897,0.28550000000000003,1.8323552631578948
M2065,0.00055,5.5e-06,0.0,0.0,0.08,0.08191,0.1877,2SEG,1,GNSS,-0.06291,0.012300000000000005,3.311052631578947,0.06150000000000003,1.6862763157894736
M2066,0.00055,5.5e-06,0.0,0.25,0.03,0.084254,0.09912,2SEG,1,GNSS,-0.06525399999999999,0.10088000000000001,3.4344210526315786,0.5044000000000001,1.9694105263157893
M2067,0.00055,5.5e-06,0.0,0.25,0.035,0.08397,0.1085,2SEG,1,GNSS,-0.06497,0.09150000000000001,3.4194736842105264,0.4575,1.9384868421052632
M2068,0.00055,5.5e-06,0.0,0.25,0.04,0.083704,0.1173,2SEG,1,GNSS,-0.064704,0.08270000000000001,3.405473684210526,0.41350000000000003,1.909486842105263
M2069,0.00055,5.5e-06,0.0,0.25,0.05,0.083208,0.1337,2SEG,1,GNSS,-0.064208,0.0663,3.379368421052632,0.33149999999999996,1.855434210526316
M2070,0.00055,5.5e-06,0.0,0.25,0.08,0.081915,0.1756,2SEG,1,GNSS,-0.062915,0.024400000000000005,3.311315789473684,0.12200000000000003,1.716657894736842
M2071,0.00055,5.5e-06,0.0,0.5,0.03,0.084256,0.09385,2SEG,1,GNSS,-0.065256,0.10615000000000001,3.4345263157894736,0.53075,1.982638157894737
M2072,0.00055,5.5e-06,0.0,0.5,0.035,0.083973,0.1027,2SEG,1,GNSS,-0.064973,0.09730000000000001,3.4196315789473686,0.48650000000000004,1.9530657894736843
M2073,0.00055,5.5e-06,0.0,0.5,0.04,0.083706,0.1111,2SEG,1,GNSS,-0.064706,0.0889,3.4055789473684213,0.4445,1.9250394736842107
M2074,0.00055,5.5e-06,0.0,0.5,0.05,0.083211,0.1266,2SEG,1,GNSS,-0.06421099999999999,0.07340000000000002,3.379526315789473,0.3670000000000001,1.8732631578947365
M2075,0.00055,5.5e-06,0.0,0.5,0.08,0.081919,0.1662,2SEG,1,GNSS,-0.062919,0.033800000000000024,3.311526315789474,0.16900000000000012,1.740263157894737
M2076,0.00055,5.5e-06,0.25,-0.5,0.03,0.08443,0.1306,2SEG,1,GNSS,-0.06543,0.06940000000000002,3.443684210526316,0.3470000000000001,1.895342105263158
M2077,0.00055,5.5e-06,0.25,-0.5,0.035,0.084164,0.143,2SEG,1,GNSS,-0.065164,0.05700000000000002,3.429684210526316,0.2850000000000001,1.857342105263158
M2078,0.00055,5.5e-06,0.25,-0.5,0.04,0.083912,0.1547,2SEG,1,GNSS,-0.064912,0.04530000000000001,3.416421052631579,0.22650000000000003,1.8214605263157895
M2079,0.00055,5.5e-06,0.25,-0.5,0.05,0.083445,0.1763,2SEG,1,GNSS,-0.064445,0.0237,3.391842105263158,0.1185,1.7551710526315791
M2080,0.00055,5.5e-06,0.25,-0.5,0.08,0.082241,0.2317,2SEG,1,GNSS,-0.06324099999999999,-0.03169999999999998,3.328473684210526,0.1584999999999999,1.743486842105263
M2081,0.00055,5.5e-06,0.25,-0.25,0.03,0.084435,0.1157,2SEG,1,GNSS,-0.065435,0.08430000000000001,3.4439473684210524,0.42150000000000004,1.9327236842105262
M2082,0.00055,5.5e-06,0.25,-0.25,0.035,0.084169,0.1267,2SEG,1,GNSS,-0.06516899999999999,0.0733,3.429947368421052,0.3665,1.898223684210526
M2083,0.00055,5.5e-06,0.25,-0.25,0.04,0.083918,0.137,2SEG,1,GNSS,-0.064918,0.063,3.4167368421052635,0.315,1.8658684210526317
M2084,0.00055,5.5e-06,0.25,-0.25,0.05,0.083452,0.1561,2SEG,1,GNSS,-0.064452,0.04390000000000002,3.392210526315789,0.2195000000000001,1.8058552631578946
M2085,0.00055,5.5e-06,0.25,-0.25,0.08,0.082251,0.2051,2SEG,1,GNSS,-0.063251,-0.005099999999999993,3.329,0.025499999999999967,1.6772500000000001
M2086,0.00055,5.5e-06,0.25,0.0,0.03,0.084439,0.1061,2SEG,1,GNSS,-0.065439,0.09390000000000001,3.444157894736842,0.46950000000000003,1.956828947368421
M2087,0.00055,5.5e-06,0.25,0.0,0.035,0.084173,0.1162,2SEG,1,GNSS,-0.065173,0.08380000000000001,3.430157894736842,0.41900000000000004,1.924578947368421
M2088,0.00055,5.5e-06,0.25,0.0,0.04,0.083922,0.1257,2SEG,1,GNSS,-0.064922,0.0743,3.4169473684210523,0.3715,1.8942236842105262
M2089,0.00055,5.5e-06,0.25,0.0,0.05,0.083457,0.1432,2SEG,1,GNSS,-0.064457,0.05680000000000002,3.3924736842105263,0.2840000000000001,1.8382368421052633
M2090,0.00055,5.5e-06,0.25,0.0,0.08,0.082258,0.1882,2SEG,1,GNSS,-0.063258,0.011800000000000005,3.3293684210526315,0.059000000000000025,1.6941842105263158
M2091,0.00055,5.5e-06,0.25,0.25,0.03,0.084441,0.09925,2SEG,1,GNSS,-0.065441,0.10075,3.4442631578947367,0.50375,1.9740065789473684
M2092,0.00055,5.5e-06,0.25,0.25,0.035,0.084176,0.1087,2SEG,1,GNSS,-0.065176,0.0913,3.430315789473684,0.4565,1.943407894736842
M2093,0.00055,5.5e-06,0.25,0.25,0.04,0.083925,0.1175,2SEG,1,GNSS,-0.064925,0.08250000000000002,3.4171052631578944,0.4125000000000001,1.9148026315789473
M2094,0.00055,5.5e-06,0.25,0.25,0.05,0.083461,0.1339,2SEG,1,GNSS,-0.06446099999999999,0.06610000000000002,3.3926842105263155,0.33050000000000007,1.8615921052631579
M2095,0.00055,5.5e-06,0.25,0.25,0.08,0.082262,0.176,2SEG,1,GNSS,-0.063262,0.02400000000000002,3.329578947368421,0.1200000000000001,1.7247894736842107
M2096,0.00055,5.5e-06,0.25,0.5,0.03,0.084443,0.09397,2SEG,1,GNSS,-0.065443,0.10603000000000001,3.4443684210526317,0.53015,1.9872592105263158
M2097,0.00055,5.5e-06,0.25,0.5,0.035,0.084178,0.1029,2SEG,1,GNSS,-0.065178,0.0971,3.430421052631579,0.4855,1.9579605263157895
M2098,0.00055,5.5e-06,0.25,0.5,0.04,0.083928,0.1113,2SEG,1,GNSS,-0.064928,0.08870000000000001,3.417263157894737,0.44350000000000006,1.9303815789473686
M2099,0.00055,5.5e-06,0.25,0.5,0.05,0.083463,0.1268,2SEG,1,GNSS,-0.06446299999999999,0.07320000000000002,3.39278947368421,0.36600000000000005,1.8793947368421051
M2100,0.00055,5.5e-06,0.25,0.5,0.08,0.082266,0.1666,2SEG,1,GNSS,-0.063266,0.03340000000000001,3.329789473684211,0.16700000000000007,1.7483947368421056
M2101,0.00055,5.5e-06,0.5,-0.5,0.03,0.084575,0.1308,2SEG,1,GNSS,-0.065575,0.06920000000000001,3.451315789473684,0.34600000000000003,1.898657894736842
M2102,0.00055,5.5e-06,0.5,-0.5,0.035,0.084321,0.1432,2SEG,1,GNSS,-0.06532099999999999,0.05680000000000002,3.437947368421052,0.2840000000000001,1.8609736842105262
M2103,0.00055,5.5e-06,0.5,-0.5,0.04,0.084083,0.1549,2SEG,1,GNSS,-0.065083,0.0451,3.425421052631579,0.2255,1.8254605263157895
M2104,0.00055,5.5e-06,0.5,-0.5,0.05,0.08364,0.1765,2SEG,1,GNSS,-0.06464,0.02350000000000002,3.402105263157895,0.1175000000000001,1.7598026315789477
M2105,0.00055,5.5e-06,0.5,-0.5,0.08,0.082496,0.2321,2SEG,1,GNSS,-0.063496,-0.03209999999999999,3.341894736842105,0.16049999999999995,1.7511973684210524
M2106,0.00055,5.5e-06,0.5,-0.25,0.03,0.08458,0.1158,2SEG,1,GNSS,-0.06558,0.08420000000000001,3.451578947368421,0.42100000000000004,1.9362894736842104
M2107,0.00055,5.5e-06,0.5,-0.25,0.035,0.084327,0.1268,2SEG,1,GNSS,-0.065327,0.07320000000000002,3.438263157894737,0.36600000000000005,1.9021315789473685
M2108,0.00055,5.5e-06,0.5,-0.25,0.04,0.084089,0.1371,2SEG,1,GNSS,-0.065089,0.06290000000000001,3.425736842105263,0.31450000000000006,1.8701184210526316
M2109,0.00055,5.5e-06,0.5,-0.25,0.05,0.083647,0.1563,2SEG,1,GNSS,-0.064647,0.04370000000000002,3.402473684210526,0.21850000000000008,1.8104868421052631
M2110,0.00055,5.5e-06,0.5,-0.25,0.08,0.082506,0.2055,2SEG,1,GNSS,-0.06350599999999999,-0.005499999999999977,3.3424210526315785,0.027499999999999886,1.6849605263157892
M2111,0.00055,5.5e-06,0.5,0.0,0.03,0.084583,0.1062,2SEG,1,GNSS,-0.065583,0.09380000000000001,3.451736842105263,0.46900000000000003,1.9603684210526315
M2112,0.00055,5.5e-06,0.5,0.0,0.035,0.084331,0.1163,2SEG,1,GNSS,-0.065331,0.08370000000000001,3.4384736842105266,0.41850000000000004,1.9284868421052632
M2113,0.00055,5.5e-06,0.5,0.0,0.04,0.084093,0.1258,2SEG,1,GNSS,-0.065093,0.07420000000000002,3.4259473684210526,0.37100000000000005,1.8984736842105263
M2114,0.00055,5.5e-06,0.5,0.0,0.05,0.083652,0.1434,2SEG,1,GNSS,-0.064652,0.05660000000000001,3.4027368421052633,0.28300000000000003,1.8428684210526316
M2115,0.00055,5.5e-06,0.5,0.0,0.08,0.082512,0.1885,2SEG,1,GNSS,-0.063512,0.01150000000000001,3.3427368421052632,0.05750000000000005,1.7001184210526317
M2116,0.00055,5.5e-06,0.5,0.25,0.03,0.084586,0.09936,2SEG,1,GNSS,-0.06558599999999999,0.10064000000000001,3.451894736842105,0.5032,1.9775473684210525
M2117,0.00055,5.5e-06,0.5,0.25,0.035,0.084334,0.1088,2SEG,1,GNSS,-0.065334,0.09120000000000002,3.4386315789473687,0.45600000000000007,1.9473157894736843
M2118,0.00055,5.5e-06,0.5,0.25,0.04,0.084096,0.1177,2SEG,1,GNSS,-0.065096,0.08230000000000001,3.4261052631578948,0.41150000000000003,1.9188026315789475
M2119,0.00055,5.5e-06,0.5,0.25,0.05,0.083655,0.1341,2SEG,1,GNSS,-0.06465499999999999,0.06590000000000001,3.402894736842105,0.32950000000000007,1.8661973684210524
M2120,0.00055,5.5e-06,0.5,0.25,0.08,0.082517,0.1763,2SEG,1,GNSS,-0.06351699999999999,0.0237,3.3429999999999995,0.1185,1.7307499999999998
M2121,0.00055,5.5e-06,0.5,0.5,0.03,0.084588,0.09407,2SEG,1,GNSS,-0.065588,0.10593000000000001,3.452,0.5296500000000001,1.990825
M2122,0.00055,5.5e-06,0.5,0.5,0.035,0.084336,0.103,2SEG,1,GNSS,-0.06533599999999999,0.09700000000000002,3.438736842105263,0.48500000000000004,1.9618684210526314
M2123,0.00055,5.5e-06,0.5,0.5,0.04,0.084098,0.1114,2SEG,1,GNSS,-0.065098,0.08860000000000001,3.42621052631579,0.44300000000000006,1.934605263157895
M2124,0.00055,5.5e-06,0.5,0.5,0.05,0.083658,0.127,2SEG,1,GNSS,-0.064658,0.07300000000000001,3.403052631578947,0.36500000000000005,1.8840263157894737
M2125,0.00055,5.5e-06,0.5,0.5,0.08,0.082521,0.167,2SEG,1,GNSS,-0.063521,0.033,3.343210526315789,0.165,1.7541052631578946
M2126,0.00055,1e-05,-0.5,-0.5,0.03,0.084286,0.1305,2SEG,1,GNSS,-0.065286,0.0695,3.4361052631578946,0.34750000000000003,1.8918026315789473
M2127,0.00055,1e-05,-0.5,-0.5,0.035,0.083939,0.1428,2SEG,1,GNSS,-0.064939,0.0572,3.417842105263158,0.286,1.851921052631579
M2128,0.00055,1e-05,-0.5,-0.5,0.04,0.083611,0.1543,2SEG,1,GNSS,-0.064611,0.04570000000000002,3.4005789473684214,0.2285000000000001,1.8145394736842106
M2129,0.00055,1e-05,-0.5,-0.5,0.05,0.082983,0.1757,2SEG,1,GNSS,-0.063983,0.024300000000000016,3.3675263157894735,0.12150000000000008,1.7445131578947368
M2130,0.00055,1e-05,-0.5,-0.5,0.08,0.081418,0.2303,2SEG,1,GNSS,-0.062418,-0.030299999999999994,3.2851578947368423,0.15149999999999997,1.7183289473684211
M2131,0.00055,1e-05,-0.5,-0.25,0.03,0.084296,0.1156,2SEG,1,GNSS,-0.06529599999999999,0.08440000000000002,3.436631578947368,0.42200000000000004,1.929315789473684
M2132,0.00055,1e-05,-0.5,-0.25,0.035,0.083949,0.1264,2SEG,1,GNSS,-0.06494899999999999,0.0736,3.4183684210526315,0.368,1.8931842105263157
M2133,0.00055,1e-05,-0.5,-0.25,0.04,0.083622,0.1367,2SEG,1,GNSS,-0.064622,0.06330000000000002,3.401157894736842,0.3165000000000001,1.858828947368421
M2134,0.00055,1e-05,-0.5,-0.25,0.05,0.082997,0.1556,2SEG,1,GNSS,-0.063997,0.04440000000000002,3.3682631578947366,0.22200000000000011,1.7951315789473683
M2135,0.00055,1e-05,-0.5,-0.25,0.08,0.081437,0.2039,2SEG,1,GNSS,-0.06243699999999999,-0.003899999999999987,3.2861578947368417,0.019499999999999934,1.6528289473684208
M2136,0.00055,1e-05,-0.5,0.0,0.03,0.084302,0.106,2SEG,1,GNSS,-0.065302,0.09400000000000001,3.4369473684210528,0.47000000000000003,1.9534736842105265
M2137,0.00055,1e-05,-0.5,0.0,0.035,0.083956,0.116,2SEG,1,GNSS,-0.064956,0.084,3.4187368421052633,0.42,1.9193684210526316
M2138,0.00055,1e-05,-0.5,0.0,0.04,0.08363,0.1254,2SEG,1,GNSS,-0.06462999999999999,0.0746,3.401578947368421,0.373,1.8872894736842105
M2139,0.00055,1e-05,-0.5,0.0,0.05,0.083005,0.1427,2SEG,1,GNSS,-0.06400499999999999,0.05730000000000002,3.3686842105263155,0.2865000000000001,1.8275921052631579
M2140,0.00055,1e-05,-0.5,0.0,0.08,0.081449,0.1871,2SEG,1,GNSS,-0.06244899999999999,0.012900000000000023,3.2867894736842103,0.06450000000000011,1.6756447368421052
M2141,0.00055,1e-05,-0.5,0.25,0.03,0.084306,0.09915,2SEG,1,GNSS,-0.065306,0.10085000000000001,3.4371578947368424,0.50425,1.9707039473684211
M2142,0.00055,1e-05,-0.5,0.25,0.035,0.083961,0.1085,2SEG,1,GNSS,-0.06496099999999999,0.09150000000000001,3.4189999999999996,0.4575,1.9382499999999998
M2143,0.00055,1e-05,-0.5,0.25,0.04,0.083635,0.1173,2SEG,1,GNSS,-0.064635,0.08270000000000001,3.401842105263158,0.41350000000000003,1.907671052631579
M2144,0.00055,1e-05,-0.5,0.25,0.05,0.083012,0.1335,2SEG,1,GNSS,-0.064012,0.0665,3.3690526315789473,0.3325,1.8507763157894737
M2145,0.00055,1e-05,-0.5,0.25,0.08,0.081458,0.175,2SEG,1,GNSS,-0.062458,0.025000000000000022,3.287263157894737,0.1250000000000001,1.7061315789473686
M2146,0.00055,1e-05,-0.5,0.5,0.03,0.084309,0.09388,2SEG,1,GNSS,-0.06530899999999999,0.10612,3.4373157894736837,0.5306,1.9839578947368417
M2147,0.00055,1e-05,-0.5,0.5,0.035,0.083964,0.1027,2SEG,1,GNSS,-0.064964,0.09730000000000001,3.4191578947368417,0.48650000000000004,1.9528289473684208
M2148,0.00055,1e-05,-0.5,0.5,0.04,0.083639,0.111,2SEG,1,GNSS,-0.064639,0.08900000000000001,3.4020526315789477,0.445,1.9235263157894738
M2149,0.00055,1e-05,-0.5,0.5,0.05,0.083037,0.1264,2SEG,1,GNSS,-0.064037,0.0736,3.3703684210526315,0.368,1.8691842105263157
M2150,0.00055,1e-05,-0.5,0.5,0.08,0.081465,0.1657,2SEG,1,GNSS,-0.06246499999999999,0.034300000000000025,3.287631578947368,0.17150000000000012,1.729565789473684
M2151,0.00055,1e-05,-0.25,-0.5,0.03,0.084689,0.1309,2SEG,1,GNSS,-0.065689,0.06910000000000002,3.457315789473684,0.3455000000000001,1.901407894736842
M2152,0.00055,1e-05,-0.25,-0.5,0.035,0.084379,0.1432,2SEG,1,GNSS,-0.06537899999999999,0.05680000000000002,3.441,0.2840000000000001,1.8625
M2153,0.00055,1e-05,-0.25,-0.5,0.04,0.084087,0.1549,2SEG,1,GNSS,-0.06508699999999999,0.0451,3.425631578947368,0.2255,1.8255657894736839
M2154,0.00055,1e-05,-0.25,-0.5,0.05,0.083545,0.1764,2SEG,1,GNSS,-0.06454499999999999,0.02360000000000001,3.3971052631578944,0.11800000000000005,1.7575526315789471
M2155,0.00055,1e-05,-0.25,-0.5,0.08,0.082124,0.2314,2SEG,1,GNSS,-0.063124,-0.031399999999999983,3.3223157894736843,0.15699999999999992,1.7396578947368422
M2156,0.00055,1e-05,-0.25,-0.25,0.03,0.084699,0.1159,2SEG,1,GNSS,-0.065699,0.08410000000000001,3.4578421052631576,0.42050000000000004,1.9391710526315789
M2157,0.00055,1e-05,-0.25,-0.25,0.035,0.08439,0.1268,2SEG,1,GNSS,-0.06539,0.07320000000000002,3.4415789473684213,0.36600000000000005,1.9037894736842107
M2158,0.00055,1e-05,-0.25,-0.25,0.04,0.084098,0.1371,2SEG,1,GNSS,-0.065098,0.06290000000000001,3.42621052631579,0.31450000000000006,1.870355263157895
M2159,0.00055,1e-05,-0.25,-0.25,0.05,0.083559,0.1562,2SEG,1,GNSS,-0.06455899999999999,0.043800000000000006,3.3978421052631576,0.21900000000000003,1.8084210526315787
M2160,0.00055,1e-05,-0.25,-0.25,0.08,0.082143,0.205,2SEG,1,GNSS,-0.06314299999999999,-0.004999999999999977,3.323315789473684,0.024999999999999883,1.6741578947368418
M2161,0.00055,1e-05,-0.25,0.0,0.03,0.084705,0.1063,2SEG,1,GNSS,-0.065705,0.0937,3.4581578947368423,0.4685,1.9633289473684212
M2162,0.00055,1e-05,-0.25,0.0,0.035,0.084396,0.1164,2SEG,1,GNSS,-0.065396,0.08360000000000001,3.441894736842105,0.41800000000000004,1.9299473684210526
M2163,0.00055,1e-05,-0.25,0.0,0.04,0.084106,0.1258,2SEG,1,GNSS,-0.065106,0.07420000000000002,3.4266315789473683,0.37100000000000005,1.8988157894736841
M2164,0.00055,1e-05,-0.25,0.0,0.05,0.083567,0.1433,2SEG,1,GNSS,-0.064567,0.0567,3.398263157894737,0.2835,1.8408815789473685
M2165,0.00055,1e-05,-0.25,0.0,0.08,0.082155,0.188,2SEG,1,GNSS,-0.063155,0.01200000000000001,3.3239473684210528,0.06000000000000005,1.6919736842105264
M2166,0.00055,1e-05,-0.25,0.25,0.03,0.084709,0.09943,2SEG,1,GNSS,-0.065709,0.10057,3.458368421052632,0.50285,1.980609210526316
M2167,0.00055,1e-05,-0.25,0.25,0.035,0.084401,0.1088,2SEG,1,GNSS,-0.065401,0.09120000000000002,3.4421578947368423,0.45600000000000007,1.9490789473684211
M2168,0.00055,1e-05,-0.25,0.25,0.04,0.084111,0.1177,2SEG,1,GNSS,-0.065111,0.08230000000000001,3.4268947368421054,0.41150000000000003,1.9191973684210528
M2169,0.00055,1e-05,-0.25,0.25,0.05,0.083573,0.134,2SEG,1,GNSS,-0.06457299999999999,0.066,3.3985789473684207,0.33,1.8642894736842104
M2170,0.00055,1e-05,-0.25,0.25,0.08,0.082164,0.1759,2SEG,1,GNSS,-0.063164,0.02410000000000001,3.3244210526315787,0.12050000000000005,1.7224605263157895
M2171,0.00055,1e-05,-0.25,0.5,0.03,0.084712,0.09414,2SEG,1,GNSS,-0.06571199999999999,0.10586000000000001,3.4585263157894732,0.5293,1.9939131578947367
M2172,0.00055,1e-05,-0.25,0.5,0.035,0.084405,0.103,2SEG,1,GNSS,-0.06540499999999999,0.09700000000000002,3.442368421052631,0.48500000000000004,1.9636842105263155
M2173,0.00055,1e-05,-0.25,0.5,0.04,0.084115,0.1114,2SEG,1,GNSS,-0.06511499999999999,0.08860000000000001,3.427105263157894,0.44300000000000006,1.9350526315789471
M2174,0.00055,1e-05,-0.25,0.5,0.05,0.083578,0.1269,2SEG,1,GNSS,-0.064578,0.0731,3.398842105263158,0.3655,1.882171052631579
M2175,0.00055,1e-05,-0.25,0.5,0.08,0.08217,0.1665,2SEG,1,GNSS,-0.06317,0.0335,3.3247368421052634,0.1675,1.7461184210526317
M2176,0.00055,1e-05,0.0,-0.5,0.03,0.084948,0.1311,2SEG,1,GNSS,-0.06594799999999999,0.06890000000000002,3.470947368421052,0.3445000000000001,1.907723684210526
M2177,0.00055,1e-05,0.0,-0.5,0.035,0.084662,0.1435,2SEG,1,GNSS,-0.065662,0.05650000000000002,3.4558947368421054,0.2825000000000001,1.8691973684210528
M2178,0.00055,1e-05,0.0,-0.5,0.04,0.084393,0.1552,2SEG,1,GNSS,-0.06539299999999999,0.044800000000000006,3.441736842105263,0.22400000000000003,1.8328684210526316
M2179,0.00055,1e-05,0.0,-0.5,0.05,0.083892,0.1768,2SEG,1,GNSS,-0.06489199999999999,0.0232,3.4153684210526314,0.11599999999999999,1.7656842105263157
M2180,0.00055,1e-05,0.0,-0.5,0.08,0.082578,0.2322,2SEG,1,GNSS,-0.063578,-0.03219999999999998,3.3462105263157893,0.1609999999999999,1.7536052631578947
M2181,0.00055,1e-05,0.0,-0.25,0.03,0.084957,0.1161,2SEG,1,GNSS,-0.065957,0.08390000000000002,3.471421052631579,0.41950000000000004,1.9454605263157896
M2182,0.00055,1e-05,0.0,-0.25,0.035,0.084672,0.1271,2SEG,1,GNSS,-0.065672,0.07290000000000002,3.456421052631579,0.3645000000000001,1.9104605263157894
M2183,0.00055,1e-05,0.0,-0.25,0.04,0.084404,0.1374,2SEG,1,GNSS,-0.065404,0.06260000000000002,3.4423157894736844,0.31300000000000006,1.8776578947368423
M2184,0.00055,1e-05,0.0,-0.25,0.05,0.083906,0.1566,2SEG,1,GNSS,-0.06490599999999999,0.04340000000000002,3.4161052631578945,0.2170000000000001,1.8165526315789473
M2185,0.00055,1e-05,0.0,-0.25,0.08,0.0826,0.2056,2SEG,1,GNSS,-0.0636,-0.005599999999999994,3.3473684210526318,0.02799999999999997,1.687684210526316
M2186,0.00055,1e-05,0.0,0.0,0.03,0.084963,0.1065,2SEG,1,GNSS,-0.065963,0.09350000000000001,3.471736842105263,0.4675,1.9696184210526315
M2187,0.00055,1e-05,0.0,0.0,0.035,0.084679,0.1166,2SEG,1,GNSS,-0.065679,0.08340000000000002,3.4567894736842106,0.41700000000000004,1.9368947368421052
M2188,0.00055,1e-05,0.0,0.0,0.04,0.084411,0.1261,2SEG,1,GNSS,-0.065411,0.07390000000000002,3.442684210526316,0.3695000000000001,1.9060921052631579
M2189,0.00055,1e-05,0.0,0.0,0.05,0.083915,0.1436,2SEG,1,GNSS,-0.064915,0.056400000000000006,3.4165789473684214,0.28200000000000003,1.8492894736842107
M2190,0.00055,1e-05,0.0,0.0,0.08,0.082612,0.1887,2SEG,1,GNSS,-0.063612,0.011300000000000004,3.3480000000000003,0.05650000000000002,1.7022500000000003
M2191,0.00055,1e-05,0.0,0.25,0.03,0.084968,0.09962,2SEG,1,GNSS,-0.065968,0.10038000000000001,3.472,0.5019,1.98695
M2192,0.00055,1e-05,0.0,0.25,0.035,0.084684,0.1091,2SEG,1,GNSS,-0.06568399999999999,0.09090000000000001,3.457052631578947,0.4545,1.9557763157894734
M2193,0.00055,1e-05,0.0,0.25,0.04,0.084417,0.1179,2SEG,1,GNSS,-0.065417,0.0821,3.443,0.41050000000000003,1.92675
M2194,0.00055,1e-05,0.0,0.25,0.05,0.08392,0.1343,2SEG,1,GNSS,-0.06491999999999999,0.06570000000000001,3.4168421052631577,0.3285,1.8726710526315788
M2195,0.00055,1e-05,0.0,0.25,0.08,0.082621,0.1765,2SEG,1,GNSS,-0.063621,0.02350000000000002,3.3484736842105263,0.1175000000000001,1.7329868421052632
M2196,0.00055,1e-05,0.0,0.5,0.03,0.084971,0.09432,2SEG,1,GNSS,-0.065971,0.10568000000000001,3.472157894736842,0.5284,2.000278947368421
M2197,0.00055,1e-05,0.0,0.5,0.035,0.084687,0.1032,2SEG,1,GNSS,-0.065687,0.09680000000000001,3.4572105263157895,0.48400000000000004,1.9706052631578947
M2198,0.00055,1e-05,0.0,0.5,0.04,0.084421,0.1117,2SEG,1,GNSS,-0.06542099999999999,0.08830000000000002,3.4432105263157893,0.44150000000000006,1.9423552631578946
M2199,0.00055,1e-05,0.0,0.5,0.05,0.083925,0.1272,2SEG,1,GNSS,-0.064925,0.0728,3.4171052631578944,0.364,1.8905526315789472
M2200,0.00055,1e-05,0.0,0.5,0.08,0.082627,0.1671,2SEG,1,GNSS,-0.063627,0.03290000000000001,3.348789473684211,0.16450000000000006,1.7566447368421054
M2201,0.00055,1e-05,0.25,-0.5,0.03,0.085134,0.1313,2SEG,1,GNSS,-0.066134,0.06870000000000001,3.480736842105263,0.3435,1.9121184210526316
M2202,0.00055,1e-05,0.25,-0.5,0.035,0.084866,0.1437,2SEG,1,GNSS,-0.065866,0.05630000000000002,3.4666315789473683,0.2815000000000001,1.874065789473684
M2203,0.00055,1e-05,0.25,-0.5,0.04,0.084612,0.1555,2SEG,1,GNSS,-0.065612,0.04450000000000001,3.453263157894737,0.22250000000000006,1.8378815789473686
M2204,0.00055,1e-05,0.25,-0.5,0.05,0.084143,0.1771,2SEG,1,GNSS,-0.06514299999999999,0.022900000000000004,3.428578947368421,0.11450000000000002,1.7715394736842105
M2205,0.00055,1e-05,0.25,-0.5,0.08,0.082909,0.2328,2SEG,1,GNSS,-0.063909,-0.032799999999999996,3.363631578947368,0.16399999999999998,1.7638157894736841
M2206,0.00055,1e-05,0.25,-0.25,0.03,0.085143,0.1163,2SEG,1,GNSS,-0.066143,0.08370000000000001,3.481210526315789,0.41850000000000004,1.9498552631578945
M2207,0.00055,1e-05,0.25,-0.25,0.035,0.084876,0.1273,2SEG,1,GNSS,-0.06587599999999999,0.07270000000000001,3.4671578947368418,0.36350000000000005,1.915328947368421
M2208,0.00055,1e-05,0.25,-0.25,0.04,0.084624,0.1377,2SEG,1,GNSS,-0.065624,0.06230000000000002,3.4538947368421056,0.3115000000000001,1.8826973684210528
M2209,0.00055,1e-05,0.25,-0.25,0.05,0.084156,0.1569,2SEG,1,GNSS,-0.06515599999999999,0.0431,3.4292631578947366,0.2155,1.8223815789473683
M2210,0.00055,1e-05,0.25,-0.25,0.08,0.082928,0.2061,2SEG,1,GNSS,-0.063928,-0.006099999999999994,3.3646315789473684,0.03049999999999997,1.6975657894736842
M2211,0.00055,1e-05,0.25,0.0,0.03,0.085149,0.1067,2SEG,1,GNSS,-0.066149,0.09330000000000001,3.481526315789474,0.4665,1.9740131578947369
M2212,0.00055,1e-05,0.25,0.0,0.035,0.084882,0.1168,2SEG,1,GNSS,-0.065882,0.08320000000000001,3.467473684210526,0.41600000000000004,1.941736842105263
M2213,0.00055,1e-05,0.25,0.0,0.04,0.084631,0.1263,2SEG,1,GNSS,-0.065631,0.07370000000000002,3.4542631578947365,0.36850000000000005,1.9113815789473683
M2214,0.00055,1e-05,0.25,0.0,0.05,0.084165,0.1439,2SEG,1,GNSS,-0.065165,0.05610000000000001,3.4297368421052634,0.2805,1.8551184210526317
M2215,0.00055,1e-05,0.25,0.0,0.08,0.08294,0.1891,2SEG,1,GNSS,-0.06394,0.01090000000000002,3.365263157894737,0.054500000000000104,1.7098815789473685
M2216,0.00055,1e-05,0.25,0.25,0.03,0.085153,0.09975,2SEG,1,GNSS,-0.066153,0.10025,3.4817368421052635,0.50125,1.9914934210526316
M2217,0.00055,1e-05,0.25,0.25,0.035,0.084887,0.1092,2SEG,1,GNSS,-0.065887,0.0908,3.4677368421052632,0.454,1.9608684210526317
M2218,0.00055,1e-05,0.25,0.25,0.04,0.084636,0.1181,2SEG,1,GNSS,-0.065636,0.08190000000000001,3.4545263157894737,0.40950000000000003,1.9320131578947368
M2219,0.00055,1e-05,0.25,0.25,0.05,0.084171,0.1346,2SEG,1,GNSS,-0.06517099999999999,0.06540000000000001,3.4300526315789472,0.32700000000000007,1.8785263157894736
M2220,0.00055,1e-05,0.25,0.25,0.08,0.082948,0.1769,2SEG,1,GNSS,-0.06394799999999999,0.02310000000000001,3.3656842105263154,0.11550000000000005,1.7405921052631577
M2221,0.00055,1e-05,0.25,0.5,0.03,0.085157,0.09444,2SEG,1,GNSS,-0.066157,0.10556000000000001,3.4819473684210522,0.5278,2.0048736842105264
M2222,0.00055,1e-05,0.25,0.5,0.035,0.084891,0.1034,2SEG,1,GNSS,-0.06589099999999999,0.0966,3.4679473684210524,0.483,1.9754736842105263
M2223,0.00055,1e-05,0.25,0.5,0.04,0.08464,0.1118,2SEG,1,GNSS,-0.06564,0.08820000000000001,3.4547368421052633,0.44100000000000006,1.9478684210526316
M2224,0.00055,1e-05,0.25,0.5,0.05,0.084176,0.1274,2SEG,1,GNSS,-0.065176,0.0726,3.430315789473684,0.363,1.896657894736842
M2225,0.00055,1e-05,0.25,0.5,0.08,0.082955,0.1675,2SEG,1,GNSS,-0.063955,0.0325,3.366052631578947,0.1625,1.7642763157894736
M2226,0.00055,1e-05,0.5,-0.5,0.03,0.085277,0.1314,2SEG,1,GNSS,-0.066277,0.06860000000000002,3.488263157894737,0.3430000000000001,1.9156315789473686
M2227,0.00055,1e-05,0.5,-0.5,0.035,0.085022,0.1439,2SEG,1,GNSS,-0.066022,0.05610000000000001,3.474842105263158,0.2805,1.877671052631579
M2228,0.00055,1e-05,0.5,-0.5,0.04,0.084782,0.1556,2SEG,1,GNSS,-0.065782,0.04440000000000002,3.4622105263157894,0.22200000000000011,1.8421052631578947
M2229,0.00055,1e-05,0.5,-0.5,0.05,0.084336,0.1774,2SEG,1,GNSS,-0.06533599999999999,0.02260000000000001,3.438736842105263,0.11300000000000004,1.7758684210526314
M2230,0.00055,1e-05,0.5,-0.5,0.08,0.083162,0.2332,2SEG,1,GNSS,-0.064162,-0.03319999999999998,3.3769473684210527,0.1659999999999999,1.7714736842105263
M2231,0.00055,1e-05,0.5,-0.25,0.03,0.085287,0.1164,2SEG,1,GNSS,-0.066287,0.08360000000000001,3.4887894736842107,0.41800000000000004,1.9533947368421054
M2232,0.00055,1e-05,0.5,-0.25,0.035,0.085033,0.1274,2SEG,1,GNSS,-0.066033,0.0726,3.4754210526315785,0.363,1.9192105263157893
M2233,0.00055,1e-05,0.5,-0.25,0.04,0.084794,0.1378,2SEG,1,GNSS,-0.06579399999999999,0.062200000000000005,3.4628421052631575,0.311,1.8869210526315787
M2234,0.00055,1e-05,0.5,-0.25,0.05,0.084349,0.1571,2SEG,1,GNSS,-0.06534899999999999,0.04290000000000002,3.4394210526315785,0.2145000000000001,1.8269605263157893
M2235,0.00055,1e-05,0.5,-0.25,0.08,0.083181,0.2065,2SEG,1,GNSS,-0.064181,-0.006499999999999978,3.377947368421053,0.03249999999999989,1.7052236842105264
M2236,0.00055,1e-05,0.5,0.0,0.03,0.085293,0.1068,2SEG,1,GNSS,-0.06629299999999999,0.0932,3.4891052631578945,0.466,1.9775526315789473
M2237,0.00055,1e-05,0.5,0.0,0.035,0.085039,0.1169,2SEG,1,GNSS,-0.066039,0.08310000000000001,3.4757368421052632,0.41550000000000004,1.9456184210526317
M2238,0.00055,1e-05,0.5,0.0,0.04,0.084801,0.1264,2SEG,1,GNSS,-0.065801,0.0736,3.4632105263157893,0.368,1.9156052631578946
M2239,0.00055,1e-05,0.5,0.0,0.05,0.084358,0.1441,2SEG,1,GNSS,-0.065358,0.055900000000000005,3.4398947368421053,0.2795,1.8596973684210527
M2240,0.00055,1e-05,0.5,0.0,0.08,0.083193,0.1895,2SEG,1,GNSS,-0.064193,0.01050000000000001,3.378578947368421,0.05250000000000005,1.7155394736842107
M2241,0.00055,1e-05,0.5,0.25,0.03,0.085297,0.09985,2SEG,1,GNSS,-0.066297,0.10015000000000002,3.489315789473684,0.50075,1.995032894736842
M2242,0.00055,1e-05,0.5,0.25,0.035,0.085044,0.1093,2SEG,1,GNSS,-0.06604399999999999,0.09070000000000002,3.4759999999999995,0.45350000000000007,1.9647499999999998
M2243,0.00055,1e-05,0.5,0.25,0.04,0.084806,0.1183,2SEG,1,GNSS,-0.065806,0.08170000000000001,3.4634736842105265,0.40850000000000003,1.9359868421052633
M2244,0.00055,1e-05,0.5,0.25,0.05,0.084364,0.1348,2SEG,1,GNSS,-0.06536399999999999,0.06520000000000001,3.440210526315789,0.326,1.8831052631578946
M2245,0.00055,1e-05,0.5,0.25,0.08,0.083201,0.1772,2SEG,1,GNSS,-0.064201,0.022800000000000015,3.3789999999999996,0.11400000000000007,1.7464999999999997
M2246,0.00055,1e-05,0.5,0.5,0.03,0.0853,0.09454,2SEG,1,GNSS,-0.0663,0.10546000000000001,3.4894736842105263,0.5273,2.008386842105263
M2247,0.00055,1e-05,0.5,0.5,0.035,0.085048,0.1035,2SEG,1,GNSS,-0.066048,0.09650000000000002,3.476210526315789,0.48250000000000004,1.9793552631578946
M2248,0.00055,1e-05,0.5,0.5,0.04,0.08481,0.112,2SEG,1,GNSS,-0.06581,0.08800000000000001,3.4636842105263157,0.44,1.9518421052631578
M2249,0.00055,1e-05,0.5,0.5,0.05,0.084368,0.1276,2SEG,1,GNSS,-0.065368,0.07240000000000002,3.440421052631579,0.3620000000000001,1.9012105263157895
M2250,0.00055,1e-05,0.5,0.5,0.08,0.083208,0.1678,2SEG,1,GNSS,-0.064208,0.032200000000000006,3.379368421052632,0.16100000000000003,1.770184210526316
M2251,0.00055,5.5e-05,-0.5,-0.5,0.03,0.090971,0.1365,2SEG,1,GNSS,-0.071971,0.0635,3.7879473684210523,0.3175,2.0527236842105263
M2252,0.00055,5.5e-05,-0.5,-0.5,0.035,0.09062,0.1494,2SEG,1,GNSS,-0.07162,0.050600000000000006,3.7694736842105265,0.253,2.011236842105263
M2253,0.00055,5.5e-05,-0.5,-0.5,0.04,0.090288,0.1615,2SEG,1,GNSS,-0.07128799999999999,0.038500000000000006,3.752,0.19250000000000003,1.9722499999999998
M2254,0.00055,5.5e-05,-0.5,-0.5,0.05,0.089665,0.1839,2SEG,1,GNSS,-0.07066499999999999,0.016100000000000003,3.719210526315789,0.08050000000000002,1.8998552631578947
M2255,0.00055,5.5e-05,-0.5,-0.5,0.08,0.087862,0.2409,2SEG,1,GNSS,-0.06886199999999999,-0.04089999999999999,3.624315789473684,0.20449999999999996,1.914407894736842
M2256,0.00055,5.5e-05,-0.5,-0.25,0.03,0.09102,0.1209,2SEG,1,GNSS,-0.07202,0.07910000000000002,3.790526315789474,0.3955000000000001,2.093013157894737
M2257,0.00055,5.5e-05,-0.5,-0.25,0.035,0.090669,0.1324,2SEG,1,GNSS,-0.071669,0.06760000000000002,3.7720526315789473,0.3380000000000001,2.0550263157894735
M2258,0.00055,5.5e-05,-0.5,-0.25,0.04,0.090343,0.1431,2SEG,1,GNSS,-0.071343,0.056900000000000006,3.7548947368421057,0.28450000000000003,2.019697368421053
M2259,0.00055,5.5e-05,-0.5,-0.25,0.05,0.089738,0.1629,2SEG,1,GNSS,-0.070738,0.03710000000000002,3.7230526315789474,0.1855000000000001,1.9542763157894738
M2260,0.00055,5.5e-05,-0.5,-0.25,0.08,0.087992,0.2135,2SEG,1,GNSS,-0.068992,-0.013499999999999984,3.631157894736842,0.06749999999999992,1.849328947368421
M2261,0.00055,5.5e-05,-0.5,0.0,0.03,0.091067,0.111,2SEG,1,GNSS,-0.07206699999999999,0.08900000000000001,3.7929999999999997,0.445,2.1189999999999998
M2262,0.00055,5.5e-05,-0.5,0.0,0.035,0.090698,0.1214,2SEG,1,GNSS,-0.071698,0.07860000000000002,3.773578947368421,0.39300000000000007,2.0832894736842107
M2263,0.00055,5.5e-05,-0.5,0.0,0.04,0.090377,0.1313,2SEG,1,GNSS,-0.071377,0.06870000000000001,3.756684210526316,0.3435,2.050092105263158
M2264,0.00055,5.5e-05,-0.5,0.0,0.05,0.089778,0.1495,2SEG,1,GNSS,-0.070778,0.05050000000000002,3.725157894736842,0.25250000000000006,1.9888289473684209
M2265,0.00055,5.5e-05,-0.5,0.0,0.08,0.088081,0.196,2SEG,1,GNSS,-0.069081,0.0040000000000000036,3.635842105263158,0.020000000000000018,1.827921052631579
M2266,0.00055,5.5e-05,-0.5,0.25,0.03,0.091084,0.1038,2SEG,1,GNSS,-0.072084,0.09620000000000001,3.793894736842105,0.48100000000000004,2.1374473684210527
M2267,0.00055,5.5e-05,-0.5,0.25,0.035,0.090719,0.1136,2SEG,1,GNSS,-0.07171899999999999,0.0864,3.774684210526315,0.432,2.103342105263158
M2268,0.00055,5.5e-05,-0.5,0.25,0.04,0.090399,0.1228,2SEG,1,GNSS,-0.07139899999999999,0.0772,3.7578421052631574,0.386,2.0719210526315788
M2269,0.00055,5.5e-05,-0.5,0.25,0.05,0.089807,0.1398,2SEG,1,GNSS,-0.070807,0.060200000000000004,3.7266842105263156,0.301,2.0138421052631577
M2270,0.00055,5.5e-05,-0.5,0.25,0.08,0.088134,0.1833,2SEG,1,GNSS,-0.069134,0.01670000000000002,3.6386315789473684,0.0835000000000001,1.8610657894736842
M2271,0.00055,5.5e-05,-0.5,0.5,0.03,0.091097,0.09828,2SEG,1,GNSS,-0.072097,0.10172,3.794578947368421,0.5085999999999999,2.1515894736842105
M2272,0.00055,5.5e-05,-0.5,0.5,0.035,0.090735,0.1075,2SEG,1,GNSS,-0.071735,0.09250000000000001,3.7755263157894734,0.4625,2.1190131578947367
M2273,0.00055,5.5e-05,-0.5,0.5,0.04,0.090417,0.1163,2SEG,1,GNSS,-0.071417,0.08370000000000001,3.7587894736842102,0.41850000000000004,2.088644736842105
M2274,0.00055,5.5e-05,-0.5,0.5,0.05,0.089827,0.1324,2SEG,1,GNSS,-0.070827,0.06760000000000002,3.7277368421052635,0.3380000000000001,2.0328684210526315
M2275,0.00055,5.5e-05,-0.5,0.5,0.08,0.088299,0.1738,2SEG,1,GNSS,-0.069299,0.0262,3.647315789473684,0.131,1.889157894736842
M2276,0.00055,5.5e-05,-0.25,-0.5,0.03,0.091349,0.1369,2SEG,1,GNSS,-0.072349,0.06310000000000002,3.8078421052631577,0.31550000000000006,2.0616710526315787
M2277,0.00055,5.5e-05,-0.25,-0.5,0.035,0.091026,0.1498,2SEG,1,GNSS,-0.07202599999999999,0.05020000000000002,3.790842105263158,0.2510000000000001,2.020921052631579
M2278,0.00055,5.5e-05,-0.25,-0.5,0.04,0.090726,0.162,2SEG,1,GNSS,-0.071726,0.038000000000000006,3.7750526315789474,0.19000000000000003,1.9825263157894737
M2279,0.00055,5.5e-05,-0.25,-0.5,0.05,0.090167,0.1845,2SEG,1,GNSS,-0.071167,0.015500000000000014,3.745631578947368,0.07750000000000007,1.9115657894736842
M2280,0.00055,5.5e-05,-0.25,-0.5,0.08,0.088528,0.242,2SEG,1,GNSS,-0.06952799999999999,-0.04199999999999998,3.659368421052631,0.2099999999999999,1.9346842105263156
M2281,0.00055,5.5e-05,-0.25,-0.25,0.03,0.091392,0.1212,2SEG,1,GNSS,-0.072392,0.07880000000000001,3.8101052631578947,0.394,2.1020526315789474
M2282,0.00055,5.5e-05,-0.25,-0.25,0.035,0.091075,0.1327,2SEG,1,GNSS,-0.072075,0.0673,3.793421052631579,0.33649999999999997,2.0649605263157893
M2283,0.00055,5.5e-05,-0.25,-0.25,0.04,0.090781,0.1435,2SEG,1,GNSS,-0.071781,0.05650000000000002,3.7779473684210525,0.2825000000000001,2.0302236842105263
M2284,0.00055,5.5e-05,-0.25,-0.25,0.05,0.090235,0.1635,2SEG,1,GNSS,-0.07123499999999999,0.036500000000000005,3.7492105263157893,0.18250000000000002,1.9658552631578947
M2285,0.00055,5.5e-05,-0.25,-0.25,0.08,0.088669,0.2145,2SEG,1,GNSS,-0.069669,-0.014499999999999985,3.66678947368421,0.07249999999999993,1.869644736842105
M2286,0.00055,5.5e-05,-0.25,0.0,0.03,0.091438,0.1112,2SEG,1,GNSS,-0.072438,0.08880000000000002,3.8125263157894738,0.44400000000000006,2.128263157894737
M2287,0.00055,5.5e-05,-0.25,0.0,0.035,0.091111,0.1218,2SEG,1,GNSS,-0.072111,0.0782,3.795315789473684,0.391,2.093157894736842
M2288,0.00055,5.5e-05,-0.25,0.0,0.04,0.090815,0.1317,2SEG,1,GNSS,-0.071815,0.0683,3.7797368421052635,0.34149999999999997,2.0606184210526317
M2289,0.00055,5.5e-05,-0.25,0.0,0.05,0.090276,0.15,2SEG,1,GNSS,-0.07127599999999999,0.05000000000000002,3.7513684210526312,0.25000000000000006,2.0006842105263156
M2290,0.00055,5.5e-05,-0.25,0.0,0.08,0.088757,0.1969,2SEG,1,GNSS,-0.069757,0.0031000000000000194,3.671421052631579,0.015500000000000097,1.8434605263157897
M2291,0.00055,5.5e-05,-0.25,0.25,0.03,0.091455,0.104,2SEG,1,GNSS,-0.07245499999999999,0.09600000000000002,3.8134210526315786,0.48000000000000004,2.1467105263157893
M2292,0.00055,5.5e-05,-0.25,0.25,0.035,0.091153,0.1139,2SEG,1,GNSS,-0.072153,0.08610000000000001,3.7975263157894736,0.43050000000000005,2.1140131578947368
M2293,0.00055,5.5e-05,-0.25,0.25,0.04,0.090838,0.1232,2SEG,1,GNSS,-0.071838,0.07680000000000001,3.7809473684210526,0.384,2.0824736842105263
M2294,0.00055,5.5e-05,-0.25,0.25,0.05,0.090304,0.1403,2SEG,1,GNSS,-0.07130399999999999,0.0597,3.7528421052631575,0.2985,2.0256710526315787
M2295,0.00055,5.5e-05,-0.25,0.25,0.08,0.088913,0.1843,2SEG,1,GNSS,-0.069913,0.01570000000000002,3.679631578947369,0.0785000000000001,1.8790657894736844
M2296,0.00055,5.5e-05,-0.25,0.5,0.03,0.091468,0.09852,2SEG,1,GNSS,-0.07246799999999999,0.10148000000000001,3.814105263157894,0.5074000000000001,2.160752631578947
M2297,0.00055,5.5e-05,-0.25,0.5,0.035,0.091167,0.1079,2SEG,1,GNSS,-0.072167,0.09210000000000002,3.798263157894737,0.4605000000000001,2.1293815789473682
M2298,0.00055,5.5e-05,-0.25,0.5,0.04,0.090856,0.1166,2SEG,1,GNSS,-0.071856,0.08340000000000002,3.7818947368421054,0.41700000000000004,2.099447368421053
M2299,0.00055,5.5e-05,-0.25,0.5,0.05,0.090325,0.1329,2SEG,1,GNSS,-0.071325,0.06710000000000002,3.7539473684210525,0.3355000000000001,2.0447236842105263
M2300,0.00055,5.5e-05,-0.25,0.5,0.08,0.088945,0.1745,2SEG,1,GNSS,-0.069945,0.025500000000000023,3.681315789473684,0.1275000000000001,1.904407894736842
M2301,0.00055,5.5e-05,0.0,-0.5,0.03,0.091588,0.1371,2SEG,1,GNSS,-0.072588,0.06290000000000001,3.820421052631579,0.31450000000000006,2.0674605263157897
M2302,0.00055,5.5e-05,0.0,-0.5,0.035,0.091294,0.1501,2SEG,1,GNSS,-0.072294,0.0499,3.8049473684210526,0.2495,2.0272236842105262
M2303,0.00055,5.5e-05,0.0,-0.5,0.04,0.091007,0.1623,2SEG,1,GNSS,-0.072007,0.03770000000000001,3.789842105263158,0.18850000000000006,1.989171052631579
M2304,0.00055,5.5e-05,0.0,-0.5,0.05,0.090487,0.1849,2SEG,1,GNSS,-0.071487,0.015100000000000002,3.762473684210526,0.07550000000000001,1.918986842105263
M2305,0.00055,5.5e-05,0.0,-0.5,0.08,0.088957,0.2427,2SEG,1,GNSS,-0.06995699999999999,-0.04269999999999999,3.6819473684210524,0.21349999999999994,1.947723684210526
M2306,0.00055,5.5e-05,0.0,-0.25,0.03,0.091631,0.1214,2SEG,1,GNSS,-0.072631,0.07860000000000002,3.822684210526316,0.39300000000000007,2.107842105263158
M2307,0.00055,5.5e-05,0.0,-0.25,0.035,0.091342,0.1329,2SEG,1,GNSS,-0.072342,0.06710000000000002,3.807473684210527,0.3355000000000001,2.0714868421052635
M2308,0.00055,5.5e-05,0.0,-0.25,0.04,0.091063,0.1438,2SEG,1,GNSS,-0.072063,0.0562,3.792789473684211,0.28099999999999997,2.0368947368421053
M2309,0.00055,5.5e-05,0.0,-0.25,0.05,0.090554,0.1638,2SEG,1,GNSS,-0.07155399999999999,0.03620000000000001,3.7659999999999996,0.18100000000000005,1.9734999999999998
M2310,0.00055,5.5e-05,0.0,-0.25,0.08,0.089108,0.2151,2SEG,1,GNSS,-0.070108,-0.015100000000000002,3.6898947368421053,0.07550000000000001,1.8826973684210526
M2311,0.00055,5.5e-05,0.0,0.0,0.03,0.091676,0.1114,2SEG,1,GNSS,-0.07267599999999999,0.08860000000000001,3.825052631578947,0.44300000000000006,2.134026315789473
M2312,0.00055,5.5e-05,0.0,0.0,0.035,0.091372,0.122,2SEG,1,GNSS,-0.07237199999999999,0.07800000000000001,3.8090526315789472,0.39000000000000007,2.0995263157894737
M2313,0.00055,5.5e-05,0.0,0.0,0.04,0.091097,0.1319,2SEG,1,GNSS,-0.072097,0.06810000000000002,3.794578947368421,0.3405000000000001,2.0675394736842105
M2314,0.00055,5.5e-05,0.0,0.0,0.05,0.090595,0.1503,2SEG,1,GNSS,-0.07159499999999999,0.04970000000000002,3.768157894736842,0.2485000000000001,2.008328947368421
M2315,0.00055,5.5e-05,0.0,0.0,0.08,0.089183,0.1974,2SEG,1,GNSS,-0.070183,0.002600000000000019,3.693842105263158,0.013000000000000095,1.8534210526315789
M2316,0.00055,5.5e-05,0.0,0.25,0.03,0.091694,0.1042,2SEG,1,GNSS,-0.072694,0.09580000000000001,3.8259999999999996,0.47900000000000004,2.1525
M2317,0.00055,5.5e-05,0.0,0.25,0.035,0.091413,0.1141,2SEG,1,GNSS,-0.07241299999999999,0.08590000000000002,3.811210526315789,0.42950000000000005,2.1203552631578946
M2318,0.00055,5.5e-05,0.0,0.25,0.04,0.091126,0.1234,2SEG,1,GNSS,-0.072126,0.07660000000000002,3.7961052631578944,0.38300000000000006,2.089552631578947
M2319,0.00055,5.5e-05,0.0,0.25,0.05,0.090624,0.1406,2SEG,1,GNSS,-0.071624,0.05940000000000001,3.7696842105263157,0.29700000000000004,2.033342105263158
M2320,0.00055,5.5e-05,0.0,0.25,0.08,0.08933,0.1848,2SEG,1,GNSS,-0.07033,0.015200000000000019,3.7015789473684215,0.0760000000000001,1.8887894736842108
M2321,0.00055,5.5e-05,0.0,0.5,0.03,0.091707,0.09867,2SEG,1,GNSS,-0.072707,0.10133000000000002,3.8266842105263157,0.50665,2.1666671052631576
M2322,0.00055,5.5e-05,0.0,0.5,0.035,0.091428,0.108,2SEG,1,GNSS,-0.07242799999999999,0.09200000000000001,3.812,0.46,2.136
M2323,0.00055,5.5e-05,0.0,0.5,0.04,0.091144,0.1168,2SEG,1,GNSS,-0.072144,0.08320000000000001,3.7970526315789472,0.41600000000000004,2.106526315789474
M2324,0.00055,5.5e-05,0.0,0.5,0.05,0.090645,0.1331,2SEG,1,GNSS,-0.071645,0.06690000000000002,3.7707894736842107,0.3345000000000001,2.0526447368421055
M2325,0.00055,5.5e-05,0.0,0.5,0.08,0.089362,0.175,2SEG,1,GNSS,-0.070362,0.025000000000000022,3.7032631578947366,0.1250000000000001,1.9141315789473683
M2326,0.00055,5.5e-05,0.25,-0.5,0.03,0.09176,0.1372,2SEG,1,GNSS,-0.07275999999999999,0.06280000000000002,3.829473684210526,0.3140000000000001,2.0717368421052633
M2327,0.00055,5.5e-05,0.25,-0.5,0.035,0.091481,0.1503,2SEG,1,GNSS,-0.072481,0.04970000000000002,3.8147894736842107,0.2485000000000001,2.0316447368421056
M2328,0.00055,5.5e-05,0.25,-0.5,0.04,0.09121,0.1625,2SEG,1,GNSS,-0.07221,0.037500000000000006,3.8005263157894738,0.18750000000000003,1.9940131578947369
M2329,0.00055,5.5e-05,0.25,-0.5,0.05,0.090717,0.1852,2SEG,1,GNSS,-0.071717,0.014800000000000008,3.7745789473684215,0.07400000000000004,1.9242894736842107
M2330,0.00055,5.5e-05,0.25,-0.5,0.08,0.089266,0.2432,2SEG,1,GNSS,-0.070266,-0.04319999999999999,3.698210526315789,0.21599999999999994,1.9571052631578945
M2331,0.00055,5.5e-05,0.25,-0.25,0.03,0.091823,0.1216,2SEG,1,GNSS,-0.072823,0.07840000000000001,3.8327894736842105,0.392,2.112394736842105
M2332,0.00055,5.5e-05,0.25,-0.25,0.035,0.09153,0.1331,2SEG,1,GNSS,-0.07253,0.06690000000000002,3.8173684210526315,0.3345000000000001,2.0759342105263157
M2333,0.00055,5.5e-05,0.25,-0.25,0.04,0.091273,0.144,2SEG,1,GNSS,-0.072273,0.05600000000000002,3.803842105263158,0.2800000000000001,2.041921052631579
M2334,0.00055,5.5e-05,0.25,-0.25,0.05,0.090785,0.1641,2SEG,1,GNSS,-0.071785,0.035900000000000015,3.778157894736842,0.17950000000000008,1.978828947368421
M2335,0.00055,5.5e-05,0.25,-0.25,0.08,0.089416,0.2156,2SEG,1,GNSS,-0.07041599999999999,-0.015600000000000003,3.7061052631578946,0.07800000000000001,1.8920526315789472
M2336,0.00055,5.5e-05,0.25,0.0,0.03,0.091847,0.1115,2SEG,1,GNSS,-0.072847,0.08850000000000001,3.834052631578947,0.4425,2.1382763157894735
M2337,0.00055,5.5e-05,0.25,0.0,0.035,0.09156,0.1221,2SEG,1,GNSS,-0.07256,0.07790000000000001,3.818947368421053,0.3895,2.1042236842105266
M2338,0.00055,5.5e-05,0.25,0.0,0.04,0.091306,0.1321,2SEG,1,GNSS,-0.072306,0.06790000000000002,3.8055789473684207,0.3395000000000001,2.0725394736842104
M2339,0.00055,5.5e-05,0.25,0.0,0.05,0.090826,0.1505,2SEG,1,GNSS,-0.071826,0.049500000000000016,3.7803157894736845,0.24750000000000008,2.0139078947368425
M2340,0.00055,5.5e-05,0.25,0.0,0.08,0.089587,0.198,2SEG,1,GNSS,-0.070587,0.0020000000000000018,3.7151052631578945,0.010000000000000009,1.8625526315789473
M2341,0.00055,5.5e-05,0.25,0.25,0.03,0.091865,0.1043,2SEG,1,GNSS,-0.072865,0.09570000000000001,3.835,0.47850000000000004,2.15675
M2342,0.00055,5.5e-05,0.25,0.25,0.035,0.0916,0.1142,2SEG,1,GNSS,-0.0726,0.08580000000000002,3.8210526315789473,0.42900000000000005,2.1250263157894738
M2343,0.00055,5.5e-05,0.25,0.25,0.04,0.09133,0.1236,2SEG,1,GNSS,-0.07232999999999999,0.07640000000000001,3.8068421052631574,0.382,2.0944210526315787
M2344,0.00055,5.5e-05,0.25,0.25,0.05,0.090854,0.1408,2SEG,1,GNSS,-0.071854,0.0592,3.781789473684211,0.296,2.0388947368421055
M2345,0.00055,5.5e-05,0.25,0.25,0.08,0.08963,0.1852,2SEG,1,GNSS,-0.07063,0.014800000000000008,3.7173684210526314,0.07400000000000004,1.8956842105263156
M2346,0.00055,5.5e-05,0.25,0.5,0.03,0.091878,0.09878,2SEG,1,GNSS,-0.072878,0.10122,3.8356842105263156,0.5061,2.1708921052631576
M2347,0.00055,5.5e-05,0.25,0.5,0.035,0.091616,0.1082,2SEG,1,GNSS,-0.072616,0.0918,3.8218947368421055,0.459,2.1404473684210528
M2348,0.00055,5.5e-05,0.25,0.5,0.04,0.091368,0.117,2SEG,1,GNSS,-0.072368,0.083,3.808842105263158,0.415,2.111921052631579
M2349,0.00055,5.5e-05,0.25,0.5,0.05,0.090876,0.1333,2SEG,1,GNSS,-0.071876,0.06670000000000001,3.7829473684210524,0.3335,2.0582236842105264
M2350,0.00055,5.5e-05,0.25,0.5,0.08,0.089668,0.1754,2SEG,1,GNSS,-0.070668,0.02460000000000001,3.719368421052631,0.12300000000000005,1.9211842105263157
M2351,0.00055,5.5e-05,0.5,-0.5,0.03,0.091892,0.1374,2SEG,1,GNSS,-0.072892,0.06260000000000002,3.836421052631579,0.31300000000000006,2.0747105263157897
M2352,0.00055,5.5e-05,0.5,-0.5,0.035,0.091626,0.1504,2SEG,1,GNSS,-0.072626,0.049600000000000005,3.822421052631579,0.24800000000000003,2.0352105263157894
M2353,0.00055,5.5e-05,0.5,-0.5,0.04,0.091366,0.1627,2SEG,1,GNSS,-0.072366,0.0373,3.8087368421052634,0.1865,1.9976184210526318
M2354,0.00055,5.5e-05,0.5,-0.5,0.05,0.090894,0.1854,2SEG,1,GNSS,-0.071894,0.014600000000000002,3.783894736842105,0.07300000000000001,1.9284473684210526
M2355,0.00055,5.5e-05,0.5,-0.5,0.08,0.089505,0.2436,2SEG,1,GNSS,-0.070505,-0.0436,3.7107894736842106,0.218,1.9643947368421053
M2356,0.00055,5.5e-05,0.5,-0.25,0.03,0.091955,0.1217,2SEG,1,GNSS,-0.07295499999999999,0.07830000000000001,3.8397368421052627,0.3915,2.1156184210526314
M2357,0.00055,5.5e-05,0.5,-0.25,0.035,0.091675,0.1332,2SEG,1,GNSS,-0.072675,0.0668,3.825,0.33399999999999996,2.0795
M2358,0.00055,5.5e-05,0.5,-0.25,0.04,0.091429,0.1441,2SEG,1,GNSS,-0.072429,0.055900000000000005,3.812052631578947,0.2795,2.0457763157894733
M2359,0.00055,5.5e-05,0.5,-0.25,0.05,0.090963,0.1643,2SEG,1,GNSS,-0.071963,0.03570000000000001,3.787526315789474,0.17850000000000005,1.983013157894737
M2360,0.00055,5.5e-05,0.5,-0.25,0.08,0.089653,0.2159,2SEG,1,GNSS,-0.070653,-0.015899999999999997,3.718578947368421,0.07949999999999999,1.8990394736842104
M2361,0.00055,5.5e-05,0.5,0.0,0.03,0.09198,0.1116,2SEG,1,GNSS,-0.07298,0.0884,3.8410526315789477,0.442,2.141526315789474
M2362,0.00055,5.5e-05,0.5,0.0,0.035,0.091705,0.1222,2SEG,1,GNSS,-0.07270499999999999,0.07780000000000001,3.8265789473684206,0.389,2.1077894736842104
M2363,0.00055,5.5e-05,0.5,0.0,0.04,0.091463,0.1322,2SEG,1,GNSS,-0.072463,0.0678,3.813842105263158,0.33899999999999997,2.076421052631579
M2364,0.00055,5.5e-05,0.5,0.0,0.05,0.091004,0.1507,2SEG,1,GNSS,-0.072004,0.04930000000000001,3.7896842105263158,0.24650000000000005,2.018092105263158
M2365,0.00055,5.5e-05,0.5,0.0,0.08,0.089819,0.1983,2SEG,1,GNSS,-0.070819,0.001700000000000007,3.727315789473684,0.008500000000000035,1.8679078947368422
M2366,0.00055,5.5e-05,0.5,0.25,0.03,0.091997,0.1044,2SEG,1,GNSS,-0.07299699999999999,0.0956,3.841947368421052,0.478,2.159973684210526
M2367,0.00055,5.5e-05,0.5,0.25,0.035,0.091745,0.1143,2SEG,1,GNSS,-0.07274499999999999,0.08570000000000001,3.8286842105263155,0.42850000000000005,2.1285921052631576
M2368,0.00055,5.5e-05,0.5,0.25,0.04,0.091486,0.1237,2SEG,1,GNSS,-0.072486,0.0763,3.815052631578947,0.3815,2.0982763157894735
M2369,0.00055,5.5e-05,0.5,0.25,0.05,0.091032,0.141,2SEG,1,GNSS,-0.072032,0.059000000000000025,3.791157894736842,0.2950000000000001,2.043078947368421
M2370,0.00055,5.5e-05,0.5,0.25,0.08,0.089862,0.1855,2SEG,1,GNSS,-0.070862,0.014500000000000013,3.7295789473684207,0.07250000000000006,1.9010394736842104
M2371,0.00055,5.5e-05,0.5,0.5,0.03,0.09201,0.09887,2SEG,1,GNSS,-0.07300999999999999,0.10113000000000001,3.842631578947368,0.50565,2.174140789473684
M2372,0.00055,5.5e-05,0.5,0.5,0.035,0.09176,0.1083,2SEG,1,GNSS,-0.07275999999999999,0.09170000000000002,3.829473684210526,0.4585000000000001,2.1439868421052632
M2373,0.00055,5.5e-05,0.5,0.5,0.04,0.091523,0.1171,2SEG,1,GNSS,-0.07252299999999999,0.08290000000000002,3.8169999999999997,0.41450000000000004,2.11575
M2374,0.00055,5.5e-05,0.5,0.5,0.05,0.091053,0.1335,2SEG,1,GNSS,-0.07205299999999999,0.0665,3.7922631578947366,0.3325,2.0623815789473685
M2375,0.00055,5.5e-05,0.5,0.5,0.08,0.0899,0.1756,2SEG,1,GNSS,-0.07089999999999999,0.024400000000000005,3.7315789473684204,0.12200000000000003,1.9267894736842102
M2376,0.00055,0.0001,-0.5,-0.5,0.03,0.096842,0.1417,2SEG,1,GNSS,-0.077842,0.05830000000000002,4.096947368421052,0.2915000000000001,2.194223684210526
M2377,0.00055,0.0001,-0.5,-0.5,0.035,0.096469,0.1551,2SEG,1,GNSS,-0.077469,0.04490000000000002,4.077315789473684,0.22450000000000012,2.150907894736842
M2378,0.00055,0.0001,-0.5,-0.5,0.04,0.096065,0.1676,2SEG,1,GNSS,-0.077065,0.03240000000000001,4.056052631578948,0.16200000000000006,2.1090263157894737
M2379,0.00055,0.0001,-0.5,-0.5,0.05,0.095381,0.1908,2SEG,1,GNSS,-0.07638099999999999,0.009200000000000014,4.020052631578947,0.04600000000000007,2.0330263157894737
M2380,0.00055,0.0001,-0.5,-0.5,0.08,0.093536,0.25,2SEG,1,GNSS,-0.07453599999999999,-0.04999999999999999,3.922947368421052,0.24999999999999994,2.086473684210526
M2381,0.00055,0.0001,-0.5,-0.25,0.03,0.096931,0.1255,2SEG,1,GNSS,-0.077931,0.07450000000000001,4.1016315789473685,0.37250000000000005,2.237065789473684
M2382,0.00055,0.0001,-0.5,-0.25,0.035,0.096565,0.1374,2SEG,1,GNSS,-0.077565,0.06260000000000002,4.082368421052632,0.31300000000000006,2.1976842105263157
M2383,0.00055,0.0001,-0.5,-0.25,0.04,0.096224,0.1485,2SEG,1,GNSS,-0.077224,0.05150000000000002,4.064421052631579,0.25750000000000006,2.16096052631579
M2384,0.00055,0.0001,-0.5,-0.25,0.05,0.095529,0.1691,2SEG,1,GNSS,-0.076529,0.03090000000000001,4.027842105263158,0.15450000000000005,2.0911710526315788
M2385,0.00055,0.0001,-0.5,-0.25,0.08,0.093781,0.2217,2SEG,1,GNSS,-0.074781,-0.021699999999999997,3.935842105263158,0.10849999999999999,2.022171052631579
M2386,0.00055,0.0001,-0.5,0.0,0.03,0.09705,0.1152,2SEG,1,GNSS,-0.07805,0.08480000000000001,4.1078947368421055,0.42400000000000004,2.265947368421053
M2387,0.00055,0.0001,-0.5,0.0,0.035,0.09663,0.1261,2SEG,1,GNSS,-0.07762999999999999,0.07390000000000002,4.08578947368421,0.3695000000000001,2.2276447368421053
M2388,0.00055,0.0001,-0.5,0.0,0.04,0.09629,0.1363,2SEG,1,GNSS,-0.07729,0.0637,4.0678947368421055,0.3185,2.193197368421053
M2389,0.00055,0.0001,-0.5,0.0,0.05,0.095664,0.1552,2SEG,1,GNSS,-0.076664,0.044800000000000006,4.034947368421053,0.22400000000000003,2.1294736842105264
M2390,0.00055,0.0001,-0.5,0.0,0.08,0.093926,0.2036,2SEG,1,GNSS,-0.07492599999999999,-0.003599999999999992,3.943473684210526,0.01799999999999996,1.980736842105263
M2391,0.00055,0.0001,-0.5,0.25,0.03,0.097074,0.1078,2SEG,1,GNSS,-0.07807399999999999,0.0922,4.109157894736842,0.461,2.285078947368421
M2392,0.00055,0.0001,-0.5,0.25,0.035,0.096667,0.1179,2SEG,1,GNSS,-0.077667,0.0821,4.087736842105263,0.41050000000000003,2.2491184210526316
M2393,0.00055,0.0001,-0.5,0.25,0.04,0.096333,0.1275,2SEG,1,GNSS,-0.077333,0.07250000000000001,4.070157894736842,0.36250000000000004,2.216328947368421
M2394,0.00055,0.0001,-0.5,0.25,0.05,0.095721,0.1452,2SEG,1,GNSS,-0.076721,0.054800000000000015,4.037947368421053,0.2740000000000001,2.1559736842105264
M2395,0.00055,0.0001,-0.5,0.25,0.08,0.094024,0.1905,2SEG,1,GNSS,-0.075024,0.009500000000000008,3.948631578947368,0.04750000000000004,1.998065789473684
M2396,0.00055,0.0001,-0.5,0.5,0.03,0.097092,0.1021,2SEG,1,GNSS,-0.078092,0.09790000000000001,4.1101052631578945,0.48950000000000005,2.299802631578947
M2397,0.00055,0.0001,-0.5,0.5,0.035,0.096771,0.1117,2SEG,1,GNSS,-0.07777099999999999,0.08830000000000002,4.093210526315789,0.44150000000000006,2.267355263157895
M2398,0.00055,0.0001,-0.5,0.5,0.04,0.096374,0.1208,2SEG,1,GNSS,-0.077374,0.0792,4.072315789473684,0.396,2.234157894736842
M2399,0.00055,0.0001,-0.5,0.5,0.05,0.095762,0.1375,2SEG,1,GNSS,-0.076762,0.0625,4.040105263157895,0.3125,2.1763026315789475
M2400,0.00055,0.0001,-0.5,0.5,0.08,0.0941,0.1805,2SEG,1,GNSS,-0.0751,0.019500000000000017,3.9526315789473685,0.09750000000000009,2.0250657894736843
M2401,0.00055,0.0001,-0.25,-0.5,0.03,0.097195,0.142,2SEG,1,GNSS,-0.078195,0.058000000000000024,4.115526315789474,0.2900000000000001,2.202763157894737
M2402,0.00055,0.0001,-0.25,-0.5,0.035,0.096856,0.1555,2SEG,1,GNSS,-0.077856,0.04450000000000001,4.097684210526316,0.22250000000000006,2.160092105263158
M2403,0.00055,0.0001,-0.25,-0.5,0.04,0.09652,0.1681,2SEG,1,GNSS,-0.07751999999999999,0.03190000000000001,4.08,0.15950000000000006,2.1197500000000002
M2404,0.00055,0.0001,-0.25,-0.5,0.05,0.095859,0.1914,2SEG,1,GNSS,-0.076859,0.008600000000000024,4.045210526315789,0.04300000000000012,2.0441052631578946
M2405,0.00055,0.0001,-0.25,-0.5,0.08,0.09416,0.251,2SEG,1,GNSS,-0.07515999999999999,-0.05099999999999999,3.9557894736842103,0.25499999999999995,2.105394736842105
M2406,0.00055,0.0001,-0.25,-0.25,0.03,0.097283,0.1258,2SEG,1,GNSS,-0.07828299999999999,0.07420000000000002,4.120157894736842,0.37100000000000005,2.245578947368421
M2407,0.00055,0.0001,-0.25,-0.25,0.035,0.096951,0.1377,2SEG,1,GNSS,-0.07795099999999999,0.06230000000000002,4.1026842105263155,0.3115000000000001,2.2070921052631576
M2408,0.00055,0.0001,-0.25,-0.25,0.04,0.096641,0.1489,2SEG,1,GNSS,-0.077641,0.051100000000000007,4.086368421052632,0.2555,2.170934210526316
M2409,0.00055,0.0001,-0.25,-0.25,0.05,0.096006,0.1696,2SEG,1,GNSS,-0.07700599999999999,0.03040000000000001,4.052947368421052,0.15200000000000005,2.1024736842105263
M2410,0.00055,0.0001,-0.25,-0.25,0.08,0.094405,0.2226,2SEG,1,GNSS,-0.075405,-0.02259999999999998,3.968684210526316,0.1129999999999999,2.040842105263158
M2411,0.00055,0.0001,-0.25,0.0,0.03,0.097395,0.1155,2SEG,1,GNSS,-0.07839499999999999,0.0845,4.126052631578947,0.4225,2.2742763157894736
M2412,0.00055,0.0001,-0.25,0.0,0.035,0.097015,0.1264,2SEG,1,GNSS,-0.078015,0.0736,4.106052631578947,0.368,2.237026315789474
M2413,0.00055,0.0001,-0.25,0.0,0.04,0.096706,0.1367,2SEG,1,GNSS,-0.077706,0.06330000000000002,4.089789473684211,0.3165000000000001,2.2031447368421055
M2414,0.00055,0.0001,-0.25,0.0,0.05,0.096139,0.1557,2SEG,1,GNSS,-0.077139,0.044300000000000006,4.059947368421053,0.22150000000000003,2.1407236842105264
M2415,0.00055,0.0001,-0.25,0.0,0.08,0.094549,0.2044,2SEG,1,GNSS,-0.07554899999999999,-0.004399999999999987,3.9762631578947363,0.021999999999999936,1.999131578947368
M2416,0.00055,0.0001,-0.25,0.25,0.03,0.097419,0.108,2SEG,1,GNSS,-0.078419,0.09200000000000001,4.127315789473684,0.46,2.293657894736842
M2417,0.00055,0.0001,-0.25,0.25,0.035,0.097127,0.1183,2SEG,1,GNSS,-0.078127,0.08170000000000001,4.111947368421053,0.40850000000000003,2.2602236842105263
M2418,0.00055,0.0001,-0.25,0.25,0.04,0.096759,0.1279,2SEG,1,GNSS,-0.077759,0.0721,4.092578947368421,0.3605,2.2265394736842103
M2419,0.00055,0.0001,-0.25,0.25,0.05,0.096195,0.1457,2SEG,1,GNSS,-0.077195,0.054300000000000015,4.062894736842106,0.2715000000000001,2.1671973684210526
M2420,0.00055,0.0001,-0.25,0.25,0.08,0.094651,0.1913,2SEG,1,GNSS,-0.075651,0.008700000000000013,3.9816315789473684,0.043500000000000066,2.012565789473684
M2421,0.00055,0.0001,-0.25,0.5,0.03,0.097441,0.1023,2SEG,1,GNSS,-0.078441,0.09770000000000001,4.128473684210526,0.48850000000000005,2.308486842105263
M2422,0.00055,0.0001,-0.25,0.5,0.035,0.097147,0.112,2SEG,1,GNSS,-0.078147,0.08800000000000001,4.1129999999999995,0.44,2.2765
M2423,0.00055,0.0001,-0.25,0.5,0.04,0.09679,0.1211,2SEG,1,GNSS,-0.07779,0.07890000000000001,4.0942105263157895,0.3945,2.2443552631578947
M2424,0.00055,0.0001,-0.25,0.5,0.05,0.096236,0.1379,2SEG,1,GNSS,-0.077236,0.062100000000000016,4.065052631578947,0.31050000000000005,2.1877763157894736
M2425,0.00055,0.0001,-0.25,0.5,0.08,0.094723,0.1812,2SEG,1,GNSS,-0.075723,0.01880000000000001,3.9854210526315788,0.09400000000000006,2.0397105263157895
M2426,0.00055,0.0001,0.0,-0.5,0.03,0.097422,0.1422,2SEG,1,GNSS,-0.07842199999999999,0.05780000000000002,4.127473684210526,0.2890000000000001,2.2082368421052627
M2427,0.00055,0.0001,0.0,-0.5,0.035,0.097104,0.1557,2SEG,1,GNSS,-0.07810399999999999,0.044300000000000006,4.110736842105263,0.22150000000000003,2.1661184210526314
M2428,0.00055,0.0001,0.0,-0.5,0.04,0.096789,0.1684,2SEG,1,GNSS,-0.077789,0.03160000000000002,4.094157894736842,0.15800000000000008,2.126078947368421
M2429,0.00055,0.0001,0.0,-0.5,0.05,0.096165,0.1917,2SEG,1,GNSS,-0.077165,0.008300000000000002,4.061315789473684,0.04150000000000001,2.051407894736842
M2430,0.00055,0.0001,0.0,-0.5,0.08,0.094562,0.2517,2SEG,1,GNSS,-0.07556199999999999,-0.05169999999999997,3.9769473684210523,0.25849999999999984,2.1177236842105263
M2431,0.00055,0.0001,0.0,-0.25,0.03,0.097509,0.126,2SEG,1,GNSS,-0.078509,0.07400000000000001,4.132052631578947,0.37000000000000005,2.2510263157894737
M2432,0.00055,0.0001,0.0,-0.25,0.035,0.097199,0.1379,2SEG,1,GNSS,-0.07819899999999999,0.062100000000000016,4.115736842105263,0.31050000000000005,2.2131184210526316
M2433,0.00055,0.0001,0.0,-0.25,0.04,0.096909,0.1492,2SEG,1,GNSS,-0.07790899999999999,0.05080000000000001,4.100473684210526,0.25400000000000006,2.177236842105263
M2434,0.00055,0.0001,0.0,-0.25,0.05,0.096313,0.1699,2SEG,1,GNSS,-0.07731299999999999,0.030100000000000016,4.069105263157894,0.15050000000000008,2.109802631578947
M2435,0.00055,0.0001,0.0,-0.25,0.08,0.094806,0.2232,2SEG,1,GNSS,-0.075806,-0.0232,3.9897894736842106,0.11599999999999999,2.0528947368421053
M2436,0.00055,0.0001,0.0,0.0,0.03,0.097616,0.1156,2SEG,1,GNSS,-0.07861599999999999,0.08440000000000002,4.137684210526316,0.42200000000000004,2.2798421052631577
M2437,0.00055,0.0001,0.0,0.0,0.035,0.097262,0.1266,2SEG,1,GNSS,-0.078262,0.07340000000000002,4.119052631578947,0.3670000000000001,2.2430263157894736
M2438,0.00055,0.0001,0.0,0.0,0.04,0.096974,0.1369,2SEG,1,GNSS,-0.077974,0.06310000000000002,4.103894736842105,0.31550000000000006,2.2096973684210526
M2439,0.00055,0.0001,0.0,0.0,0.05,0.096443,0.156,2SEG,1,GNSS,-0.077443,0.04400000000000001,4.075947368421053,0.22000000000000006,2.1479736842105264
M2440,0.00055,0.0001,0.0,0.0,0.08,0.09495,0.2049,2SEG,1,GNSS,-0.07595,-0.004899999999999988,3.9973684210526317,0.02449999999999994,2.0109342105263157
M2441,0.00055,0.0001,0.0,0.25,0.03,0.09764,0.1082,2SEG,1,GNSS,-0.07864,0.0918,4.138947368421053,0.459,2.298973684210526
M2442,0.00055,0.0001,0.0,0.25,0.035,0.097368,0.1185,2SEG,1,GNSS,-0.078368,0.08150000000000002,4.124631578947368,0.4075000000000001,2.266065789473684
M2443,0.00055,0.0001,0.0,0.25,0.04,0.097026,0.1281,2SEG,1,GNSS,-0.078026,0.07190000000000002,4.106631578947368,0.3595000000000001,2.233065789473684
M2444,0.00055,0.0001,0.0,0.25,0.05,0.0965,0.1459,2SEG,1,GNSS,-0.0775,0.05410000000000001,4.078947368421053,0.2705,2.1747236842105266
M2445,0.00055,0.0001,0.0,0.25,0.08,0.095052,0.1918,2SEG,1,GNSS,-0.076052,0.008200000000000013,4.002736842105263,0.041000000000000064,2.021868421052632
M2446,0.00055,0.0001,0.0,0.5,0.03,0.097662,0.1024,2SEG,1,GNSS,-0.078662,0.0976,4.140105263157895,0.488,2.3140526315789476
M2447,0.00055,0.0001,0.0,0.5,0.035,0.097389,0.1122,2SEG,1,GNSS,-0.078389,0.08780000000000002,4.125736842105264,0.43900000000000006,2.282368421052632
M2448,0.00055,0.0001,0.0,0.5,0.04,0.097134,0.1213,2SEG,1,GNSS,-0.078134,0.0787,4.112315789473684,0.3935,2.2529078947368424
M2449,0.00055,0.0001,0.0,0.5,0.05,0.09654,0.1382,2SEG,1,GNSS,-0.07754,0.06180000000000002,4.081052631578947,0.3090000000000001,2.1950263157894736
M2450,0.00055,0.0001,0.0,0.5,0.08,0.095124,0.1816,2SEG,1,GNSS,-0.076124,0.0184,4.006526315789474,0.092,2.0492631578947367
M2451,0.00055,0.0001,0.25,-0.5,0.03,0.097585,0.1424,2SEG,1,GNSS,-0.078585,0.05760000000000001,4.136052631578948,0.28800000000000003,2.212026315789474
M2452,0.00055,0.0001,0.25,-0.5,0.035,0.097282,0.1559,2SEG,1,GNSS,-0.07828199999999999,0.0441,4.120105263157894,0.2205,2.1703026315789473
M2453,0.00055,0.0001,0.25,-0.5,0.04,0.096982,0.1686,2SEG,1,GNSS,-0.077982,0.03140000000000001,4.104315789473684,0.15700000000000006,2.130657894736842
M2454,0.00055,0.0001,0.25,-0.5,0.05,0.096387,0.192,2SEG,1,GNSS,-0.077387,0.008000000000000007,4.073,0.040000000000000036,2.0565
M2455,0.00055,0.0001,0.25,-0.5,0.08,0.094852,0.2522,2SEG,1,GNSS,-0.075852,-0.05219999999999997,3.9922105263157897,0.26099999999999984,2.1266052631578947
M2456,0.00055,0.0001,0.25,-0.25,0.03,0.097739,0.1262,2SEG,1,GNSS,-0.078739,0.0738,4.144157894736843,0.369,2.2565789473684212
M2457,0.00055,0.0001,0.25,-0.25,0.035,0.097377,0.1381,2SEG,1,GNSS,-0.078377,0.06190000000000001,4.125105263157895,0.30950000000000005,2.2173026315789475
M2458,0.00055,0.0001,0.25,-0.25,0.04,0.097102,0.1494,2SEG,1,GNSS,-0.07810199999999999,0.050600000000000006,4.110631578947368,0.253,2.181815789473684
M2459,0.00055,0.0001,0.25,-0.25,0.05,0.096534,0.1702,2SEG,1,GNSS,-0.07753399999999999,0.02980000000000002,4.080736842105263,0.1490000000000001,2.1148684210526314
M2460,0.00055,0.0001,0.25,-0.25,0.08,0.095096,0.2236,2SEG,1,GNSS,-0.076096,-0.023599999999999982,4.005052631578947,0.11799999999999991,2.061526315789474
M2461,0.00055,0.0001,0.25,0.0,0.03,0.097775,0.1158,2SEG,1,GNSS,-0.078775,0.08420000000000001,4.146052631578947,0.42100000000000004,2.283526315789474
M2462,0.00055,0.0001,0.25,0.0,0.035,0.097441,0.1267,2SEG,1,GNSS,-0.078441,0.0733,4.128473684210526,0.3665,2.247486842105263
M2463,0.00055,0.0001,0.25,0.0,0.04,0.097167,0.1371,2SEG,1,GNSS,-0.078167,0.06290000000000001,4.114052631578947,0.31450000000000006,2.2142763157894736
M2464,0.00055,0.0001,0.25,0.0,0.05,0.096663,0.1562,2SEG,1,GNSS,-0.077663,0.043800000000000006,4.087526315789473,0.21900000000000003,2.1532631578947368
M2465,0.00055,0.0001,0.25,0.0,0.08,0.09524,0.2053,2SEG,1,GNSS,-0.07624,-0.005299999999999999,4.012631578947369,0.026499999999999996,2.0195657894736847
M2466,0.00055,0.0001,0.25,0.25,0.03,0.097804,0.1083,2SEG,1,GNSS,-0.078804,0.09170000000000002,4.147578947368421,0.4585000000000001,2.3030394736842106
M2467,0.00055,0.0001,0.25,0.25,0.035,0.097542,0.1186,2SEG,1,GNSS,-0.078542,0.08140000000000001,4.13378947368421,0.40700000000000003,2.270394736842105
M2468,0.00055,0.0001,0.25,0.25,0.04,0.097218,0.1282,2SEG,1,GNSS,-0.078218,0.0718,4.116736842105263,0.359,2.2378684210526316
M2469,0.00055,0.0001,0.25,0.25,0.05,0.096719,0.1461,2SEG,1,GNSS,-0.077719,0.0539,4.090473684210526,0.2695,2.179986842105263
M2470,0.00055,0.0001,0.25,0.25,0.08,0.095342,0.1921,2SEG,1,GNSS,-0.076342,0.007900000000000018,4.018,0.03950000000000009,2.02875
M2471,0.00055,0.0001,0.25,0.5,0.03,0.097822,0.1025,2SEG,1,GNSS,-0.078822,0.09750000000000002,4.148526315789474,0.48750000000000004,2.318013157894737
M2472,0.00055,0.0001,0.25,0.5,0.035,0.097563,0.1123,2SEG,1,GNSS,-0.078563,0.08770000000000001,4.134894736842105,0.43850000000000006,2.2866973684210525
M2473,0.00055,0.0001,0.25,0.5,0.04,0.097322,0.1215,2SEG,1,GNSS,-0.078322,0.07850000000000001,4.12221052631579,0.39250000000000007,2.257355263157895
M2474,0.00055,0.0001,0.25,0.5,0.05,0.09676,0.1384,2SEG,1,GNSS,-0.07776,0.061600000000000016,4.092631578947368,0.30800000000000005,2.200315789473684
M2475,0.00055,0.0001,0.25,0.5,0.08,0.095413,0.182,2SEG,1,GNSS,-0.076413,0.018000000000000016,4.021736842105263,0.09000000000000008,2.0558684210526312
M2476,0.00055,0.0001,0.5,-0.5,0.03,0.097719,0.1425,2SEG,1,GNSS,-0.078719,0.05750000000000002,4.143105263157895,0.2875000000000001,2.2153026315789477
M2477,0.00055,0.0001,0.5,-0.5,0.035,0.09742,0.156,2SEG,1,GNSS,-0.07842,0.04400000000000001,4.127368421052632,0.22000000000000006,2.1736842105263157
M2478,0.00055,0.0001,0.5,-0.5,0.04,0.097131,0.1687,2SEG,1,GNSS,-0.07813099999999999,0.03130000000000002,4.112157894736842,0.1565000000000001,2.134328947368421
M2479,0.00055,0.0001,0.5,-0.5,0.05,0.096557,0.1922,2SEG,1,GNSS,-0.077557,0.007800000000000001,4.081947368421053,0.03900000000000001,2.0604736842105265
M2480,0.00055,0.0001,0.5,-0.5,0.08,0.095076,0.2525,2SEG,1,GNSS,-0.07607599999999999,-0.05249999999999999,4.004,0.26249999999999996,2.13325
M2481,0.00055,0.0001,0.5,-0.25,0.03,0.097862,0.1263,2SEG,1,GNSS,-0.078862,0.07370000000000002,4.150631578947369,0.36850000000000005,2.2595657894736845
M2482,0.00055,0.0001,0.5,-0.25,0.035,0.097523,0.1382,2SEG,1,GNSS,-0.078523,0.06180000000000002,4.132789473684211,0.3090000000000001,2.2208947368421055
M2483,0.00055,0.0001,0.5,-0.25,0.04,0.097251,0.1495,2SEG,1,GNSS,-0.078251,0.05050000000000002,4.118473684210526,0.25250000000000006,2.1854868421052633
M2484,0.00055,0.0001,0.5,-0.25,0.05,0.096705,0.1703,2SEG,1,GNSS,-0.077705,0.029700000000000004,4.089736842105263,0.14850000000000002,2.1191184210526317
M2485,0.00055,0.0001,0.5,-0.25,0.08,0.095319,0.2239,2SEG,1,GNSS,-0.076319,-0.023899999999999977,4.01678947368421,0.11949999999999988,2.068144736842105
M2486,0.00055,0.0001,0.5,0.0,0.03,0.097898,0.1158,2SEG,1,GNSS,-0.078898,0.08420000000000001,4.152526315789474,0.42100000000000004,2.286763157894737
M2487,0.00055,0.0001,0.5,0.0,0.035,0.097578,0.1268,2SEG,1,GNSS,-0.078578,0.07320000000000002,4.135684210526316,0.36600000000000005,2.2508421052631578
M2488,0.00055,0.0001,0.5,0.0,0.04,0.097315,0.1372,2SEG,1,GNSS,-0.078315,0.06280000000000002,4.121842105263158,0.3140000000000001,2.217921052631579
M2489,0.00055,0.0001,0.5,0.0,0.05,0.096832,0.1564,2SEG,1,GNSS,-0.077832,0.0436,4.096421052631579,0.218,2.1572105263157897
M2490,0.00055,0.0001,0.5,0.0,0.08,0.095463,0.2056,2SEG,1,GNSS,-0.076463,-0.005599999999999994,4.024368421052632,0.02799999999999997,2.0261842105263157
M2491,0.00055,0.0001,0.5,0.25,0.03,0.097927,0.1084,2SEG,1,GNSS,-0.078927,0.09160000000000001,4.154052631578947,0.4580000000000001,2.306026315789474
M2492,0.00055,0.0001,0.5,0.25,0.035,0.097677,0.1187,2SEG,1,GNSS,-0.078677,0.08130000000000001,4.140894736842105,0.40650000000000003,2.2736973684210526
M2493,0.00055,0.0001,0.5,0.25,0.04,0.097367,0.1283,2SEG,1,GNSS,-0.07836699999999999,0.07170000000000001,4.124578947368421,0.35850000000000004,2.2415394736842105
M2494,0.00055,0.0001,0.5,0.25,0.05,0.096888,0.1463,2SEG,1,GNSS,-0.077888,0.0537,4.099368421052632,0.26849999999999996,2.183934210526316
M2495,0.00055,0.0001,0.5,0.25,0.08,0.095565,0.1924,2SEG,1,GNSS,-0.076565,0.007600000000000023,4.029736842105263,0.03800000000000012,2.0338684210526314
M2496,0.00055,0.0001,0.5,0.5,0.03,0.097945,0.1026,2SEG,1,GNSS,-0.078945,0.09740000000000001,4.155,0.48700000000000004,2.321
M2497,0.00055,0.0001,0.5,0.5,0.035,0.097698,0.1124,2SEG,1,GNSS,-0.07869799999999999,0.08760000000000001,4.1419999999999995,0.43800000000000006,2.2899999999999996
M2498,0.00055,0.0001,0.5,0.5,0.04,0.097467,0.1216,2SEG,1,GNSS,-0.078467,0.07840000000000001,4.129842105263157,0.392,2.260921052631579
M2499,0.00055,0.0001,0.5,0.5,0.05,0.096929,0.1385,2SEG,1,GNSS,-0.077929,0.0615,4.1015263157894735,0.3075,2.204513157894737
M2500,0.00055,0.0001,0.5,0.5,0.08,0.095636,0.1822,2SEG,1,GNSS,-0.076636,0.01780000000000001,4.033473684210526,0.08900000000000005,2.0612368421052634
M2501,0.001,1e-06,-0.5,-0.5,0.03,0.10449,0.1485,2SEG,1,GNSS,-0.08549,0.05150000000000002,4.4994736842105265,0.25750000000000006,2.3784868421052634
M2502,0.001,1e-06,-0.5,-0.5,0.035,0.104,0.1624,2SEG,1,GNSS,-0.08499999999999999,0.03760000000000002,4.473684210526316,0.1880000000000001,2.330842105263158
M2503,0.001,1e-06,-0.5,-0.5,0.04,0.10354,0.1755,2SEG,1,GNSS,-0.08453999999999999,0.024500000000000022,4.449473684210526,0.12250000000000011,2.285986842105263
M2504,0.001,1e-06,-0.5,-0.5,0.05,0.10271,0.1997,2SEG,1,GNSS,-0.08370999999999999,0.00030000000000002247,4.4057894736842105,0.0015000000000001124,2.2036447368421053
M2505,0.001,1e-06,-0.5,-0.5,0.08,0.1006,0.2615,2SEG,1,GNSS,-0.08159999999999999,-0.0615,4.294736842105263,0.3075,2.3011184210526316
M2506,0.001,1e-06,-0.5,-0.25,0.03,0.10449,0.1315,2SEG,1,GNSS,-0.08549,0.0685,4.4994736842105265,0.3425,2.4209868421052634
M2507,0.001,1e-06,-0.5,-0.25,0.035,0.104,0.1438,2SEG,1,GNSS,-0.08499999999999999,0.0562,4.473684210526316,0.28099999999999997,2.377342105263158
M2508,0.001,1e-06,-0.5,-0.25,0.04,0.10354,0.1554,2SEG,1,GNSS,-0.08453999999999999,0.0446,4.449473684210526,0.223,2.336236842105263
M2509,0.001,1e-06,-0.5,-0.25,0.05,0.1027,0.1768,2SEG,1,GNSS,-0.0837,0.0232,4.405263157894737,0.11599999999999999,2.2606315789473683
M2510,0.001,1e-06,-0.5,-0.25,0.08,0.1006,0.2315,2SEG,1,GNSS,-0.08159999999999999,-0.0315,4.294736842105263,0.1575,2.2261184210526315
M2511,0.001,1e-06,-0.5,0.0,0.03,0.10449,0.1206,2SEG,1,GNSS,-0.08549,0.07940000000000001,4.4994736842105265,0.397,2.4482368421052634
M2512,0.001,1e-06,-0.5,0.0,0.035,0.104,0.1319,2SEG,1,GNSS,-0.08499999999999999,0.06810000000000002,4.473684210526316,0.3405000000000001,2.407092105263158
M2513,0.001,1e-06,-0.5,0.0,0.04,0.10354,0.1425,2SEG,1,GNSS,-0.08453999999999999,0.05750000000000002,4.449473684210526,0.2875000000000001,2.3684868421052627
M2514,0.001,1e-06,-0.5,0.0,0.05,0.1027,0.1622,2SEG,1,GNSS,-0.0837,0.0378,4.405263157894737,0.189,2.2971315789473685
M2515,0.001,1e-06,-0.5,0.0,0.08,0.10059,0.2124,2SEG,1,GNSS,-0.08159,-0.012399999999999994,4.29421052631579,0.06199999999999997,2.178105263157895
M2516,0.001,1e-06,-0.5,0.25,0.03,0.10448,0.1128,2SEG,1,GNSS,-0.08548,0.08720000000000001,4.498947368421053,0.43600000000000005,2.4674736842105265
M2517,0.001,1e-06,-0.5,0.25,0.035,0.104,0.1234,2SEG,1,GNSS,-0.08499999999999999,0.07660000000000002,4.473684210526316,0.38300000000000006,2.428342105263158
M2518,0.001,1e-06,-0.5,0.25,0.04,0.10354,0.1333,2SEG,1,GNSS,-0.08453999999999999,0.06670000000000001,4.449473684210526,0.3335,2.391486842105263
M2519,0.001,1e-06,-0.5,0.25,0.05,0.1027,0.1517,2SEG,1,GNSS,-0.0837,0.04830000000000001,4.405263157894737,0.24150000000000005,2.3233815789473686
M2520,0.001,1e-06,-0.5,0.25,0.08,0.10059,0.1986,2SEG,1,GNSS,-0.08159,0.0014000000000000123,4.29421052631579,0.007000000000000062,2.1506052631578947
M2521,0.001,1e-06,-0.5,0.5,0.03,0.10448,0.1068,2SEG,1,GNSS,-0.08548,0.0932,4.498947368421053,0.466,2.4824736842105266
M2522,0.001,1e-06,-0.5,0.5,0.035,0.104,0.1168,2SEG,1,GNSS,-0.08499999999999999,0.08320000000000001,4.473684210526316,0.41600000000000004,2.444842105263158
M2523,0.001,1e-06,-0.5,0.5,0.04,0.10354,0.1262,2SEG,1,GNSS,-0.08453999999999999,0.0738,4.449473684210526,0.369,2.409236842105263
M2524,0.001,1e-06,-0.5,0.5,0.05,0.1027,0.1436,2SEG,1,GNSS,-0.0837,0.056400000000000006,4.405263157894737,0.28200000000000003,2.3436315789473685
M2525,0.001,1e-06,-0.5,0.5,0.08,0.10059,0.1881,2SEG,1,GNSS,-0.08159,0.011900000000000022,4.29421052631579,0.05950000000000011,2.176855263157895
M2526,0.001,1e-06,-0.25,-0.5,0.03,0.10507,0.149,2SEG,1,GNSS,-0.08607,0.05100000000000002,4.529999999999999,0.25500000000000006,2.3924999999999996
M2527,0.001,1e-06,-0.25,-0.5,0.035,0.10463,0.163,2SEG,1,GNSS,-0.08563,0.037000000000000005,4.506842105263158,0.18500000000000003,2.345921052631579
M2528,0.001,1e-06,-0.25,-0.5,0.04,0.10423,0.1762,2SEG,1,GNSS,-0.08523,0.023800000000000016,4.4857894736842105,0.11900000000000008,2.302394736842105
M2529,0.001,1e-06,-0.25,-0.5,0.05,0.10347,0.2006,2SEG,1,GNSS,-0.08447,-0.0005999999999999894,4.4457894736842105,0.002999999999999947,2.2243947368421053
M2530,0.001,1e-06,-0.25,-0.5,0.08,0.10157,0.263,2SEG,1,GNSS,-0.08256999999999999,-0.063,4.34578947368421,0.315,2.330394736842105
M2531,0.001,1e-06,-0.25,-0.25,0.03,0.10507,0.1319,2SEG,1,GNSS,-0.08607,0.06810000000000002,4.529999999999999,0.3405000000000001,2.43525
M2532,0.001,1e-06,-0.25,-0.25,0.035,0.10463,0.1443,2SEG,1,GNSS,-0.08563,0.0557,4.506842105263158,0.27849999999999997,2.392671052631579
M2533,0.001,1e-06,-0.25,-0.25,0.04,0.10422,0.156,2SEG,1,GNSS,-0.08521999999999999,0.04400000000000001,4.485263157894736,0.22000000000000006,2.352631578947368
M2534,0.001,1e-06,-0.25,-0.25,0.05,0.10347,0.1776,2SEG,1,GNSS,-0.08447,0.022400000000000003,4.4457894736842105,0.11200000000000002,2.2788947368421053
M2535,0.001,1e-06,-0.25,-0.25,0.08,0.10157,0.2329,2SEG,1,GNSS,-0.08256999999999999,-0.032899999999999985,4.34578947368421,0.16449999999999992,2.255144736842105
M2536,0.001,1e-06,-0.25,0.0,0.03,0.10507,0.121,2SEG,1,GNSS,-0.08607,0.07900000000000001,4.529999999999999,0.3950000000000001,2.4625
M2537,0.001,1e-06,-0.25,0.0,0.035,0.10463,0.1324,2SEG,1,GNSS,-0.08563,0.06760000000000002,4.506842105263158,0.3380000000000001,2.422421052631579
M2538,0.001,1e-06,-0.25,0.0,0.04,0.10422,0.1431,2SEG,1,GNSS,-0.08521999999999999,0.056900000000000006,4.485263157894736,0.28450000000000003,2.3848815789473683
M2539,0.001,1e-06,-0.25,0.0,0.05,0.10347,0.1629,2SEG,1,GNSS,-0.08447,0.03710000000000002,4.4457894736842105,0.1855000000000001,2.3156447368421054
M2540,0.001,1e-06,-0.25,0.0,0.08,0.10157,0.2136,2SEG,1,GNSS,-0.08256999999999999,-0.013600000000000001,4.34578947368421,0.068,2.206894736842105
M2541,0.001,1e-06,-0.25,0.25,0.03,0.10507,0.1132,2SEG,1,GNSS,-0.08607,0.08680000000000002,4.529999999999999,0.43400000000000005,2.4819999999999998
M2542,0.001,1e-06,-0.25,0.25,0.035,0.10463,0.1238,2SEG,1,GNSS,-0.08563,0.07620000000000002,4.506842105263158,0.38100000000000006,2.443921052631579
M2543,0.001,1e-06,-0.25,0.25,0.04,0.10422,0.1338,2SEG,1,GNSS,-0.08521999999999999,0.06620000000000001,4.485263157894736,0.331,2.4081315789473683
M2544,0.001,1e-06,-0.25,0.25,0.05,0.10347,0.1524,2SEG,1,GNSS,-0.08447,0.0476,4.4457894736842105,0.23800000000000002,2.3418947368421055
M2545,0.001,1e-06,-0.25,0.25,0.08,0.10156,0.1998,2SEG,1,GNSS,-0.08256,0.00020000000000000573,4.3452631578947365,0.0010000000000000286,2.1731315789473684
M2546,0.001,1e-06,-0.25,0.5,0.03,0.10507,0.1071,2SEG,1,GNSS,-0.08607,0.09290000000000001,4.529999999999999,0.4645,2.4972499999999997
M2547,0.001,1e-06,-0.25,0.5,0.035,0.10463,0.1172,2SEG,1,GNSS,-0.08563,0.08280000000000001,4.506842105263158,0.41400000000000003,2.460421052631579
M2548,0.001,1e-06,-0.25,0.5,0.04,0.10422,0.1267,2SEG,1,GNSS,-0.08521999999999999,0.0733,4.485263157894736,0.3665,2.4258815789473682
M2549,0.001,1e-06,-0.25,0.5,0.05,0.10347,0.1442,2SEG,1,GNSS,-0.08447,0.055800000000000016,4.4457894736842105,0.2790000000000001,2.362394736842105
M2550,0.001,1e-06,-0.25,0.5,0.08,0.10156,0.1891,2SEG,1,GNSS,-0.08256,0.01090000000000002,4.3452631578947365,0.054500000000000104,2.1998815789473682
M2551,0.001,1e-06,0.0,-0.5,0.03,0.10548,0.1493,2SEG,1,GNSS,-0.08648,0.05070000000000002,4.551578947368421,0.2535000000000001,2.4025394736842105
M2552,0.001,1e-06,0.0,-0.5,0.035,0.10504,0.1634,2SEG,1,GNSS,-0.08603999999999999,0.03660000000000002,4.528421052631579,0.1830000000000001,2.3557105263157894
M2553,0.001,1e-06,0.0,-0.5,0.04,0.10467,0.1766,2SEG,1,GNSS,-0.08567,0.023400000000000004,4.508947368421053,0.11700000000000002,2.3129736842105264
M2554,0.001,1e-06,0.0,-0.5,0.05,0.10397,0.2011,2SEG,1,GNSS,-0.08497,-0.0010999999999999899,4.4721052631578955,0.005499999999999949,2.2388026315789475
M2555,0.001,1e-06,0.0,-0.5,0.08,0.10221,0.264,2SEG,1,GNSS,-0.08320999999999999,-0.064,4.379473684210526,0.32,2.3497368421052633
M2556,0.001,1e-06,0.0,-0.25,0.03,0.10547,0.1322,2SEG,1,GNSS,-0.08646999999999999,0.0678,4.551052631578947,0.33899999999999997,2.445026315789473
M2557,0.001,1e-06,0.0,-0.25,0.035,0.10504,0.1447,2SEG,1,GNSS,-0.08603999999999999,0.055300000000000016,4.528421052631579,0.2765000000000001,2.4024605263157897
M2558,0.001,1e-06,0.0,-0.25,0.04,0.10466,0.1564,2SEG,1,GNSS,-0.08566,0.0436,4.508421052631579,0.218,2.3632105263157897
M2559,0.001,1e-06,0.0,-0.25,0.05,0.10397,0.1781,2SEG,1,GNSS,-0.08497,0.021900000000000003,4.4721052631578955,0.10950000000000001,2.2908026315789476
M2560,0.001,1e-06,0.0,-0.25,0.08,0.1022,0.2337,2SEG,1,GNSS,-0.0832,-0.03369999999999998,4.378947368421053,0.1684999999999999,2.2737236842105264
M2561,0.001,1e-06,0.0,0.0,0.03,0.10547,0.1213,2SEG,1,GNSS,-0.08646999999999999,0.0787,4.551052631578947,0.3935,2.4722763157894736
M2562,0.001,1e-06,0.0,0.0,0.035,0.10504,0.1327,2SEG,1,GNSS,-0.08603999999999999,0.0673,4.528421052631579,0.33649999999999997,2.4324605263157895
M2563,0.001,1e-06,0.0,0.0,0.04,0.10466,0.1435,2SEG,1,GNSS,-0.08566,0.05650000000000002,4.508421052631579,0.2825000000000001,2.3954605263157895
M2564,0.001,1e-06,0.0,0.0,0.05,0.10397,0.1634,2SEG,1,GNSS,-0.08497,0.03660000000000002,4.4721052631578955,0.1830000000000001,2.3275526315789477
M2565,0.001,1e-06,0.0,0.0,0.08,0.1022,0.2144,2SEG,1,GNSS,-0.0832,-0.014399999999999996,4.378947368421053,0.07199999999999998,2.2254736842105265
M2566,0.001,1e-06,0.0,0.25,0.03,0.10547,0.1134,2SEG,1,GNSS,-0.08646999999999999,0.08660000000000001,4.551052631578947,0.43300000000000005,2.4920263157894733
M2567,0.001,1e-06,0.0,0.25,0.035,0.10504,0.1241,2SEG,1,GNSS,-0.08603999999999999,0.07590000000000001,4.528421052631579,0.3795,2.4539605263157895
M2568,0.001,1e-06,0.0,0.25,0.04,0.10466,0.1342,2SEG,1,GNSS,-0.08566,0.0658,4.508421052631579,0.32899999999999996,2.4187105263157895
M2569,0.001,1e-06,0.0,0.25,0.05,0.10397,0.1528,2SEG,1,GNSS,-0.08497,0.04720000000000002,4.4721052631578955,0.2360000000000001,2.3540526315789476
M2570,0.001,1e-06,0.0,0.25,0.08,0.1022,0.2005,2SEG,1,GNSS,-0.0832,-0.0005000000000000004,4.378947368421053,0.0025000000000000022,2.1907236842105267
M2571,0.001,1e-06,0.0,0.5,0.03,0.10547,0.1074,2SEG,1,GNSS,-0.08646999999999999,0.09260000000000002,4.551052631578947,0.4630000000000001,2.5070263157894734
M2572,0.001,1e-06,0.0,0.5,0.035,0.10504,0.1175,2SEG,1,GNSS,-0.08603999999999999,0.08250000000000002,4.528421052631579,0.4125000000000001,2.4704605263157893
M2573,0.001,1e-06,0.0,0.5,0.04,0.10466,0.127,2SEG,1,GNSS,-0.08566,0.07300000000000001,4.508421052631579,0.36500000000000005,2.4367105263157898
M2574,0.001,1e-06,0.0,0.5,0.05,0.10397,0.1447,2SEG,1,GNSS,-0.08497,0.055300000000000016,4.4721052631578955,0.2765000000000001,2.374302631578948
M2575,0.001,1e-06,0.0,0.5,0.08,0.1022,0.1898,2SEG,1,GNSS,-0.0832,0.010200000000000015,4.378947368421053,0.05100000000000007,2.2149736842105265
M2576,0.001,1e-06,0.25,-0.5,0.03,0.10575,0.1496,2SEG,1,GNSS,-0.08675,0.0504,4.565789473684211,0.252,2.408894736842105
M2577,0.001,1e-06,0.25,-0.5,0.035,0.10537,0.1637,2SEG,1,GNSS,-0.08637,0.0363,4.545789473684211,0.1815,2.3636447368421054
M2578,0.001,1e-06,0.25,-0.5,0.04,0.10498,0.177,2SEG,1,GNSS,-0.08598,0.02300000000000002,4.525263157894737,0.1150000000000001,2.3201315789473687
M2579,0.001,1e-06,0.25,-0.5,0.05,0.10433,0.2016,2SEG,1,GNSS,-0.08533,-0.0015999999999999903,4.491052631578948,0.007999999999999952,2.249526315789474
M2580,0.001,1e-06,0.25,-0.5,0.08,0.10267,0.2647,2SEG,1,GNSS,-0.08367,-0.06469999999999998,4.403684210526316,0.3234999999999999,2.363592105263158
M2581,0.001,1e-06,0.25,-0.25,0.03,0.10575,0.1324,2SEG,1,GNSS,-0.08675,0.06760000000000002,4.565789473684211,0.3380000000000001,2.4518947368421053
M2582,0.001,1e-06,0.25,-0.25,0.035,0.10537,0.1449,2SEG,1,GNSS,-0.08637,0.05510000000000001,4.545789473684211,0.2755,2.4106447368421056
M2583,0.001,1e-06,0.25,-0.25,0.04,0.10498,0.1567,2SEG,1,GNSS,-0.08598,0.043300000000000005,4.525263157894737,0.21650000000000003,2.3708815789473685
M2584,0.001,1e-06,0.25,-0.25,0.05,0.10433,0.1785,2SEG,1,GNSS,-0.08533,0.02150000000000002,4.491052631578948,0.1075000000000001,2.299276315789474
M2585,0.001,1e-06,0.25,-0.25,0.08,0.10266,0.2343,2SEG,1,GNSS,-0.08366,-0.0343,4.403157894736842,0.17149999999999999,2.287328947368421
M2586,0.001,1e-06,0.25,0.0,0.03,0.10574,0.1215,2SEG,1,GNSS,-0.08674,0.07850000000000001,4.565263157894737,0.39250000000000007,2.4788815789473686
M2587,0.001,1e-06,0.25,0.0,0.035,0.10537,0.133,2SEG,1,GNSS,-0.08637,0.067,4.545789473684211,0.335,2.4403947368421055
M2588,0.001,1e-06,0.25,0.0,0.04,0.10498,0.1437,2SEG,1,GNSS,-0.08598,0.05630000000000002,4.525263157894737,0.2815000000000001,2.4033815789473687
M2589,0.001,1e-06,0.25,0.0,0.05,0.10433,0.1637,2SEG,1,GNSS,-0.08533,0.0363,4.491052631578948,0.1815,2.336276315789474
M2590,0.001,1e-06,0.25,0.0,0.08,0.10266,0.215,2SEG,1,GNSS,-0.08366,-0.014999999999999986,4.403157894736842,0.07499999999999993,2.239078947368421
M2591,0.001,1e-06,0.25,0.25,0.03,0.10574,0.1136,2SEG,1,GNSS,-0.08674,0.0864,4.565263157894737,0.432,2.4986315789473688
M2592,0.001,1e-06,0.25,0.25,0.035,0.10537,0.1244,2SEG,1,GNSS,-0.08637,0.07560000000000001,4.545789473684211,0.37800000000000006,2.4618947368421056
M2593,0.001,1e-06,0.25,0.25,0.04,0.10498,0.1344,2SEG,1,GNSS,-0.08598,0.06560000000000002,4.525263157894737,0.32800000000000007,2.4266315789473687
M2594,0.001,1e-06,0.25,0.25,0.05,0.10433,0.1531,2SEG,1,GNSS,-0.08533,0.0469,4.491052631578948,0.2345,2.362776315789474
M2595,0.001,1e-06,0.25,0.25,0.08,0.10266,0.201,2SEG,1,GNSS,-0.08366,-0.0010000000000000009,4.403157894736842,0.0050000000000000044,2.204078947368421
M2596,0.001,1e-06,0.25,0.5,0.03,0.10574,0.1076,2SEG,1,GNSS,-0.08674,0.09240000000000001,4.565263157894737,0.462,2.5136315789473684
M2597,0.001,1e-06,0.25,0.5,0.035,0.10537,0.1177,2SEG,1,GNSS,-0.08637,0.08230000000000001,4.545789473684211,0.41150000000000003,2.4786447368421056
M2598,0.001,1e-06,0.25,0.5,0.04,0.10498,0.1273,2SEG,1,GNSS,-0.08598,0.07270000000000001,4.525263157894737,0.36350000000000005,2.4443815789473686
M2599,0.001,1e-06,0.25,0.5,0.05,0.10433,0.145,2SEG,1,GNSS,-0.08533,0.05500000000000002,4.491052631578948,0.2750000000000001,2.383026315789474
M2600,0.001,1e-06,0.25,0.5,0.08,0.10266,0.1903,2SEG,1,GNSS,-0.08366,0.009700000000000014,4.403157894736842,0.04850000000000007,2.225828947368421
M2601,0.001,1e-06,0.5,-0.5,0.03,0.10596,0.1497,2SEG,1,GNSS,-0.08696,0.05030000000000001,4.576842105263157,0.25150000000000006,2.4141710526315787
M2602,0.001,1e-06,0.5,-0.5,0.035,0.1056,0.1639,2SEG,1,GNSS,-0.0866,0.03610000000000002,4.557894736842105,0.1805000000000001,2.3691973684210526
M2603,0.001,1e-06,0.5,-0.5,0.04,0.10523,0.1772,2SEG,1,GNSS,-0.08623,0.022800000000000015,4.538421052631579,0.11400000000000007,2.3262105263157893
M2604,0.001,1e-06,0.5,-0.5,0.05,0.10461,0.2019,2SEG,1,GNSS,-0.08560999999999999,-0.001899999999999985,4.50578947368421,0.009499999999999925,2.257644736842105
M2605,0.001,1e-06,0.5,-0.5,0.08,0.10302,0.2652,2SEG,1,GNSS,-0.08402,-0.06519999999999998,4.422105263157895,0.3259999999999999,2.374052631578947
M2606,0.001,1e-06,0.5,-0.25,0.03,0.10596,0.1326,2SEG,1,GNSS,-0.08696,0.06740000000000002,4.576842105263157,0.3370000000000001,2.4569210526315786
M2607,0.001,1e-06,0.5,-0.25,0.035,0.1056,0.1451,2SEG,1,GNSS,-0.0866,0.054900000000000004,4.557894736842105,0.2745,2.4161973684210523
M2608,0.001,1e-06,0.5,-0.25,0.04,0.10523,0.1569,2SEG,1,GNSS,-0.08623,0.0431,4.538421052631579,0.2155,2.376960526315789
M2609,0.001,1e-06,0.5,-0.25,0.05,0.10461,0.1788,2SEG,1,GNSS,-0.08560999999999999,0.021200000000000024,4.50578947368421,0.10600000000000012,2.305894736842105
M2610,0.001,1e-06,0.5,-0.25,0.08,0.10302,0.2348,2SEG,1,GNSS,-0.08402,-0.0348,4.422105263157895,0.174,2.2980526315789476
M2611,0.001,1e-06,0.5,0.0,0.03,0.10595,0.1216,2SEG,1,GNSS,-0.08695,0.07840000000000001,4.576315789473684,0.392,2.484157894736842
M2612,0.001,1e-06,0.5,0.0,0.035,0.1056,0.1331,2SEG,1,GNSS,-0.0866,0.06690000000000002,4.557894736842105,0.3345000000000001,2.4461973684210525
M2613,0.001,1e-06,0.5,0.0,0.04,0.10523,0.1439,2SEG,1,GNSS,-0.08623,0.05610000000000001,4.538421052631579,0.2805,2.4094605263157893
M2614,0.001,1e-06,0.5,0.0,0.05,0.1046,0.164,2SEG,1,GNSS,-0.0856,0.036000000000000004,4.505263157894737,0.18000000000000002,2.342631578947368
M2615,0.001,1e-06,0.5,0.0,0.08,0.10302,0.2154,2SEG,1,GNSS,-0.08402,-0.015399999999999997,4.422105263157895,0.07699999999999999,2.2495526315789474
M2616,0.001,1e-06,0.5,0.25,0.03,0.10595,0.1137,2SEG,1,GNSS,-0.08695,0.08630000000000002,4.576315789473684,0.43150000000000005,2.503907894736842
M2617,0.001,1e-06,0.5,0.25,0.035,0.10559,0.1245,2SEG,1,GNSS,-0.08659,0.07550000000000001,4.557368421052631,0.37750000000000006,2.467434210526316
M2618,0.001,1e-06,0.5,0.25,0.04,0.10523,0.1346,2SEG,1,GNSS,-0.08623,0.06540000000000001,4.538421052631579,0.32700000000000007,2.4327105263157893
M2619,0.001,1e-06,0.5,0.25,0.05,0.1046,0.1534,2SEG,1,GNSS,-0.0856,0.0466,4.505263157894737,0.233,2.369131578947368
M2620,0.001,1e-06,0.5,0.25,0.08,0.10302,0.2015,2SEG,1,GNSS,-0.08402,-0.0015000000000000013,4.422105263157895,0.007500000000000007,2.2148026315789475
M2621,0.001,1e-06,0.5,0.5,0.03,0.10595,0.1077,2SEG,1,GNSS,-0.08695,0.09230000000000001,4.576315789473684,0.4615,2.518907894736842
M2622,0.001,1e-06,0.5,0.5,0.035,0.10559,0.1179,2SEG,1,GNSS,-0.08659,0.0821,4.557368421052631,0.41050000000000003,2.4839342105263156
M2623,0.001,1e-06,0.5,0.5,0.04,0.10522,0.1274,2SEG,1,GNSS,-0.08621999999999999,0.0726,4.537894736842105,0.363,2.4504473684210524
M2624,0.001,1e-06,0.5,0.5,0.05,0.1046,0.1452,2SEG,1,GNSS,-0.0856,0.054800000000000015,4.505263157894737,0.2740000000000001,2.3896315789473683
M2625,0.001,1e-06,0.5,0.5,0.08,0.10301,0.1907,2SEG,1,GNSS,-0.08401,0.009300000000000003,4.421578947368421,0.046500000000000014,2.2340394736842106
M2626,0.001,5.5e-06,-0.5,-0.5,0.03,0.10506,0.149,2SEG,1,GNSS,-0.08606,0.05100000000000002,4.529473684210526,0.25500000000000006,2.392236842105263
M2627,0.001,5.5e-06,-0.5,-0.5,0.035,0.10458,0.163,2SEG,1,GNSS,-0.08558,0.037000000000000005,4.50421052631579,0.18500000000000003,2.3446052631578946
M2628,0.001,5.5e-06,-0.5,-0.5,0.04,0.10414,0.1761,2SEG,1,GNSS,-0.08514,0.023900000000000005,4.481052631578947,0.11950000000000002,2.300276315789474
M2629,0.001,5.5e-06,-0.5,-0.5,0.05,0.10331,0.2004,2SEG,1,GNSS,-0.08431,-0.0003999999999999837,4.437368421052631,0.0019999999999999185,2.2196842105263155
M2630,0.001,5.5e-06,-0.5,-0.5,0.08,0.10086,0.2618,2SEG,1,GNSS,-0.08186,-0.061799999999999966,4.308421052631579,0.30899999999999983,2.3087105263157897
M2631,0.001,5.5e-06,-0.5,-0.25,0.03,0.10505,0.1319,2SEG,1,GNSS,-0.08605,0.06810000000000002,4.528947368421052,0.3405000000000001,2.4347236842105264
M2632,0.001,5.5e-06,-0.5,-0.25,0.035,0.10457,0.1443,2SEG,1,GNSS,-0.08557,0.0557,4.503684210526315,0.27849999999999997,2.3910921052631577
M2633,0.001,5.5e-06,-0.5,-0.25,0.04,0.10413,0.1559,2SEG,1,GNSS,-0.08513,0.0441,4.480526315789474,0.2205,2.350513157894737
M2634,0.001,5.5e-06,-0.5,-0.25,0.05,0.1033,0.1774,2SEG,1,GNSS,-0.0843,0.02260000000000001,4.436842105263158,0.11300000000000004,2.274921052631579
M2635,0.001,5.5e-06,-0.5,-0.25,0.08,0.10085,0.2318,2SEG,1,GNSS,-0.08184999999999999,-0.031799999999999995,4.307894736842105,0.15899999999999997,2.2334473684210523
M2636,0.001,5.5e-06,-0.5,0.0,0.03,0.10505,0.121,2SEG,1,GNSS,-0.08605,0.07900000000000001,4.528947368421052,0.3950000000000001,2.4619736842105264
M2637,0.001,5.5e-06,-0.5,0.0,0.035,0.10457,0.1323,2SEG,1,GNSS,-0.08557,0.06770000000000001,4.503684210526315,0.3385,2.4210921052631575
M2638,0.001,5.5e-06,-0.5,0.0,0.04,0.10412,0.143,2SEG,1,GNSS,-0.08512,0.05700000000000002,4.48,0.2850000000000001,2.3825000000000003
M2639,0.001,5.5e-06,-0.5,0.0,0.05,0.10329,0.1627,2SEG,1,GNSS,-0.08429,0.0373,4.436315789473684,0.1865,2.311407894736842
M2640,0.001,5.5e-06,-0.5,0.0,0.08,0.10084,0.2127,2SEG,1,GNSS,-0.08184,-0.012699999999999989,4.307368421052631,0.06349999999999995,2.185434210526316
M2641,0.001,5.5e-06,-0.5,0.25,0.03,0.10504,0.1131,2SEG,1,GNSS,-0.08603999999999999,0.0869,4.528421052631579,0.4345,2.4814605263157894
M2642,0.001,5.5e-06,-0.5,0.25,0.035,0.10456,0.1238,2SEG,1,GNSS,-0.08556,0.07620000000000002,4.503157894736842,0.38100000000000006,2.442078947368421
M2643,0.001,5.5e-06,-0.5,0.25,0.04,0.10412,0.1338,2SEG,1,GNSS,-0.08512,0.06620000000000001,4.48,0.331,2.4055000000000004
M2644,0.001,5.5e-06,-0.5,0.25,0.05,0.10329,0.1522,2SEG,1,GNSS,-0.08429,0.04780000000000001,4.436315789473684,0.23900000000000005,2.337657894736842
M2645,0.001,5.5e-06,-0.5,0.25,0.08,0.10083,0.1989,2SEG,1,GNSS,-0.08183,0.0011000000000000176,4.306842105263158,0.005500000000000088,2.156171052631579
M2646,0.001,5.5e-06,-0.5,0.5,0.03,0.10504,0.1071,2SEG,1,GNSS,-0.08603999999999999,0.09290000000000001,4.528421052631579,0.4645,2.4964605263157895
M2647,0.001,5.5e-06,-0.5,0.5,0.035,0.10456,0.1172,2SEG,1,GNSS,-0.08556,0.08280000000000001,4.503157894736842,0.41400000000000003,2.4585789473684208
M2648,0.001,5.5e-06,-0.5,0.5,0.04,0.10411,0.1266,2SEG,1,GNSS,-0.08510999999999999,0.07340000000000002,4.479473684210526,0.3670000000000001,2.423236842105263
M2649,0.001,5.5e-06,-0.5,0.5,0.05,0.10328,0.1441,2SEG,1,GNSS,-0.08428,0.055900000000000005,4.435789473684211,0.2795,2.357644736842105
M2650,0.001,5.5e-06,-0.5,0.5,0.08,0.10083,0.1883,2SEG,1,GNSS,-0.08183,0.011700000000000016,4.306842105263158,0.05850000000000008,2.182671052631579
M2651,0.001,5.5e-06,-0.25,-0.5,0.03,0.10566,0.1495,2SEG,1,GNSS,-0.08666,0.05050000000000002,4.5610526315789475,0.25250000000000006,2.406776315789474
M2652,0.001,5.5e-06,-0.25,-0.5,0.035,0.10521,0.1635,2SEG,1,GNSS,-0.08621,0.036500000000000005,4.537368421052632,0.18250000000000002,2.359934210526316
M2653,0.001,5.5e-06,-0.25,-0.5,0.04,0.10481,0.1768,2SEG,1,GNSS,-0.08581,0.0232,4.516315789473684,0.11599999999999999,2.316157894736842
M2654,0.001,5.5e-06,-0.25,-0.5,0.05,0.10408,0.2013,2SEG,1,GNSS,-0.08508,-0.0012999999999999956,4.477894736842106,0.006499999999999978,2.2421973684210528
M2655,0.001,5.5e-06,-0.25,-0.5,0.08,0.10222,0.264,2SEG,1,GNSS,-0.08322,-0.064,4.38,0.32,2.35
M2656,0.001,5.5e-06,-0.25,-0.25,0.03,0.10565,0.1323,2SEG,1,GNSS,-0.08664999999999999,0.06770000000000001,4.560526315789473,0.3385,2.4495131578947364
M2657,0.001,5.5e-06,-0.25,-0.25,0.035,0.1052,0.1448,2SEG,1,GNSS,-0.0862,0.0552,4.536842105263158,0.27599999999999997,2.406421052631579
M2658,0.001,5.5e-06,-0.25,-0.25,0.04,0.1048,0.1565,2SEG,1,GNSS,-0.0858,0.04350000000000001,4.515789473684211,0.21750000000000005,2.3666447368421055
M2659,0.001,5.5e-06,-0.25,-0.25,0.05,0.10407,0.1782,2SEG,1,GNSS,-0.08506999999999999,0.021800000000000014,4.477368421052631,0.10900000000000007,2.2931842105263156
M2660,0.001,5.5e-06,-0.25,-0.25,0.08,0.1022,0.2337,2SEG,1,GNSS,-0.0832,-0.03369999999999998,4.378947368421053,0.1684999999999999,2.2737236842105264
M2661,0.001,5.5e-06,-0.25,0.0,0.03,0.10564,0.1214,2SEG,1,GNSS,-0.08664,0.07860000000000002,4.56,0.39300000000000007,2.4764999999999997
M2662,0.001,5.5e-06,-0.25,0.0,0.035,0.1052,0.1328,2SEG,1,GNSS,-0.0862,0.06720000000000001,4.536842105263158,0.336,2.4364210526315793
M2663,0.001,5.5e-06,-0.25,0.0,0.04,0.1048,0.1436,2SEG,1,GNSS,-0.0858,0.056400000000000006,4.515789473684211,0.28200000000000003,2.3988947368421054
M2664,0.001,5.5e-06,-0.25,0.0,0.05,0.10406,0.1635,2SEG,1,GNSS,-0.08506,0.036500000000000005,4.476842105263158,0.18250000000000002,2.329671052631579
M2665,0.001,5.5e-06,-0.25,0.0,0.08,0.10219,0.2144,2SEG,1,GNSS,-0.08319,-0.014399999999999996,4.378421052631579,0.07199999999999998,2.2252105263157897
M2666,0.001,5.5e-06,-0.25,0.25,0.03,0.10564,0.1135,2SEG,1,GNSS,-0.08664,0.08650000000000001,4.56,0.4325,2.49625
M2667,0.001,5.5e-06,-0.25,0.25,0.035,0.10519,0.1242,2SEG,1,GNSS,-0.08619,0.0758,4.536315789473685,0.379,2.457657894736842
M2668,0.001,5.5e-06,-0.25,0.25,0.04,0.10479,0.1343,2SEG,1,GNSS,-0.08578999999999999,0.06570000000000001,4.515263157894736,0.3285,2.421881578947368
M2669,0.001,5.5e-06,-0.25,0.25,0.05,0.10405,0.1529,2SEG,1,GNSS,-0.08505,0.0471,4.476315789473684,0.23550000000000001,2.355907894736842
M2670,0.001,5.5e-06,-0.25,0.25,0.08,0.10218,0.2005,2SEG,1,GNSS,-0.08318,-0.0005000000000000004,4.377894736842106,0.0025000000000000022,2.190197368421053
M2671,0.001,5.5e-06,-0.25,0.5,0.03,0.10564,0.1075,2SEG,1,GNSS,-0.08664,0.09250000000000001,4.56,0.4625,2.51125
M2672,0.001,5.5e-06,-0.25,0.5,0.035,0.10519,0.1176,2SEG,1,GNSS,-0.08619,0.08240000000000001,4.536315789473685,0.41200000000000003,2.4741578947368423
M2673,0.001,5.5e-06,-0.25,0.5,0.04,0.10479,0.1271,2SEG,1,GNSS,-0.08578999999999999,0.07290000000000002,4.515263157894736,0.3645000000000001,2.4398815789473685
M2674,0.001,5.5e-06,-0.25,0.5,0.05,0.10405,0.1447,2SEG,1,GNSS,-0.08505,0.055300000000000016,4.476315789473684,0.2765000000000001,2.3764078947368423
M2675,0.001,5.5e-06,-0.25,0.5,0.08,0.10218,0.1898,2SEG,1,GNSS,-0.08318,0.010200000000000015,4.377894736842106,0.05100000000000007,2.214447368421053
M2676,0.001,5.5e-06,0.0,-0.5,0.03,0.10603,0.1498,2SEG,1,GNSS,-0.08703,0.05020000000000002,4.580526315789474,0.2510000000000001,2.415763157894737
M2677,0.001,5.5e-06,0.0,-0.5,0.035,0.10562,0.1639,2SEG,1,GNSS,-0.08662,0.03610000000000002,4.558947368421053,0.1805000000000001,2.3697236842105265
M2678,0.001,5.5e-06,0.0,-0.5,0.04,0.10525,0.1772,2SEG,1,GNSS,-0.08625,0.022800000000000015,4.539473684210526,0.11400000000000007,2.3267368421052628
M2679,0.001,5.5e-06,0.0,-0.5,0.05,0.10457,0.2018,2SEG,1,GNSS,-0.08557,-0.001799999999999996,4.503684210526315,0.00899999999999998,2.256342105263158
M2680,0.001,5.5e-06,0.0,-0.5,0.08,0.10285,0.2649,2SEG,1,GNSS,-0.08385,-0.06490000000000001,4.413157894736842,0.32450000000000007,2.368828947368421
M2681,0.001,5.5e-06,0.0,-0.25,0.03,0.10602,0.1326,2SEG,1,GNSS,-0.08702,0.06740000000000002,4.58,0.3370000000000001,2.4585
M2682,0.001,5.5e-06,0.0,-0.25,0.035,0.10563,0.1452,2SEG,1,GNSS,-0.08663,0.054800000000000015,4.559473684210526,0.2740000000000001,2.416736842105263
M2683,0.001,5.5e-06,0.0,-0.25,0.04,0.10524,0.1569,2SEG,1,GNSS,-0.08624,0.0431,4.538947368421052,0.2155,2.377223684210526
M2684,0.001,5.5e-06,0.0,-0.25,0.05,0.10456,0.1787,2SEG,1,GNSS,-0.08556,0.021300000000000013,4.503157894736842,0.10650000000000007,2.304828947368421
M2685,0.001,5.5e-06,0.0,-0.25,0.08,0.10283,0.2346,2SEG,1,GNSS,-0.08383,-0.03459999999999999,4.412105263157895,0.17299999999999996,2.2925526315789475
M2686,0.001,5.5e-06,0.0,0.0,0.03,0.10602,0.1217,2SEG,1,GNSS,-0.08702,0.07830000000000001,4.58,0.3915,2.48575
M2687,0.001,5.5e-06,0.0,0.0,0.035,0.10562,0.1331,2SEG,1,GNSS,-0.08662,0.06690000000000002,4.558947368421053,0.3345000000000001,2.4467236842105264
M2688,0.001,5.5e-06,0.0,0.0,0.04,0.10523,0.1439,2SEG,1,GNSS,-0.08623,0.05610000000000001,4.538421052631579,0.2805,2.4094605263157893
M2689,0.001,5.5e-06,0.0,0.0,0.05,0.10455,0.1639,2SEG,1,GNSS,-0.08555,0.03610000000000002,4.502631578947368,0.1805000000000001,2.3415657894736843
M2690,0.001,5.5e-06,0.0,0.0,0.08,0.10282,0.2152,2SEG,1,GNSS,-0.08381999999999999,-0.015199999999999991,4.411578947368421,0.07599999999999996,2.24378947368421
M2691,0.001,5.5e-06,0.0,0.25,0.03,0.10601,0.1138,2SEG,1,GNSS,-0.08700999999999999,0.08620000000000001,4.579473684210526,0.43100000000000005,2.505236842105263
M2692,0.001,5.5e-06,0.0,0.25,0.035,0.10562,0.1245,2SEG,1,GNSS,-0.08662,0.07550000000000001,4.558947368421053,0.37750000000000006,2.4682236842105265
M2693,0.001,5.5e-06,0.0,0.25,0.04,0.10523,0.1346,2SEG,1,GNSS,-0.08623,0.06540000000000001,4.538421052631579,0.32700000000000007,2.4327105263157893
M2694,0.001,5.5e-06,0.0,0.25,0.05,0.10455,0.1533,2SEG,1,GNSS,-0.08555,0.04670000000000002,4.502631578947368,0.2335000000000001,2.3680657894736843
M2695,0.001,5.5e-06,0.0,0.25,0.08,0.10281,0.2012,2SEG,1,GNSS,-0.08381,-0.0011999999999999789,4.411052631578947,0.005999999999999894,2.2085263157894737
M2696,0.001,5.5e-06,0.0,0.5,0.03,0.10601,0.1077,2SEG,1,GNSS,-0.08700999999999999,0.09230000000000001,4.579473684210526,0.4615,2.520486842105263
M2697,0.001,5.5e-06,0.0,0.5,0.035,0.10561,0.1179,2SEG,1,GNSS,-0.08660999999999999,0.0821,4.558421052631578,0.41050000000000003,2.484460526315789
M2698,0.001,5.5e-06,0.0,0.5,0.04,0.10522,0.1274,2SEG,1,GNSS,-0.08621999999999999,0.0726,4.537894736842105,0.363,2.4504473684210524
M2699,0.001,5.5e-06,0.0,0.5,0.05,0.10454,0.1451,2SEG,1,GNSS,-0.08553999999999999,0.054900000000000004,4.502105263157894,0.2745,2.388302631578947
M2700,0.001,5.5e-06,0.0,0.5,0.08,0.10281,0.1905,2SEG,1,GNSS,-0.08381,0.009500000000000008,4.411052631578947,0.04750000000000004,2.2292763157894737
M2701,0.001,5.5e-06,0.25,-0.5,0.03,0.10634,0.1501,2SEG,1,GNSS,-0.08734,0.0499,4.596842105263158,0.2495,2.423171052631579
M2702,0.001,5.5e-06,0.25,-0.5,0.035,0.10593,0.1642,2SEG,1,GNSS,-0.08693,0.0358,4.575263157894737,0.179,2.3771315789473686
M2703,0.001,5.5e-06,0.25,-0.5,0.04,0.10557,0.1775,2SEG,1,GNSS,-0.08657,0.02250000000000002,4.556315789473684,0.1125000000000001,2.334407894736842
M2704,0.001,5.5e-06,0.25,-0.5,0.05,0.10493,0.2022,2SEG,1,GNSS,-0.08592999999999999,-0.0021999999999999797,4.522631578947368,0.010999999999999899,2.266815789473684
M2705,0.001,5.5e-06,0.25,-0.5,0.08,0.1033,0.2656,2SEG,1,GNSS,-0.0843,-0.06559999999999999,4.436842105263158,0.32799999999999996,2.382421052631579
M2706,0.001,5.5e-06,0.25,-0.25,0.03,0.10633,0.1329,2SEG,1,GNSS,-0.08732999999999999,0.06710000000000002,4.5963157894736835,0.3355000000000001,2.4659078947368416
M2707,0.001,5.5e-06,0.25,-0.25,0.035,0.10592,0.1454,2SEG,1,GNSS,-0.08692,0.05460000000000001,4.574736842105263,0.273,2.4238684210526316
M2708,0.001,5.5e-06,0.25,-0.25,0.04,0.10555,0.1572,2SEG,1,GNSS,-0.08655,0.042800000000000005,4.555263157894737,0.21400000000000002,2.384631578947369
M2709,0.001,5.5e-06,0.25,-0.25,0.05,0.10492,0.1791,2SEG,1,GNSS,-0.08592,0.020900000000000002,4.522105263157894,0.10450000000000001,2.313302631578947
M2710,0.001,5.5e-06,0.25,-0.25,0.08,0.10328,0.2352,2SEG,1,GNSS,-0.08428,-0.03519999999999998,4.435789473684211,0.1759999999999999,2.3058947368421054
M2711,0.001,5.5e-06,0.25,0.0,0.03,0.10633,0.1219,2SEG,1,GNSS,-0.08732999999999999,0.07810000000000002,4.5963157894736835,0.39050000000000007,2.493407894736842
M2712,0.001,5.5e-06,0.25,0.0,0.035,0.10592,0.1334,2SEG,1,GNSS,-0.08692,0.06660000000000002,4.574736842105263,0.3330000000000001,2.453868421052632
M2713,0.001,5.5e-06,0.25,0.0,0.04,0.10556,0.1442,2SEG,1,GNSS,-0.08656,0.055800000000000016,4.555789473684211,0.2790000000000001,2.4173947368421054
M2714,0.001,5.5e-06,0.25,0.0,0.05,0.10491,0.1643,2SEG,1,GNSS,-0.08591,0.03570000000000001,4.521578947368421,0.17850000000000005,2.3500394736842103
M2715,0.001,5.5e-06,0.25,0.0,0.08,0.10327,0.2157,2SEG,1,GNSS,-0.08427,-0.015699999999999992,4.435263157894737,0.07849999999999996,2.2568815789473686
M2716,0.001,5.5e-06,0.25,0.25,0.03,0.10632,0.114,2SEG,1,GNSS,-0.08732,0.08600000000000001,4.59578947368421,0.43,2.512894736842105
M2717,0.001,5.5e-06,0.25,0.25,0.035,0.10591,0.1247,2SEG,1,GNSS,-0.08691,0.0753,4.57421052631579,0.3765,2.475355263157895
M2718,0.001,5.5e-06,0.25,0.25,0.04,0.10556,0.1349,2SEG,1,GNSS,-0.08656,0.06510000000000002,4.555789473684211,0.32550000000000007,2.4406447368421054
M2719,0.001,5.5e-06,0.25,0.25,0.05,0.1049,0.1536,2SEG,1,GNSS,-0.08589999999999999,0.046400000000000025,4.5210526315789465,0.23200000000000012,2.3765263157894734
M2720,0.001,5.5e-06,0.25,0.25,0.08,0.10327,0.2017,2SEG,1,GNSS,-0.08427,-0.0016999999999999793,4.435263157894737,0.008499999999999897,2.2218815789473685
M2721,0.001,5.5e-06,0.25,0.5,0.03,0.10632,0.1079,2SEG,1,GNSS,-0.08732,0.09210000000000002,4.59578947368421,0.4605000000000001,2.528144736842105
M2722,0.001,5.5e-06,0.25,0.5,0.035,0.10591,0.1181,2SEG,1,GNSS,-0.08691,0.08190000000000001,4.57421052631579,0.40950000000000003,2.491855263157895
M2723,0.001,5.5e-06,0.25,0.5,0.04,0.10556,0.1277,2SEG,1,GNSS,-0.08656,0.0723,4.555789473684211,0.3615,2.4586447368421056
M2724,0.001,5.5e-06,0.25,0.5,0.05,0.1049,0.1454,2SEG,1,GNSS,-0.08589999999999999,0.05460000000000001,4.5210526315789465,0.273,2.397026315789473
M2725,0.001,5.5e-06,0.25,0.5,0.08,0.10326,0.191,2SEG,1,GNSS,-0.08426,0.009000000000000008,4.434736842105264,0.04500000000000004,2.239868421052632
M2726,0.001,5.5e-06,0.5,-0.5,0.03,0.10655,0.1502,2SEG,1,GNSS,-0.08755,0.04980000000000001,4.6078947368421055,0.24900000000000005,2.4284473684210526
M2727,0.001,5.5e-06,0.5,-0.5,0.035,0.10616,0.1644,2SEG,1,GNSS,-0.08716,0.03560000000000002,4.5873684210526315,0.1780000000000001,2.3826842105263157
M2728,0.001,5.5e-06,0.5,-0.5,0.04,0.10583,0.1778,2SEG,1,GNSS,-0.08682999999999999,0.022199999999999998,4.569999999999999,0.11099999999999999,2.3404999999999996
M2729,0.001,5.5e-06,0.5,-0.5,0.05,0.1052,0.2026,2SEG,1,GNSS,-0.0862,-0.002599999999999991,4.536842105263158,0.012999999999999956,2.274921052631579
M2730,0.001,5.5e-06,0.5,-0.5,0.08,0.10365,0.2662,2SEG,1,GNSS,-0.08465,-0.06619999999999998,4.455263157894737,0.3309999999999999,2.393131578947368
M2731,0.001,5.5e-06,0.5,-0.25,0.03,0.10654,0.133,2SEG,1,GNSS,-0.08753999999999999,0.067,4.607368421052631,0.335,2.4711842105263155
M2732,0.001,5.5e-06,0.5,-0.25,0.035,0.10615,0.1456,2SEG,1,GNSS,-0.08714999999999999,0.054400000000000004,4.586842105263157,0.272,2.4294210526315787
M2733,0.001,5.5e-06,0.5,-0.25,0.04,0.10582,0.1574,2SEG,1,GNSS,-0.08682,0.0426,4.569473684210526,0.213,2.391236842105263
M2734,0.001,5.5e-06,0.5,-0.25,0.05,0.10519,0.1793,2SEG,1,GNSS,-0.08619,0.020700000000000024,4.536315789473685,0.10350000000000012,2.3199078947368426
M2735,0.001,5.5e-06,0.5,-0.25,0.08,0.10364,0.2357,2SEG,1,GNSS,-0.08463999999999999,-0.03569999999999998,4.454736842105263,0.1784999999999999,2.3166184210526315
M2736,0.001,5.5e-06,0.5,0.0,0.03,0.10653,0.122,2SEG,1,GNSS,-0.08753,0.07800000000000001,4.606842105263158,0.39000000000000007,2.4984210526315787
M2737,0.001,5.5e-06,0.5,0.0,0.035,0.10614,0.1335,2SEG,1,GNSS,-0.08714,0.0665,4.586315789473684,0.3325,2.4594078947368416
M2738,0.001,5.5e-06,0.5,0.0,0.04,0.10581,0.1444,2SEG,1,GNSS,-0.08681,0.05560000000000001,4.568947368421052,0.278,2.423473684210526
M2739,0.001,5.5e-06,0.5,0.0,0.05,0.10518,0.1645,2SEG,1,GNSS,-0.08617999999999999,0.035500000000000004,4.53578947368421,0.17750000000000002,2.3566447368421053
M2740,0.001,5.5e-06,0.5,0.0,0.08,0.10363,0.2162,2SEG,1,GNSS,-0.08463,-0.016199999999999992,4.45421052631579,0.08099999999999996,2.267605263157895
M2741,0.001,5.5e-06,0.5,0.25,0.03,0.10653,0.1141,2SEG,1,GNSS,-0.08753,0.08590000000000002,4.606842105263158,0.42950000000000005,2.518171052631579
M2742,0.001,5.5e-06,0.5,0.25,0.035,0.10618,0.1249,2SEG,1,GNSS,-0.08718,0.07510000000000001,4.5884210526315785,0.37550000000000006,2.481960526315789
M2743,0.001,5.5e-06,0.5,0.25,0.04,0.10581,0.1351,2SEG,1,GNSS,-0.08681,0.06490000000000001,4.568947368421052,0.32450000000000007,2.4467236842105264
M2744,0.001,5.5e-06,0.5,0.25,0.05,0.10518,0.1539,2SEG,1,GNSS,-0.08617999999999999,0.0461,4.53578947368421,0.2305,2.3831447368421053
M2745,0.001,5.5e-06,0.5,0.25,0.08,0.10362,0.2022,2SEG,1,GNSS,-0.08462,-0.0021999999999999797,4.453684210526316,0.010999999999999899,2.2323421052631582
M2746,0.001,5.5e-06,0.5,0.5,0.03,0.10652,0.108,2SEG,1,GNSS,-0.08752,0.09200000000000001,4.606315789473684,0.46,2.533157894736842
M2747,0.001,5.5e-06,0.5,0.5,0.035,0.10617,0.1183,2SEG,1,GNSS,-0.08717,0.08170000000000001,4.587894736842105,0.40850000000000003,2.4981973684210526
M2748,0.001,5.5e-06,0.5,0.5,0.04,0.1058,0.1279,2SEG,1,GNSS,-0.0868,0.0721,4.568421052631579,0.3605,2.4644605263157895
M2749,0.001,5.5e-06,0.5,0.5,0.05,0.10517,0.1457,2SEG,1,GNSS,-0.08617,0.054300000000000015,4.535263157894737,0.2715000000000001,2.4033815789473687
M2750,0.001,5.5e-06,0.5,0.5,0.08,0.10362,0.1914,2SEG,1,GNSS,-0.08462,0.008600000000000024,4.453684210526316,0.04300000000000012,2.2483421052631583
M2751,0.001,1e-05,-0.5,-0.5,0.03,0.10563,0.1494,2SEG,1,GNSS,-0.08663,0.050600000000000006,4.559473684210526,0.253,2.406236842105263
M2752,0.001,1e-05,-0.5,-0.5,0.035,0.10516,0.1635,2SEG,1,GNSS,-0.08616,0.036500000000000005,4.534736842105263,0.18250000000000002,2.3586184210526318
M2753,0.001,1e-05,-0.5,-0.5,0.04,0.10473,0.1767,2SEG,1,GNSS,-0.08573,0.023300000000000015,4.512105263157895,0.11650000000000008,2.3143026315789474
M2754,0.001,1e-05,-0.5,-0.5,0.05,0.10392,0.2011,2SEG,1,GNSS,-0.08492,-0.0010999999999999899,4.469473684210526,0.005499999999999949,2.237486842105263
M2755,0.001,1e-05,-0.5,-0.5,0.08,0.10148,0.2628,2SEG,1,GNSS,-0.08248,-0.06279999999999997,4.341052631578948,0.31399999999999983,2.327526315789474
M2756,0.001,1e-05,-0.5,-0.25,0.03,0.10561,0.1323,2SEG,1,GNSS,-0.08660999999999999,0.06770000000000001,4.558421052631578,0.3385,2.448460526315789
M2757,0.001,1e-05,-0.5,-0.25,0.035,0.10514,0.1447,2SEG,1,GNSS,-0.08614,0.055300000000000016,4.5336842105263155,0.2765000000000001,2.405092105263158
M2758,0.001,1e-05,-0.5,-0.25,0.04,0.10471,0.1564,2SEG,1,GNSS,-0.08571,0.0436,4.511052631578947,0.218,2.3645263157894734
M2759,0.001,1e-05,-0.5,-0.25,0.05,0.1039,0.178,2SEG,1,GNSS,-0.0849,0.02200000000000002,4.468421052631579,0.1100000000000001,2.28921052631579
M2760,0.001,1e-05,-0.5,-0.25,0.08,0.10145,0.2327,2SEG,1,GNSS,-0.08245,-0.03269999999999998,4.339473684210526,0.1634999999999999,2.251486842105263
M2761,0.001,1e-05,-0.5,0.0,0.03,0.1056,0.1214,2SEG,1,GNSS,-0.0866,0.07860000000000002,4.557894736842105,0.39300000000000007,2.4754473684210523
M2762,0.001,1e-05,-0.5,0.0,0.035,0.10513,0.1328,2SEG,1,GNSS,-0.08613,0.06720000000000001,4.533157894736842,0.336,2.434578947368421
M2763,0.001,1e-05,-0.5,0.0,0.04,0.10469,0.1435,2SEG,1,GNSS,-0.08569,0.05650000000000002,4.510000000000001,0.2825000000000001,2.39625
M2764,0.001,1e-05,-0.5,0.0,0.05,0.10388,0.1633,2SEG,1,GNSS,-0.08488,0.03670000000000001,4.467368421052631,0.18350000000000005,2.325434210526316
M2765,0.001,1e-05,-0.5,0.0,0.08,0.10143,0.2134,2SEG,1,GNSS,-0.08243,-0.013399999999999995,4.338421052631579,0.06699999999999998,2.20271052631579
M2766,0.001,1e-05,-0.5,0.25,0.03,0.10559,0.1135,2SEG,1,GNSS,-0.08659,0.08650000000000001,4.557368421052631,0.4325,2.4949342105263157
M2767,0.001,1e-05,-0.5,0.25,0.035,0.10512,0.1242,2SEG,1,GNSS,-0.08612,0.0758,4.532631578947369,0.379,2.455815789473684
M2768,0.001,1e-05,-0.5,0.25,0.04,0.10468,0.1342,2SEG,1,GNSS,-0.08567999999999999,0.0658,4.509473684210526,0.32899999999999996,2.419236842105263
M2769,0.001,1e-05,-0.5,0.25,0.05,0.10387,0.1527,2SEG,1,GNSS,-0.08487,0.04730000000000001,4.466842105263158,0.23650000000000004,2.351671052631579
M2770,0.001,1e-05,-0.5,0.25,0.08,0.10142,0.1996,2SEG,1,GNSS,-0.08242,0.00040000000000001146,4.337894736842105,0.0020000000000000573,2.1699473684210524
M2771,0.001,1e-05,-0.5,0.5,0.03,0.10559,0.1075,2SEG,1,GNSS,-0.08659,0.09250000000000001,4.557368421052631,0.4625,2.509934210526316
M2772,0.001,1e-05,-0.5,0.5,0.035,0.10512,0.1176,2SEG,1,GNSS,-0.08612,0.08240000000000001,4.532631578947369,0.41200000000000003,2.4723157894736842
M2773,0.001,1e-05,-0.5,0.5,0.04,0.10468,0.127,2SEG,1,GNSS,-0.08567999999999999,0.07300000000000001,4.509473684210526,0.36500000000000005,2.4372368421052633
M2774,0.001,1e-05,-0.5,0.5,0.05,0.10386,0.1446,2SEG,1,GNSS,-0.08485999999999999,0.055400000000000005,4.466315789473684,0.277,2.371657894736842
M2775,0.001,1e-05,-0.5,0.5,0.08,0.10144,0.189,2SEG,1,GNSS,-0.08244,0.01100000000000001,4.338947368421053,0.05500000000000005,2.1969736842105263
M2776,0.001,1e-05,-0.25,-0.5,0.03,0.1062,0.1499,2SEG,1,GNSS,-0.0872,0.050100000000000006,4.589473684210526,0.2505,2.419986842105263
M2777,0.001,1e-05,-0.25,-0.5,0.035,0.10578,0.1641,2SEG,1,GNSS,-0.08678,0.035900000000000015,4.567368421052631,0.17950000000000008,2.3734342105263155
M2778,0.001,1e-05,-0.25,-0.5,0.04,0.10539,0.1774,2SEG,1,GNSS,-0.08639,0.02260000000000001,4.546842105263158,0.11300000000000004,2.3299210526315792
M2779,0.001,1e-05,-0.25,-0.5,0.05,0.10468,0.2019,2SEG,1,GNSS,-0.08567999999999999,-0.001899999999999985,4.509473684210526,0.009499999999999925,2.259486842105263
M2780,0.001,1e-05,-0.25,-0.5,0.08,0.10252,0.2644,2SEG,1,GNSS,-0.08352,-0.06440000000000001,4.395789473684211,0.32200000000000006,2.3588947368421054
M2781,0.001,1e-05,-0.25,-0.25,0.03,0.10618,0.1327,2SEG,1,GNSS,-0.08718,0.0673,4.5884210526315785,0.33649999999999997,2.4624605263157893
M2782,0.001,1e-05,-0.25,-0.25,0.035,0.10577,0.1453,2SEG,1,GNSS,-0.08677,0.0547,4.566842105263158,0.27349999999999997,2.420171052631579
M2783,0.001,1e-05,-0.25,-0.25,0.04,0.10538,0.157,2SEG,1,GNSS,-0.08638,0.04300000000000001,4.5463157894736845,0.21500000000000005,2.380657894736842
M2784,0.001,1e-05,-0.25,-0.25,0.05,0.10466,0.1788,2SEG,1,GNSS,-0.08566,0.021200000000000024,4.508421052631579,0.10600000000000012,2.3072105263157896
M2785,0.001,1e-05,-0.25,-0.25,0.08,0.1025,0.2341,2SEG,1,GNSS,-0.08349999999999999,-0.03409999999999999,4.394736842105263,0.17049999999999996,2.2826184210526312
M2786,0.001,1e-05,-0.25,0.0,0.03,0.10617,0.1218,2SEG,1,GNSS,-0.08717,0.0782,4.587894736842105,0.391,2.4894473684210525
M2787,0.001,1e-05,-0.25,0.0,0.035,0.10576,0.1332,2SEG,1,GNSS,-0.08676,0.0668,4.566315789473684,0.33399999999999996,2.450157894736842
M2788,0.001,1e-05,-0.25,0.0,0.04,0.10536,0.144,2SEG,1,GNSS,-0.08635999999999999,0.05600000000000002,4.545263157894737,0.2800000000000001,2.4126315789473685
M2789,0.001,1e-05,-0.25,0.0,0.05,0.10464,0.164,2SEG,1,GNSS,-0.08564,0.036000000000000004,4.5073684210526315,0.18000000000000002,2.3436842105263156
M2790,0.001,1e-05,-0.25,0.0,0.08,0.10249,0.2147,2SEG,1,GNSS,-0.08349,-0.01469999999999999,4.394210526315789,0.07349999999999995,2.2338552631578947
M2791,0.001,1e-05,-0.25,0.25,0.03,0.10617,0.1139,2SEG,1,GNSS,-0.08717,0.08610000000000001,4.587894736842105,0.43050000000000005,2.5091973684210527
M2792,0.001,1e-05,-0.25,0.25,0.035,0.10575,0.1246,2SEG,1,GNSS,-0.08675,0.07540000000000001,4.565789473684211,0.377,2.471394736842105
M2793,0.001,1e-05,-0.25,0.25,0.04,0.10535,0.1347,2SEG,1,GNSS,-0.08635,0.06530000000000002,4.544736842105263,0.3265000000000001,2.4356184210526317
M2794,0.001,1e-05,-0.25,0.25,0.05,0.10463,0.1534,2SEG,1,GNSS,-0.08563,0.0466,4.506842105263158,0.233,2.369921052631579
M2795,0.001,1e-05,-0.25,0.25,0.08,0.10247,0.2008,2SEG,1,GNSS,-0.08347,-0.0007999999999999952,4.393157894736842,0.003999999999999976,2.198578947368421
M2796,0.001,1e-05,-0.25,0.5,0.03,0.10616,0.1078,2SEG,1,GNSS,-0.08716,0.0922,4.5873684210526315,0.461,2.524184210526316
M2797,0.001,1e-05,-0.25,0.5,0.035,0.10574,0.118,2SEG,1,GNSS,-0.08674,0.08200000000000002,4.565263157894737,0.4100000000000001,2.4876315789473686
M2798,0.001,1e-05,-0.25,0.5,0.04,0.10535,0.1275,2SEG,1,GNSS,-0.08635,0.07250000000000001,4.544736842105263,0.36250000000000004,2.4536184210526315
M2799,0.001,1e-05,-0.25,0.5,0.05,0.10462,0.1452,2SEG,1,GNSS,-0.08562,0.054800000000000015,4.5063157894736845,0.2740000000000001,2.3901578947368423
M2800,0.001,1e-05,-0.25,0.5,0.08,0.10246,0.1901,2SEG,1,GNSS,-0.08345999999999999,0.00990000000000002,4.392631578947368,0.0495000000000001,2.221065789473684
M2801,0.001,1e-05,0.0,-0.5,0.03,0.10657,0.1502,2SEG,1,GNSS,-0.08757,0.04980000000000001,4.6089473684210525,0.24900000000000005,2.428973684210526
M2802,0.001,1e-05,0.0,-0.5,0.035,0.10619,0.1644,2SEG,1,GNSS,-0.08719,0.03560000000000002,4.588947368421053,0.1780000000000001,2.3834736842105264
M2803,0.001,1e-05,0.0,-0.5,0.04,0.10583,0.1778,2SEG,1,GNSS,-0.08682999999999999,0.022199999999999998,4.569999999999999,0.11099999999999999,2.3404999999999996
M2804,0.001,1e-05,0.0,-0.5,0.05,0.10517,0.2025,2SEG,1,GNSS,-0.08617,-0.0025000000000000022,4.535263157894737,0.012500000000000011,2.2738815789473685
M2805,0.001,1e-05,0.0,-0.5,0.08,0.1032,0.2655,2SEG,1,GNSS,-0.0842,-0.0655,4.431578947368421,0.3275,2.3795394736842104
M2806,0.001,1e-05,0.0,-0.25,0.03,0.10655,0.133,2SEG,1,GNSS,-0.08755,0.067,4.6078947368421055,0.335,2.4714473684210527
M2807,0.001,1e-05,0.0,-0.25,0.035,0.10617,0.1456,2SEG,1,GNSS,-0.08717,0.054400000000000004,4.587894736842105,0.272,2.4299473684210526
M2808,0.001,1e-05,0.0,-0.25,0.04,0.10581,0.1574,2SEG,1,GNSS,-0.08681,0.0426,4.568947368421052,0.213,2.3909736842105263
M2809,0.001,1e-05,0.0,-0.25,0.05,0.10514,0.1793,2SEG,1,GNSS,-0.08614,0.020700000000000024,4.5336842105263155,0.10350000000000012,2.318592105263158
M2810,0.001,1e-05,0.0,-0.25,0.08,0.1032,0.2351,2SEG,1,GNSS,-0.0842,-0.03509999999999999,4.431578947368421,0.17549999999999996,2.3035394736842103
M2811,0.001,1e-05,0.0,0.0,0.03,0.10654,0.122,2SEG,1,GNSS,-0.08753999999999999,0.07800000000000001,4.607368421052631,0.39000000000000007,2.4986842105263154
M2812,0.001,1e-05,0.0,0.0,0.035,0.10616,0.1335,2SEG,1,GNSS,-0.08716,0.0665,4.5873684210526315,0.3325,2.459934210526316
M2813,0.001,1e-05,0.0,0.0,0.04,0.1058,0.1444,2SEG,1,GNSS,-0.0868,0.05560000000000001,4.568421052631579,0.278,2.4232105263157893
M2814,0.001,1e-05,0.0,0.0,0.05,0.10513,0.1645,2SEG,1,GNSS,-0.08613,0.035500000000000004,4.533157894736842,0.17750000000000002,2.355328947368421
M2815,0.001,1e-05,0.0,0.0,0.08,0.10318,0.2156,2SEG,1,GNSS,-0.08417999999999999,-0.015600000000000003,4.430526315789473,0.07800000000000001,2.2542631578947367
M2816,0.001,1e-05,0.0,0.25,0.03,0.10654,0.1141,2SEG,1,GNSS,-0.08753999999999999,0.08590000000000002,4.607368421052631,0.42950000000000005,2.5184342105263156
M2817,0.001,1e-05,0.0,0.25,0.035,0.10615,0.1249,2SEG,1,GNSS,-0.08714999999999999,0.07510000000000001,4.586842105263157,0.37550000000000006,2.4811710526315784
M2818,0.001,1e-05,0.0,0.25,0.04,0.10579,0.135,2SEG,1,GNSS,-0.08678999999999999,0.065,4.567894736842105,0.325,2.4464473684210524
M2819,0.001,1e-05,0.0,0.25,0.05,0.10512,0.1538,2SEG,1,GNSS,-0.08612,0.04620000000000002,4.532631578947369,0.2310000000000001,2.381815789473684
M2820,0.001,1e-05,0.0,0.25,0.08,0.10342,0.2019,2SEG,1,GNSS,-0.08442,-0.001899999999999985,4.443157894736842,0.009499999999999925,2.226328947368421
M2821,0.001,1e-05,0.0,0.5,0.03,0.10653,0.108,2SEG,1,GNSS,-0.08753,0.09200000000000001,4.606842105263158,0.46,2.533421052631579
M2822,0.001,1e-05,0.0,0.5,0.035,0.10614,0.1182,2SEG,1,GNSS,-0.08714,0.08180000000000001,4.586315789473684,0.40900000000000003,2.4976578947368417
M2823,0.001,1e-05,0.0,0.5,0.04,0.10578,0.1278,2SEG,1,GNSS,-0.08678,0.07220000000000001,4.567368421052631,0.36100000000000004,2.4641842105263154
M2824,0.001,1e-05,0.0,0.5,0.05,0.10511,0.1456,2SEG,1,GNSS,-0.08610999999999999,0.054400000000000004,4.532105263157894,0.272,2.402052631578947
M2825,0.001,1e-05,0.0,0.5,0.08,0.10341,0.1912,2SEG,1,GNSS,-0.08441,0.008800000000000002,4.442631578947369,0.04400000000000001,2.243315789473684
M2826,0.001,1e-05,0.25,-0.5,0.03,0.10684,0.1505,2SEG,1,GNSS,-0.08784,0.049500000000000016,4.623157894736842,0.24750000000000008,2.435328947368421
M2827,0.001,1e-05,0.25,-0.5,0.035,0.10648,0.1647,2SEG,1,GNSS,-0.08748,0.0353,4.604210526315789,0.1765,2.3903552631578946
M2828,0.001,1e-05,0.25,-0.5,0.04,0.10614,0.1781,2SEG,1,GNSS,-0.08714,0.021900000000000003,4.586315789473684,0.10950000000000001,2.3479078947368417
M2829,0.001,1e-05,0.25,-0.5,0.05,0.10552,0.2029,2SEG,1,GNSS,-0.08652,-0.002899999999999986,4.553684210526316,0.01449999999999993,2.284092105263158
M2830,0.001,1e-05,0.25,-0.5,0.08,0.10371,0.2662,2SEG,1,GNSS,-0.08471,-0.06619999999999998,4.458421052631579,0.3309999999999999,2.394710526315789
M2831,0.001,1e-05,0.25,-0.25,0.03,0.10683,0.1332,2SEG,1,GNSS,-0.08782999999999999,0.0668,4.622631578947368,0.33399999999999996,2.478315789473684
M2832,0.001,1e-05,0.25,-0.25,0.035,0.10646,0.1458,2SEG,1,GNSS,-0.08746,0.0542,4.603157894736842,0.27099999999999996,2.437078947368421
M2833,0.001,1e-05,0.25,-0.25,0.04,0.10612,0.1577,2SEG,1,GNSS,-0.08712,0.042300000000000004,4.585263157894737,0.21150000000000002,2.3983815789473684
M2834,0.001,1e-05,0.25,-0.25,0.05,0.1055,0.1797,2SEG,1,GNSS,-0.0865,0.020300000000000012,4.552631578947368,0.10150000000000006,2.327065789473684
M2835,0.001,1e-05,0.25,-0.25,0.08,0.1039,0.236,2SEG,1,GNSS,-0.0849,-0.035999999999999976,4.468421052631579,0.17999999999999988,2.3242105263157895
M2836,0.001,1e-05,0.25,0.0,0.03,0.10682,0.1222,2SEG,1,GNSS,-0.08782,0.07780000000000001,4.622105263157895,0.389,2.5055526315789476
M2837,0.001,1e-05,0.25,0.0,0.035,0.10645,0.1338,2SEG,1,GNSS,-0.08745,0.06620000000000001,4.602631578947369,0.331,2.4668157894736846
M2838,0.001,1e-05,0.25,0.0,0.04,0.10611,0.1446,2SEG,1,GNSS,-0.08710999999999999,0.055400000000000005,4.584736842105263,0.277,2.4308684210526317
M2839,0.001,1e-05,0.25,0.0,0.05,0.10548,0.1648,2SEG,1,GNSS,-0.08648,0.03520000000000001,4.551578947368421,0.17600000000000005,2.3637894736842107
M2840,0.001,1e-05,0.25,0.0,0.08,0.10389,0.2165,2SEG,1,GNSS,-0.08489,-0.016499999999999987,4.467894736842105,0.08249999999999993,2.2751973684210522
M2841,0.001,1e-05,0.25,0.25,0.03,0.10681,0.1143,2SEG,1,GNSS,-0.08781,0.08570000000000001,4.6215789473684215,0.42850000000000005,2.5250394736842106
M2842,0.001,1e-05,0.25,0.25,0.035,0.10644,0.1251,2SEG,1,GNSS,-0.08744,0.07490000000000002,4.602105263157895,0.3745000000000001,2.488302631578948
M2843,0.001,1e-05,0.25,0.25,0.04,0.1061,0.1353,2SEG,1,GNSS,-0.0871,0.06470000000000001,4.58421052631579,0.3235,2.453855263157895
M2844,0.001,1e-05,0.25,0.25,0.05,0.10547,0.1541,2SEG,1,GNSS,-0.08646999999999999,0.045900000000000024,4.551052631578947,0.22950000000000012,2.3902763157894733
M2845,0.001,1e-05,0.25,0.25,0.08,0.10387,0.2025,2SEG,1,GNSS,-0.08487,-0.0025000000000000022,4.466842105263158,0.012500000000000011,2.239671052631579
M2846,0.001,1e-05,0.25,0.5,0.03,0.10686,0.1082,2SEG,1,GNSS,-0.08786,0.0918,4.624210526315789,0.459,2.5416052631578943
M2847,0.001,1e-05,0.25,0.5,0.035,0.10643,0.1184,2SEG,1,GNSS,-0.08743,0.0816,4.601578947368421,0.40800000000000003,2.5047894736842107
M2848,0.001,1e-05,0.25,0.5,0.04,0.10609,0.1281,2SEG,1,GNSS,-0.08709,0.07190000000000002,4.583684210526316,0.3595000000000001,2.471592105263158
M2849,0.001,1e-05,0.25,0.5,0.05,0.10546,0.1459,2SEG,1,GNSS,-0.08646,0.05410000000000001,4.550526315789473,0.2705,2.4105131578947367
M2850,0.001,1e-05,0.25,0.5,0.08,0.10386,0.1917,2SEG,1,GNSS,-0.08485999999999999,0.008300000000000002,4.466315789473684,0.04150000000000001,2.253907894736842
M2851,0.001,1e-05,0.5,-0.5,0.03,0.10705,0.1506,2SEG,1,GNSS,-0.08805,0.0494,4.63421052631579,0.247,2.4406052631578947
M2852,0.001,1e-05,0.5,-0.5,0.035,0.1067,0.1649,2SEG,1,GNSS,-0.0877,0.03510000000000002,4.61578947368421,0.1755000000000001,2.3956447368421054
M2853,0.001,1e-05,0.5,-0.5,0.04,0.10638,0.1784,2SEG,1,GNSS,-0.08738,0.021600000000000008,4.598947368421053,0.10800000000000004,2.353473684210526
M2854,0.001,1e-05,0.5,-0.5,0.05,0.10579,0.2032,2SEG,1,GNSS,-0.08678999999999999,-0.0031999999999999806,4.567894736842105,0.015999999999999903,2.2919473684210523
M2855,0.001,1e-05,0.5,-0.5,0.08,0.10428,0.2671,2SEG,1,GNSS,-0.08528,-0.06709999999999999,4.488421052631579,0.33549999999999996,2.4119605263157893
M2856,0.001,1e-05,0.5,-0.25,0.03,0.10709,0.1334,2SEG,1,GNSS,-0.08809,0.06660000000000002,4.636315789473684,0.3330000000000001,2.4846578947368423
M2857,0.001,1e-05,0.5,-0.25,0.035,0.10668,0.146,2SEG,1,GNSS,-0.08768,0.05400000000000002,4.614736842105263,0.2700000000000001,2.4423684210526315
M2858,0.001,1e-05,0.5,-0.25,0.04,0.10636,0.1579,2SEG,1,GNSS,-0.08736,0.0421,4.597894736842105,0.2105,2.4041973684210522
M2859,0.001,1e-05,0.5,-0.25,0.05,0.10577,0.1799,2SEG,1,GNSS,-0.08677,0.020100000000000007,4.566842105263158,0.10050000000000003,2.333671052631579
M2860,0.001,1e-05,0.5,-0.25,0.08,0.10426,0.2365,2SEG,1,GNSS,-0.08526,-0.03649999999999998,4.487368421052632,0.18249999999999988,2.334934210526316
M2861,0.001,1e-05,0.5,0.0,0.03,0.10708,0.1224,2SEG,1,GNSS,-0.08807999999999999,0.07760000000000002,4.63578947368421,0.38800000000000007,2.511894736842105
M2862,0.001,1e-05,0.5,0.0,0.035,0.10667,0.1339,2SEG,1,GNSS,-0.08767,0.06610000000000002,4.614210526315789,0.33050000000000007,2.4723552631578944
M2863,0.001,1e-05,0.5,0.0,0.04,0.10635,0.1448,2SEG,1,GNSS,-0.08735,0.0552,4.597368421052631,0.27599999999999997,2.4366842105263156
M2864,0.001,1e-05,0.5,0.0,0.05,0.10576,0.165,2SEG,1,GNSS,-0.08676,0.035,4.566315789473684,0.17500000000000002,2.370657894736842
M2865,0.001,1e-05,0.5,0.0,0.08,0.10424,0.2169,2SEG,1,GNSS,-0.08524,-0.0169,4.486315789473684,0.08449999999999999,2.285407894736842
M2866,0.001,1e-05,0.5,0.25,0.03,0.10707,0.1144,2SEG,1,GNSS,-0.08807,0.08560000000000001,4.6352631578947365,0.42800000000000005,2.5316315789473682
M2867,0.001,1e-05,0.5,0.25,0.035,0.10667,0.1253,2SEG,1,GNSS,-0.08767,0.07470000000000002,4.614210526315789,0.37350000000000005,2.4938552631578945
M2868,0.001,1e-05,0.5,0.25,0.04,0.10634,0.1355,2SEG,1,GNSS,-0.08734,0.0645,4.596842105263158,0.3225,2.459671052631579
M2869,0.001,1e-05,0.5,0.25,0.05,0.10575,0.1543,2SEG,1,GNSS,-0.08675,0.04570000000000002,4.565789473684211,0.2285000000000001,2.3971447368421055
M2870,0.001,1e-05,0.5,0.25,0.08,0.10423,0.2029,2SEG,1,GNSS,-0.08523,-0.002899999999999986,4.4857894736842105,0.01449999999999993,2.2501447368421053
M2871,0.001,1e-05,0.5,0.5,0.03,0.10706,0.1084,2SEG,1,GNSS,-0.08806,0.09160000000000001,4.634736842105263,0.4580000000000001,2.5463684210526316
M2872,0.001,1e-05,0.5,0.5,0.035,0.10666,0.1186,2SEG,1,GNSS,-0.08766,0.08140000000000001,4.613684210526316,0.40700000000000003,2.510342105263158
M2873,0.001,1e-05,0.5,0.5,0.04,0.10634,0.1282,2SEG,1,GNSS,-0.08734,0.0718,4.596842105263158,0.359,2.477921052631579
M2874,0.001,1e-05,0.5,0.5,0.05,0.10574,0.1461,2SEG,1,GNSS,-0.08674,0.0539,4.565263157894737,0.2695,2.4173815789473685
M2875,0.001,1e-05,0.5,0.5,0.08,0.10422,0.1921,2SEG,1,GNSS,-0.08521999999999999,0.007900000000000018,4.485263157894736,0.03950000000000009,2.2623815789473682
M2876,0.001,5.5e-05,-0.5,-0.5,0.03,0.11081,0.1537,2SEG,1,GNSS,-0.09181,0.04630000000000001,4.832105263157895,0.23150000000000004,2.5318026315789472
M2877,0.001,5.5e-05,-0.5,-0.5,0.035,0.11036,0.1682,2SEG,1,GNSS,-0.09136,0.03180000000000002,4.808421052631579,0.1590000000000001,2.4837105263157895
M2878,0.001,5.5e-05,-0.5,-0.5,0.04,0.10992,0.1818,2SEG,1,GNSS,-0.09092,0.01820000000000002,4.785263157894737,0.09100000000000011,2.4381315789473685
M2879,0.001,5.5e-05,-0.5,-0.5,0.05,0.10911,0.207,2SEG,1,GNSS,-0.09011,-0.0069999999999999785,4.7426315789473685,0.03499999999999989,2.3888157894736843
M2880,0.001,5.5e-05,-0.5,-0.5,0.08,0.10696,0.2711,2SEG,1,GNSS,-0.08796,-0.0711,4.629473684210526,0.3555,2.4924868421052633
M2881,0.001,5.5e-05,-0.5,-0.25,0.03,0.11076,0.1361,2SEG,1,GNSS,-0.09176,0.06390000000000001,4.829473684210526,0.31950000000000006,2.5744868421052627
M2882,0.001,5.5e-05,-0.5,-0.25,0.035,0.11033,0.1489,2SEG,1,GNSS,-0.09133,0.051100000000000007,4.806842105263158,0.2555,2.5311710526315787
M2883,0.001,5.5e-05,-0.5,-0.25,0.04,0.10987,0.1609,2SEG,1,GNSS,-0.09086999999999999,0.039100000000000024,4.782631578947369,0.19550000000000012,2.4890657894736843
M2884,0.001,5.5e-05,-0.5,-0.25,0.05,0.10907,0.1832,2SEG,1,GNSS,-0.09007,0.01680000000000001,4.740526315789474,0.08400000000000005,2.4122631578947367
M2885,0.001,5.5e-05,-0.5,-0.25,0.08,0.10698,0.2401,2SEG,1,GNSS,-0.08798,-0.0401,4.630526315789474,0.20049999999999998,2.415513157894737
M2886,0.001,5.5e-05,-0.5,0.0,0.03,0.11091,0.1249,2SEG,1,GNSS,-0.09190999999999999,0.07510000000000001,4.8373684210526315,0.37550000000000006,2.6064342105263156
M2887,0.001,5.5e-05,-0.5,0.0,0.035,0.11029,0.1366,2SEG,1,GNSS,-0.09129,0.06340000000000001,4.804736842105263,0.31700000000000006,2.5608684210526316
M2888,0.001,5.5e-05,-0.5,0.0,0.04,0.10988,0.1476,2SEG,1,GNSS,-0.09088,0.0524,4.783157894736842,0.262,2.5225789473684213
M2889,0.001,5.5e-05,-0.5,0.0,0.05,0.10906,0.168,2SEG,1,GNSS,-0.09006,0.032,4.74,0.16,2.45
M2890,0.001,5.5e-05,-0.5,0.0,0.08,0.10697,0.2202,2SEG,1,GNSS,-0.08796999999999999,-0.020199999999999996,4.63,0.10099999999999998,2.3655
M2891,0.001,5.5e-05,-0.5,0.25,0.03,0.11088,0.1168,2SEG,1,GNSS,-0.09188,0.08320000000000001,4.835789473684211,0.41600000000000004,2.6258947368421057
M2892,0.001,5.5e-05,-0.5,0.25,0.035,0.11048,0.1279,2SEG,1,GNSS,-0.09147999999999999,0.0721,4.814736842105263,0.3605,2.5876184210526314
M2893,0.001,5.5e-05,-0.5,0.25,0.04,0.10985,0.1381,2SEG,1,GNSS,-0.09085,0.06190000000000001,4.781578947368422,0.30950000000000005,2.5455394736842107
M2894,0.001,5.5e-05,-0.5,0.25,0.05,0.10904,0.1571,2SEG,1,GNSS,-0.09004,0.04290000000000002,4.738947368421052,0.2145000000000001,2.4767236842105262
M2895,0.001,5.5e-05,-0.5,0.25,0.08,0.10698,0.206,2SEG,1,GNSS,-0.08798,-0.005999999999999978,4.630526315789474,0.029999999999999888,2.3302631578947373
M2896,0.001,5.5e-05,-0.5,0.5,0.03,0.11085,0.1106,2SEG,1,GNSS,-0.09185,0.08940000000000001,4.83421052631579,0.447,2.640605263157895
M2897,0.001,5.5e-05,-0.5,0.5,0.035,0.11046,0.121,2SEG,1,GNSS,-0.09146,0.07900000000000001,4.813684210526316,0.3950000000000001,2.604342105263158
M2898,0.001,5.5e-05,-0.5,0.5,0.04,0.10983,0.1307,2SEG,1,GNSS,-0.09083,0.0693,4.780526315789474,0.3465,2.5635131578947368
M2899,0.001,5.5e-05,-0.5,0.5,0.05,0.10901,0.1488,2SEG,1,GNSS,-0.09000999999999999,0.05120000000000002,4.737368421052631,0.2560000000000001,2.4966842105263156
M2900,0.001,5.5e-05,-0.5,0.5,0.08,0.10696,0.195,2SEG,1,GNSS,-0.08796,0.0050000000000000044,4.629473684210526,0.025000000000000022,2.3272368421052634
M2901,0.001,5.5e-05,-0.25,-0.5,0.03,0.11156,0.1544,2SEG,1,GNSS,-0.09256,0.0456,4.8715789473684215,0.228,2.5497894736842106
M2902,0.001,5.5e-05,-0.25,-0.5,0.035,0.11099,0.1688,2SEG,1,GNSS,-0.09199,0.031200000000000006,4.841578947368421,0.15600000000000003,2.4987894736842104
M2903,0.001,5.5e-05,-0.25,-0.5,0.04,0.11061,0.1825,2SEG,1,GNSS,-0.09161,0.017500000000000016,4.821578947368421,0.08750000000000008,2.4545394736842105
M2904,0.001,5.5e-05,-0.25,-0.5,0.05,0.10987,0.2078,2SEG,1,GNSS,-0.09086999999999999,-0.007800000000000001,4.782631578947369,0.03900000000000001,2.410815789473684
M2905,0.001,5.5e-05,-0.25,-0.5,0.08,0.108,0.2727,2SEG,1,GNSS,-0.089,-0.07269999999999999,4.684210526315789,0.36349999999999993,2.5238552631578948
M2906,0.001,5.5e-05,-0.25,-0.25,0.03,0.11149,0.1366,2SEG,1,GNSS,-0.09249,0.06340000000000001,4.867894736842105,0.31700000000000006,2.5924473684210527
M2907,0.001,5.5e-05,-0.25,-0.25,0.035,0.11115,0.1496,2SEG,1,GNSS,-0.09215,0.0504,4.85,0.252,2.5509999999999997
M2908,0.001,5.5e-05,-0.25,-0.25,0.04,0.11058,0.1616,2SEG,1,GNSS,-0.09158,0.03840000000000002,4.82,0.1920000000000001,2.5060000000000002
M2909,0.001,5.5e-05,-0.25,-0.25,0.05,0.10985,0.184,2SEG,1,GNSS,-0.09085,0.016000000000000014,4.781578947368422,0.08000000000000007,2.430789473684211
M2910,0.001,5.5e-05,-0.25,-0.25,0.08,0.10799,0.2415,2SEG,1,GNSS,-0.08899,-0.04149999999999998,4.683684210526316,0.2074999999999999,2.4455921052631577
M2911,0.001,5.5e-05,-0.25,0.0,0.03,0.11144,0.1253,2SEG,1,GNSS,-0.09244,0.07470000000000002,4.865263157894737,0.37350000000000005,2.6193815789473684
M2912,0.001,5.5e-05,-0.25,0.0,0.035,0.1111,0.1372,2SEG,1,GNSS,-0.0921,0.06280000000000002,4.847368421052631,0.3140000000000001,2.5806842105263157
M2913,0.001,5.5e-05,-0.25,0.0,0.04,0.11077,0.1484,2SEG,1,GNSS,-0.09176999999999999,0.05160000000000001,4.829999999999999,0.258,2.5439999999999996
M2914,0.001,5.5e-05,-0.25,0.0,0.05,0.10982,0.1687,2SEG,1,GNSS,-0.09082,0.03130000000000002,4.78,0.1565000000000001,2.4682500000000003
M2915,0.001,5.5e-05,-0.25,0.0,0.08,0.10798,0.2215,2SEG,1,GNSS,-0.08898,-0.02149999999999999,4.683157894736842,0.10749999999999996,2.395328947368421
M2916,0.001,5.5e-05,-0.25,0.25,0.03,0.11141,0.1172,2SEG,1,GNSS,-0.09240999999999999,0.08280000000000001,4.863684210526316,0.41400000000000003,2.6388421052631577
M2917,0.001,5.5e-05,-0.25,0.25,0.035,0.11106,0.1283,2SEG,1,GNSS,-0.09206,0.07170000000000001,4.845263157894737,0.35850000000000004,2.601881578947369
M2918,0.001,5.5e-05,-0.25,0.25,0.04,0.11051,0.1386,2SEG,1,GNSS,-0.09151,0.06140000000000001,4.816315789473684,0.30700000000000005,2.5616578947368422
M2919,0.001,5.5e-05,-0.25,0.25,0.05,0.10979,0.1578,2SEG,1,GNSS,-0.09079,0.042200000000000015,4.778421052631579,0.21100000000000008,2.4947105263157896
M2920,0.001,5.5e-05,-0.25,0.25,0.08,0.10798,0.2071,2SEG,1,GNSS,-0.08898,-0.007099999999999995,4.683157894736842,0.035499999999999976,2.359328947368421
M2921,0.001,5.5e-05,-0.25,0.5,0.03,0.11139,0.1109,2SEG,1,GNSS,-0.09239,0.08910000000000001,4.862631578947369,0.44550000000000006,2.6540657894736843
M2922,0.001,5.5e-05,-0.25,0.5,0.035,0.11103,0.1214,2SEG,1,GNSS,-0.09203,0.07860000000000002,4.843684210526316,0.39300000000000007,2.618342105263158
M2923,0.001,5.5e-05,-0.25,0.5,0.04,0.11049,0.1312,2SEG,1,GNSS,-0.09149,0.0688,4.815263157894737,0.344,2.5796315789473687
M2924,0.001,5.5e-05,-0.25,0.5,0.05,0.10982,0.1494,2SEG,1,GNSS,-0.09082,0.050600000000000006,4.78,0.253,2.5165
M2925,0.001,5.5e-05,-0.25,0.5,0.08,0.10796,0.1961,2SEG,1,GNSS,-0.08896,0.0039000000000000146,4.6821052631578945,0.019500000000000073,2.350802631578947
M2926,0.001,5.5e-05,0.0,-0.5,0.03,0.1119,0.1546,2SEG,1,GNSS,-0.0929,0.045400000000000024,4.889473684210526,0.22700000000000012,2.5582368421052633
M2927,0.001,5.5e-05,0.0,-0.5,0.035,0.11141,0.1692,2SEG,1,GNSS,-0.09240999999999999,0.030800000000000022,4.863684210526316,0.1540000000000001,2.5088421052631578
M2928,0.001,5.5e-05,0.0,-0.5,0.04,0.11104,0.1829,2SEG,1,GNSS,-0.09204,0.017100000000000004,4.8442105263157895,0.08550000000000002,2.4648552631578946
M2929,0.001,5.5e-05,0.0,-0.5,0.05,0.11036,0.2084,2SEG,1,GNSS,-0.09136,-0.00839999999999999,4.808421052631579,0.041999999999999954,2.4252105263157895
M2930,0.001,5.5e-05,0.0,-0.5,0.08,0.10864,0.2737,2SEG,1,GNSS,-0.08964,-0.07369999999999999,4.717894736842105,0.36849999999999994,2.5431973684210525
M2931,0.001,5.5e-05,0.0,-0.25,0.03,0.11183,0.1369,2SEG,1,GNSS,-0.09283,0.06310000000000002,4.88578947368421,0.31550000000000006,2.600644736842105
M2932,0.001,5.5e-05,0.0,-0.25,0.035,0.11152,0.1499,2SEG,1,GNSS,-0.09251999999999999,0.050100000000000006,4.869473684210526,0.2505,2.5599868421052627
M2933,0.001,5.5e-05,0.0,-0.25,0.04,0.111,0.1619,2SEG,1,GNSS,-0.092,0.03810000000000002,4.842105263157895,0.1905000000000001,2.5163026315789474
M2934,0.001,5.5e-05,0.0,-0.25,0.05,0.11037,0.1845,2SEG,1,GNSS,-0.09136999999999999,0.015500000000000014,4.808947368421053,0.07750000000000007,2.443223684210526
M2935,0.001,5.5e-05,0.0,-0.25,0.08,0.10865,0.2423,2SEG,1,GNSS,-0.08965,-0.042299999999999977,4.718421052631578,0.21149999999999988,2.464960526315789
M2936,0.001,5.5e-05,0.0,0.0,0.03,0.11179,0.1255,2SEG,1,GNSS,-0.09279,0.07450000000000001,4.883684210526316,0.37250000000000005,2.628092105263158
M2937,0.001,5.5e-05,0.0,0.0,0.035,0.11147,0.1375,2SEG,1,GNSS,-0.09247,0.0625,4.866842105263157,0.3125,2.5896710526315787
M2938,0.001,5.5e-05,0.0,0.0,0.04,0.11117,0.1487,2SEG,1,GNSS,-0.09217,0.05130000000000001,4.8510526315789475,0.25650000000000006,2.5537763157894737
M2939,0.001,5.5e-05,0.0,0.0,0.05,0.11033,0.1692,2SEG,1,GNSS,-0.09133,0.030800000000000022,4.806842105263158,0.1540000000000001,2.480421052631579
M2940,0.001,5.5e-05,0.0,0.0,0.08,0.10864,0.2223,2SEG,1,GNSS,-0.08964,-0.022299999999999986,4.717894736842105,0.11149999999999993,2.414697368421052
M2941,0.001,5.5e-05,0.0,0.25,0.03,0.11175,0.1174,2SEG,1,GNSS,-0.09275,0.0826,4.881578947368421,0.41300000000000003,2.6472894736842107
M2942,0.001,5.5e-05,0.0,0.25,0.035,0.11143,0.1285,2SEG,1,GNSS,-0.09243,0.07150000000000001,4.8647368421052635,0.35750000000000004,2.6111184210526317
M2943,0.001,5.5e-05,0.0,0.25,0.04,0.11113,0.139,2SEG,1,GNSS,-0.09213,0.061,4.848947368421053,0.305,2.576973684210526
M2944,0.001,5.5e-05,0.0,0.25,0.05,0.11032,0.1583,2SEG,1,GNSS,-0.09132,0.041700000000000015,4.806315789473684,0.20850000000000007,2.507407894736842
M2945,0.001,5.5e-05,0.0,0.25,0.08,0.10861,0.2079,2SEG,1,GNSS,-0.08961,-0.00789999999999999,4.7163157894736845,0.03949999999999995,2.3779078947368424
M2946,0.001,5.5e-05,0.0,0.5,0.03,0.11173,0.1111,2SEG,1,GNSS,-0.09272999999999999,0.0889,4.880526315789473,0.4445,2.6625131578947365
M2947,0.001,5.5e-05,0.0,0.5,0.035,0.1114,0.1217,2SEG,1,GNSS,-0.0924,0.07830000000000001,4.863157894736842,0.3915,2.627328947368421
M2948,0.001,5.5e-05,0.0,0.5,0.04,0.1111,0.1316,2SEG,1,GNSS,-0.0921,0.06840000000000002,4.847368421052631,0.3420000000000001,2.5946842105263155
M2949,0.001,5.5e-05,0.0,0.5,0.05,0.1103,0.1498,2SEG,1,GNSS,-0.09129999999999999,0.05020000000000002,4.8052631578947365,0.2510000000000001,2.5281315789473684
M2950,0.001,5.5e-05,0.0,0.5,0.08,0.10859,0.1968,2SEG,1,GNSS,-0.08959,0.0032000000000000084,4.7152631578947375,0.016000000000000042,2.3656315789473688
M2951,0.001,5.5e-05,0.25,-0.5,0.03,0.11214,0.1548,2SEG,1,GNSS,-0.09314,0.04520000000000002,4.902105263157895,0.2260000000000001,2.5640526315789476
M2952,0.001,5.5e-05,0.25,-0.5,0.035,0.11169,0.1694,2SEG,1,GNSS,-0.09269,0.030600000000000016,4.8784210526315785,0.15300000000000008,2.5157105263157895
M2953,0.001,5.5e-05,0.25,-0.5,0.04,0.11134,0.1832,2SEG,1,GNSS,-0.09233999999999999,0.01680000000000001,4.859999999999999,0.08400000000000005,2.4719999999999995
M2954,0.001,5.5e-05,0.25,-0.5,0.05,0.11077,0.2088,2SEG,1,GNSS,-0.09176999999999999,-0.008800000000000002,4.829999999999999,0.04400000000000001,2.4369999999999994
M2955,0.001,5.5e-05,0.25,-0.5,0.08,0.10912,0.2744,2SEG,1,GNSS,-0.09011999999999999,-0.07439999999999997,4.743157894736842,0.37199999999999983,2.557578947368421
M2956,0.001,5.5e-05,0.25,-0.25,0.03,0.11208,0.1371,2SEG,1,GNSS,-0.09308,0.06290000000000001,4.8989473684210525,0.31450000000000006,2.606723684210526
M2957,0.001,5.5e-05,0.25,-0.25,0.035,0.11178,0.1501,2SEG,1,GNSS,-0.09278,0.0499,4.883157894736843,0.2495,2.5663289473684214
M2958,0.001,5.5e-05,0.25,-0.25,0.04,0.11133,0.1622,2SEG,1,GNSS,-0.09233,0.0378,4.859473684210526,0.189,2.524236842105263
M2959,0.001,5.5e-05,0.25,-0.25,0.05,0.11071,0.1849,2SEG,1,GNSS,-0.09171,0.015100000000000002,4.826842105263158,0.07550000000000001,2.451171052631579
M2960,0.001,5.5e-05,0.25,-0.25,0.08,0.10912,0.243,2SEG,1,GNSS,-0.09011999999999999,-0.04299999999999998,4.743157894736842,0.2149999999999999,2.479078947368421
M2961,0.001,5.5e-05,0.25,0.0,0.03,0.11203,0.1257,2SEG,1,GNSS,-0.09303,0.0743,4.896315789473684,0.3715,2.633907894736842
M2962,0.001,5.5e-05,0.25,0.0,0.035,0.11174,0.1377,2SEG,1,GNSS,-0.09274,0.06230000000000002,4.881052631578948,0.3115000000000001,2.596276315789474
M2963,0.001,5.5e-05,0.25,0.0,0.04,0.11146,0.1489,2SEG,1,GNSS,-0.09246,0.051100000000000007,4.866315789473684,0.2555,2.5609078947368418
M2964,0.001,5.5e-05,0.25,0.0,0.05,0.11068,0.1695,2SEG,1,GNSS,-0.09168,0.0305,4.825263157894737,0.1525,2.4888815789473684
M2965,0.001,5.5e-05,0.25,0.0,0.08,0.10909,0.2229,2SEG,1,GNSS,-0.09009,-0.022899999999999976,4.741578947368422,0.11449999999999988,2.4280394736842106
M2966,0.001,5.5e-05,0.25,0.25,0.03,0.112,0.1175,2SEG,1,GNSS,-0.093,0.08250000000000002,4.894736842105263,0.4125000000000001,2.6536184210526317
M2967,0.001,5.5e-05,0.25,0.25,0.035,0.1117,0.1287,2SEG,1,GNSS,-0.09269999999999999,0.0713,4.878947368421052,0.3565,2.617723684210526
M2968,0.001,5.5e-05,0.25,0.25,0.04,0.11142,0.1392,2SEG,1,GNSS,-0.09242,0.06080000000000002,4.86421052631579,0.3040000000000001,2.584105263157895
M2969,0.001,5.5e-05,0.25,0.25,0.05,0.11067,0.1586,2SEG,1,GNSS,-0.09167,0.04140000000000002,4.824736842105263,0.2070000000000001,2.5158684210526316
M2970,0.001,5.5e-05,0.25,0.25,0.08,0.10907,0.2084,2SEG,1,GNSS,-0.09007,-0.00839999999999999,4.740526315789474,0.041999999999999954,2.3912631578947368
M2971,0.001,5.5e-05,0.25,0.5,0.03,0.11198,0.1113,2SEG,1,GNSS,-0.09298,0.08870000000000001,4.893684210526316,0.44350000000000006,2.668592105263158
M2972,0.001,5.5e-05,0.25,0.5,0.035,0.11167,0.1218,2SEG,1,GNSS,-0.09267,0.0782,4.877368421052632,0.391,2.634184210526316
M2973,0.001,5.5e-05,0.25,0.5,0.04,0.11139,0.1318,2SEG,1,GNSS,-0.09239,0.06820000000000001,4.862631578947369,0.341,2.6018157894736844
M2974,0.001,5.5e-05,0.25,0.5,0.05,0.11087,0.1503,2SEG,1,GNSS,-0.09187,0.04970000000000002,4.835263157894737,0.2485000000000001,2.5418815789473683
M2975,0.001,5.5e-05,0.25,0.5,0.08,0.10905,0.1973,2SEG,1,GNSS,-0.09004999999999999,0.002700000000000008,4.739473684210526,0.01350000000000004,2.3764868421052627
M2976,0.001,5.5e-05,0.5,-0.5,0.03,0.11233,0.155,2SEG,1,GNSS,-0.09333,0.04500000000000001,4.912105263157895,0.22500000000000006,2.5685526315789473
M2977,0.001,5.5e-05,0.5,-0.5,0.035,0.11191,0.1696,2SEG,1,GNSS,-0.09290999999999999,0.03040000000000001,4.89,0.15200000000000005,2.521
M2978,0.001,5.5e-05,0.5,-0.5,0.04,0.11162,0.1835,2SEG,1,GNSS,-0.09262,0.016500000000000015,4.874736842105263,0.08250000000000007,2.478618421052632
M2979,0.001,5.5e-05,0.5,-0.5,0.05,0.11103,0.2091,2SEG,1,GNSS,-0.09203,-0.009099999999999997,4.843684210526316,0.045499999999999985,2.444592105263158
M2980,0.001,5.5e-05,0.5,-0.5,0.08,0.10947,0.275,2SEG,1,GNSS,-0.09047,-0.07500000000000001,4.761578947368421,0.37500000000000006,2.5682894736842106
M2981,0.001,5.5e-05,0.5,-0.25,0.03,0.11227,0.1372,2SEG,1,GNSS,-0.09326999999999999,0.06280000000000002,4.908947368421052,0.3140000000000001,2.611473684210526
M2982,0.001,5.5e-05,0.5,-0.25,0.035,0.11199,0.1503,2SEG,1,GNSS,-0.09299,0.04970000000000002,4.894210526315789,0.2485000000000001,2.5713552631578946
M2983,0.001,5.5e-05,0.5,-0.25,0.04,0.11173,0.1626,2SEG,1,GNSS,-0.09272999999999999,0.03740000000000002,4.880526315789473,0.18700000000000008,2.533763157894737
M2984,0.001,5.5e-05,0.5,-0.25,0.05,0.11098,0.1851,2SEG,1,GNSS,-0.09197999999999999,0.014900000000000024,4.841052631578947,0.07450000000000012,2.4577763157894736
M2985,0.001,5.5e-05,0.5,-0.25,0.08,0.10948,0.2435,2SEG,1,GNSS,-0.09047999999999999,-0.04349999999999998,4.762105263157895,0.21749999999999992,2.4898026315789474
M2986,0.001,5.5e-05,0.5,0.0,0.03,0.11222,0.1258,2SEG,1,GNSS,-0.09322,0.07420000000000002,4.906315789473684,0.37100000000000005,2.638657894736842
M2987,0.001,5.5e-05,0.5,0.0,0.035,0.11194,0.1378,2SEG,1,GNSS,-0.09294,0.062200000000000005,4.891578947368421,0.311,2.6012894736842105
M2988,0.001,5.5e-05,0.5,0.0,0.04,0.11168,0.1491,2SEG,1,GNSS,-0.09268,0.0509,4.877894736842105,0.2545,2.5661973684210526
M2989,0.001,5.5e-05,0.5,0.0,0.05,0.11097,0.1698,2SEG,1,GNSS,-0.09197,0.030200000000000005,4.840526315789473,0.15100000000000002,2.4957631578947366
M2990,0.001,5.5e-05,0.5,0.0,0.08,0.10945,0.2233,2SEG,1,GNSS,-0.09045,-0.023299999999999987,4.760526315789474,0.11649999999999994,2.438513157894737
M2991,0.001,5.5e-05,0.5,0.25,0.03,0.11219,0.1177,2SEG,1,GNSS,-0.09319,0.08230000000000001,4.904736842105263,0.41150000000000003,2.6581184210526314
M2992,0.001,5.5e-05,0.5,0.25,0.035,0.11191,0.1289,2SEG,1,GNSS,-0.09290999999999999,0.07110000000000002,4.89,0.3555000000000001,2.62275
M2993,0.001,5.5e-05,0.5,0.25,0.04,0.11164,0.1394,2SEG,1,GNSS,-0.09264,0.060600000000000015,4.87578947368421,0.30300000000000005,2.589394736842105
M2994,0.001,5.5e-05,0.5,0.25,0.05,0.11094,0.1588,2SEG,1,GNSS,-0.09194,0.041200000000000014,4.838947368421052,0.20600000000000007,2.522473684210526
M2995,0.001,5.5e-05,0.5,0.25,0.08,0.10942,0.2088,2SEG,1,GNSS,-0.09042,-0.008800000000000002,4.758947368421053,0.04400000000000001,2.401473684210526
M2996,0.001,5.5e-05,0.5,0.5,0.03,0.11217,0.1114,2SEG,1,GNSS,-0.09317,0.08860000000000001,4.903684210526316,0.44300000000000006,2.673342105263158
M2997,0.001,5.5e-05,0.5,0.5,0.035,0.11188,0.122,2SEG,1,GNSS,-0.09287999999999999,0.07800000000000001,4.888421052631578,0.39000000000000007,2.639210526315789
M2998,0.001,5.5e-05,0.5,0.5,0.04,0.11161,0.132,2SEG,1,GNSS,-0.09261,0.068,4.87421052631579,0.34,2.607105263157895
M2999,0.001,5.5e-05,0.5,0.5,0.05,0.11112,0.1505,2SEG,1,GNSS,-0.09212,0.049500000000000016,4.848421052631578,0.24750000000000008,2.5479605263157894
M3000,0.001,5.5e-05,0.5,0.5,0.08,0.1094,0.1977,2SEG,1,GNSS,-0.0904,0.0023000000000000242,4.757894736842105,0.011500000000000121,2.3846973684210524
M3001,0.001,0.0001,-0.5,-0.5,0.03,0.11548,0.1575,2SEG,1,GNSS,-0.09648,0.04250000000000001,5.077894736842105,0.21250000000000005,2.645197368421053
M3002,0.001,0.0001,-0.5,-0.5,0.035,0.11504,0.1724,2SEG,1,GNSS,-0.09604,0.027600000000000013,5.054736842105263,0.13800000000000007,2.5963684210526314
M3003,0.001,0.0001,-0.5,-0.5,0.04,0.11457,0.1863,2SEG,1,GNSS,-0.09557,0.013700000000000018,5.03,0.06850000000000009,2.5492500000000002
M3004,0.001,0.0001,-0.5,-0.5,0.05,0.1138,0.2122,2SEG,1,GNSS,-0.0948,-0.012199999999999989,4.989473684210526,0.06099999999999994,2.525236842105263
M3005,0.001,0.0001,-0.5,-0.5,0.08,0.11144,0.2778,2SEG,1,GNSS,-0.09244,-0.07779999999999998,4.865263157894737,0.3889999999999999,2.6271315789473686
M3006,0.001,0.0001,-0.5,-0.25,0.03,0.11536,0.1394,2SEG,1,GNSS,-0.09636,0.060600000000000015,5.071578947368422,0.30300000000000005,2.687289473684211
M3007,0.001,0.0001,-0.5,-0.25,0.035,0.11502,0.1526,2SEG,1,GNSS,-0.09602,0.0474,5.053684210526316,0.237,2.645342105263158
M3008,0.001,0.0001,-0.5,-0.25,0.04,0.1146,0.165,2SEG,1,GNSS,-0.09559999999999999,0.035,5.031578947368421,0.17500000000000002,2.6032894736842103
M3009,0.001,0.0001,-0.5,-0.25,0.05,0.11381,0.1879,2SEG,1,GNSS,-0.09480999999999999,0.0121,4.989999999999999,0.0605,2.5252499999999998
M3010,0.001,0.0001,-0.5,-0.25,0.08,0.11152,0.2461,2SEG,1,GNSS,-0.09251999999999999,-0.0461,4.869473684210526,0.2305,2.549986842105263
M3011,0.001,0.0001,-0.5,0.0,0.03,0.11543,0.1279,2SEG,1,GNSS,-0.09643,0.0721,5.075263157894737,0.3605,2.7178815789473685
M3012,0.001,0.0001,-0.5,0.0,0.035,0.11491,0.1399,2SEG,1,GNSS,-0.09591,0.060100000000000015,5.047894736842105,0.30050000000000004,2.6741973684210527
M3013,0.001,0.0001,-0.5,0.0,0.04,0.1146,0.1514,2SEG,1,GNSS,-0.09559999999999999,0.048600000000000004,5.031578947368421,0.24300000000000002,2.6372894736842105
M3014,0.001,0.0001,-0.5,0.0,0.05,0.11376,0.1723,2SEG,1,GNSS,-0.09476,0.027700000000000002,4.987368421052632,0.1385,2.5629342105263158
M3015,0.001,0.0001,-0.5,0.0,0.08,0.1118,0.2261,2SEG,1,GNSS,-0.0928,-0.026099999999999984,4.88421052631579,0.13049999999999992,2.5073552631578946
M3016,0.001,0.0001,-0.5,0.25,0.03,0.1154,0.1196,2SEG,1,GNSS,-0.0964,0.08040000000000001,5.073684210526316,0.402,2.737842105263158
M3017,0.001,0.0001,-0.5,0.25,0.035,0.11489,0.1309,2SEG,1,GNSS,-0.09589,0.06910000000000002,5.046842105263158,0.3455000000000001,2.696171052631579
M3018,0.001,0.0001,-0.5,0.25,0.04,0.11449,0.1415,2SEG,1,GNSS,-0.09548999999999999,0.058500000000000024,5.025789473684211,0.2925000000000001,2.6591447368421055
M3019,0.001,0.0001,-0.5,0.25,0.05,0.11382,0.1612,2SEG,1,GNSS,-0.09482,0.0388,4.990526315789474,0.194,2.592263157894737
M3020,0.001,0.0001,-0.5,0.25,0.08,0.11179,0.2114,2SEG,1,GNSS,-0.09279,-0.011399999999999993,4.883684210526316,0.05699999999999997,2.4703421052631582
M3021,0.001,0.0001,-0.5,0.5,0.03,0.11537,0.1132,2SEG,1,GNSS,-0.09637,0.08680000000000002,5.072105263157895,0.43400000000000005,2.7530526315789476
M3022,0.001,0.0001,-0.5,0.5,0.035,0.11497,0.124,2SEG,1,GNSS,-0.09597,0.07600000000000001,5.051052631578948,0.38000000000000006,2.715526315789474
M3023,0.001,0.0001,-0.5,0.5,0.04,0.11447,0.1339,2SEG,1,GNSS,-0.09547,0.06610000000000002,5.024736842105264,0.33050000000000007,2.6776184210526317
M3024,0.001,0.0001,-0.5,0.5,0.05,0.11379,0.1526,2SEG,1,GNSS,-0.09479,0.0474,4.988947368421052,0.237,2.6129736842105262
M3025,0.001,0.0001,-0.5,0.5,0.08,0.11178,0.2002,2SEG,1,GNSS,-0.09278,-0.00019999999999997797,4.883157894736843,0.0009999999999998899,2.4420789473684215
M3026,0.001,0.0001,-0.25,-0.5,0.03,0.11595,0.1579,2SEG,1,GNSS,-0.09695,0.0421,5.102631578947368,0.2105,2.656565789473684
M3027,0.001,0.0001,-0.25,-0.5,0.035,0.11557,0.1729,2SEG,1,GNSS,-0.09657,0.027100000000000013,5.082631578947368,0.13550000000000006,2.6090657894736844
M3028,0.001,0.0001,-0.25,-0.5,0.04,0.11521,0.187,2SEG,1,GNSS,-0.09621,0.013000000000000012,5.063684210526316,0.06500000000000006,2.564342105263158
M3029,0.001,0.0001,-0.25,-0.5,0.05,0.11456,0.213,2SEG,1,GNSS,-0.09555999999999999,-0.012999999999999984,5.029473684210526,0.06499999999999992,2.5472368421052627
M3030,0.001,0.0001,-0.25,-0.5,0.08,0.11242,0.2793,2SEG,1,GNSS,-0.09342,-0.07929999999999998,4.916842105263158,0.3964999999999999,2.656671052631579
M3031,0.001,0.0001,-0.25,-0.25,0.03,0.1159,0.1398,2SEG,1,GNSS,-0.0969,0.060200000000000004,5.1000000000000005,0.301,2.7005000000000003
M3032,0.001,0.0001,-0.25,-0.25,0.035,0.1156,0.1531,2SEG,1,GNSS,-0.09659999999999999,0.0469,5.084210526315789,0.2345,2.6593552631578943
M3033,0.001,0.0001,-0.25,-0.25,0.04,0.11517,0.1655,2SEG,1,GNSS,-0.09616999999999999,0.0345,5.061578947368421,0.17250000000000001,2.6170394736842106
M3034,0.001,0.0001,-0.25,-0.25,0.05,0.11451,0.1886,2SEG,1,GNSS,-0.09551,0.011400000000000021,5.026842105263158,0.057000000000000106,2.541921052631579
M3035,0.001,0.0001,-0.25,-0.25,0.08,0.11249,0.2474,2SEG,1,GNSS,-0.09349,-0.0474,4.920526315789474,0.237,2.578763157894737
M3036,0.001,0.0001,-0.25,0.0,0.03,0.11596,0.1283,2SEG,1,GNSS,-0.09695999999999999,0.07170000000000001,5.1031578947368414,0.35850000000000004,2.730828947368421
M3037,0.001,0.0001,-0.25,0.0,0.035,0.1155,0.1404,2SEG,1,GNSS,-0.0965,0.059600000000000014,5.078947368421053,0.29800000000000004,2.6884736842105266
M3038,0.001,0.0001,-0.25,0.0,0.04,0.11522,0.1519,2SEG,1,GNSS,-0.09622,0.048100000000000004,5.064210526315789,0.24050000000000002,2.6523552631578946
M3039,0.001,0.0001,-0.25,0.0,0.05,0.11455,0.173,2SEG,1,GNSS,-0.09555,0.027000000000000024,5.028947368421052,0.13500000000000012,2.581973684210526
M3040,0.001,0.0001,-0.25,0.0,0.08,0.11273,0.2272,2SEG,1,GNSS,-0.09373,-0.027200000000000002,4.9331578947368415,0.136,2.534578947368421
M3041,0.001,0.0001,-0.25,0.25,0.03,0.11593,0.1199,2SEG,1,GNSS,-0.09693,0.0801,5.101578947368421,0.4005,2.7510394736842105
M3042,0.001,0.0001,-0.25,0.25,0.035,0.11558,0.1313,2SEG,1,GNSS,-0.09658,0.06870000000000001,5.083157894736842,0.3435,2.713328947368421
M3043,0.001,0.0001,-0.25,0.25,0.04,0.11512,0.142,2SEG,1,GNSS,-0.09612,0.058000000000000024,5.058947368421053,0.2900000000000001,2.6744736842105263
M3044,0.001,0.0001,-0.25,0.25,0.05,0.11453,0.1618,2SEG,1,GNSS,-0.09553,0.03820000000000001,5.027894736842105,0.19100000000000006,2.6094473684210526
M3045,0.001,0.0001,-0.25,0.25,0.08,0.11272,0.2125,2SEG,1,GNSS,-0.09372,-0.012499999999999983,4.932631578947368,0.06249999999999992,2.497565789473684
M3046,0.001,0.0001,-0.25,0.5,0.03,0.1159,0.1135,2SEG,1,GNSS,-0.0969,0.08650000000000001,5.1000000000000005,0.4325,2.7662500000000003
M3047,0.001,0.0001,-0.25,0.5,0.035,0.11555,0.1243,2SEG,1,GNSS,-0.09655,0.07570000000000002,5.081578947368421,0.37850000000000006,2.7300394736842106
M3048,0.001,0.0001,-0.25,0.5,0.04,0.11511,0.1344,2SEG,1,GNSS,-0.09611,0.06560000000000002,5.058421052631579,0.32800000000000007,2.6932105263157897
M3049,0.001,0.0001,-0.25,0.5,0.05,0.11454,0.1532,2SEG,1,GNSS,-0.09554,0.04680000000000001,5.028421052631579,0.23400000000000004,2.6312105263157894
M3050,0.001,0.0001,-0.25,0.5,0.08,0.11276,0.2012,2SEG,1,GNSS,-0.09376,-0.0011999999999999789,4.934736842105263,0.005999999999999894,2.4703684210526315
M3051,0.001,0.0001,0.0,-0.5,0.03,0.11629,0.1582,2SEG,1,GNSS,-0.09729,0.041800000000000004,5.120526315789474,0.20900000000000002,2.6647631578947366
M3052,0.001,0.0001,0.0,-0.5,0.035,0.11595,0.1732,2SEG,1,GNSS,-0.09695,0.026800000000000018,5.102631578947368,0.1340000000000001,2.618315789473684
M3053,0.001,0.0001,0.0,-0.5,0.04,0.11562,0.1874,2SEG,1,GNSS,-0.09662,0.0126,5.085263157894737,0.063,2.574131578947368
M3054,0.001,0.0001,0.0,-0.5,0.05,0.115,0.2135,2SEG,1,GNSS,-0.096,-0.013499999999999984,5.052631578947369,0.06749999999999992,2.5600657894736845
M3055,0.001,0.0001,0.0,-0.5,0.08,0.11304,0.2802,2SEG,1,GNSS,-0.09404,-0.0802,4.949473684210527,0.40099999999999997,2.6752368421052632
M3056,0.001,0.0001,0.0,-0.25,0.03,0.11632,0.1401,2SEG,1,GNSS,-0.09732,0.05990000000000001,5.122105263157895,0.29950000000000004,2.7108026315789475
M3057,0.001,0.0001,0.0,-0.25,0.035,0.11591,0.1534,2SEG,1,GNSS,-0.09691,0.0466,5.100526315789474,0.233,2.666763157894737
M3058,0.001,0.0001,0.0,-0.25,0.04,0.11558,0.1659,2SEG,1,GNSS,-0.09658,0.03410000000000002,5.083157894736842,0.1705000000000001,2.6268289473684208
M3059,0.001,0.0001,0.0,-0.25,0.05,0.11497,0.189,2SEG,1,GNSS,-0.09597,0.01100000000000001,5.051052631578948,0.05500000000000005,2.5530263157894737
M3060,0.001,0.0001,0.0,-0.25,0.08,0.11334,0.2485,2SEG,1,GNSS,-0.09434,-0.04849999999999999,4.965263157894737,0.24249999999999994,2.603881578947368
M3061,0.001,0.0001,0.0,0.0,0.03,0.1163,0.1285,2SEG,1,GNSS,-0.0973,0.07150000000000001,5.121052631578947,0.35750000000000004,2.7392763157894735
M3062,0.001,0.0001,0.0,0.0,0.035,0.11588,0.1406,2SEG,1,GNSS,-0.09688,0.05940000000000001,5.098947368421053,0.29700000000000004,2.697973684210526
M3063,0.001,0.0001,0.0,0.0,0.04,0.11556,0.1521,2SEG,1,GNSS,-0.09655999999999999,0.0479,5.082105263157895,0.2395,2.6608026315789473
M3064,0.001,0.0001,0.0,0.0,0.05,0.11501,0.1734,2SEG,1,GNSS,-0.09601,0.026600000000000013,5.0531578947368425,0.13300000000000006,2.5930789473684213
M3065,0.001,0.0001,0.0,0.0,0.08,0.11333,0.228,2SEG,1,GNSS,-0.09433,-0.027999999999999997,4.964736842105263,0.13999999999999999,2.5523684210526314
M3066,0.001,0.0001,0.0,0.25,0.03,0.11627,0.1202,2SEG,1,GNSS,-0.09727,0.07980000000000001,5.119473684210527,0.399,2.7592368421052633
M3067,0.001,0.0001,0.0,0.25,0.035,0.11595,0.1316,2SEG,1,GNSS,-0.09695,0.06840000000000002,5.102631578947368,0.3420000000000001,2.722315789473684
M3068,0.001,0.0001,0.0,0.25,0.04,0.11553,0.1423,2SEG,1,GNSS,-0.09652999999999999,0.0577,5.080526315789474,0.2885,2.6845131578947368
M3069,0.001,0.0001,0.0,0.25,0.05,0.11492,0.1621,2SEG,1,GNSS,-0.09591999999999999,0.03790000000000002,5.0484210526315785,0.18950000000000009,2.618960526315789
M3070,0.001,0.0001,0.0,0.25,0.08,0.11333,0.2132,2SEG,1,GNSS,-0.09433,-0.01319999999999999,4.964736842105263,0.06599999999999995,2.5153684210526315
M3071,0.001,0.0001,0.0,0.5,0.03,0.11624,0.1137,2SEG,1,GNSS,-0.09724,0.08630000000000002,5.117894736842105,0.43150000000000005,2.7746973684210525
M3072,0.001,0.0001,0.0,0.5,0.035,0.11592,0.1246,2SEG,1,GNSS,-0.09691999999999999,0.07540000000000001,5.1010526315789475,0.377,2.7390263157894736
M3073,0.001,0.0001,0.0,0.5,0.04,0.11559,0.1347,2SEG,1,GNSS,-0.09659,0.06530000000000002,5.083684210526315,0.3265000000000001,2.705092105263158
M3074,0.001,0.0001,0.0,0.5,0.05,0.11499,0.1536,2SEG,1,GNSS,-0.09598999999999999,0.046400000000000025,5.052105263157895,0.23200000000000012,2.6420526315789474
M3075,0.001,0.0001,0.0,0.5,0.08,0.11336,0.2019,2SEG,1,GNSS,-0.09436,-0.001899999999999985,4.9663157894736845,0.009499999999999925,2.4879078947368423
M3076,0.001,0.0001,0.25,-0.5,0.03,0.11654,0.1584,2SEG,1,GNSS,-0.09754,0.0416,5.133684210526316,0.208,2.670842105263158
M3077,0.001,0.0001,0.25,-0.5,0.035,0.11622,0.1735,2SEG,1,GNSS,-0.09722,0.026500000000000024,5.116842105263158,0.13250000000000012,2.6246710526315793
M3078,0.001,0.0001,0.25,-0.5,0.04,0.11592,0.1877,2SEG,1,GNSS,-0.09691999999999999,0.012300000000000005,5.1010526315789475,0.06150000000000003,2.5812763157894736
M3079,0.001,0.0001,0.25,-0.5,0.05,0.11533,0.2139,2SEG,1,GNSS,-0.09633,-0.013899999999999996,5.07,0.06949999999999998,2.56975
M3080,0.001,0.0001,0.25,-0.5,0.08,0.11351,0.2809,2SEG,1,GNSS,-0.09451,-0.08089999999999997,4.974210526315789,0.40449999999999986,2.6893552631578945
M3081,0.001,0.0001,0.25,-0.25,0.03,0.11657,0.1403,2SEG,1,GNSS,-0.09756999999999999,0.0597,5.1352631578947365,0.2985,2.716881578947368
M3082,0.001,0.0001,0.25,-0.25,0.035,0.11618,0.1536,2SEG,1,GNSS,-0.09718,0.046400000000000025,5.1147368421052635,0.23200000000000012,2.673368421052632
M3083,0.001,0.0001,0.25,-0.25,0.04,0.11588,0.1661,2SEG,1,GNSS,-0.09688,0.03390000000000001,5.098947368421053,0.16950000000000007,2.6342236842105264
M3084,0.001,0.0001,0.25,-0.25,0.05,0.1153,0.1894,2SEG,1,GNSS,-0.0963,0.010599999999999998,5.068421052631579,0.05299999999999999,2.5607105263157894
M3085,0.001,0.0001,0.25,-0.25,0.08,0.11377,0.2491,2SEG,1,GNSS,-0.09477,-0.04909999999999998,4.987894736842105,0.24549999999999988,2.6166973684210526
M3086,0.001,0.0001,0.25,0.0,0.03,0.11655,0.1287,2SEG,1,GNSS,-0.09755,0.0713,5.13421052631579,0.3565,2.7453552631578946
M3087,0.001,0.0001,0.25,0.0,0.035,0.11615,0.1408,2SEG,1,GNSS,-0.09715,0.0592,5.113157894736842,0.296,2.704578947368421
M3088,0.001,0.0001,0.25,0.0,0.04,0.11585,0.1524,2SEG,1,GNSS,-0.09684999999999999,0.0476,5.097368421052631,0.23800000000000002,2.667684210526316
M3089,0.001,0.0001,0.25,0.0,0.05,0.11528,0.1737,2SEG,1,GNSS,-0.09627999999999999,0.026300000000000018,5.067368421052631,0.1315000000000001,2.5994342105263155
M3090,0.001,0.0001,0.25,0.0,0.08,0.11377,0.2285,2SEG,1,GNSS,-0.09477,-0.028499999999999998,4.987894736842105,0.1425,2.5651973684210527
M3091,0.001,0.0001,0.25,0.25,0.03,0.11651,0.1203,2SEG,1,GNSS,-0.09751,0.07970000000000001,5.132105263157895,0.3985,2.7653026315789475
M3092,0.001,0.0001,0.25,0.25,0.035,0.11622,0.1318,2SEG,1,GNSS,-0.09722,0.06820000000000001,5.116842105263158,0.341,2.7289210526315792
M3093,0.001,0.0001,0.25,0.25,0.04,0.11583,0.1425,2SEG,1,GNSS,-0.09683,0.05750000000000002,5.096315789473684,0.2875000000000001,2.6919078947368424
M3094,0.001,0.0001,0.25,0.25,0.05,0.11535,0.1625,2SEG,1,GNSS,-0.09634999999999999,0.037500000000000006,5.071052631578947,0.18750000000000003,2.6292763157894736
M3095,0.001,0.0001,0.25,0.25,0.08,0.11376,0.2137,2SEG,1,GNSS,-0.09476,-0.01369999999999999,4.987368421052632,0.06849999999999995,2.527934210526316
M3096,0.001,0.0001,0.25,0.5,0.03,0.11649,0.1139,2SEG,1,GNSS,-0.09749,0.08610000000000001,5.131052631578947,0.43050000000000005,2.7807763157894736
M3097,0.001,0.0001,0.25,0.5,0.035,0.11619,0.1247,2SEG,1,GNSS,-0.09719,0.0753,5.115263157894737,0.3765,2.7458815789473685
M3098,0.001,0.0001,0.25,0.5,0.04,0.11591,0.1349,2SEG,1,GNSS,-0.09691,0.06510000000000002,5.100526315789474,0.32550000000000007,2.713013157894737
M3099,0.001,0.0001,0.25,0.5,0.05,0.11532,0.1538,2SEG,1,GNSS,-0.09632,0.04620000000000002,5.069473684210527,0.2310000000000001,2.6502368421052633
M3100,0.001,0.0001,0.25,0.5,0.08,0.11379,0.2023,2SEG,1,GNSS,-0.09479,-0.0022999999999999965,4.988947368421052,0.011499999999999982,2.500223684210526
M3101,0.001,0.0001,0.5,-0.5,0.03,0.11673,0.1586,2SEG,1,GNSS,-0.09773,0.04140000000000002,5.143684210526316,0.2070000000000001,2.675342105263158
M3102,0.001,0.0001,0.5,-0.5,0.035,0.11643,0.1737,2SEG,1,GNSS,-0.09743,0.026300000000000018,5.127894736842106,0.1315000000000001,2.629697368421053
M3103,0.001,0.0001,0.5,-0.5,0.04,0.11615,0.1879,2SEG,1,GNSS,-0.09715,0.0121,5.113157894736842,0.0605,2.586828947368421
M3104,0.001,0.0001,0.5,-0.5,0.05,0.11559,0.2142,2SEG,1,GNSS,-0.09659,-0.01419999999999999,5.083684210526315,0.07099999999999995,2.5773421052631575
M3105,0.001,0.0001,0.5,-0.5,0.08,0.11385,0.2814,2SEG,1,GNSS,-0.09485,-0.08139999999999997,4.992105263157895,0.40699999999999986,2.6995526315789475
M3106,0.001,0.0001,0.5,-0.25,0.03,0.11678,0.1404,2SEG,1,GNSS,-0.09777999999999999,0.059600000000000014,5.146315789473684,0.29800000000000004,2.722157894736842
M3107,0.001,0.0001,0.5,-0.25,0.035,0.11639,0.1537,2SEG,1,GNSS,-0.09738999999999999,0.04630000000000001,5.12578947368421,0.23150000000000004,2.678644736842105
M3108,0.001,0.0001,0.5,-0.25,0.04,0.11611,0.1663,2SEG,1,GNSS,-0.09711,0.03370000000000001,5.111052631578947,0.16850000000000004,2.6397763157894736
M3109,0.001,0.0001,0.5,-0.25,0.05,0.11556,0.1896,2SEG,1,GNSS,-0.09655999999999999,0.01040000000000002,5.082105263157895,0.0520000000000001,2.5670526315789477
M3110,0.001,0.0001,0.5,-0.25,0.08,0.11411,0.2495,2SEG,1,GNSS,-0.09511,-0.04949999999999999,5.005789473684211,0.24749999999999994,2.6266447368421053
M3111,0.001,0.0001,0.5,0.0,0.03,0.11674,0.1288,2SEG,1,GNSS,-0.09774,0.07120000000000001,5.144210526315789,0.35600000000000004,2.7501052631578946
M3112,0.001,0.0001,0.5,0.0,0.035,0.11643,0.1411,2SEG,1,GNSS,-0.09743,0.05890000000000001,5.127894736842106,0.29450000000000004,2.711197368421053
M3113,0.001,0.0001,0.5,0.0,0.04,0.11608,0.1525,2SEG,1,GNSS,-0.09708,0.047500000000000014,5.109473684210527,0.23750000000000007,2.6734868421052633
M3114,0.001,0.0001,0.5,0.0,0.05,0.11555,0.1739,2SEG,1,GNSS,-0.09655,0.026100000000000012,5.081578947368421,0.13050000000000006,2.606039473684211
M3115,0.001,0.0001,0.5,0.0,0.08,0.11411,0.2289,2SEG,1,GNSS,-0.09511,-0.02889999999999998,5.005789473684211,0.1444999999999999,2.5751447368421054
M3116,0.001,0.0001,0.5,0.25,0.03,0.1167,0.1204,2SEG,1,GNSS,-0.0977,0.07960000000000002,5.1421052631578945,0.3980000000000001,2.770052631578947
M3117,0.001,0.0001,0.5,0.25,0.035,0.11642,0.1319,2SEG,1,GNSS,-0.09741999999999999,0.06810000000000002,5.127368421052632,0.3405000000000001,2.733934210526316
M3118,0.001,0.0001,0.5,0.25,0.04,0.11605,0.1426,2SEG,1,GNSS,-0.09705,0.05740000000000001,5.1078947368421055,0.28700000000000003,2.6974473684210527
M3119,0.001,0.0001,0.5,0.25,0.05,0.11552,0.1626,2SEG,1,GNSS,-0.09652,0.03740000000000002,5.08,0.18700000000000008,2.6335
M3120,0.001,0.0001,0.5,0.25,0.08,0.1141,0.214,2SEG,1,GNSS,-0.09509999999999999,-0.013999999999999985,5.005263157894737,0.06999999999999992,2.5376315789473685
M3121,0.001,0.0001,0.5,0.5,0.03,0.11668,0.114,2SEG,1,GNSS,-0.09768,0.08600000000000001,5.1410526315789475,0.43,2.7855263157894736
M3122,0.001,0.0001,0.5,0.5,0.035,0.1164,0.1249,2SEG,1,GNSS,-0.0974,0.07510000000000001,5.126315789473685,0.37550000000000006,2.750907894736842
M3123,0.001,0.0001,0.5,0.5,0.04,0.11613,0.1351,2SEG,1,GNSS,-0.09713,0.06490000000000001,5.112105263157894,0.32450000000000007,2.7183026315789474
M3124,0.001,0.0001,0.5,0.5,0.05,0.11558,0.154,2SEG,1,GNSS,-0.09658,0.04600000000000001,5.083157894736842,0.23000000000000007,2.656578947368421
M3125,0.001,0.0001,0.5,0.5,0.08,0.11412,0.2027,2SEG,1,GNSS,-0.09512,-0.00269999999999998,5.0063157894736845,0.013499999999999901,2.509907894736842
