model,kt,ka,st_coeff,sa_coeff,n,flow_out_reach,stream_depth,geom,icalc,elev,flow_diff,depth_diff,flow_perc_err,depth_perc_err,combined_perc_err
M6251,1e-05,1e-06,-0.5,-0.5,0.03,0.0040622,0.03226,nSEG,1,LIDAR,0.0149378,0.16774,0.7862,0.8387,0.81245
M6252,1e-05,1e-06,-0.5,-0.5,0.035,0.0040587,0.03537,nSEG,1,LIDAR,0.0149413,0.16463,0.7863842105263158,0.8231499999999999,0.8047671052631579
M6253,1e-05,1e-06,-0.5,-0.5,0.04,0.0040553,0.0383,nSEG,1,LIDAR,0.014944699999999998,0.1617,0.7865631578947367,0.8085,0.7975315789473684
M6254,1e-05,1e-06,-0.5,-0.5,0.05,0.004049,0.04375,nSEG,1,LIDAR,0.014950999999999999,0.15625,0.7868947368421052,0.78125,0.7840723684210527
M6255,1e-05,1e-06,-0.5,-0.5,0.08,0.0040328,0.05786,nSEG,1,LIDAR,0.0149672,0.14214000000000002,0.7877473684210526,0.7107,0.7492236842105263
M6256,1e-05,1e-06,-0.5,-0.25,0.03,0.0040644,0.02858,nSEG,1,LIDAR,0.0149356,0.17142000000000002,0.7860842105263158,0.8571000000000001,0.821592105263158
M6257,1e-05,1e-06,-0.5,-0.25,0.035,0.0040611,0.03133,nSEG,1,LIDAR,0.0149389,0.16867000000000001,0.7862578947368422,0.84335,0.8148039473684211
M6258,1e-05,1e-06,-0.5,-0.25,0.04,0.0040579,0.03393,nSEG,1,LIDAR,0.0149421,0.16607,0.7864263157894736,0.8303499999999999,0.8083881578947367
M6259,1e-05,1e-06,-0.5,-0.25,0.05,0.004052,0.03875,nSEG,1,LIDAR,0.014948,0.16125,0.7867368421052632,0.80625,0.7964934210526315
M6260,1e-05,1e-06,-0.5,-0.25,0.08,0.0040367,0.05126,nSEG,1,LIDAR,0.014963299999999999,0.14874,0.7875421052631578,0.7437,0.765621052631579
M6261,1e-05,1e-06,-0.5,0.0,0.03,0.0040658,0.02622,nSEG,1,LIDAR,0.0149342,0.17378000000000002,0.7860105263157895,0.8689,0.8274552631578947
M6262,1e-05,1e-06,-0.5,0.0,0.035,0.0040626,0.02874,nSEG,1,LIDAR,0.0149374,0.17126000000000002,0.7861789473684211,0.8563000000000001,0.8212394736842106
M6263,1e-05,1e-06,-0.5,0.0,0.04,0.0040595,0.03113,nSEG,1,LIDAR,0.014940499999999999,0.16887000000000002,0.7863421052631578,0.84435,0.815346052631579
M6264,1e-05,1e-06,-0.5,0.0,0.05,0.0040539,0.03556,nSEG,1,LIDAR,0.0149461,0.16444,0.7866368421052632,0.8221999999999999,0.8044184210526315
M6265,1e-05,1e-06,-0.5,0.0,0.08,0.0040392,0.04704,nSEG,1,LIDAR,0.0149608,0.15296,0.7874105263157894,0.7648,0.7761052631578947
M6266,1e-05,1e-06,-0.5,0.25,0.03,0.0040668,0.02452,nSEG,1,LIDAR,0.0149332,0.17548000000000002,0.7859578947368422,0.8774000000000001,0.8316789473684212
M6267,1e-05,1e-06,-0.5,0.25,0.035,0.0040637,0.02689,nSEG,1,LIDAR,0.0149363,0.17311,0.7861210526315789,0.86555,0.8258355263157895
M6268,1e-05,1e-06,-0.5,0.25,0.04,0.0040607,0.02912,nSEG,1,LIDAR,0.014939299999999999,0.17088,0.7862789473684211,0.8543999999999999,0.8203394736842105
M6269,1e-05,1e-06,-0.5,0.25,0.05,0.0040552,0.03326,nSEG,1,LIDAR,0.0149448,0.16674,0.7865684210526316,0.8337,0.8101342105263158
M6270,1e-05,1e-06,-0.5,0.25,0.08,0.0040409,0.04401,nSEG,1,LIDAR,0.0149591,0.15599000000000002,0.7873210526315789,0.77995,0.7836355263157895
M6271,1e-05,1e-06,-0.5,0.5,0.03,0.0040676,0.02322,nSEG,1,LIDAR,0.014932399999999998,0.17678000000000002,0.7859157894736841,0.8839,0.834907894736842
M6272,1e-05,1e-06,-0.5,0.5,0.035,0.0040645,0.02546,nSEG,1,LIDAR,0.014935499999999999,0.17454,0.786078947368421,0.8726999999999999,0.8293894736842105
M6273,1e-05,1e-06,-0.5,0.5,0.04,0.0040616,0.02757,nSEG,1,LIDAR,0.0149384,0.17243,0.7862315789473684,0.86215,0.8241907894736842
M6274,1e-05,1e-06,-0.5,0.5,0.05,0.0040562,0.0315,nSEG,1,LIDAR,0.0149438,0.1685,0.7865157894736843,0.8425,0.8145078947368422
M6275,1e-05,1e-06,-0.5,0.5,0.08,0.0040423,0.04167,nSEG,1,LIDAR,0.014957699999999999,0.15833000000000003,0.7872473684210526,0.7916500000000001,0.7894486842105264
M6276,1e-05,1e-06,-0.25,-0.5,0.03,0.0040643,0.03227,nSEG,1,LIDAR,0.0149357,0.16773000000000002,0.7860894736842106,0.83865,0.8123697368421052
M6277,1e-05,1e-06,-0.25,-0.5,0.035,0.0040609,0.03538,nSEG,1,LIDAR,0.0149391,0.16462000000000002,0.7862684210526316,0.8231,0.8046842105263159
M6278,1e-05,1e-06,-0.25,-0.5,0.04,0.0040577,0.03831,nSEG,1,LIDAR,0.014942299999999999,0.16169,0.7864368421052631,0.80845,0.7974434210526316
M6279,1e-05,1e-06,-0.25,-0.5,0.05,0.0040518,0.04376,nSEG,1,LIDAR,0.014948199999999998,0.15624000000000002,0.7867473684210525,0.7812,0.7839736842105263
M6280,1e-05,1e-06,-0.25,-0.5,0.08,0.0040364,0.05789,nSEG,1,LIDAR,0.0149636,0.14211000000000001,0.7875578947368421,0.71055,0.749053947368421
M6281,1e-05,1e-06,-0.25,-0.25,0.03,0.0040665,0.02858,nSEG,1,LIDAR,0.014933499999999999,0.17142000000000002,0.7859736842105263,0.8571000000000001,0.8215368421052631
M6282,1e-05,1e-06,-0.25,-0.25,0.035,0.0040633,0.03134,nSEG,1,LIDAR,0.0149367,0.16866,0.786142105263158,0.8432999999999999,0.8147210526315789
M6283,1e-05,1e-06,-0.25,-0.25,0.04,0.0040603,0.03394,nSEG,1,LIDAR,0.0149397,0.16606,0.7863,0.8303,0.8083
M6284,1e-05,1e-06,-0.25,-0.25,0.05,0.0040548,0.03877,nSEG,1,LIDAR,0.014945199999999999,0.16123,0.7865894736842105,0.80615,0.7963697368421052
M6285,1e-05,1e-06,-0.25,-0.25,0.08,0.0040403,0.05129,nSEG,1,LIDAR,0.0149597,0.14871,0.7873526315789473,0.74355,0.7654513157894737
M6286,1e-05,1e-06,-0.25,0.0,0.03,0.0040679,0.02623,nSEG,1,LIDAR,0.0149321,0.17377,0.7859,0.86885,0.827375
M6287,1e-05,1e-06,-0.25,0.0,0.035,0.0040648,0.02875,nSEG,1,LIDAR,0.0149352,0.17125,0.7860631578947368,0.8562500000000001,0.8211565789473685
M6288,1e-05,1e-06,-0.25,0.0,0.04,0.004062,0.03114,nSEG,1,LIDAR,0.014938,0.16886,0.7862105263157895,0.8443,0.8152552631578948
M6289,1e-05,1e-06,-0.25,0.0,0.05,0.0040566,0.03557,nSEG,1,LIDAR,0.014943399999999999,0.16443000000000002,0.7864947368421052,0.82215,0.8043223684210526
M6290,1e-05,1e-06,-0.25,0.0,0.08,0.0040428,0.04707,nSEG,1,LIDAR,0.0149572,0.15293,0.7872210526315789,0.76465,0.7759355263157894
M6291,1e-05,1e-06,-0.25,0.25,0.03,0.0040689,0.02453,nSEG,1,LIDAR,0.0149311,0.17547000000000001,0.7858473684210526,0.8773500000000001,0.8315986842105263
M6292,1e-05,1e-06,-0.25,0.25,0.035,0.0040659,0.0269,nSEG,1,LIDAR,0.014934099999999999,0.1731,0.7860052631578947,0.8654999999999999,0.8257526315789473
M6293,1e-05,1e-06,-0.25,0.25,0.04,0.0040631,0.02913,nSEG,1,LIDAR,0.0149369,0.17087000000000002,0.7861526315789473,0.85435,0.8202513157894737
M6294,1e-05,1e-06,-0.25,0.25,0.05,0.004058,0.03328,nSEG,1,LIDAR,0.014942,0.16672,0.786421052631579,0.8336,0.8100105263157895
M6295,1e-05,1e-06,-0.25,0.25,0.08,0.0040446,0.04403,nSEG,1,LIDAR,0.0149554,0.15597,0.7871263157894738,0.7798499999999999,0.7834881578947368
M6296,1e-05,1e-06,-0.25,0.5,0.03,0.0040696,0.02323,nSEG,1,LIDAR,0.0149304,0.17677,0.7858105263157895,0.88385,0.8348302631578948
M6297,1e-05,1e-06,-0.25,0.5,0.035,0.0040668,0.02547,nSEG,1,LIDAR,0.0149332,0.17453000000000002,0.7859578947368422,0.87265,0.8293039473684212
M6298,1e-05,1e-06,-0.25,0.5,0.04,0.0040641,0.02758,nSEG,1,LIDAR,0.014935899999999998,0.17242000000000002,0.7860999999999999,0.8621000000000001,0.8241
M6299,1e-05,1e-06,-0.25,0.5,0.05,0.004059,0.03151,nSEG,1,LIDAR,0.014941,0.16849,0.7863684210526316,0.8424499999999999,0.8144092105263158
M6300,1e-05,1e-06,-0.25,0.5,0.08,0.004046,0.04169,nSEG,1,LIDAR,0.014953999999999999,0.15831,0.7870526315789473,0.79155,0.7893013157894737
M6301,1e-05,1e-06,0.0,-0.5,0.03,0.0040656,0.03228,nSEG,1,LIDAR,0.0149344,0.16772,0.786021052631579,0.8386,0.8123105263157895
M6302,1e-05,1e-06,0.0,-0.5,0.035,0.0040624,0.03539,nSEG,1,LIDAR,0.014937599999999999,0.16461,0.7861894736842104,0.82305,0.8046197368421052
M6303,1e-05,1e-06,0.0,-0.5,0.04,0.0040593,0.03832,nSEG,1,LIDAR,0.0149407,0.16168000000000002,0.7863526315789474,0.8084,0.7973763157894738
M6304,1e-05,1e-06,0.0,-0.5,0.05,0.0040536,0.04378,nSEG,1,LIDAR,0.014946399999999999,0.15622000000000003,0.7866526315789473,0.7811000000000001,0.7838763157894737
M6305,1e-05,1e-06,0.0,-0.5,0.08,0.0040388,0.05791,nSEG,1,LIDAR,0.0149612,0.14209,0.7874315789473684,0.7104499999999999,0.7489407894736841
M6306,1e-05,1e-06,0.0,-0.25,0.03,0.0040678,0.02859,nSEG,1,LIDAR,0.0149322,0.17141,0.7859052631578948,0.85705,0.8214776315789474
M6307,1e-05,1e-06,0.0,-0.25,0.035,0.0040647,0.03135,nSEG,1,LIDAR,0.014935299999999999,0.16865000000000002,0.7860684210526315,0.84325,0.8146592105263157
M6308,1e-05,1e-06,0.0,-0.25,0.04,0.0040619,0.03395,nSEG,1,LIDAR,0.0149381,0.16605,0.7862157894736842,0.8302499999999999,0.808232894736842
M6309,1e-05,1e-06,0.0,-0.25,0.05,0.0040565,0.03878,nSEG,1,LIDAR,0.014943499999999998,0.16122,0.7865,0.8060999999999999,0.7963
M6310,1e-05,1e-06,0.0,-0.25,0.08,0.0040427,0.05131,nSEG,1,LIDAR,0.0149573,0.14869000000000002,0.7872263157894737,0.74345,0.7653381578947369
M6311,1e-05,1e-06,0.0,0.0,0.03,0.0040692,0.02623,nSEG,1,LIDAR,0.0149308,0.17377,0.7858315789473684,0.86885,0.8273407894736842
M6312,1e-05,1e-06,0.0,0.0,0.035,0.0040663,0.02876,nSEG,1,LIDAR,0.0149337,0.17124,0.7859842105263157,0.8562,0.8210921052631579
M6313,1e-05,1e-06,0.0,0.0,0.04,0.0040635,0.03115,nSEG,1,LIDAR,0.014936499999999998,0.16885,0.7861315789473684,0.84425,0.8151907894736842
M6314,1e-05,1e-06,0.0,0.0,0.05,0.0040584,0.03558,nSEG,1,LIDAR,0.0149416,0.16442,0.7864,0.8221,0.80425
M6315,1e-05,1e-06,0.0,0.0,0.08,0.0040452,0.04708,nSEG,1,LIDAR,0.0149548,0.15292,0.7870947368421053,0.7646,0.7758473684210526
M6316,1e-05,1e-06,0.0,0.25,0.03,0.0040702,0.02454,nSEG,1,LIDAR,0.0149298,0.17546,0.785778947368421,0.8773,0.8315394736842106
M6317,1e-05,1e-06,0.0,0.25,0.035,0.0040674,0.0269,nSEG,1,LIDAR,0.0149326,0.1731,0.7859263157894737,0.8654999999999999,0.8257131578947368
M6318,1e-05,1e-06,0.0,0.25,0.04,0.0040647,0.02914,nSEG,1,LIDAR,0.014935299999999999,0.17086,0.7860684210526315,0.8543000000000001,0.8201842105263157
M6319,1e-05,1e-06,0.0,0.25,0.05,0.0040598,0.03329,nSEG,1,LIDAR,0.0149402,0.16671000000000002,0.7863263157894738,0.8335500000000001,0.8099381578947369
M6320,1e-05,1e-06,0.0,0.25,0.08,0.004047,0.04405,nSEG,1,LIDAR,0.014953,0.15595,0.787,0.7797499999999999,0.7833749999999999
M6321,1e-05,1e-06,0.0,0.5,0.03,0.0040709,0.02323,nSEG,1,LIDAR,0.0149291,0.17677,0.7857421052631579,0.88385,0.834796052631579
M6322,1e-05,1e-06,0.0,0.5,0.035,0.0040682,0.02547,nSEG,1,LIDAR,0.014931799999999999,0.17453000000000002,0.7858842105263157,0.87265,0.8292671052631579
M6323,1e-05,1e-06,0.0,0.5,0.04,0.0040656,0.02759,nSEG,1,LIDAR,0.0149344,0.17241,0.786021052631579,0.86205,0.8240355263157895
M6324,1e-05,1e-06,0.0,0.5,0.05,0.0040608,0.03152,nSEG,1,LIDAR,0.0149392,0.16848000000000002,0.7862736842105263,0.8424,0.8143368421052632
M6325,1e-05,1e-06,0.0,0.5,0.08,0.0040484,0.04171,nSEG,1,LIDAR,0.014951599999999999,0.15829000000000001,0.7869263157894737,0.79145,0.7891881578947368
M6326,1e-05,1e-06,0.25,-0.5,0.03,0.0040666,0.03228,nSEG,1,LIDAR,0.0149334,0.16772,0.7859684210526315,0.8386,0.8122842105263157
M6327,1e-05,1e-06,0.25,-0.5,0.035,0.0040634,0.03539,nSEG,1,LIDAR,0.0149366,0.16461,0.7861368421052631,0.82305,0.8045934210526315
M6328,1e-05,1e-06,0.25,-0.5,0.04,0.0040604,0.03833,nSEG,1,LIDAR,0.0149396,0.16167,0.7862947368421054,0.80835,0.7973223684210526
M6329,1e-05,1e-06,0.25,-0.5,0.05,0.0040549,0.04378,nSEG,1,LIDAR,0.0149451,0.15622000000000003,0.7865842105263158,0.7811000000000001,0.7838421052631579
M6330,1e-05,1e-06,0.25,-0.5,0.08,0.0040405,0.05793,nSEG,1,LIDAR,0.0149595,0.14207,0.787342105263158,0.7103499999999999,0.748846052631579
M6331,1e-05,1e-06,0.25,-0.25,0.03,0.0040687,0.02859,nSEG,1,LIDAR,0.0149313,0.17141,0.7858578947368421,0.85705,0.821453947368421
M6332,1e-05,1e-06,0.25,-0.25,0.035,0.0040658,0.03135,nSEG,1,LIDAR,0.0149342,0.16865000000000002,0.7860105263157895,0.84325,0.8146302631578948
M6333,1e-05,1e-06,0.25,-0.25,0.04,0.004063,0.03395,nSEG,1,LIDAR,0.014936999999999999,0.16605,0.7861578947368421,0.8302499999999999,0.808203947368421
M6334,1e-05,1e-06,0.25,-0.25,0.05,0.0040578,0.03879,nSEG,1,LIDAR,0.0149422,0.16121000000000002,0.7864315789473684,0.80605,0.7962407894736843
M6335,1e-05,1e-06,0.25,-0.25,0.08,0.0040444,0.05132,nSEG,1,LIDAR,0.0149556,0.14868,0.7871368421052631,0.7434,0.7652684210526315
M6336,1e-05,1e-06,0.25,0.0,0.03,0.0040701,0.02623,nSEG,1,LIDAR,0.0149299,0.17377,0.7857842105263158,0.86885,0.8273171052631578
M6337,1e-05,1e-06,0.25,0.0,0.035,0.0040673,0.02876,nSEG,1,LIDAR,0.0149327,0.17124,0.7859315789473684,0.8562,0.8210657894736841
M6338,1e-05,1e-06,0.25,0.0,0.04,0.0040646,0.03115,nSEG,1,LIDAR,0.0149354,0.16885,0.7860736842105264,0.84425,0.8151618421052631
M6339,1e-05,1e-06,0.25,0.0,0.05,0.0040597,0.03559,nSEG,1,LIDAR,0.0149403,0.16441,0.7863315789473685,0.82205,0.8041907894736842
M6340,1e-05,1e-06,0.25,0.0,0.08,0.0040469,0.04709,nSEG,1,LIDAR,0.0149531,0.15291000000000002,0.7870052631578948,0.7645500000000001,0.7757776315789474
M6341,1e-05,1e-06,0.25,0.25,0.03,0.0040711,0.02454,nSEG,1,LIDAR,0.014928899999999998,0.17546,0.7857315789473683,0.8773,0.8315157894736842
M6342,1e-05,1e-06,0.25,0.25,0.035,0.0040684,0.02691,nSEG,1,LIDAR,0.0149316,0.17309000000000002,0.7858736842105263,0.86545,0.8256618421052632
M6343,1e-05,1e-06,0.25,0.25,0.04,0.0040658,0.02914,nSEG,1,LIDAR,0.0149342,0.17086,0.7860105263157895,0.8543000000000001,0.8201552631578948
M6344,1e-05,1e-06,0.25,0.25,0.05,0.0040611,0.03329,nSEG,1,LIDAR,0.0149389,0.16671000000000002,0.7862578947368422,0.8335500000000001,0.8099039473684211
M6345,1e-05,1e-06,0.25,0.25,0.08,0.0040487,0.04406,nSEG,1,LIDAR,0.0149513,0.15594000000000002,0.7869105263157895,0.7797000000000001,0.7833052631578947
M6346,1e-05,1e-06,0.25,0.5,0.03,0.0040719,0.02324,nSEG,1,LIDAR,0.0149281,0.17676,0.7856894736842105,0.8837999999999999,0.8347447368421053
M6347,1e-05,1e-06,0.25,0.5,0.035,0.0040692,0.02548,nSEG,1,LIDAR,0.0149308,0.17452,0.7858315789473684,0.8726,0.8292157894736842
M6348,1e-05,1e-06,0.25,0.5,0.04,0.0040667,0.02759,nSEG,1,LIDAR,0.0149333,0.17241,0.7859631578947369,0.86205,0.8240065789473685
M6349,1e-05,1e-06,0.25,0.5,0.05,0.0040621,0.03152,nSEG,1,LIDAR,0.0149379,0.16848000000000002,0.7862052631578947,0.8424,0.8143026315789474
M6350,1e-05,1e-06,0.25,0.5,0.08,0.00405,0.04172,nSEG,1,LIDAR,0.01495,0.15828,0.7868421052631579,0.7914,0.789121052631579
M6351,1e-05,1e-06,0.5,-0.5,0.03,0.0040673,0.03229,nSEG,1,LIDAR,0.0149327,0.16771000000000003,0.7859315789473684,0.8385500000000001,0.8122407894736843
M6352,1e-05,1e-06,0.5,-0.5,0.035,0.0040642,0.0354,nSEG,1,LIDAR,0.014935799999999999,0.16460000000000002,0.7860947368421052,0.8230000000000001,0.8045473684210527
M6353,1e-05,1e-06,0.5,-0.5,0.04,0.0040613,0.03833,nSEG,1,LIDAR,0.0149387,0.16167,0.7862473684210526,0.80835,0.7972986842105263
M6354,1e-05,1e-06,0.5,-0.5,0.05,0.0040559,0.04379,nSEG,1,LIDAR,0.014944099999999998,0.15621000000000002,0.7865315789473684,0.78105,0.7837907894736842
M6355,1e-05,1e-06,0.5,-0.5,0.08,0.0040418,0.05794,nSEG,1,LIDAR,0.0149582,0.14206000000000002,0.7872736842105263,0.7103,0.7487868421052633
M6356,1e-05,1e-06,0.5,-0.25,0.03,0.0040695,0.0286,nSEG,1,LIDAR,0.0149305,0.1714,0.7858157894736842,0.857,0.8214078947368422
M6357,1e-05,1e-06,0.5,-0.25,0.035,0.0040666,0.03135,nSEG,1,LIDAR,0.0149334,0.16865000000000002,0.7859684210526315,0.84325,0.8146092105263159
M6358,1e-05,1e-06,0.5,-0.25,0.04,0.0040639,0.03396,nSEG,1,LIDAR,0.0149361,0.16604000000000002,0.7861105263157895,0.8302,0.8081552631578948
M6359,1e-05,1e-06,0.5,-0.25,0.05,0.0040588,0.03879,nSEG,1,LIDAR,0.014941199999999998,0.16121000000000002,0.786378947368421,0.80605,0.7962144736842105
M6360,1e-05,1e-06,0.5,-0.25,0.08,0.0040457,0.05133,nSEG,1,LIDAR,0.0149543,0.14867000000000002,0.7870684210526316,0.7433500000000001,0.7652092105263159
M6361,1e-05,1e-06,0.5,0.0,0.03,0.0040708,0.02624,nSEG,1,LIDAR,0.0149292,0.17376000000000003,0.7857473684210526,0.8688000000000001,0.8272736842105264
M6362,1e-05,1e-06,0.5,0.0,0.035,0.0040681,0.02877,nSEG,1,LIDAR,0.0149319,0.17123000000000002,0.7858894736842106,0.8561500000000001,0.8210197368421053
M6363,1e-05,1e-06,0.5,0.0,0.04,0.0040655,0.03116,nSEG,1,LIDAR,0.0149345,0.16884000000000002,0.7860263157894737,0.8442000000000001,0.8151131578947368
M6364,1e-05,1e-06,0.5,0.0,0.05,0.0040607,0.03559,nSEG,1,LIDAR,0.014939299999999999,0.16441,0.7862789473684211,0.82205,0.8041644736842105
M6365,1e-05,1e-06,0.5,0.0,0.08,0.0040482,0.0471,nSEG,1,LIDAR,0.0149518,0.1529,0.7869368421052632,0.7645,0.7757184210526316
M6366,1e-05,1e-06,0.5,0.25,0.03,0.0040718,0.02454,nSEG,1,LIDAR,0.014928199999999999,0.17546,0.7856947368421052,0.8773,0.8314973684210526
M6367,1e-05,1e-06,0.5,0.25,0.035,0.0040692,0.02691,nSEG,1,LIDAR,0.0149308,0.17309000000000002,0.7858315789473684,0.86545,0.8256407894736842
M6368,1e-05,1e-06,0.5,0.25,0.04,0.0040667,0.02914,nSEG,1,LIDAR,0.0149333,0.17086,0.7859631578947369,0.8543000000000001,0.8201315789473684
M6369,1e-05,1e-06,0.5,0.25,0.05,0.004062,0.0333,nSEG,1,LIDAR,0.014938,0.16670000000000001,0.7862105263157895,0.8335,0.8098552631578948
M6370,1e-05,1e-06,0.5,0.25,0.08,0.00405,0.04406,nSEG,1,LIDAR,0.01495,0.15594000000000002,0.7868421052631579,0.7797000000000001,0.7832710526315789
M6371,1e-05,1e-06,0.5,0.5,0.03,0.0040726,0.02324,nSEG,1,LIDAR,0.0149274,0.17676,0.7856526315789474,0.8837999999999999,0.8347263157894736
M6372,1e-05,1e-06,0.5,0.5,0.035,0.00407,0.02548,nSEG,1,LIDAR,0.014929999999999999,0.17452,0.7857894736842105,0.8726,0.8291947368421053
M6373,1e-05,1e-06,0.5,0.5,0.04,0.0040676,0.0276,nSEG,1,LIDAR,0.014932399999999998,0.1724,0.7859157894736841,0.862,0.823957894736842
M6374,1e-05,1e-06,0.5,0.5,0.05,0.0040631,0.03153,nSEG,1,LIDAR,0.0149369,0.16847,0.7861526315789473,0.84235,0.8142513157894737
M6375,1e-05,1e-06,0.5,0.5,0.08,0.0040513,0.04173,nSEG,1,LIDAR,0.014948699999999999,0.15827000000000002,0.7867736842105263,0.7913500000000001,0.7890618421052632
M6376,1e-05,5.5e-06,-0.5,-0.5,0.03,0.0092843,0.05296,nSEG,1,LIDAR,0.009715699999999999,0.14704,0.5113526315789473,0.7352,0.6232763157894736
M6377,1e-05,5.5e-06,-0.5,-0.5,0.035,0.0092696,0.05803,nSEG,1,LIDAR,0.0097304,0.14197,0.5121263157894737,0.70985,0.6109881578947368
M6378,1e-05,5.5e-06,-0.5,-0.5,0.04,0.0092557,0.06282,nSEG,1,LIDAR,0.0097443,0.13718000000000002,0.5128578947368421,0.6859000000000001,0.599378947368421
M6379,1e-05,5.5e-06,-0.5,-0.5,0.05,0.0092299,0.0717,nSEG,1,LIDAR,0.0097701,0.12830000000000003,0.5142157894736843,0.6415000000000001,0.5778578947368422
M6380,1e-05,5.5e-06,-0.5,-0.5,0.08,0.009163,0.09464,nSEG,1,LIDAR,0.009837,0.10536000000000001,0.5177368421052632,0.5268,0.5222684210526316
M6381,1e-05,5.5e-06,-0.5,-0.25,0.03,0.0092997,0.04694,nSEG,1,LIDAR,0.0097003,0.15306,0.5105421052631579,0.7653,0.6379210526315789
M6382,1e-05,5.5e-06,-0.5,-0.25,0.035,0.0092865,0.05144,nSEG,1,LIDAR,0.0097135,0.14856000000000003,0.5112368421052632,0.7428000000000001,0.6270184210526317
M6383,1e-05,5.5e-06,-0.5,-0.25,0.04,0.009274,0.05569,nSEG,1,LIDAR,0.009726,0.14431,0.5118947368421053,0.7215499999999999,0.6167223684210525
M6384,1e-05,5.5e-06,-0.5,-0.25,0.05,0.0092508,0.06357,nSEG,1,LIDAR,0.0097492,0.13643,0.5131157894736842,0.6821499999999999,0.5976328947368421
M6385,1e-05,5.5e-06,-0.5,-0.25,0.08,0.0091907,0.08395,nSEG,1,LIDAR,0.0098093,0.11605000000000001,0.5162789473684211,0.58025,0.5482644736842106
M6386,1e-05,5.5e-06,-0.5,0.0,0.03,0.0093096,0.04308,nSEG,1,LIDAR,0.0096904,0.15692,0.5100210526315789,0.7846,0.6473105263157894
M6387,1e-05,5.5e-06,-0.5,0.0,0.035,0.0092973,0.04722,nSEG,1,LIDAR,0.0097027,0.15278000000000003,0.5106684210526315,0.7639000000000001,0.6372842105263159
M6388,1e-05,5.5e-06,-0.5,0.0,0.04,0.0092857,0.05112,nSEG,1,LIDAR,0.0097143,0.14888,0.511278947368421,0.7444000000000001,0.6278394736842106
M6389,1e-05,5.5e-06,-0.5,0.0,0.05,0.0092642,0.05837,nSEG,1,LIDAR,0.0097358,0.14163,0.5124105263157894,0.70815,0.6102802631578947
M6390,1e-05,5.5e-06,-0.5,0.0,0.08,0.0092084,0.0771,nSEG,1,LIDAR,0.0097916,0.12290000000000001,0.5153473684210526,0.6145,0.5649236842105263
M6391,1e-05,5.5e-06,-0.5,0.25,0.03,0.0093167,0.04031,nSEG,1,LIDAR,0.009683299999999999,0.15969,0.5096473684210526,0.79845,0.6540486842105263
M6392,1e-05,5.5e-06,-0.5,0.25,0.035,0.0093051,0.04419,nSEG,1,LIDAR,0.0096949,0.15581,0.5102578947368421,0.77905,0.6446539473684211
M6393,1e-05,5.5e-06,-0.5,0.25,0.04,0.0092941,0.04784,nSEG,1,LIDAR,0.0097059,0.15216000000000002,0.5108368421052631,0.7608,0.6358184210526316
M6394,1e-05,5.5e-06,-0.5,0.25,0.05,0.0092738,0.05462,nSEG,1,LIDAR,0.009726199999999999,0.14538,0.5119052631578948,0.7269,0.6194026315789474
M6395,1e-05,5.5e-06,-0.5,0.25,0.08,0.0092211,0.07217,nSEG,1,LIDAR,0.0097789,0.12783,0.5146789473684211,0.63915,0.5769144736842106
M6396,1e-05,5.5e-06,-0.5,0.5,0.03,0.0093221,0.03818,nSEG,1,LIDAR,0.0096779,0.16182000000000002,0.5093631578947369,0.8091,0.6592315789473684
M6397,1e-05,5.5e-06,-0.5,0.5,0.035,0.0093111,0.04185,nSEG,1,LIDAR,0.0096889,0.15815,0.509942105263158,0.7907500000000001,0.650346052631579
M6398,1e-05,5.5e-06,-0.5,0.5,0.04,0.0093006,0.04531,nSEG,1,LIDAR,0.0096994,0.15469,0.5104947368421053,0.77345,0.6419723684210527
M6399,1e-05,5.5e-06,-0.5,0.5,0.05,0.0092812,0.05174,nSEG,1,LIDAR,0.0097188,0.14826,0.5115157894736843,0.7413,0.6264078947368421
M6400,1e-05,5.5e-06,-0.5,0.5,0.08,0.0092309,0.06837,nSEG,1,LIDAR,0.0097691,0.13163000000000002,0.5141631578947368,0.6581500000000001,0.5861565789473684
M6401,1e-05,5.5e-06,-0.25,-0.5,0.03,0.0092862,0.05296,nSEG,1,LIDAR,0.0097138,0.14704,0.5112526315789474,0.7352,0.6232263157894737
M6402,1e-05,5.5e-06,-0.25,-0.5,0.035,0.0092717,0.05804,nSEG,1,LIDAR,0.009728299999999999,0.14196,0.5120157894736842,0.7098,0.610907894736842
M6403,1e-05,5.5e-06,-0.25,-0.5,0.04,0.009258,0.06283,nSEG,1,LIDAR,0.009741999999999999,0.13717000000000001,0.5127368421052632,0.6858500000000001,0.5992934210526316
M6404,1e-05,5.5e-06,-0.25,-0.5,0.05,0.0092325,0.07171,nSEG,1,LIDAR,0.0097675,0.12829000000000002,0.5140789473684211,0.6414500000000001,0.5777644736842106
M6405,1e-05,5.5e-06,-0.25,-0.5,0.08,0.0091665,0.09467,nSEG,1,LIDAR,0.0098335,0.10533000000000001,0.5175526315789474,0.52665,0.5221013157894736
M6406,1e-05,5.5e-06,-0.25,-0.25,0.03,0.0093017,0.04694,nSEG,1,LIDAR,0.0096983,0.15306,0.5104368421052632,0.7653,0.6378684210526315
M6407,1e-05,5.5e-06,-0.25,-0.25,0.035,0.0092886,0.05145,nSEG,1,LIDAR,0.0097114,0.14855000000000002,0.5111263157894738,0.74275,0.6269381578947368
M6408,1e-05,5.5e-06,-0.25,-0.25,0.04,0.0092763,0.0557,nSEG,1,LIDAR,0.0097237,0.1443,0.5117736842105264,0.7215,0.6166368421052633
M6409,1e-05,5.5e-06,-0.25,-0.25,0.05,0.0092535,0.06358,nSEG,1,LIDAR,0.0097465,0.13642,0.5129736842105264,0.6821,0.5975368421052631
M6410,1e-05,5.5e-06,-0.25,-0.25,0.08,0.0091942,0.08397,nSEG,1,LIDAR,0.0098058,0.11603000000000001,0.5160947368421053,0.58015,0.5481223684210527
M6411,1e-05,5.5e-06,-0.25,0.0,0.03,0.0093115,0.04309,nSEG,1,LIDAR,0.0096885,0.15691,0.5099210526315789,0.78455,0.6472355263157894
M6412,1e-05,5.5e-06,-0.25,0.0,0.035,0.0092995,0.04723,nSEG,1,LIDAR,0.009700499999999999,0.15277000000000002,0.5105526315789474,0.76385,0.6372013157894737
M6413,1e-05,5.5e-06,-0.25,0.0,0.04,0.009288,0.05113,nSEG,1,LIDAR,0.009712,0.14887,0.5111578947368421,0.74435,0.627753947368421
M6414,1e-05,5.5e-06,-0.25,0.0,0.05,0.0092668,0.05838,nSEG,1,LIDAR,0.0097332,0.14162000000000002,0.5122736842105263,0.7081000000000001,0.6101868421052632
M6415,1e-05,5.5e-06,-0.25,0.0,0.08,0.0092118,0.07712,nSEG,1,LIDAR,0.0097882,0.12288000000000002,0.5151684210526316,0.6144000000000001,0.5647842105263159
M6416,1e-05,5.5e-06,-0.25,0.25,0.03,0.0093186,0.04032,nSEG,1,LIDAR,0.0096814,0.15968000000000002,0.5095473684210526,0.7984,0.6539736842105264
M6417,1e-05,5.5e-06,-0.25,0.25,0.035,0.0093072,0.04419,nSEG,1,LIDAR,0.0096928,0.15581,0.5101473684210527,0.77905,0.6445986842105264
M6418,1e-05,5.5e-06,-0.25,0.25,0.04,0.0092965,0.04785,nSEG,1,LIDAR,0.0097035,0.15215,0.5107105263157895,0.76075,0.6357302631578947
M6419,1e-05,5.5e-06,-0.25,0.25,0.05,0.0092765,0.05463,nSEG,1,LIDAR,0.0097235,0.14537,0.5117631578947368,0.72685,0.6193065789473684
M6420,1e-05,5.5e-06,-0.25,0.25,0.08,0.0092246,0.07218,nSEG,1,LIDAR,0.0097754,0.12782000000000002,0.5144947368421052,0.6391,0.5767973684210526
M6421,1e-05,5.5e-06,-0.25,0.5,0.03,0.0093241,0.03818,nSEG,1,LIDAR,0.0096759,0.16182000000000002,0.5092578947368421,0.8091,0.6591789473684211
M6422,1e-05,5.5e-06,-0.25,0.5,0.035,0.0093132,0.04186,nSEG,1,LIDAR,0.009686799999999999,0.15814,0.5098315789473684,0.7907,0.6502657894736842
M6423,1e-05,5.5e-06,-0.25,0.5,0.04,0.009303,0.04532,nSEG,1,LIDAR,0.009696999999999999,0.15468,0.5103684210526316,0.7734,0.6418842105263158
M6424,1e-05,5.5e-06,-0.25,0.5,0.05,0.0092839,0.05175,nSEG,1,LIDAR,0.0097161,0.14825000000000002,0.5113736842105263,0.7412500000000001,0.6263118421052631
M6425,1e-05,5.5e-06,-0.25,0.5,0.08,0.0092344,0.06839,nSEG,1,LIDAR,0.0097656,0.13161,0.513978947368421,0.65805,0.5860144736842106
M6426,1e-05,5.5e-06,0.0,-0.5,0.03,0.0092875,0.05297,nSEG,1,LIDAR,0.009712499999999999,0.14703,0.5111842105263158,0.73515,0.6231671052631579
M6427,1e-05,5.5e-06,0.0,-0.5,0.035,0.0092731,0.05805,nSEG,1,LIDAR,0.0097269,0.14195000000000002,0.5119421052631579,0.7097500000000001,0.610846052631579
M6428,1e-05,5.5e-06,0.0,-0.5,0.04,0.0092595,0.06283,nSEG,1,LIDAR,0.0097405,0.13717000000000001,0.5126578947368421,0.6858500000000001,0.5992539473684211
M6429,1e-05,5.5e-06,0.0,-0.5,0.05,0.0092342,0.07172,nSEG,1,LIDAR,0.0097658,0.12828,0.5139894736842106,0.6414,0.5776947368421053
M6430,1e-05,5.5e-06,0.0,-0.5,0.08,0.0091687,0.09468,nSEG,1,LIDAR,0.0098313,0.10532000000000001,0.5174368421052632,0.5266000000000001,0.5220184210526316
M6431,1e-05,5.5e-06,0.0,-0.25,0.03,0.0093029,0.04695,nSEG,1,LIDAR,0.0096971,0.15305000000000002,0.5103736842105263,0.7652500000000001,0.6378118421052632
M6432,1e-05,5.5e-06,0.0,-0.25,0.035,0.00929,0.05145,nSEG,1,LIDAR,0.00971,0.14855000000000002,0.5110526315789474,0.74275,0.6269013157894737
M6433,1e-05,5.5e-06,0.0,-0.25,0.04,0.0092778,0.0557,nSEG,1,LIDAR,0.0097222,0.1443,0.5116947368421053,0.7215,0.6165973684210526
M6434,1e-05,5.5e-06,0.0,-0.25,0.05,0.0092552,0.06359,nSEG,1,LIDAR,0.0097448,0.13641000000000003,0.5128842105263158,0.6820500000000002,0.5974671052631579
M6435,1e-05,5.5e-06,0.0,-0.25,0.08,0.0091964,0.08399,nSEG,1,LIDAR,0.009803599999999999,0.11601000000000002,0.515978947368421,0.5800500000000001,0.5480144736842105
M6436,1e-05,5.5e-06,0.0,0.0,0.03,0.0093128,0.04309,nSEG,1,LIDAR,0.0096872,0.15691,0.5098526315789473,0.78455,0.6472013157894736
M6437,1e-05,5.5e-06,0.0,0.0,0.035,0.0093008,0.04723,nSEG,1,LIDAR,0.0096992,0.15277000000000002,0.5104842105263158,0.76385,0.6371671052631579
M6438,1e-05,5.5e-06,0.0,0.0,0.04,0.0092895,0.05114,nSEG,1,LIDAR,0.0097105,0.14886000000000002,0.5110789473684211,0.7443000000000001,0.6276894736842106
M6439,1e-05,5.5e-06,0.0,0.0,0.05,0.0092685,0.05838,nSEG,1,LIDAR,0.009731499999999999,0.14162000000000002,0.5121842105263157,0.7081000000000001,0.6101421052631579
M6440,1e-05,5.5e-06,0.0,0.0,0.08,0.0092141,0.07713,nSEG,1,LIDAR,0.0097859,0.12287000000000001,0.5150473684210527,0.61435,0.5646986842105264
M6441,1e-05,5.5e-06,0.0,0.25,0.03,0.0093199,0.04032,nSEG,1,LIDAR,0.009680099999999999,0.15968000000000002,0.509478947368421,0.7984,0.6539394736842106
M6442,1e-05,5.5e-06,0.0,0.25,0.035,0.0093086,0.0442,nSEG,1,LIDAR,0.0096914,0.1558,0.5100736842105263,0.7789999999999999,0.6445368421052631
M6443,1e-05,5.5e-06,0.0,0.25,0.04,0.009298,0.04785,nSEG,1,LIDAR,0.009701999999999999,0.15215,0.5106315789473683,0.76075,0.6356907894736842
M6444,1e-05,5.5e-06,0.0,0.25,0.05,0.0092782,0.05464,nSEG,1,LIDAR,0.0097218,0.14536000000000002,0.5116736842105263,0.7268,0.6192368421052632
M6445,1e-05,5.5e-06,0.0,0.25,0.08,0.0092268,0.0722,nSEG,1,LIDAR,0.0097732,0.12780000000000002,0.514378947368421,0.6390000000000001,0.5766894736842105
M6446,1e-05,5.5e-06,0.0,0.5,0.03,0.0093254,0.03819,nSEG,1,LIDAR,0.0096746,0.16181,0.5091894736842105,0.80905,0.6591197368421053
M6447,1e-05,5.5e-06,0.0,0.5,0.035,0.0093146,0.04186,nSEG,1,LIDAR,0.0096854,0.15814,0.5097578947368421,0.7907,0.6502289473684211
M6448,1e-05,5.5e-06,0.0,0.5,0.04,0.0093044,0.04532,nSEG,1,LIDAR,0.009695599999999999,0.15468,0.5102947368421052,0.7734,0.6418473684210526
M6449,1e-05,5.5e-06,0.0,0.5,0.05,0.0092856,0.05175,nSEG,1,LIDAR,0.0097144,0.14825000000000002,0.5112842105263158,0.7412500000000001,0.6262671052631579
M6450,1e-05,5.5e-06,0.0,0.5,0.08,0.0092366,0.0684,nSEG,1,LIDAR,0.0097634,0.1316,0.5138631578947369,0.6579999999999999,0.5859315789473685
M6451,1e-05,5.5e-06,0.25,-0.5,0.03,0.0092884,0.05297,nSEG,1,LIDAR,0.009711599999999999,0.14703,0.5111368421052631,0.73515,0.6231434210526315
M6452,1e-05,5.5e-06,0.25,-0.5,0.035,0.0092741,0.05805,nSEG,1,LIDAR,0.009725899999999999,0.14195000000000002,0.5118894736842104,0.7097500000000001,0.6108197368421053
M6453,1e-05,5.5e-06,0.25,-0.5,0.04,0.0092605,0.06284,nSEG,1,LIDAR,0.0097395,0.13716,0.5126052631578948,0.6858,0.5992026315789474
M6454,1e-05,5.5e-06,0.25,-0.5,0.05,0.0092354,0.07172,nSEG,1,LIDAR,0.0097646,0.12828,0.5139263157894737,0.6414,0.5776631578947369
M6455,1e-05,5.5e-06,0.25,-0.5,0.08,0.0091703,0.09469,nSEG,1,LIDAR,0.0098297,0.10531000000000001,0.5173526315789474,0.5265500000000001,0.5219513157894737
M6456,1e-05,5.5e-06,0.25,-0.25,0.03,0.0093038,0.04695,nSEG,1,LIDAR,0.0096962,0.15305000000000002,0.5103263157894737,0.7652500000000001,0.6377881578947369
M6457,1e-05,5.5e-06,0.25,-0.25,0.035,0.009291,0.05146,nSEG,1,LIDAR,0.009708999999999999,0.14854,0.5109999999999999,0.7427,0.6268499999999999
M6458,1e-05,5.5e-06,0.25,-0.25,0.04,0.0092789,0.05571,nSEG,1,LIDAR,0.0097211,0.14429,0.5116368421052632,0.7214499999999999,0.6165434210526315
M6459,1e-05,5.5e-06,0.25,-0.25,0.05,0.0092564,0.06359,nSEG,1,LIDAR,0.0097436,0.13641000000000003,0.512821052631579,0.6820500000000002,0.5974355263157896
M6460,1e-05,5.5e-06,0.25,-0.25,0.08,0.009198,0.08399,nSEG,1,LIDAR,0.009802,0.11601000000000002,0.5158947368421053,0.5800500000000001,0.5479723684210527
M6461,1e-05,5.5e-06,0.25,0.0,0.03,0.0093137,0.0431,nSEG,1,LIDAR,0.0096863,0.1569,0.5098052631578948,0.7845,0.6471526315789473
M6462,1e-05,5.5e-06,0.25,0.0,0.035,0.0093018,0.04724,nSEG,1,LIDAR,0.009698199999999999,0.15276,0.5104315789473683,0.7638,0.6371157894736842
M6463,1e-05,5.5e-06,0.25,0.0,0.04,0.0092906,0.05114,nSEG,1,LIDAR,0.0097094,0.14886000000000002,0.5110210526315789,0.7443000000000001,0.6276605263157895
M6464,1e-05,5.5e-06,0.25,0.0,0.05,0.0092698,0.05839,nSEG,1,LIDAR,0.0097302,0.14161,0.5121157894736842,0.7080500000000001,0.6100828947368422
M6465,1e-05,5.5e-06,0.25,0.0,0.08,0.0092157,0.07714,nSEG,1,LIDAR,0.0097843,0.12286000000000001,0.5149631578947368,0.6143000000000001,0.5646315789473684
M6466,1e-05,5.5e-06,0.25,0.25,0.03,0.0093208,0.04032,nSEG,1,LIDAR,0.009679199999999999,0.15968000000000002,0.5094315789473683,0.7984,0.6539157894736842
M6467,1e-05,5.5e-06,0.25,0.25,0.035,0.0093096,0.0442,nSEG,1,LIDAR,0.0096904,0.1558,0.5100210526315789,0.7789999999999999,0.6445105263157894
M6468,1e-05,5.5e-06,0.25,0.25,0.04,0.009299,0.04785,nSEG,1,LIDAR,0.009701,0.15215,0.510578947368421,0.76075,0.6356644736842105
M6469,1e-05,5.5e-06,0.25,0.25,0.05,0.0092794,0.05464,nSEG,1,LIDAR,0.0097206,0.14536000000000002,0.5116105263157894,0.7268,0.6192052631578947
M6470,1e-05,5.5e-06,0.25,0.25,0.08,0.0092284,0.0722,nSEG,1,LIDAR,0.0097716,0.12780000000000002,0.5142947368421052,0.6390000000000001,0.5766473684210527
M6471,1e-05,5.5e-06,0.25,0.5,0.03,0.0093263,0.03819,nSEG,1,LIDAR,0.0096737,0.16181,0.509142105263158,0.80905,0.659096052631579
M6472,1e-05,5.5e-06,0.25,0.5,0.035,0.0093156,0.04186,nSEG,1,LIDAR,0.0096844,0.15814,0.5097052631578947,0.7907,0.6502026315789473
M6473,1e-05,5.5e-06,0.25,0.5,0.04,0.0093055,0.04533,nSEG,1,LIDAR,0.0096945,0.15467,0.5102368421052632,0.77335,0.6417934210526316
M6474,1e-05,5.5e-06,0.25,0.5,0.05,0.0092868,0.05176,nSEG,1,LIDAR,0.0097132,0.14824,0.5112210526315789,0.7412,0.6262105263157894
M6475,1e-05,5.5e-06,0.25,0.5,0.08,0.0092382,0.0684,nSEG,1,LIDAR,0.0097618,0.1316,0.513778947368421,0.6579999999999999,0.5858894736842104
M6476,1e-05,5.5e-06,0.5,-0.5,0.03,0.0092891,0.05297,nSEG,1,LIDAR,0.0097109,0.14703,0.5111,0.73515,0.6231249999999999
M6477,1e-05,5.5e-06,0.5,-0.5,0.035,0.0092748,0.05805,nSEG,1,LIDAR,0.0097252,0.14195000000000002,0.5118526315789473,0.7097500000000001,0.6108013157894737
M6478,1e-05,5.5e-06,0.5,-0.5,0.04,0.0092614,0.06284,nSEG,1,LIDAR,0.0097386,0.13716,0.5125578947368421,0.6858,0.599178947368421
M6479,1e-05,5.5e-06,0.5,-0.5,0.05,0.0092364,0.07173,nSEG,1,LIDAR,0.009763599999999999,0.12827,0.5138736842105263,0.64135,0.5776118421052632
M6480,1e-05,5.5e-06,0.5,-0.5,0.08,0.0091716,0.0947,nSEG,1,LIDAR,0.0098284,0.1053,0.5172842105263158,0.5265,0.5218921052631579
M6481,1e-05,5.5e-06,0.5,-0.25,0.03,0.0093045,0.04695,nSEG,1,LIDAR,0.0096955,0.15305000000000002,0.5102894736842105,0.7652500000000001,0.6377697368421054
M6482,1e-05,5.5e-06,0.5,-0.25,0.035,0.0092917,0.05146,nSEG,1,LIDAR,0.0097083,0.14854,0.5109631578947368,0.7427,0.6268315789473684
M6483,1e-05,5.5e-06,0.5,-0.25,0.04,0.0092797,0.05571,nSEG,1,LIDAR,0.0097203,0.14429,0.5115947368421052,0.7214499999999999,0.6165223684210526
M6484,1e-05,5.5e-06,0.5,-0.25,0.05,0.0092573,0.0636,nSEG,1,LIDAR,0.0097427,0.13640000000000002,0.5127736842105264,0.682,0.5973868421052633
M6485,1e-05,5.5e-06,0.5,-0.25,0.08,0.0091992,0.084,nSEG,1,LIDAR,0.0098008,0.116,0.5158315789473684,0.58,0.5479157894736841
M6486,1e-05,5.5e-06,0.5,0.0,0.03,0.0093144,0.0431,nSEG,1,LIDAR,0.009685599999999999,0.1569,0.5097684210526315,0.7845,0.6471342105263158
M6487,1e-05,5.5e-06,0.5,0.0,0.035,0.0093026,0.04724,nSEG,1,LIDAR,0.0096974,0.15276,0.5103894736842105,0.7638,0.6370947368421053
M6488,1e-05,5.5e-06,0.5,0.0,0.04,0.0092914,0.05114,nSEG,1,LIDAR,0.0097086,0.14886000000000002,0.5109789473684211,0.7443000000000001,0.6276394736842106
M6489,1e-05,5.5e-06,0.5,0.0,0.05,0.0092707,0.05839,nSEG,1,LIDAR,0.0097293,0.14161,0.5120684210526316,0.7080500000000001,0.6100592105263158
M6490,1e-05,5.5e-06,0.5,0.0,0.08,0.0092169,0.07714,nSEG,1,LIDAR,0.0097831,0.12286000000000001,0.5149,0.6143000000000001,0.5646
M6491,1e-05,5.5e-06,0.5,0.25,0.03,0.0093215,0.04033,nSEG,1,LIDAR,0.0096785,0.15967,0.5093947368421052,0.79835,0.6538723684210526
M6492,1e-05,5.5e-06,0.5,0.25,0.035,0.0093104,0.0442,nSEG,1,LIDAR,0.0096896,0.1558,0.5099789473684211,0.7789999999999999,0.6444894736842105
M6493,1e-05,5.5e-06,0.5,0.25,0.04,0.0092999,0.04786,nSEG,1,LIDAR,0.0097001,0.15214,0.5105315789473684,0.7606999999999999,0.6356157894736842
M6494,1e-05,5.5e-06,0.5,0.25,0.05,0.0092803,0.05464,nSEG,1,LIDAR,0.0097197,0.14536000000000002,0.5115631578947368,0.7268,0.6191815789473685
M6495,1e-05,5.5e-06,0.5,0.25,0.08,0.0092296,0.07221,nSEG,1,LIDAR,0.0097704,0.12779000000000001,0.5142315789473685,0.63895,0.5765907894736843
M6496,1e-05,5.5e-06,0.5,0.5,0.03,0.009327,0.03819,nSEG,1,LIDAR,0.009673,0.16181,0.5091052631578947,0.80905,0.6590776315789474
M6497,1e-05,5.5e-06,0.5,0.5,0.035,0.0093164,0.04186,nSEG,1,LIDAR,0.009683599999999999,0.15814,0.5096631578947368,0.7907,0.6501815789473684
M6498,1e-05,5.5e-06,0.5,0.5,0.04,0.0093063,0.04533,nSEG,1,LIDAR,0.0096937,0.15467,0.5101947368421053,0.77335,0.6417723684210526
M6499,1e-05,5.5e-06,0.5,0.5,0.05,0.0092877,0.05176,nSEG,1,LIDAR,0.0097123,0.14824,0.5111736842105263,0.7412,0.6261868421052632
M6500,1e-05,5.5e-06,0.5,0.5,0.08,0.0092394,0.06841,nSEG,1,LIDAR,0.0097606,0.13159,0.5137157894736842,0.65795,0.5858328947368421
M6501,1e-05,1e-05,-0.5,-0.5,0.03,0.014165,0.06823,nSEG,1,LIDAR,0.004834999999999999,0.13177,0.2544736842105263,0.6588499999999999,0.4566618421052631
M6502,1e-05,1e-05,-0.5,-0.5,0.035,0.014137,0.07475,nSEG,1,LIDAR,0.004862999999999999,0.12525000000000003,0.2559473684210526,0.6262500000000001,0.44109868421052634
M6503,1e-05,1e-05,-0.5,-0.5,0.04,0.014111,0.0809,nSEG,1,LIDAR,0.004888999999999999,0.11910000000000001,0.25731578947368416,0.5955,0.4264078947368421
M6504,1e-05,1e-05,-0.5,-0.5,0.05,0.014061,0.09229,nSEG,1,LIDAR,0.004938999999999999,0.10771000000000001,0.2599473684210526,0.5385500000000001,0.39924868421052634
M6505,1e-05,1e-05,-0.5,-0.5,0.08,0.013933,0.1217,nSEG,1,LIDAR,0.005067,0.07830000000000001,0.2666842105263158,0.3915,0.3290921052631579
M6506,1e-05,1e-05,-0.5,-0.25,0.03,0.014197,0.06049,nSEG,1,LIDAR,0.004803,0.13951000000000002,0.2527894736842105,0.6975500000000001,0.4751697368421053
M6507,1e-05,1e-05,-0.5,-0.25,0.035,0.014172,0.06629,nSEG,1,LIDAR,0.004827999999999999,0.13371,0.25410526315789467,0.66855,0.4613276315789473
M6508,1e-05,1e-05,-0.5,-0.25,0.04,0.014148,0.07174,nSEG,1,LIDAR,0.004851999999999999,0.12826,0.2553684210526315,0.6413,0.4483342105263157
M6509,1e-05,1e-05,-0.5,-0.25,0.05,0.014104,0.08187,nSEG,1,LIDAR,0.004895999999999999,0.11813000000000001,0.25768421052631574,0.59065,0.4241671052631579
M6510,1e-05,1e-05,-0.5,-0.25,0.08,0.01399,0.108,nSEG,1,LIDAR,0.005009999999999999,0.09200000000000001,0.26368421052631574,0.46,0.36184210526315785
M6511,1e-05,1e-05,-0.5,0.0,0.03,0.014217,0.05554,nSEG,1,LIDAR,0.004782999999999999,0.14446,0.2517368421052631,0.7222999999999999,0.4870184210526315
M6512,1e-05,1e-05,-0.5,0.0,0.035,0.014194,0.06086,nSEG,1,LIDAR,0.0048059999999999995,0.13914,0.2529473684210526,0.6957,0.4743236842105263
M6513,1e-05,1e-05,-0.5,0.0,0.04,0.014172,0.06588,nSEG,1,LIDAR,0.004827999999999999,0.13412000000000002,0.25410526315789467,0.6706000000000001,0.46235263157894735
M6514,1e-05,1e-05,-0.5,0.0,0.05,0.014131,0.07519,nSEG,1,LIDAR,0.004869,0.12481,0.25626315789473686,0.62405,0.4401565789473684
M6515,1e-05,1e-05,-0.5,0.0,0.08,0.014026,0.09924,nSEG,1,LIDAR,0.004973999999999999,0.10076000000000002,0.2617894736842105,0.5038,0.3827947368421053
M6516,1e-05,1e-05,-0.5,0.25,0.03,0.014231,0.05197,nSEG,1,LIDAR,0.004768999999999999,0.14803,0.25099999999999995,0.74015,0.495575
M6517,1e-05,1e-05,-0.5,0.25,0.035,0.014209,0.05696,nSEG,1,LIDAR,0.004791,0.14304,0.25215789473684214,0.7152,0.48367894736842104
M6518,1e-05,1e-05,-0.5,0.25,0.04,0.014189,0.06166,nSEG,1,LIDAR,0.004810999999999999,0.13834000000000002,0.25321052631578944,0.6917000000000001,0.47245526315789477
M6519,1e-05,1e-05,-0.5,0.25,0.05,0.014151,0.07038,nSEG,1,LIDAR,0.004848999999999999,0.12962,0.25521052631578944,0.6481,0.4516552631578947
M6520,1e-05,1e-05,-0.5,0.25,0.08,0.014052,0.09291,nSEG,1,LIDAR,0.004947999999999999,0.10709,0.26042105263157894,0.53545,0.39793552631578943
M6521,1e-05,1e-05,-0.5,0.5,0.03,0.014242,0.04923,nSEG,1,LIDAR,0.004758,0.15077000000000002,0.25042105263157893,0.75385,0.5021355263157895
M6522,1e-05,1e-05,-0.5,0.5,0.035,0.014222,0.05395,nSEG,1,LIDAR,0.004777999999999999,0.14605,0.2514736842105263,0.7302500000000001,0.4908618421052632
M6523,1e-05,1e-05,-0.5,0.5,0.04,0.014202,0.05841,nSEG,1,LIDAR,0.004798,0.14159000000000002,0.2525263157894737,0.7079500000000001,0.4802381578947369
M6524,1e-05,1e-05,-0.5,0.5,0.05,0.014166,0.06667,nSEG,1,LIDAR,0.004834,0.13333,0.25442105263157894,0.66665,0.4605355263157894
M6525,1e-05,1e-05,-0.5,0.5,0.08,0.014071,0.08804,nSEG,1,LIDAR,0.004928999999999999,0.11196000000000002,0.25942105263157894,0.5598000000000001,0.40961052631578954
M6526,1e-05,1e-05,-0.25,-0.5,0.03,0.014167,0.06823,nSEG,1,LIDAR,0.004832999999999999,0.13177,0.2543684210526315,0.6588499999999999,0.45660921052631576
M6527,1e-05,1e-05,-0.25,-0.5,0.035,0.014139,0.07476,nSEG,1,LIDAR,0.004860999999999999,0.12524000000000002,0.25584210526315787,0.6262000000000001,0.441021052631579
M6528,1e-05,1e-05,-0.25,-0.5,0.04,0.014113,0.0809,nSEG,1,LIDAR,0.004886999999999999,0.11910000000000001,0.25721052631578945,0.5955,0.42635526315789474
M6529,1e-05,1e-05,-0.25,-0.5,0.05,0.014064,0.0923,nSEG,1,LIDAR,0.004935999999999999,0.10770000000000002,0.2597894736842105,0.5385000000000001,0.3991447368421053
M6530,1e-05,1e-05,-0.25,-0.5,0.08,0.013937,0.1217,nSEG,1,LIDAR,0.005063,0.07830000000000001,0.2664736842105263,0.3915,0.3289868421052632
M6531,1e-05,1e-05,-0.25,-0.25,0.03,0.014199,0.0605,nSEG,1,LIDAR,0.004801,0.1395,0.2526842105263158,0.6975,0.4750921052631579
M6532,1e-05,1e-05,-0.25,-0.25,0.035,0.014174,0.06629,nSEG,1,LIDAR,0.004825999999999999,0.13371,0.25399999999999995,0.66855,0.461275
M6533,1e-05,1e-05,-0.25,-0.25,0.04,0.01415,0.07175,nSEG,1,LIDAR,0.00485,0.12825000000000003,0.25526315789473686,0.6412500000000001,0.4482565789473685
M6534,1e-05,1e-05,-0.25,-0.25,0.05,0.014106,0.08188,nSEG,1,LIDAR,0.004893999999999999,0.11812000000000002,0.257578947368421,0.5906,0.4240894736842105
M6535,1e-05,1e-05,-0.25,-0.25,0.08,0.013993,0.108,nSEG,1,LIDAR,0.005006999999999999,0.09200000000000001,0.26352631578947366,0.46,0.36176315789473684
M6536,1e-05,1e-05,-0.25,0.0,0.03,0.014219,0.05554,nSEG,1,LIDAR,0.004780999999999999,0.14446,0.2516315789473684,0.7222999999999999,0.4869657894736842
M6537,1e-05,1e-05,-0.25,0.0,0.035,0.014196,0.06087,nSEG,1,LIDAR,0.004803999999999999,0.13913,0.25284210526315787,0.69565,0.47424605263157893
M6538,1e-05,1e-05,-0.25,0.0,0.04,0.014174,0.06588,nSEG,1,LIDAR,0.004825999999999999,0.13412000000000002,0.25399999999999995,0.6706000000000001,0.46230000000000004
M6539,1e-05,1e-05,-0.25,0.0,0.05,0.014134,0.07519,nSEG,1,LIDAR,0.004865999999999999,0.12481,0.25610526315789467,0.62405,0.4400776315789473
M6540,1e-05,1e-05,-0.25,0.0,0.08,0.014029,0.09925,nSEG,1,LIDAR,0.004971,0.10075,0.26163157894736844,0.50375,0.38269078947368423
M6541,1e-05,1e-05,-0.25,0.25,0.03,0.014233,0.05198,nSEG,1,LIDAR,0.004766999999999999,0.14802,0.2508947368421052,0.7401,0.49549736842105263
M6542,1e-05,1e-05,-0.25,0.25,0.035,0.014212,0.05696,nSEG,1,LIDAR,0.004787999999999999,0.14304,0.25199999999999995,0.7152,0.4835999999999999
M6543,1e-05,1e-05,-0.25,0.25,0.04,0.014191,0.06166,nSEG,1,LIDAR,0.004808999999999999,0.13834000000000002,0.25310526315789467,0.6917000000000001,0.47240263157894735
M6544,1e-05,1e-05,-0.25,0.25,0.05,0.014153,0.07038,nSEG,1,LIDAR,0.004846999999999999,0.12962,0.25510526315789467,0.6481,0.4516026315789473
M6545,1e-05,1e-05,-0.25,0.25,0.08,0.014055,0.09293,nSEG,1,LIDAR,0.004945,0.10707000000000001,0.2602631578947368,0.53535,0.39780657894736837
M6546,1e-05,1e-05,-0.25,0.5,0.03,0.014244,0.04923,nSEG,1,LIDAR,0.004756,0.15077000000000002,0.2503157894736842,0.75385,0.5020828947368421
M6547,1e-05,1e-05,-0.25,0.5,0.035,0.014224,0.05396,nSEG,1,LIDAR,0.004775999999999999,0.14604,0.2513684210526315,0.7302,0.4907842105263157
M6548,1e-05,1e-05,-0.25,0.5,0.04,0.014204,0.05841,nSEG,1,LIDAR,0.004796,0.14159000000000002,0.25242105263157893,0.7079500000000001,0.4801855263157895
M6549,1e-05,1e-05,-0.25,0.5,0.05,0.014168,0.06668,nSEG,1,LIDAR,0.0048319999999999995,0.13332,0.2543157894736842,0.6666,0.46045789473684207
M6550,1e-05,1e-05,-0.25,0.5,0.08,0.014075,0.08805,nSEG,1,LIDAR,0.004924999999999999,0.11195000000000001,0.2592105263157894,0.55975,0.40948026315789465
M6551,1e-05,1e-05,0.0,-0.5,0.03,0.014168,0.06824,nSEG,1,LIDAR,0.0048319999999999995,0.13176000000000002,0.2543157894736842,0.6588,0.45655789473684216
M6552,1e-05,1e-05,0.0,-0.5,0.035,0.014141,0.07476,nSEG,1,LIDAR,0.004858999999999999,0.12524000000000002,0.2557368421052631,0.6262000000000001,0.44096842105263157
M6553,1e-05,1e-05,0.0,-0.5,0.04,0.014114,0.08091,nSEG,1,LIDAR,0.004886,0.11909000000000002,0.2571578947368421,0.59545,0.42630394736842103
M6554,1e-05,1e-05,0.0,-0.5,0.05,0.014066,0.09231,nSEG,1,LIDAR,0.004933999999999999,0.10769000000000001,0.25968421052631574,0.53845,0.39906710526315786
M6555,1e-05,1e-05,0.0,-0.5,0.08,0.013939,0.1217,nSEG,1,LIDAR,0.0050609999999999995,0.07830000000000001,0.2663684210526316,0.3915,0.3289342105263158
M6556,1e-05,1e-05,0.0,-0.25,0.03,0.0142,0.0605,nSEG,1,LIDAR,0.004799999999999999,0.1395,0.2526315789473684,0.6975,0.47506578947368416
M6557,1e-05,1e-05,0.0,-0.25,0.035,0.014175,0.0663,nSEG,1,LIDAR,0.004824999999999999,0.1337,0.2539473684210526,0.6685,0.4612236842105263
M6558,1e-05,1e-05,0.0,-0.25,0.04,0.014152,0.07175,nSEG,1,LIDAR,0.004848,0.12825000000000003,0.2551578947368421,0.6412500000000001,0.44820394736842106
M6559,1e-05,1e-05,0.0,-0.25,0.05,0.014108,0.08188,nSEG,1,LIDAR,0.004891999999999999,0.11812000000000002,0.25747368421052624,0.5906,0.42403684210526316
M6560,1e-05,1e-05,0.0,-0.25,0.08,0.013995,0.108,nSEG,1,LIDAR,0.005004999999999999,0.09200000000000001,0.2634210526315789,0.46,0.3617105263157895
M6561,1e-05,1e-05,0.0,0.0,0.03,0.01422,0.05555,nSEG,1,LIDAR,0.0047799999999999995,0.14445000000000002,0.251578947368421,0.7222500000000001,0.48691447368421054
M6562,1e-05,1e-05,0.0,0.0,0.035,0.014197,0.06087,nSEG,1,LIDAR,0.004803,0.13913,0.2527894736842105,0.69565,0.4742197368421053
M6563,1e-05,1e-05,0.0,0.0,0.04,0.014175,0.06589,nSEG,1,LIDAR,0.004824999999999999,0.13411,0.2539473684210526,0.67055,0.4622486842105263
M6564,1e-05,1e-05,0.0,0.0,0.05,0.014135,0.0752,nSEG,1,LIDAR,0.0048649999999999995,0.12480000000000001,0.25605263157894737,0.624,0.4400263157894737
M6565,1e-05,1e-05,0.0,0.0,0.08,0.014031,0.09926,nSEG,1,LIDAR,0.0049689999999999995,0.10074000000000001,0.26152631578947366,0.5037,0.3826131578947368
M6566,1e-05,1e-05,0.0,0.25,0.03,0.014234,0.05198,nSEG,1,LIDAR,0.004765999999999999,0.14802,0.25084210526315787,0.7401,0.4954710526315789
M6567,1e-05,1e-05,0.0,0.25,0.035,0.014213,0.05697,nSEG,1,LIDAR,0.004787,0.14303000000000002,0.25194736842105264,0.7151500000000001,0.4835486842105263
M6568,1e-05,1e-05,0.0,0.25,0.04,0.014193,0.06167,nSEG,1,LIDAR,0.004806999999999999,0.13833,0.25299999999999995,0.69165,0.472325
M6569,1e-05,1e-05,0.0,0.25,0.05,0.014155,0.07039,nSEG,1,LIDAR,0.004845,0.12961,0.255,0.64805,0.451525
M6570,1e-05,1e-05,0.0,0.25,0.08,0.014057,0.09293,nSEG,1,LIDAR,0.0049429999999999995,0.10707000000000001,0.2601578947368421,0.53535,0.39775394736842107
M6571,1e-05,1e-05,0.0,0.5,0.03,0.014245,0.04924,nSEG,1,LIDAR,0.004754999999999999,0.15076,0.2502631578947368,0.7538,0.5020315789473684
M6572,1e-05,1e-05,0.0,0.5,0.035,0.014225,0.05396,nSEG,1,LIDAR,0.004775,0.14604,0.2513157894736842,0.7302,0.49075789473684206
M6573,1e-05,1e-05,0.0,0.5,0.04,0.014206,0.05842,nSEG,1,LIDAR,0.004794,0.14158,0.2523157894736842,0.7079,0.4801078947368421
M6574,1e-05,1e-05,0.0,0.5,0.05,0.01417,0.06668,nSEG,1,LIDAR,0.004829999999999999,0.13332,0.25421052631578944,0.6666,0.4604052631578947
M6575,1e-05,1e-05,0.0,0.5,0.08,0.014077,0.08806,nSEG,1,LIDAR,0.004923,0.11194000000000001,0.2591052631578948,0.5597,0.4094026315789474
M6576,1e-05,1e-05,0.25,-0.5,0.03,0.014169,0.06824,nSEG,1,LIDAR,0.004831,0.13176000000000002,0.25426315789473686,0.6588,0.45653157894736845
M6577,1e-05,1e-05,0.25,-0.5,0.035,0.014142,0.07477,nSEG,1,LIDAR,0.0048579999999999995,0.12523,0.2556842105263158,0.62615,0.44091710526315786
M6578,1e-05,1e-05,0.25,-0.5,0.04,0.014115,0.08091,nSEG,1,LIDAR,0.004884999999999999,0.11909000000000002,0.25710526315789467,0.59545,0.4262776315789474
M6579,1e-05,1e-05,0.25,-0.5,0.05,0.014067,0.09231,nSEG,1,LIDAR,0.004933,0.10769000000000001,0.25963157894736844,0.53845,0.3990407894736842
M6580,1e-05,1e-05,0.25,-0.5,0.08,0.01394,0.1217,nSEG,1,LIDAR,0.00506,0.07830000000000001,0.26631578947368423,0.3915,0.3289078947368421
M6581,1e-05,1e-05,0.25,-0.25,0.03,0.014201,0.0605,nSEG,1,LIDAR,0.0047989999999999994,0.1395,0.252578947368421,0.6975,0.4750394736842105
M6582,1e-05,1e-05,0.25,-0.25,0.035,0.014176,0.0663,nSEG,1,LIDAR,0.004824,0.1337,0.2538947368421053,0.6685,0.46119736842105263
M6583,1e-05,1e-05,0.25,-0.25,0.04,0.014153,0.07176,nSEG,1,LIDAR,0.004846999999999999,0.12824000000000002,0.25510526315789467,0.6412000000000001,0.44815263157894736
M6584,1e-05,1e-05,0.25,-0.25,0.05,0.014109,0.08189,nSEG,1,LIDAR,0.0048909999999999995,0.11811,0.25742105263157894,0.59055,0.42398552631578945
M6585,1e-05,1e-05,0.25,-0.25,0.08,0.013997,0.108,nSEG,1,LIDAR,0.005002999999999999,0.09200000000000001,0.26331578947368417,0.46,0.36165789473684207
M6586,1e-05,1e-05,0.25,0.0,0.03,0.014221,0.05555,nSEG,1,LIDAR,0.004779,0.14445000000000002,0.2515263157894737,0.7222500000000001,0.4868881578947369
M6587,1e-05,1e-05,0.25,0.0,0.035,0.014198,0.06087,nSEG,1,LIDAR,0.004801999999999999,0.13913,0.2527368421052631,0.69565,0.4741934210526315
M6588,1e-05,1e-05,0.25,0.0,0.04,0.014176,0.06589,nSEG,1,LIDAR,0.004824,0.13411,0.2538947368421053,0.67055,0.46222236842105263
M6589,1e-05,1e-05,0.25,0.0,0.05,0.014136,0.0752,nSEG,1,LIDAR,0.004864,0.12480000000000001,0.256,0.624,0.44
M6590,1e-05,1e-05,0.25,0.0,0.08,0.014033,0.09927,nSEG,1,LIDAR,0.004966999999999999,0.10073000000000001,0.2614210526315789,0.50365,0.38253552631578946
M6591,1e-05,1e-05,0.25,0.25,0.03,0.014235,0.05198,nSEG,1,LIDAR,0.004765,0.14802,0.25078947368421056,0.7401,0.49544473684210527
M6592,1e-05,1e-05,0.25,0.25,0.035,0.014214,0.05697,nSEG,1,LIDAR,0.004786,0.14303000000000002,0.2518947368421053,0.7151500000000001,0.4835223684210527
M6593,1e-05,1e-05,0.25,0.25,0.04,0.014194,0.06167,nSEG,1,LIDAR,0.0048059999999999995,0.13833,0.2529473684210526,0.69165,0.4722986842105263
M6594,1e-05,1e-05,0.25,0.25,0.05,0.014156,0.07039,nSEG,1,LIDAR,0.004843999999999999,0.12961,0.2549473684210526,0.64805,0.4514986842105263
M6595,1e-05,1e-05,0.25,0.25,0.08,0.014059,0.09294,nSEG,1,LIDAR,0.004940999999999999,0.10706000000000002,0.2600526315789473,0.5353,0.39767631578947366
M6596,1e-05,1e-05,0.25,0.5,0.03,0.014246,0.04924,nSEG,1,LIDAR,0.0047539999999999995,0.15076,0.25021052631578944,0.7538,0.5020052631578947
M6597,1e-05,1e-05,0.25,0.5,0.035,0.014226,0.05396,nSEG,1,LIDAR,0.004773999999999999,0.14604,0.2512631578947368,0.7302,0.4907315789473684
M6598,1e-05,1e-05,0.25,0.5,0.04,0.014207,0.05842,nSEG,1,LIDAR,0.004793,0.14158,0.25226315789473686,0.7079,0.4800815789473684
M6599,1e-05,1e-05,0.25,0.5,0.05,0.014171,0.06669,nSEG,1,LIDAR,0.004829,0.13331,0.2541578947368421,0.66655,0.46035394736842106
M6600,1e-05,1e-05,0.25,0.5,0.08,0.014078,0.08807,nSEG,1,LIDAR,0.004921999999999999,0.11193000000000002,0.2590526315789473,0.5596500000000001,0.4093513157894737
M6601,1e-05,1e-05,0.5,-0.5,0.03,0.01417,0.06824,nSEG,1,LIDAR,0.004829999999999999,0.13176000000000002,0.25421052631578944,0.6588,0.45650526315789475
M6602,1e-05,1e-05,0.5,-0.5,0.035,0.014142,0.07477,nSEG,1,LIDAR,0.0048579999999999995,0.12523,0.2556842105263158,0.62615,0.44091710526315786
M6603,1e-05,1e-05,0.5,-0.5,0.04,0.014116,0.08091,nSEG,1,LIDAR,0.0048839999999999995,0.11909000000000002,0.25705263157894737,0.59545,0.42625131578947373
M6604,1e-05,1e-05,0.5,-0.5,0.05,0.014068,0.09232,nSEG,1,LIDAR,0.004931999999999999,0.10768000000000001,0.259578947368421,0.5384,0.3989894736842105
M6605,1e-05,1e-05,0.5,-0.5,0.08,0.013941,0.1217,nSEG,1,LIDAR,0.005058999999999999,0.07830000000000001,0.2662631578947368,0.3915,0.3288815789473684
M6606,1e-05,1e-05,0.5,-0.25,0.03,0.014201,0.06051,nSEG,1,LIDAR,0.0047989999999999994,0.13949,0.252578947368421,0.69745,0.4750144736842105
M6607,1e-05,1e-05,0.5,-0.25,0.035,0.014177,0.0663,nSEG,1,LIDAR,0.004822999999999999,0.1337,0.25384210526315787,0.6685,0.4611710526315789
M6608,1e-05,1e-05,0.5,-0.25,0.04,0.014153,0.07176,nSEG,1,LIDAR,0.004846999999999999,0.12824000000000002,0.25510526315789467,0.6412000000000001,0.44815263157894736
M6609,1e-05,1e-05,0.5,-0.25,0.05,0.01411,0.08189,nSEG,1,LIDAR,0.00489,0.11811,0.2573684210526316,0.59055,0.4239592105263158
M6610,1e-05,1e-05,0.5,-0.25,0.08,0.013998,0.1081,nSEG,1,LIDAR,0.0050019999999999995,0.09190000000000001,0.2632631578947368,0.4595,0.36138157894736844
M6611,1e-05,1e-05,0.5,0.0,0.03,0.014221,0.05555,nSEG,1,LIDAR,0.004779,0.14445000000000002,0.2515263157894737,0.7222500000000001,0.4868881578947369
M6612,1e-05,1e-05,0.5,0.0,0.035,0.014199,0.06087,nSEG,1,LIDAR,0.004801,0.13913,0.2526842105263158,0.69565,0.47416710526315786
M6613,1e-05,1e-05,0.5,0.0,0.04,0.014177,0.06589,nSEG,1,LIDAR,0.004822999999999999,0.13411,0.25384210526315787,0.67055,0.4621960526315789
M6614,1e-05,1e-05,0.5,0.0,0.05,0.014137,0.07521,nSEG,1,LIDAR,0.004862999999999999,0.12479000000000001,0.2559473684210526,0.62395,0.4399486842105263
M6615,1e-05,1e-05,0.5,0.0,0.08,0.014034,0.09927,nSEG,1,LIDAR,0.004966,0.10073000000000001,0.2613684210526316,0.50365,0.3825092105263158
M6616,1e-05,1e-05,0.5,0.25,0.03,0.014236,0.05198,nSEG,1,LIDAR,0.004763999999999999,0.14802,0.2507368421052631,0.7401,0.49541842105263156
M6617,1e-05,1e-05,0.5,0.25,0.035,0.014215,0.05697,nSEG,1,LIDAR,0.004784999999999999,0.14303000000000002,0.25184210526315787,0.7151500000000001,0.48349605263157897
M6618,1e-05,1e-05,0.5,0.25,0.04,0.014194,0.06167,nSEG,1,LIDAR,0.0048059999999999995,0.13833,0.2529473684210526,0.69165,0.4722986842105263
M6619,1e-05,1e-05,0.5,0.25,0.05,0.014157,0.07039,nSEG,1,LIDAR,0.004843,0.12961,0.2548947368421053,0.64805,0.45147236842105265
M6620,1e-05,1e-05,0.5,0.25,0.08,0.01406,0.09295,nSEG,1,LIDAR,0.00494,0.10705,0.26,0.53525,0.397625
M6621,1e-05,1e-05,0.5,0.5,0.03,0.014247,0.04924,nSEG,1,LIDAR,0.004753,0.15076,0.25015789473684213,0.7538,0.5019789473684211
M6622,1e-05,1e-05,0.5,0.5,0.035,0.014227,0.05397,nSEG,1,LIDAR,0.0047729999999999995,0.14603000000000002,0.25121052631578944,0.7301500000000001,0.49068026315789476
M6623,1e-05,1e-05,0.5,0.5,0.04,0.014208,0.05842,nSEG,1,LIDAR,0.004791999999999999,0.14158,0.25221052631578944,0.7079,0.4800552631578947
M6624,1e-05,1e-05,0.5,0.5,0.05,0.014172,0.06669,nSEG,1,LIDAR,0.004827999999999999,0.13331,0.25410526315789467,0.66655,0.4603276315789473
M6625,1e-05,1e-05,0.5,0.5,0.08,0.01408,0.08807,nSEG,1,LIDAR,0.004919999999999999,0.11193000000000002,0.2589473684210526,0.5596500000000001,0.40929868421052634
M6626,1e-05,5.5e-05,-0.5,-0.5,0.03,0.051418,0.1479,nSEG,1,LIDAR,-0.032418,0.05210000000000001,1.7062105263157896,0.2605,0.9833552631578948
M6627,1e-05,5.5e-05,-0.5,-0.5,0.035,0.051295,0.162,nSEG,1,LIDAR,-0.032295000000000004,0.038000000000000006,1.6997368421052634,0.19000000000000003,0.9448684210526317
M6628,1e-05,5.5e-05,-0.5,-0.5,0.04,0.051177,0.1752,nSEG,1,LIDAR,-0.032177,0.024800000000000016,1.6935263157894735,0.12400000000000008,0.9087631578947368
M6629,1e-05,5.5e-05,-0.5,-0.5,0.05,0.050954,0.1998,nSEG,1,LIDAR,-0.031953999999999996,0.00020000000000000573,1.6817894736842103,0.0010000000000000286,0.8413947368421052
M6630,1e-05,5.5e-05,-0.5,-0.5,0.08,0.05035,0.2631,nSEG,1,LIDAR,-0.03135,-0.06309999999999999,1.6500000000000001,0.31549999999999995,0.98275
M6631,1e-05,5.5e-05,-0.5,-0.25,0.03,0.051561,0.1312,nSEG,1,LIDAR,-0.03256100000000001,0.0688,1.7137368421052634,0.344,1.0288684210526318
M6632,1e-05,5.5e-05,-0.5,-0.25,0.035,0.051453,0.1437,nSEG,1,LIDAR,-0.032452999999999996,0.05630000000000002,1.7080526315789473,0.2815000000000001,0.9947763157894737
M6633,1e-05,5.5e-05,-0.5,-0.25,0.04,0.05135,0.1555,nSEG,1,LIDAR,-0.032350000000000004,0.04450000000000001,1.7026315789473687,0.22250000000000006,0.9625657894736844
M6634,1e-05,5.5e-05,-0.5,-0.25,0.05,0.051156,0.1774,nSEG,1,LIDAR,-0.032156000000000004,0.02260000000000001,1.6924210526315793,0.11300000000000004,0.9027105263157896
M6635,1e-05,5.5e-05,-0.5,-0.25,0.08,0.050633,0.2337,nSEG,1,LIDAR,-0.031632999999999994,-0.03369999999999998,1.664894736842105,0.1684999999999999,0.9166973684210524
M6636,1e-05,5.5e-05,-0.5,0.0,0.03,0.051651,0.1204,nSEG,1,LIDAR,-0.032651,0.07960000000000002,1.7184736842105264,0.3980000000000001,1.0582368421052633
M6637,1e-05,5.5e-05,-0.5,0.0,0.035,0.051553,0.132,nSEG,1,LIDAR,-0.032553,0.068,1.7133157894736841,0.34,1.026657894736842
M6638,1e-05,5.5e-05,-0.5,0.0,0.04,0.051459,0.1428,nSEG,1,LIDAR,-0.032459,0.0572,1.7083684210526318,0.286,0.9971842105263159
M6639,1e-05,5.5e-05,-0.5,0.0,0.05,0.051283,0.1629,nSEG,1,LIDAR,-0.032283000000000006,0.03710000000000002,1.6991052631578951,0.1855000000000001,0.9423026315789476
M6640,1e-05,5.5e-05,-0.5,0.0,0.08,0.05081,0.2148,nSEG,1,LIDAR,-0.031810000000000005,-0.01479999999999998,1.6742105263157898,0.0739999999999999,0.8741052631578948
M6641,1e-05,5.5e-05,-0.5,0.25,0.03,0.051714,0.1127,nSEG,1,LIDAR,-0.03271400000000001,0.08730000000000002,1.721789473684211,0.43650000000000005,1.0791447368421054
M6642,1e-05,5.5e-05,-0.5,0.25,0.035,0.051624,0.1235,nSEG,1,LIDAR,-0.032624,0.07650000000000001,1.7170526315789474,0.38250000000000006,1.0497763157894737
M6643,1e-05,5.5e-05,-0.5,0.25,0.04,0.051537,0.1337,nSEG,1,LIDAR,-0.032536999999999996,0.0663,1.7124736842105261,0.33149999999999996,1.0219868421052631
M6644,1e-05,5.5e-05,-0.5,0.25,0.05,0.051374,0.1525,nSEG,1,LIDAR,-0.032374,0.047500000000000014,1.7038947368421054,0.23750000000000007,0.9706973684210527
M6645,1e-05,5.5e-05,-0.5,0.25,0.08,0.050936,0.2012,nSEG,1,LIDAR,-0.031936000000000006,-0.0011999999999999789,1.6808421052631584,0.005999999999999894,0.8434210526315791
M6646,1e-05,5.5e-05,-0.5,0.5,0.03,0.051763,0.1068,nSEG,1,LIDAR,-0.032763,0.0932,1.7243684210526316,0.466,1.0951842105263159
M6647,1e-05,5.5e-05,-0.5,0.5,0.035,0.051678,0.117,nSEG,1,LIDAR,-0.032678,0.083,1.7198947368421051,0.415,1.0674473684210526
M6648,1e-05,5.5e-05,-0.5,0.5,0.04,0.051596,0.1266,nSEG,1,LIDAR,-0.032596,0.07340000000000002,1.715578947368421,0.3670000000000001,1.0412894736842107
M6649,1e-05,5.5e-05,-0.5,0.5,0.05,0.051442,0.1445,nSEG,1,LIDAR,-0.032442,0.05550000000000002,1.7074736842105263,0.2775000000000001,0.9924868421052632
M6650,1e-05,5.5e-05,-0.5,0.5,0.08,0.051031,0.1907,nSEG,1,LIDAR,-0.032031000000000004,0.009300000000000003,1.6858421052631583,0.046500000000000014,0.8661710526315791
M6651,1e-05,5.5e-05,-0.25,-0.5,0.03,0.05142,0.1479,nSEG,1,LIDAR,-0.032420000000000004,0.05210000000000001,1.7063157894736845,0.2605,0.9834078947368422
M6652,1e-05,5.5e-05,-0.25,-0.5,0.035,0.051297,0.162,nSEG,1,LIDAR,-0.032297000000000006,0.038000000000000006,1.6998421052631583,0.19000000000000003,0.9449210526315791
M6653,1e-05,5.5e-05,-0.25,-0.5,0.04,0.051179,0.1752,nSEG,1,LIDAR,-0.032179,0.024800000000000016,1.6936315789473684,0.12400000000000008,0.9088157894736842
M6654,1e-05,5.5e-05,-0.25,-0.5,0.05,0.050956,0.1998,nSEG,1,LIDAR,-0.031956,0.00020000000000000573,1.681894736842105,0.0010000000000000286,0.8414473684210526
M6655,1e-05,5.5e-05,-0.25,-0.5,0.08,0.050353,0.2631,nSEG,1,LIDAR,-0.031353000000000006,-0.06309999999999999,1.6501578947368425,0.31549999999999995,0.9828289473684212
M6656,1e-05,5.5e-05,-0.25,-0.25,0.03,0.051562,0.1312,nSEG,1,LIDAR,-0.032561999999999994,0.0688,1.7137894736842103,0.344,1.028894736842105
M6657,1e-05,5.5e-05,-0.25,-0.25,0.035,0.051455,0.1437,nSEG,1,LIDAR,-0.032455,0.05630000000000002,1.708157894736842,0.2815000000000001,0.9948289473684211
M6658,1e-05,5.5e-05,-0.25,-0.25,0.04,0.051352,0.1555,nSEG,1,LIDAR,-0.032352000000000006,0.04450000000000001,1.7027368421052635,0.22250000000000006,0.9626184210526318
M6659,1e-05,5.5e-05,-0.25,-0.25,0.05,0.051158,0.1774,nSEG,1,LIDAR,-0.032158000000000006,0.02260000000000001,1.692526315789474,0.11300000000000004,0.902763157894737
M6660,1e-05,5.5e-05,-0.25,-0.25,0.08,0.050635,0.2337,nSEG,1,LIDAR,-0.031634999999999996,-0.03369999999999998,1.6649999999999998,0.1684999999999999,0.9167499999999998
M6661,1e-05,5.5e-05,-0.25,0.0,0.03,0.051652,0.1204,nSEG,1,LIDAR,-0.032652,0.07960000000000002,1.7185263157894737,0.3980000000000001,1.0582631578947368
M6662,1e-05,5.5e-05,-0.25,0.0,0.035,0.051555,0.132,nSEG,1,LIDAR,-0.032555,0.068,1.713421052631579,0.34,1.0267105263157894
M6663,1e-05,5.5e-05,-0.25,0.0,0.04,0.051461,0.1428,nSEG,1,LIDAR,-0.032461000000000004,0.0572,1.7084736842105266,0.286,0.9972368421052633
M6664,1e-05,5.5e-05,-0.25,0.0,0.05,0.051285,0.1629,nSEG,1,LIDAR,-0.032284999999999994,0.03710000000000002,1.6992105263157893,0.1855000000000001,0.9423552631578946
M6665,1e-05,5.5e-05,-0.25,0.0,0.08,0.050813,0.2148,nSEG,1,LIDAR,-0.031812999999999994,-0.01479999999999998,1.6743684210526313,0.0739999999999999,0.8741842105263156
M6666,1e-05,5.5e-05,-0.25,0.25,0.03,0.051716,0.1127,nSEG,1,LIDAR,-0.032715999999999995,0.08730000000000002,1.7218947368421051,0.43650000000000005,1.0791973684210525
M6667,1e-05,5.5e-05,-0.25,0.25,0.035,0.051625,0.1235,nSEG,1,LIDAR,-0.032625,0.07650000000000001,1.717105263157895,0.38250000000000006,1.0498026315789475
M6668,1e-05,5.5e-05,-0.25,0.25,0.04,0.051539,0.1337,nSEG,1,LIDAR,-0.032539,0.0663,1.712578947368421,0.33149999999999996,1.0220394736842104
M6669,1e-05,5.5e-05,-0.25,0.25,0.05,0.051376,0.1525,nSEG,1,LIDAR,-0.032376,0.047500000000000014,1.7040000000000002,0.23750000000000007,0.9707500000000001
M6670,1e-05,5.5e-05,-0.25,0.25,0.08,0.050938,0.2012,nSEG,1,LIDAR,-0.031937999999999994,-0.0011999999999999789,1.6809473684210523,0.005999999999999894,0.8434736842105262
M6671,1e-05,5.5e-05,-0.25,0.5,0.03,0.051765,0.1068,nSEG,1,LIDAR,-0.032765,0.0932,1.7244736842105264,0.466,1.0952368421052632
M6672,1e-05,5.5e-05,-0.25,0.5,0.035,0.051679,0.117,nSEG,1,LIDAR,-0.032679,0.083,1.7199473684210527,0.415,1.0674736842105264
M6673,1e-05,5.5e-05,-0.25,0.5,0.04,0.051598,0.1267,nSEG,1,LIDAR,-0.032598,0.0733,1.715684210526316,0.3665,1.0410921052631579
M6674,1e-05,5.5e-05,-0.25,0.5,0.05,0.051444,0.1445,nSEG,1,LIDAR,-0.032444,0.05550000000000002,1.707578947368421,0.2775000000000001,0.9925394736842106
M6675,1e-05,5.5e-05,-0.25,0.5,0.08,0.051034,0.1907,nSEG,1,LIDAR,-0.03203400000000001,0.009300000000000003,1.6860000000000004,0.046500000000000014,0.8662500000000002
M6676,1e-05,5.5e-05,0.0,-0.5,0.03,0.051421,0.1479,nSEG,1,LIDAR,-0.032421000000000005,0.05210000000000001,1.706368421052632,0.2605,0.983434210526316
M6677,1e-05,5.5e-05,0.0,-0.5,0.035,0.051298,0.162,nSEG,1,LIDAR,-0.03229800000000001,0.038000000000000006,1.6998947368421058,0.19000000000000003,0.9449473684210529
M6678,1e-05,5.5e-05,0.0,-0.5,0.04,0.05118,0.1753,nSEG,1,LIDAR,-0.03218,0.0247,1.693684210526316,0.1235,0.9085921052631579
M6679,1e-05,5.5e-05,0.0,-0.5,0.05,0.050957,0.1998,nSEG,1,LIDAR,-0.031957,0.00020000000000000573,1.6819473684210526,0.0010000000000000286,0.8414736842105264
M6680,1e-05,5.5e-05,0.0,-0.5,0.08,0.050354,0.2631,nSEG,1,LIDAR,-0.03135400000000001,-0.06309999999999999,1.6502105263157898,0.31549999999999995,0.9828552631578948
M6681,1e-05,5.5e-05,0.0,-0.25,0.03,0.051563,0.1312,nSEG,1,LIDAR,-0.032562999999999995,0.0688,1.7138421052631576,0.344,1.0289210526315788
M6682,1e-05,5.5e-05,0.0,-0.25,0.035,0.051456,0.1437,nSEG,1,LIDAR,-0.032456,0.05630000000000002,1.7082105263157894,0.2815000000000001,0.9948552631578947
M6683,1e-05,5.5e-05,0.0,-0.25,0.04,0.051353,0.1555,nSEG,1,LIDAR,-0.03235300000000001,0.04450000000000001,1.7027894736842109,0.22250000000000006,0.9626447368421055
M6684,1e-05,5.5e-05,0.0,-0.25,0.05,0.051159,0.1774,nSEG,1,LIDAR,-0.03215900000000001,0.02260000000000001,1.6925789473684214,0.11300000000000004,0.9027894736842107
M6685,1e-05,5.5e-05,0.0,-0.25,0.08,0.050637,0.2337,nSEG,1,LIDAR,-0.031637,-0.03369999999999998,1.6651052631578946,0.1684999999999999,0.9168026315789473
M6686,1e-05,5.5e-05,0.0,0.0,0.03,0.051653,0.1204,nSEG,1,LIDAR,-0.032653,0.07960000000000002,1.7185789473684212,0.3980000000000001,1.0582894736842106
M6687,1e-05,5.5e-05,0.0,0.0,0.035,0.051555,0.132,nSEG,1,LIDAR,-0.032555,0.068,1.713421052631579,0.34,1.0267105263157894
M6688,1e-05,5.5e-05,0.0,0.0,0.04,0.051463,0.1428,nSEG,1,LIDAR,-0.032463000000000006,0.0572,1.7085789473684214,0.286,0.9972894736842107
M6689,1e-05,5.5e-05,0.0,0.0,0.05,0.051287,0.1629,nSEG,1,LIDAR,-0.032286999999999996,0.03710000000000002,1.6993157894736841,0.1855000000000001,0.9424078947368422
M6690,1e-05,5.5e-05,0.0,0.0,0.08,0.050814,0.2148,nSEG,1,LIDAR,-0.031813999999999995,-0.01479999999999998,1.6744210526315788,0.0739999999999999,0.8742105263157893
M6691,1e-05,5.5e-05,0.0,0.25,0.03,0.051717,0.1127,nSEG,1,LIDAR,-0.032716999999999996,0.08730000000000002,1.7219473684210524,0.43650000000000005,1.0792236842105263
M6692,1e-05,5.5e-05,0.0,0.25,0.035,0.051626,0.1235,nSEG,1,LIDAR,-0.032626,0.07650000000000001,1.7171578947368422,0.38250000000000006,1.0498289473684213
M6693,1e-05,5.5e-05,0.0,0.25,0.04,0.05154,0.1337,nSEG,1,LIDAR,-0.03254,0.0663,1.7126315789473685,0.33149999999999996,1.0220657894736842
M6694,1e-05,5.5e-05,0.0,0.25,0.05,0.051377,0.1525,nSEG,1,LIDAR,-0.032377,0.047500000000000014,1.7040526315789475,0.23750000000000007,0.9707763157894738
M6695,1e-05,5.5e-05,0.0,0.25,0.08,0.05094,0.2012,nSEG,1,LIDAR,-0.031939999999999996,-0.0011999999999999789,1.6810526315789471,0.005999999999999894,0.8435263157894735
M6696,1e-05,5.5e-05,0.0,0.5,0.03,0.051765,0.1068,nSEG,1,LIDAR,-0.032765,0.0932,1.7244736842105264,0.466,1.0952368421052632
M6697,1e-05,5.5e-05,0.0,0.5,0.035,0.05168,0.117,nSEG,1,LIDAR,-0.03268,0.083,1.72,0.415,1.0675
M6698,1e-05,5.5e-05,0.0,0.5,0.04,0.051599,0.1267,nSEG,1,LIDAR,-0.032599,0.0733,1.7157368421052634,0.3665,1.0411184210526316
M6699,1e-05,5.5e-05,0.0,0.5,0.05,0.051446,0.1445,nSEG,1,LIDAR,-0.032446,0.05550000000000002,1.707684210526316,0.2775000000000001,0.992592105263158
M6700,1e-05,5.5e-05,0.0,0.5,0.08,0.051035,0.1907,nSEG,1,LIDAR,-0.032034999999999994,0.009300000000000003,1.686052631578947,0.046500000000000014,0.8662763157894735
M6701,1e-05,5.5e-05,0.25,-0.5,0.03,0.051421,0.1479,nSEG,1,LIDAR,-0.032421000000000005,0.05210000000000001,1.706368421052632,0.2605,0.983434210526316
M6702,1e-05,5.5e-05,0.25,-0.5,0.035,0.051298,0.162,nSEG,1,LIDAR,-0.03229800000000001,0.038000000000000006,1.6998947368421058,0.19000000000000003,0.9449473684210529
M6703,1e-05,5.5e-05,0.25,-0.5,0.04,0.051181,0.1753,nSEG,1,LIDAR,-0.032181,0.0247,1.6937368421052632,0.1235,0.9086184210526316
M6704,1e-05,5.5e-05,0.25,-0.5,0.05,0.050958,0.1998,nSEG,1,LIDAR,-0.031958,0.00020000000000000573,1.6820000000000002,0.0010000000000000286,0.8415000000000001
M6705,1e-05,5.5e-05,0.25,-0.5,0.08,0.050355,0.2631,nSEG,1,LIDAR,-0.031354999999999994,-0.06309999999999999,1.6502631578947367,0.31549999999999995,0.9828815789473683
M6706,1e-05,5.5e-05,0.25,-0.25,0.03,0.051564,0.1312,nSEG,1,LIDAR,-0.032563999999999996,0.0688,1.7138947368421051,0.344,1.0289473684210526
M6707,1e-05,5.5e-05,0.25,-0.25,0.035,0.051456,0.1437,nSEG,1,LIDAR,-0.032456,0.05630000000000002,1.7082105263157894,0.2815000000000001,0.9948552631578947
M6708,1e-05,5.5e-05,0.25,-0.25,0.04,0.051354,0.1555,nSEG,1,LIDAR,-0.032353999999999994,0.04450000000000001,1.7028421052631577,0.22250000000000006,0.9626710526315789
M6709,1e-05,5.5e-05,0.25,-0.25,0.05,0.05116,0.1774,nSEG,1,LIDAR,-0.032159999999999994,0.02260000000000001,1.6926315789473683,0.11300000000000004,0.9028157894736841
M6710,1e-05,5.5e-05,0.25,-0.25,0.08,0.050639,0.2337,nSEG,1,LIDAR,-0.031639,-0.03369999999999998,1.6652105263157895,0.1684999999999999,0.9168552631578947
M6711,1e-05,5.5e-05,0.25,0.0,0.03,0.051654,0.1204,nSEG,1,LIDAR,-0.032654,0.07960000000000002,1.7186315789473685,0.3980000000000001,1.0583157894736843
M6712,1e-05,5.5e-05,0.25,0.0,0.035,0.051556,0.132,nSEG,1,LIDAR,-0.032556,0.068,1.7134736842105265,0.34,1.0267368421052632
M6713,1e-05,5.5e-05,0.25,0.0,0.04,0.051463,0.1428,nSEG,1,LIDAR,-0.032463000000000006,0.0572,1.7085789473684214,0.286,0.9972894736842107
M6714,1e-05,5.5e-05,0.25,0.0,0.05,0.051287,0.1629,nSEG,1,LIDAR,-0.032286999999999996,0.03710000000000002,1.6993157894736841,0.1855000000000001,0.9424078947368422
M6715,1e-05,5.5e-05,0.25,0.0,0.08,0.050815,0.2148,nSEG,1,LIDAR,-0.031814999999999996,-0.01479999999999998,1.6744736842105261,0.0739999999999999,0.874236842105263
M6716,1e-05,5.5e-05,0.25,0.25,0.03,0.051717,0.1127,nSEG,1,LIDAR,-0.032716999999999996,0.08730000000000002,1.7219473684210524,0.43650000000000005,1.0792236842105263
M6717,1e-05,5.5e-05,0.25,0.25,0.035,0.051627,0.1235,nSEG,1,LIDAR,-0.032627,0.07650000000000001,1.7172105263157897,0.38250000000000006,1.049855263157895
M6718,1e-05,5.5e-05,0.25,0.25,0.04,0.051541,0.1337,nSEG,1,LIDAR,-0.032541,0.0663,1.7126842105263158,0.33149999999999996,1.022092105263158
M6719,1e-05,5.5e-05,0.25,0.25,0.05,0.051378,0.1525,nSEG,1,LIDAR,-0.032378000000000004,0.047500000000000014,1.704105263157895,0.23750000000000007,0.9708026315789475
M6720,1e-05,5.5e-05,0.25,0.25,0.08,0.050941,0.2012,nSEG,1,LIDAR,-0.031941,-0.0011999999999999789,1.6811052631578947,0.005999999999999894,0.8435526315789472
M6721,1e-05,5.5e-05,0.25,0.5,0.03,0.051766,0.1068,nSEG,1,LIDAR,-0.032766,0.0932,1.724526315789474,0.466,1.095263157894737
M6722,1e-05,5.5e-05,0.25,0.5,0.035,0.051681,0.117,nSEG,1,LIDAR,-0.032681,0.083,1.7200526315789475,0.415,1.0675263157894737
M6723,1e-05,5.5e-05,0.25,0.5,0.04,0.0516,0.1267,nSEG,1,LIDAR,-0.032600000000000004,0.0733,1.7157894736842108,0.3665,1.0411447368421054
M6724,1e-05,5.5e-05,0.25,0.5,0.05,0.051446,0.1445,nSEG,1,LIDAR,-0.032446,0.05550000000000002,1.707684210526316,0.2775000000000001,0.992592105263158
M6725,1e-05,5.5e-05,0.25,0.5,0.08,0.051036,0.1907,nSEG,1,LIDAR,-0.032035999999999995,0.009300000000000003,1.6861052631578946,0.046500000000000014,0.8663026315789473
M6726,1e-05,5.5e-05,0.5,-0.5,0.03,0.051422,0.1479,nSEG,1,LIDAR,-0.032422000000000006,0.05210000000000001,1.7064210526315793,0.2605,0.9834605263157896
M6727,1e-05,5.5e-05,0.5,-0.5,0.035,0.051299,0.162,nSEG,1,LIDAR,-0.032298999999999994,0.038000000000000006,1.6999473684210524,0.19000000000000003,0.9449736842105262
M6728,1e-05,5.5e-05,0.5,-0.5,0.04,0.051181,0.1753,nSEG,1,LIDAR,-0.032181,0.0247,1.6937368421052632,0.1235,0.9086184210526316
M6729,1e-05,5.5e-05,0.5,-0.5,0.05,0.050958,0.1998,nSEG,1,LIDAR,-0.031958,0.00020000000000000573,1.6820000000000002,0.0010000000000000286,0.8415000000000001
M6730,1e-05,5.5e-05,0.5,-0.5,0.08,0.050356,0.2631,nSEG,1,LIDAR,-0.031355999999999995,-0.06309999999999999,1.650315789473684,0.31549999999999995,0.9829078947368419
M6731,1e-05,5.5e-05,0.5,-0.25,0.03,0.051564,0.1312,nSEG,1,LIDAR,-0.032563999999999996,0.0688,1.7138947368421051,0.344,1.0289473684210526
M6732,1e-05,5.5e-05,0.5,-0.25,0.035,0.051457,0.1437,nSEG,1,LIDAR,-0.032457,0.05630000000000002,1.708263157894737,0.2815000000000001,0.9948815789473685
M6733,1e-05,5.5e-05,0.5,-0.25,0.04,0.051354,0.1555,nSEG,1,LIDAR,-0.032353999999999994,0.04450000000000001,1.7028421052631577,0.22250000000000006,0.9626710526315789
M6734,1e-05,5.5e-05,0.5,-0.25,0.05,0.051161,0.1774,nSEG,1,LIDAR,-0.032160999999999995,0.02260000000000001,1.6926842105263156,0.11300000000000004,0.9028421052631578
M6735,1e-05,5.5e-05,0.5,-0.25,0.08,0.050639,0.2337,nSEG,1,LIDAR,-0.031639,-0.03369999999999998,1.6652105263157895,0.1684999999999999,0.9168552631578947
M6736,1e-05,5.5e-05,0.5,0.0,0.03,0.051654,0.1204,nSEG,1,LIDAR,-0.032654,0.07960000000000002,1.7186315789473685,0.3980000000000001,1.0583157894736843
M6737,1e-05,5.5e-05,0.5,0.0,0.035,0.051557,0.132,nSEG,1,LIDAR,-0.032557,0.068,1.7135263157894738,0.34,1.026763157894737
M6738,1e-05,5.5e-05,0.5,0.0,0.04,0.051464,0.1428,nSEG,1,LIDAR,-0.03246400000000001,0.0572,1.7086315789473687,0.286,0.9973157894736844
M6739,1e-05,5.5e-05,0.5,0.0,0.05,0.051288,0.1629,nSEG,1,LIDAR,-0.032288,0.03710000000000002,1.6993684210526314,0.1855000000000001,0.9424342105263157
M6740,1e-05,5.5e-05,0.5,0.0,0.08,0.050816,0.2148,nSEG,1,LIDAR,-0.031816,-0.01479999999999998,1.6745263157894736,0.0739999999999999,0.8742631578947367
M6741,1e-05,5.5e-05,0.5,0.25,0.03,0.051718,0.1127,nSEG,1,LIDAR,-0.032718,0.08730000000000002,1.722,0.43650000000000005,1.07925
M6742,1e-05,5.5e-05,0.5,0.25,0.035,0.051628,0.1235,nSEG,1,LIDAR,-0.032628000000000004,0.07650000000000001,1.717263157894737,0.38250000000000006,1.0498815789473686
M6743,1e-05,5.5e-05,0.5,0.25,0.04,0.051541,0.1337,nSEG,1,LIDAR,-0.032541,0.0663,1.7126842105263158,0.33149999999999996,1.022092105263158
M6744,1e-05,5.5e-05,0.5,0.25,0.05,0.051378,0.1526,nSEG,1,LIDAR,-0.032378000000000004,0.0474,1.704105263157895,0.237,0.9705526315789474
M6745,1e-05,5.5e-05,0.5,0.25,0.08,0.050942,0.2012,nSEG,1,LIDAR,-0.031942,-0.0011999999999999789,1.681157894736842,0.005999999999999894,0.843578947368421
M6746,1e-05,5.5e-05,0.5,0.5,0.03,0.051767,0.1068,nSEG,1,LIDAR,-0.032767000000000004,0.0932,1.7245789473684214,0.466,1.0952894736842107
M6747,1e-05,5.5e-05,0.5,0.5,0.035,0.051682,0.117,nSEG,1,LIDAR,-0.032682,0.083,1.720105263157895,0.415,1.0675526315789474
M6748,1e-05,5.5e-05,0.5,0.5,0.04,0.0516,0.1267,nSEG,1,LIDAR,-0.032600000000000004,0.0733,1.7157894736842108,0.3665,1.0411447368421054
M6749,1e-05,5.5e-05,0.5,0.5,0.05,0.051447,0.1445,nSEG,1,LIDAR,-0.032447000000000004,0.05550000000000002,1.7077368421052634,0.2775000000000001,0.9926184210526318
M6750,1e-05,5.5e-05,0.5,0.5,0.08,0.051037,0.1907,nSEG,1,LIDAR,-0.032036999999999996,0.009300000000000003,1.6861578947368419,0.046500000000000014,0.8663289473684209
M6751,1e-05,0.0001,-0.5,-0.5,0.03,0.077165,0.1887,nSEG,1,LIDAR,-0.058164999999999994,0.011300000000000004,3.061315789473684,0.05650000000000002,1.5589078947368422
M6752,1e-05,0.0001,-0.5,-0.5,0.035,0.076991,0.2067,nSEG,1,LIDAR,-0.057991,-0.006699999999999984,3.052157894736842,0.03349999999999992,1.5428289473684211
M6753,1e-05,0.0001,-0.5,-0.5,0.04,0.076874,0.2237,nSEG,1,LIDAR,-0.057873999999999995,-0.0237,3.046,0.1185,1.58225
M6754,1e-05,0.0001,-0.5,-0.5,0.05,0.076624,0.2553,nSEG,1,LIDAR,-0.057623999999999995,-0.055300000000000016,3.032842105263158,0.2765000000000001,1.6546710526315789
M6755,1e-05,0.0001,-0.5,-0.5,0.08,0.075917,0.3366,nSEG,1,LIDAR,-0.056916999999999995,-0.1366,2.995631578947368,0.6829999999999999,1.839315789473684
M6756,1e-05,0.0001,-0.5,-0.25,0.03,0.077267,0.1672,nSEG,1,LIDAR,-0.058267,0.032800000000000024,3.066684210526316,0.16400000000000012,1.615342105263158
M6757,1e-05,0.0001,-0.5,-0.25,0.035,0.07719,0.1833,nSEG,1,LIDAR,-0.05818999999999999,0.01670000000000002,3.062631578947368,0.0835000000000001,1.573065789473684
M6758,1e-05,0.0001,-0.5,-0.25,0.04,0.077042,0.1983,nSEG,1,LIDAR,-0.058041999999999996,0.001700000000000007,3.0548421052631576,0.008500000000000035,1.5316710526315789
M6759,1e-05,0.0001,-0.5,-0.25,0.05,0.076836,0.2264,nSEG,1,LIDAR,-0.057836,-0.02639999999999998,3.044,0.1319999999999999,1.588
M6760,1e-05,0.0001,-0.5,-0.25,0.08,0.076261,0.2989,nSEG,1,LIDAR,-0.05726099999999999,-0.09889999999999999,3.013736842105263,0.49449999999999994,1.7541184210526315
M6761,1e-05,0.0001,-0.5,0.0,0.03,0.077331,0.1534,nSEG,1,LIDAR,-0.058330999999999994,0.0466,3.070052631578947,0.233,1.6515263157894735
M6762,1e-05,0.0001,-0.5,0.0,0.035,0.077262,0.1682,nSEG,1,LIDAR,-0.058261999999999994,0.03180000000000002,3.0664210526315787,0.1590000000000001,1.6127105263157895
M6763,1e-05,0.0001,-0.5,0.0,0.04,0.077195,0.1822,nSEG,1,LIDAR,-0.058195,0.01780000000000001,3.062894736842105,0.08900000000000005,1.5759473684210525
M6764,1e-05,0.0001,-0.5,0.0,0.05,0.076981,0.2079,nSEG,1,LIDAR,-0.05798099999999999,-0.00789999999999999,3.051631578947368,0.03949999999999995,1.5455657894736838
M6765,1e-05,0.0001,-0.5,0.0,0.08,0.076467,0.2746,nSEG,1,LIDAR,-0.05746699999999999,-0.0746,3.0245789473684206,0.373,1.6987894736842102
M6766,1e-05,0.0001,-0.5,0.25,0.03,0.077374,0.1435,nSEG,1,LIDAR,-0.058373999999999995,0.05650000000000002,3.072315789473684,0.2825000000000001,1.677407894736842
M6767,1e-05,0.0001,-0.5,0.25,0.035,0.077312,0.1574,nSEG,1,LIDAR,-0.058312,0.0426,3.0690526315789475,0.213,1.6410263157894738
M6768,1e-05,0.0001,-0.5,0.25,0.04,0.077251,0.1704,nSEG,1,LIDAR,-0.058251,0.029600000000000015,3.0658421052631577,0.14800000000000008,1.606921052631579
M6769,1e-05,0.0001,-0.5,0.25,0.05,0.077131,0.1947,nSEG,1,LIDAR,-0.058131,0.005299999999999999,3.059526315789474,0.026499999999999996,1.543013157894737
M6770,1e-05,0.0001,-0.5,0.25,0.08,0.076606,0.2571,nSEG,1,LIDAR,-0.05760599999999999,-0.057099999999999984,3.031894736842105,0.2854999999999999,1.6586973684210524
M6771,1e-05,0.0001,-0.5,0.5,0.03,0.077406,0.1359,nSEG,1,LIDAR,-0.058406,0.06410000000000002,3.074,0.32050000000000006,1.69725
M6772,1e-05,0.0001,-0.5,0.5,0.035,0.077349,0.149,nSEG,1,LIDAR,-0.058349,0.05100000000000002,3.071,0.25500000000000006,1.663
M6773,1e-05,0.0001,-0.5,0.5,0.04,0.077292,0.1614,nSEG,1,LIDAR,-0.058292,0.03860000000000002,3.068,0.19300000000000012,1.6305
M6774,1e-05,0.0001,-0.5,0.5,0.05,0.077182,0.1844,nSEG,1,LIDAR,-0.058182,0.015600000000000003,3.0622105263157895,0.07800000000000001,1.5701052631578947
M6775,1e-05,0.0001,-0.5,0.5,0.08,0.076708,0.2436,nSEG,1,LIDAR,-0.057707999999999995,-0.0436,3.0372631578947367,0.218,1.6276315789473683
M6776,1e-05,0.0001,-0.25,-0.5,0.03,0.077166,0.1887,nSEG,1,LIDAR,-0.058165999999999995,0.011300000000000004,3.0613684210526313,0.05650000000000002,1.5589342105263158
M6777,1e-05,0.0001,-0.25,-0.5,0.035,0.076993,0.2067,nSEG,1,LIDAR,-0.057993,-0.006699999999999984,3.0522631578947372,0.03349999999999992,1.5428815789473687
M6778,1e-05,0.0001,-0.25,-0.5,0.04,0.076875,0.2237,nSEG,1,LIDAR,-0.057874999999999996,-0.0237,3.0460526315789473,0.1185,1.5822763157894737
M6779,1e-05,0.0001,-0.25,-0.5,0.05,0.076626,0.2553,nSEG,1,LIDAR,-0.057626,-0.055300000000000016,3.0329473684210524,0.2765000000000001,1.6547236842105262
M6780,1e-05,0.0001,-0.25,-0.5,0.08,0.075919,0.3366,nSEG,1,LIDAR,-0.056919,-0.1366,2.9957368421052633,0.6829999999999999,1.8393684210526315
M6781,1e-05,0.0001,-0.25,-0.25,0.03,0.077268,0.1672,nSEG,1,LIDAR,-0.058268,0.032800000000000024,3.0667368421052634,0.16400000000000012,1.6153684210526318
M6782,1e-05,0.0001,-0.25,-0.25,0.035,0.077191,0.1833,nSEG,1,LIDAR,-0.05819099999999999,0.01670000000000002,3.0626842105263155,0.0835000000000001,1.5730921052631577
M6783,1e-05,0.0001,-0.25,-0.25,0.04,0.077044,0.1983,nSEG,1,LIDAR,-0.058044,0.001700000000000007,3.0549473684210526,0.008500000000000035,1.5317236842105264
M6784,1e-05,0.0001,-0.25,-0.25,0.05,0.076837,0.2264,nSEG,1,LIDAR,-0.057837,-0.02639999999999998,3.0440526315789476,0.1319999999999999,1.5880263157894738
M6785,1e-05,0.0001,-0.25,-0.25,0.08,0.076263,0.2989,nSEG,1,LIDAR,-0.057262999999999994,-0.09889999999999999,3.0138421052631577,0.49449999999999994,1.7541710526315788
M6786,1e-05,0.0001,-0.25,0.0,0.03,0.077332,0.1534,nSEG,1,LIDAR,-0.058331999999999995,0.0466,3.0701052631578944,0.233,1.6515526315789473
M6787,1e-05,0.0001,-0.25,0.0,0.035,0.077263,0.1682,nSEG,1,LIDAR,-0.058262999999999995,0.03180000000000002,3.0664736842105262,0.1590000000000001,1.6127368421052632
M6788,1e-05,0.0001,-0.25,0.0,0.04,0.077196,0.1822,nSEG,1,LIDAR,-0.058196,0.01780000000000001,3.0629473684210526,0.08900000000000005,1.5759736842105263
M6789,1e-05,0.0001,-0.25,0.0,0.05,0.076982,0.2079,nSEG,1,LIDAR,-0.05798199999999999,-0.00789999999999999,3.0516842105263153,0.03949999999999995,1.5455921052631576
M6790,1e-05,0.0001,-0.25,0.0,0.08,0.076469,0.2746,nSEG,1,LIDAR,-0.05746899999999999,-0.0746,3.0246842105263156,0.373,1.6988421052631577
M6791,1e-05,0.0001,-0.25,0.25,0.03,0.077375,0.1435,nSEG,1,LIDAR,-0.058374999999999996,0.05650000000000002,3.0723684210526314,0.2825000000000001,1.6774342105263158
M6792,1e-05,0.0001,-0.25,0.25,0.035,0.077313,0.1574,nSEG,1,LIDAR,-0.058313000000000004,0.0426,3.069105263157895,0.213,1.6410526315789475
M6793,1e-05,0.0001,-0.25,0.25,0.04,0.077252,0.1704,nSEG,1,LIDAR,-0.058252,0.029600000000000015,3.0658947368421052,0.14800000000000008,1.6069473684210527
M6794,1e-05,0.0001,-0.25,0.25,0.05,0.077132,0.1947,nSEG,1,LIDAR,-0.058132,0.005299999999999999,3.059578947368421,0.026499999999999996,1.5430394736842106
M6795,1e-05,0.0001,-0.25,0.25,0.08,0.076608,0.2571,nSEG,1,LIDAR,-0.05760799999999999,-0.057099999999999984,3.0319999999999996,0.2854999999999999,1.6587499999999997
M6796,1e-05,0.0001,-0.25,0.5,0.03,0.077407,0.1359,nSEG,1,LIDAR,-0.058407,0.06410000000000002,3.0740526315789474,0.32050000000000006,1.6972763157894737
M6797,1e-05,0.0001,-0.25,0.5,0.035,0.07735,0.149,nSEG,1,LIDAR,-0.05835,0.05100000000000002,3.0710526315789473,0.25500000000000006,1.6630263157894736
M6798,1e-05,0.0001,-0.25,0.5,0.04,0.077293,0.1614,nSEG,1,LIDAR,-0.058293,0.03860000000000002,3.068052631578947,0.19300000000000012,1.6305263157894736
M6799,1e-05,0.0001,-0.25,0.5,0.05,0.077184,0.1844,nSEG,1,LIDAR,-0.058184,0.015600000000000003,3.062315789473684,0.07800000000000001,1.570157894736842
M6800,1e-05,0.0001,-0.25,0.5,0.08,0.07671,0.2436,nSEG,1,LIDAR,-0.05771,-0.0436,3.0373684210526317,0.218,1.6276842105263158
M6801,1e-05,0.0001,0.0,-0.5,0.03,0.077166,0.1887,nSEG,1,LIDAR,-0.058165999999999995,0.011300000000000004,3.0613684210526313,0.05650000000000002,1.5589342105263158
M6802,1e-05,0.0001,0.0,-0.5,0.035,0.076993,0.2067,nSEG,1,LIDAR,-0.057993,-0.006699999999999984,3.0522631578947372,0.03349999999999992,1.5428815789473687
M6803,1e-05,0.0001,0.0,-0.5,0.04,0.076876,0.2237,nSEG,1,LIDAR,-0.057876,-0.0237,3.0461052631578944,0.1185,1.5823026315789472
M6804,1e-05,0.0001,0.0,-0.5,0.05,0.076627,0.2553,nSEG,1,LIDAR,-0.057627,-0.055300000000000016,3.033,0.2765000000000001,1.65475
M6805,1e-05,0.0001,0.0,-0.5,0.08,0.07592,0.3366,nSEG,1,LIDAR,-0.05692,-0.1366,2.9957894736842103,0.6829999999999999,1.839394736842105
M6806,1e-05,0.0001,0.0,-0.25,0.03,0.077269,0.1672,nSEG,1,LIDAR,-0.058269,0.032800000000000024,3.0667894736842105,0.16400000000000012,1.6153947368421053
M6807,1e-05,0.0001,0.0,-0.25,0.035,0.077192,0.1833,nSEG,1,LIDAR,-0.058191999999999994,0.01670000000000002,3.062736842105263,0.0835000000000001,1.5731184210526314
M6808,1e-05,0.0001,0.0,-0.25,0.04,0.077045,0.1984,nSEG,1,LIDAR,-0.058045,0.001600000000000018,3.055,0.00800000000000009,1.5315
M6809,1e-05,0.0001,0.0,-0.25,0.05,0.076838,0.2264,nSEG,1,LIDAR,-0.057838,-0.02639999999999998,3.0441052631578946,0.1319999999999999,1.5880526315789472
M6810,1e-05,0.0001,0.0,-0.25,0.08,0.076265,0.2989,nSEG,1,LIDAR,-0.057264999999999996,-0.09889999999999999,3.0139473684210527,0.49449999999999994,1.7542236842105263
M6811,1e-05,0.0001,0.0,0.0,0.03,0.077332,0.1534,nSEG,1,LIDAR,-0.058331999999999995,0.0466,3.0701052631578944,0.233,1.6515526315789473
M6812,1e-05,0.0001,0.0,0.0,0.035,0.077264,0.1682,nSEG,1,LIDAR,-0.058263999999999996,0.03180000000000002,3.0665263157894738,0.1590000000000001,1.612763157894737
M6813,1e-05,0.0001,0.0,0.0,0.04,0.077197,0.1822,nSEG,1,LIDAR,-0.058197,0.01780000000000001,3.063,0.08900000000000005,1.576
M6814,1e-05,0.0001,0.0,0.0,0.05,0.076983,0.2079,nSEG,1,LIDAR,-0.05798299999999999,-0.00789999999999999,3.051736842105263,0.03949999999999995,1.5456184210526314
M6815,1e-05,0.0001,0.0,0.0,0.08,0.07647,0.2746,nSEG,1,LIDAR,-0.05746999999999999,-0.0746,3.0247368421052627,0.373,1.6988684210526315
M6816,1e-05,0.0001,0.0,0.25,0.03,0.077375,0.1435,nSEG,1,LIDAR,-0.058374999999999996,0.05650000000000002,3.0723684210526314,0.2825000000000001,1.6774342105263158
M6817,1e-05,0.0001,0.0,0.25,0.035,0.077314,0.1574,nSEG,1,LIDAR,-0.05831399999999999,0.0426,3.0691578947368416,0.213,1.6410789473684209
M6818,1e-05,0.0001,0.0,0.25,0.04,0.077253,0.1704,nSEG,1,LIDAR,-0.058253,0.029600000000000015,3.0659473684210528,0.14800000000000008,1.6069736842105264
M6819,1e-05,0.0001,0.0,0.25,0.05,0.077133,0.1947,nSEG,1,LIDAR,-0.05813299999999999,0.005299999999999999,3.059631578947368,0.026499999999999996,1.543065789473684
M6820,1e-05,0.0001,0.0,0.25,0.08,0.076609,0.2571,nSEG,1,LIDAR,-0.057608999999999994,-0.057099999999999984,3.032052631578947,0.2854999999999999,1.6587763157894735
M6821,1e-05,0.0001,0.0,0.5,0.03,0.077407,0.1359,nSEG,1,LIDAR,-0.058407,0.06410000000000002,3.0740526315789474,0.32050000000000006,1.6972763157894737
M6822,1e-05,0.0001,0.0,0.5,0.035,0.077351,0.149,nSEG,1,LIDAR,-0.058351,0.05100000000000002,3.071105263157895,0.25500000000000006,1.6630526315789473
M6823,1e-05,0.0001,0.0,0.5,0.04,0.077294,0.1614,nSEG,1,LIDAR,-0.058294,0.03860000000000002,3.0681052631578947,0.19300000000000012,1.6305526315789474
M6824,1e-05,0.0001,0.0,0.5,0.05,0.077185,0.1844,nSEG,1,LIDAR,-0.058185,0.015600000000000003,3.0623684210526316,0.07800000000000001,1.5701842105263157
M6825,1e-05,0.0001,0.0,0.5,0.08,0.076711,0.2436,nSEG,1,LIDAR,-0.057711,-0.0436,3.037421052631579,0.218,1.6277105263157894
M6826,1e-05,0.0001,0.25,-0.5,0.03,0.077167,0.1887,nSEG,1,LIDAR,-0.058166999999999996,0.011300000000000004,3.061421052631579,0.05650000000000002,1.5589605263157895
M6827,1e-05,0.0001,0.25,-0.5,0.035,0.076994,0.2067,nSEG,1,LIDAR,-0.057994000000000004,-0.006699999999999984,3.0523157894736843,0.03349999999999992,1.5429078947368422
M6828,1e-05,0.0001,0.25,-0.5,0.04,0.076877,0.2237,nSEG,1,LIDAR,-0.057877,-0.0237,3.046157894736842,0.1185,1.582328947368421
M6829,1e-05,0.0001,0.25,-0.5,0.05,0.076627,0.2553,nSEG,1,LIDAR,-0.057627,-0.055300000000000016,3.033,0.2765000000000001,1.65475
M6830,1e-05,0.0001,0.25,-0.5,0.08,0.075921,0.3366,nSEG,1,LIDAR,-0.056921,-0.1366,2.995842105263158,0.6829999999999999,1.8394210526315788
M6831,1e-05,0.0001,0.25,-0.25,0.03,0.07727,0.1672,nSEG,1,LIDAR,-0.05827,0.032800000000000024,3.066842105263158,0.16400000000000012,1.615421052631579
M6832,1e-05,0.0001,0.25,-0.25,0.035,0.077193,0.1833,nSEG,1,LIDAR,-0.058192999999999995,0.01670000000000002,3.0627894736842105,0.0835000000000001,1.5731447368421052
M6833,1e-05,0.0001,0.25,-0.25,0.04,0.077045,0.1984,nSEG,1,LIDAR,-0.058045,0.001600000000000018,3.055,0.00800000000000009,1.5315
M6834,1e-05,0.0001,0.25,-0.25,0.05,0.076839,0.2264,nSEG,1,LIDAR,-0.057839,-0.02639999999999998,3.044157894736842,0.1319999999999999,1.588078947368421
M6835,1e-05,0.0001,0.25,-0.25,0.08,0.076266,0.2989,nSEG,1,LIDAR,-0.057266,-0.09889999999999999,3.014,0.49449999999999994,1.7542499999999999
M6836,1e-05,0.0001,0.25,0.0,0.03,0.077333,0.1534,nSEG,1,LIDAR,-0.058332999999999996,0.0466,3.070157894736842,0.233,1.651578947368421
M6837,1e-05,0.0001,0.25,0.0,0.035,0.077264,0.1682,nSEG,1,LIDAR,-0.058263999999999996,0.03180000000000002,3.0665263157894738,0.1590000000000001,1.612763157894737
M6838,1e-05,0.0001,0.25,0.0,0.04,0.077197,0.1822,nSEG,1,LIDAR,-0.058197,0.01780000000000001,3.063,0.08900000000000005,1.576
M6839,1e-05,0.0001,0.25,0.0,0.05,0.076984,0.2079,nSEG,1,LIDAR,-0.057983999999999994,-0.00789999999999999,3.0517894736842104,0.03949999999999995,1.5456447368421051
M6840,1e-05,0.0001,0.25,0.0,0.08,0.076471,0.2746,nSEG,1,LIDAR,-0.057470999999999994,-0.0746,3.0247894736842103,0.373,1.6988947368421052
M6841,1e-05,0.0001,0.25,0.25,0.03,0.077376,0.1435,nSEG,1,LIDAR,-0.058376,0.05650000000000002,3.072421052631579,0.2825000000000001,1.6774605263157896
M6842,1e-05,0.0001,0.25,0.25,0.035,0.077315,0.1574,nSEG,1,LIDAR,-0.05831499999999999,0.0426,3.069210526315789,0.213,1.6411052631578946
M6843,1e-05,0.0001,0.25,0.25,0.04,0.077253,0.1704,nSEG,1,LIDAR,-0.058253,0.029600000000000015,3.0659473684210528,0.14800000000000008,1.6069736842105264
M6844,1e-05,0.0001,0.25,0.25,0.05,0.077134,0.1947,nSEG,1,LIDAR,-0.05813399999999999,0.005299999999999999,3.0596842105263153,0.026499999999999996,1.5430921052631577
M6845,1e-05,0.0001,0.25,0.25,0.08,0.07661,0.2571,nSEG,1,LIDAR,-0.057609999999999995,-0.057099999999999984,3.0321052631578946,0.2854999999999999,1.6588026315789473
M6846,1e-05,0.0001,0.25,0.5,0.03,0.077408,0.1359,nSEG,1,LIDAR,-0.058408,0.06410000000000002,3.074105263157895,0.32050000000000006,1.6973026315789475
M6847,1e-05,0.0001,0.25,0.5,0.035,0.077352,0.1491,nSEG,1,LIDAR,-0.058352,0.0509,3.0711578947368423,0.2545,1.6628289473684212
M6848,1e-05,0.0001,0.25,0.5,0.04,0.077295,0.1614,nSEG,1,LIDAR,-0.058295,0.03860000000000002,3.068157894736842,0.19300000000000012,1.6305789473684211
M6849,1e-05,0.0001,0.25,0.5,0.05,0.077185,0.1844,nSEG,1,LIDAR,-0.058185,0.015600000000000003,3.0623684210526316,0.07800000000000001,1.5701842105263157
M6850,1e-05,0.0001,0.25,0.5,0.08,0.076712,0.2436,nSEG,1,LIDAR,-0.057712,-0.0436,3.0374736842105263,0.218,1.6277368421052631
M6851,1e-05,0.0001,0.5,-0.5,0.03,0.077167,0.1887,nSEG,1,LIDAR,-0.058166999999999996,0.011300000000000004,3.061421052631579,0.05650000000000002,1.5589605263157895
M6852,1e-05,0.0001,0.5,-0.5,0.035,0.076994,0.2067,nSEG,1,LIDAR,-0.057994000000000004,-0.006699999999999984,3.0523157894736843,0.03349999999999992,1.5429078947368422
M6853,1e-05,0.0001,0.5,-0.5,0.04,0.076877,0.2237,nSEG,1,LIDAR,-0.057877,-0.0237,3.046157894736842,0.1185,1.582328947368421
M6854,1e-05,0.0001,0.5,-0.5,0.05,0.076628,0.2553,nSEG,1,LIDAR,-0.057628,-0.055300000000000016,3.0330526315789474,0.2765000000000001,1.6547763157894737
M6855,1e-05,0.0001,0.5,-0.5,0.08,0.075922,0.3366,nSEG,1,LIDAR,-0.056922,-0.1366,2.9958947368421054,0.6829999999999999,1.8394473684210526
M6856,1e-05,0.0001,0.5,-0.25,0.03,0.07727,0.1672,nSEG,1,LIDAR,-0.05827,0.032800000000000024,3.066842105263158,0.16400000000000012,1.615421052631579
M6857,1e-05,0.0001,0.5,-0.25,0.035,0.077193,0.1833,nSEG,1,LIDAR,-0.058192999999999995,0.01670000000000002,3.0627894736842105,0.0835000000000001,1.5731447368421052
M6858,1e-05,0.0001,0.5,-0.25,0.04,0.077046,0.1984,nSEG,1,LIDAR,-0.058046,0.001600000000000018,3.0550526315789472,0.00800000000000009,1.5315263157894736
M6859,1e-05,0.0001,0.5,-0.25,0.05,0.07684,0.2264,nSEG,1,LIDAR,-0.05784,-0.02639999999999998,3.0442105263157897,0.1319999999999999,1.5881052631578947
M6860,1e-05,0.0001,0.5,-0.25,0.08,0.076266,0.2989,nSEG,1,LIDAR,-0.057266,-0.09889999999999999,3.014,0.49449999999999994,1.7542499999999999
M6861,1e-05,0.0001,0.5,0.0,0.03,0.077333,0.1534,nSEG,1,LIDAR,-0.058332999999999996,0.0466,3.070157894736842,0.233,1.651578947368421
M6862,1e-05,0.0001,0.5,0.0,0.035,0.077265,0.1682,nSEG,1,LIDAR,-0.058265,0.03180000000000002,3.066578947368421,0.1590000000000001,1.6127894736842106
M6863,1e-05,0.0001,0.5,0.0,0.04,0.077198,0.1822,nSEG,1,LIDAR,-0.058198,0.01780000000000001,3.0630526315789472,0.08900000000000005,1.5760263157894736
M6864,1e-05,0.0001,0.5,0.0,0.05,0.076985,0.2079,nSEG,1,LIDAR,-0.057984999999999995,-0.00789999999999999,3.051842105263158,0.03949999999999995,1.545671052631579
M6865,1e-05,0.0001,0.5,0.0,0.08,0.076472,0.2746,nSEG,1,LIDAR,-0.057471999999999995,-0.0746,3.0248421052631578,0.373,1.698921052631579
M6866,1e-05,0.0001,0.5,0.25,0.03,0.077376,0.1435,nSEG,1,LIDAR,-0.058376,0.05650000000000002,3.072421052631579,0.2825000000000001,1.6774605263157896
M6867,1e-05,0.0001,0.5,0.25,0.035,0.077315,0.1574,nSEG,1,LIDAR,-0.05831499999999999,0.0426,3.069210526315789,0.213,1.6411052631578946
M6868,1e-05,0.0001,0.5,0.25,0.04,0.077254,0.1704,nSEG,1,LIDAR,-0.058254,0.029600000000000015,3.0660000000000003,0.14800000000000008,1.6070000000000002
M6869,1e-05,0.0001,0.5,0.25,0.05,0.077135,0.1947,nSEG,1,LIDAR,-0.05813499999999999,0.005299999999999999,3.059736842105263,0.026499999999999996,1.5431184210526314
M6870,1e-05,0.0001,0.5,0.25,0.08,0.076611,0.2571,nSEG,1,LIDAR,-0.057610999999999996,-0.057099999999999984,3.032157894736842,0.2854999999999999,1.658828947368421
M6871,1e-05,0.0001,0.5,0.5,0.03,0.077408,0.1359,nSEG,1,LIDAR,-0.058408,0.06410000000000002,3.074105263157895,0.32050000000000006,1.6973026315789475
M6872,1e-05,0.0001,0.5,0.5,0.035,0.077352,0.1491,nSEG,1,LIDAR,-0.058352,0.0509,3.0711578947368423,0.2545,1.6628289473684212
M6873,1e-05,0.0001,0.5,0.5,0.04,0.077295,0.1614,nSEG,1,LIDAR,-0.058295,0.03860000000000002,3.068157894736842,0.19300000000000012,1.6305789473684211
M6874,1e-05,0.0001,0.5,0.5,0.05,0.077186,0.1844,nSEG,1,LIDAR,-0.058186,0.015600000000000003,3.062421052631579,0.07800000000000001,1.5702105263157895
M6875,1e-05,0.0001,0.5,0.5,0.08,0.076713,0.2436,nSEG,1,LIDAR,-0.057713,-0.0436,3.037526315789474,0.218,1.627763157894737
M6876,5.5e-05,1e-06,-0.5,-0.5,0.03,0.015381,0.07173,nSEG,1,LIDAR,0.003618999999999999,0.12827,0.19047368421052627,0.64135,0.4159118421052631
M6877,5.5e-05,1e-06,-0.5,-0.5,0.035,0.015353,0.0786,nSEG,1,LIDAR,0.003646999999999999,0.12140000000000001,0.1919473684210526,0.607,0.3994736842105263
M6878,5.5e-05,1e-06,-0.5,-0.5,0.04,0.015328,0.08507,nSEG,1,LIDAR,0.003672,0.11493,0.19326315789473683,0.57465,0.3839565789473684
M6879,5.5e-05,1e-06,-0.5,-0.5,0.05,0.015281,0.09708,nSEG,1,LIDAR,0.003719,0.10292000000000001,0.19573684210526315,0.5146000000000001,0.3551684210526316
M6880,5.5e-05,1e-06,-0.5,-0.5,0.08,0.015158,0.1281,nSEG,1,LIDAR,0.003842,0.07190000000000002,0.20221052631578948,0.3595000000000001,0.2808552631578948
M6881,5.5e-05,1e-06,-0.5,-0.25,0.03,0.015385,0.06353,nSEG,1,LIDAR,0.003615,0.13647,0.19026315789473686,0.68235,0.43630657894736846
M6882,5.5e-05,1e-06,-0.5,-0.25,0.035,0.015358,0.06961,nSEG,1,LIDAR,0.0036419999999999994,0.13039,0.19168421052631576,0.65195,0.4218171052631579
M6883,5.5e-05,1e-06,-0.5,-0.25,0.04,0.015333,0.07534,nSEG,1,LIDAR,0.003667,0.12466,0.193,0.6233,0.40815
M6884,5.5e-05,1e-06,-0.5,-0.25,0.05,0.015287,0.08598,nSEG,1,LIDAR,0.0037129999999999993,0.11402000000000001,0.1954210526315789,0.5701,0.3827605263157895
M6885,5.5e-05,1e-06,-0.5,-0.25,0.08,0.015166,0.1134,nSEG,1,LIDAR,0.003833999999999999,0.08660000000000001,0.20178947368421046,0.43300000000000005,0.3173947368421053
M6886,5.5e-05,1e-06,-0.5,0.0,0.03,0.015388,0.05828,nSEG,1,LIDAR,0.003611999999999999,0.14172,0.1901052631578947,0.7086,0.44935263157894734
M6887,5.5e-05,1e-06,-0.5,0.0,0.035,0.015362,0.06386,nSEG,1,LIDAR,0.003637999999999999,0.13614,0.19147368421052627,0.6807,0.4360868421052631
M6888,5.5e-05,1e-06,-0.5,0.0,0.04,0.015337,0.06912,nSEG,1,LIDAR,0.0036629999999999996,0.13088,0.1927894736842105,0.6544,0.42359473684210525
M6889,5.5e-05,1e-06,-0.5,0.0,0.05,0.015291,0.07888,nSEG,1,LIDAR,0.0037089999999999988,0.12112,0.19521052631578942,0.6056,0.4004052631578947
M6890,5.5e-05,1e-06,-0.5,0.0,0.08,0.015171,0.1041,nSEG,1,LIDAR,0.003828999999999999,0.09590000000000001,0.20152631578947364,0.47950000000000004,0.34051315789473685
M6891,5.5e-05,1e-06,-0.5,0.25,0.03,0.01539,0.05451,nSEG,1,LIDAR,0.0036100000000000004,0.14549,0.19000000000000003,0.72745,0.45872500000000005
M6892,5.5e-05,1e-06,-0.5,0.25,0.035,0.015364,0.05973,nSEG,1,LIDAR,0.0036360000000000003,0.14027,0.1913684210526316,0.70135,0.44635921052631583
M6893,5.5e-05,1e-06,-0.5,0.25,0.04,0.015339,0.06465,nSEG,1,LIDAR,0.0036609999999999993,0.13535000000000003,0.19268421052631576,0.6767500000000001,0.43471710526315793
M6894,5.5e-05,1e-06,-0.5,0.25,0.05,0.015294,0.07378,nSEG,1,LIDAR,0.0037059999999999992,0.12622,0.19505263157894734,0.6311,0.4130763157894737
M6895,5.5e-05,1e-06,-0.5,0.25,0.08,0.015175,0.09737,nSEG,1,LIDAR,0.0038250000000000003,0.10263000000000001,0.20131578947368423,0.51315,0.3572328947368421
M6896,5.5e-05,1e-06,-0.5,0.5,0.03,0.015392,0.05161,nSEG,1,LIDAR,0.003608,0.14839000000000002,0.18989473684210528,0.7419500000000001,0.4659223684210527
M6897,5.5e-05,1e-06,-0.5,0.5,0.035,0.015366,0.05656,nSEG,1,LIDAR,0.003634,0.14344,0.19126315789473686,0.7172000000000001,0.45423157894736843
M6898,5.5e-05,1e-06,-0.5,0.5,0.04,0.015341,0.06122,nSEG,1,LIDAR,0.003658999999999999,0.13878000000000001,0.19257894736842102,0.6939000000000001,0.44323947368421057
M6899,5.5e-05,1e-06,-0.5,0.5,0.05,0.015296,0.06986,nSEG,1,LIDAR,0.003703999999999999,0.13014,0.1949473684210526,0.6507,0.4228236842105263
M6900,5.5e-05,1e-06,-0.5,0.5,0.08,0.015178,0.09219,nSEG,1,LIDAR,0.003821999999999999,0.10781000000000002,0.20115789473684206,0.53905,0.37010394736842106
M6901,5.5e-05,1e-06,-0.25,-0.5,0.03,0.015408,0.07181,nSEG,1,LIDAR,0.0035919999999999997,0.12819000000000003,0.18905263157894736,0.6409500000000001,0.41500131578947375
M6902,5.5e-05,1e-06,-0.25,-0.5,0.035,0.015384,0.07869,nSEG,1,LIDAR,0.0036159999999999994,0.12131000000000002,0.1903157894736842,0.60655,0.3984328947368421
M6903,5.5e-05,1e-06,-0.25,-0.5,0.04,0.015361,0.08518,nSEG,1,LIDAR,0.003639,0.11482,0.19152631578947368,0.5740999999999999,0.3828131578947368
M6904,5.5e-05,1e-06,-0.25,-0.5,0.05,0.015318,0.09722,nSEG,1,LIDAR,0.0036819999999999995,0.10278000000000001,0.1937894736842105,0.5139,0.35384473684210527
M6905,5.5e-05,1e-06,-0.25,-0.5,0.08,0.015207,0.1283,nSEG,1,LIDAR,0.0037929999999999995,0.07170000000000001,0.1996315789473684,0.35850000000000004,0.2790657894736842
M6906,5.5e-05,1e-06,-0.25,-0.25,0.03,0.015413,0.06359,nSEG,1,LIDAR,0.003587,0.13641000000000003,0.18878947368421053,0.6820500000000002,0.43541973684210533
M6907,5.5e-05,1e-06,-0.25,-0.25,0.035,0.015389,0.06969,nSEG,1,LIDAR,0.0036109999999999996,0.13031,0.19005263157894736,0.65155,0.42080131578947366
M6908,5.5e-05,1e-06,-0.25,-0.25,0.04,0.015366,0.07544,nSEG,1,LIDAR,0.003634,0.12456000000000002,0.19126315789473686,0.6228,0.4070315789473684
M6909,5.5e-05,1e-06,-0.25,-0.25,0.05,0.015324,0.08611,nSEG,1,LIDAR,0.0036759999999999987,0.11389,0.19347368421052624,0.56945,0.3814618421052631
M6910,5.5e-05,1e-06,-0.25,-0.25,0.08,0.015215,0.1137,nSEG,1,LIDAR,0.003785,0.08630000000000002,0.19921052631578948,0.43150000000000005,0.31535526315789475
M6911,5.5e-05,1e-06,-0.25,0.0,0.03,0.015416,0.05834,nSEG,1,LIDAR,0.0035840000000000004,0.14166,0.18863157894736846,0.7083,0.44846578947368426
M6912,5.5e-05,1e-06,-0.25,0.0,0.035,0.015392,0.06394,nSEG,1,LIDAR,0.003608,0.13606000000000001,0.18989473684210528,0.6803,0.4350973684210526
M6913,5.5e-05,1e-06,-0.25,0.0,0.04,0.015369,0.06921,nSEG,1,LIDAR,0.003630999999999999,0.13079000000000002,0.19110526315789467,0.65395,0.42252763157894735
M6914,5.5e-05,1e-06,-0.25,0.0,0.05,0.015328,0.079,nSEG,1,LIDAR,0.003672,0.12100000000000001,0.19326315789473683,0.605,0.3991315789473684
M6915,5.5e-05,1e-06,-0.25,0.0,0.08,0.01522,0.1043,nSEG,1,LIDAR,0.0037800000000000004,0.09570000000000001,0.19894736842105265,0.47850000000000004,0.33872368421052634
M6916,5.5e-05,1e-06,-0.25,0.25,0.03,0.015418,0.05457,nSEG,1,LIDAR,0.003582,0.14543,0.1885263157894737,0.72715,0.4578381578947368
M6917,5.5e-05,1e-06,-0.25,0.25,0.035,0.015394,0.0598,nSEG,1,LIDAR,0.003606,0.14020000000000002,0.18978947368421054,0.7010000000000001,0.4453947368421053
M6918,5.5e-05,1e-06,-0.25,0.25,0.04,0.015372,0.06474,nSEG,1,LIDAR,0.0036279999999999993,0.13526,0.1909473684210526,0.6762999999999999,0.4336236842105262
M6919,5.5e-05,1e-06,-0.25,0.25,0.05,0.015331,0.07389,nSEG,1,LIDAR,0.0036690000000000004,0.12611,0.19310526315789475,0.6305499999999999,0.41182763157894736
M6920,5.5e-05,1e-06,-0.25,0.25,0.08,0.015224,0.09755,nSEG,1,LIDAR,0.003776,0.10245000000000001,0.19873684210526316,0.51225,0.3554934210526316
M6921,5.5e-05,1e-06,-0.25,0.5,0.03,0.015419,0.05167,nSEG,1,LIDAR,0.003580999999999999,0.14833000000000002,0.18847368421052627,0.74165,0.46506184210526313
M6922,5.5e-05,1e-06,-0.25,0.5,0.035,0.015396,0.05662,nSEG,1,LIDAR,0.0036039999999999996,0.14338,0.18968421052631576,0.7169,0.4532921052631579
M6923,5.5e-05,1e-06,-0.25,0.5,0.04,0.015374,0.06129,nSEG,1,LIDAR,0.003625999999999999,0.13871,0.19084210526315784,0.69355,0.4421960526315789
M6924,5.5e-05,1e-06,-0.25,0.5,0.05,0.015333,0.06996,nSEG,1,LIDAR,0.003667,0.13004000000000002,0.193,0.6502,0.4216
M6925,5.5e-05,1e-06,-0.25,0.5,0.08,0.015227,0.09237,nSEG,1,LIDAR,0.0037730000000000003,0.10763000000000002,0.19857894736842108,0.53815,0.36836447368421055
M6926,5.5e-05,1e-06,0.0,-0.5,0.03,0.015426,0.07186,nSEG,1,LIDAR,0.003573999999999999,0.12814000000000003,0.1881052631578947,0.6407000000000002,0.4144026315789474
M6927,5.5e-05,1e-06,0.0,-0.5,0.035,0.015403,0.07875,nSEG,1,LIDAR,0.0035969999999999995,0.12125000000000001,0.1893157894736842,0.6062500000000001,0.39778289473684214
M6928,5.5e-05,1e-06,0.0,-0.5,0.04,0.015381,0.08525,nSEG,1,LIDAR,0.003618999999999999,0.11475,0.19047368421052627,0.57375,0.3821118421052631
M6929,5.5e-05,1e-06,0.0,-0.5,0.05,0.015341,0.09731,nSEG,1,LIDAR,0.003658999999999999,0.10269000000000002,0.19257894736842102,0.5134500000000001,0.3530144736842106
M6930,5.5e-05,1e-06,0.0,-0.5,0.08,0.015238,0.1285,nSEG,1,LIDAR,0.0037619999999999997,0.07150000000000001,0.19799999999999998,0.35750000000000004,0.27775
M6931,5.5e-05,1e-06,0.0,-0.25,0.03,0.01543,0.06364,nSEG,1,LIDAR,0.0035700000000000003,0.13636,0.18789473684210528,0.6818,0.43484736842105265
M6932,5.5e-05,1e-06,0.0,-0.25,0.035,0.015408,0.06974,nSEG,1,LIDAR,0.0035919999999999997,0.13026000000000001,0.18905263157894736,0.6513,0.4201763157894737
M6933,5.5e-05,1e-06,0.0,-0.25,0.04,0.015387,0.0755,nSEG,1,LIDAR,0.003613,0.12450000000000001,0.1901578947368421,0.6225,0.40632894736842107
M6934,5.5e-05,1e-06,0.0,-0.25,0.05,0.015348,0.08619,nSEG,1,LIDAR,0.003651999999999999,0.11381000000000001,0.19221052631578942,0.5690500000000001,0.3806302631578947
M6935,5.5e-05,1e-06,0.0,-0.25,0.08,0.015246,0.1138,nSEG,1,LIDAR,0.0037540000000000004,0.08620000000000001,0.19757894736842108,0.43100000000000005,0.31428947368421056
M6936,5.5e-05,1e-06,0.0,0.0,0.03,0.015433,0.05838,nSEG,1,LIDAR,0.003566999999999999,0.14162000000000002,0.18773684210526312,0.7081000000000001,0.4479184210526316
M6937,5.5e-05,1e-06,0.0,0.0,0.035,0.015411,0.06399,nSEG,1,LIDAR,0.003589,0.13601000000000002,0.18889473684210528,0.68005,0.43447236842105263
M6938,5.5e-05,1e-06,0.0,0.0,0.04,0.01539,0.06927,nSEG,1,LIDAR,0.0036100000000000004,0.13073,0.19000000000000003,0.6536500000000001,0.42182500000000006
M6939,5.5e-05,1e-06,0.0,0.0,0.05,0.015352,0.07907,nSEG,1,LIDAR,0.003648,0.12093000000000001,0.192,0.60465,0.39832500000000004
M6940,5.5e-05,1e-06,0.0,0.0,0.08,0.015252,0.1044,nSEG,1,LIDAR,0.0037479999999999996,0.0956,0.19726315789473683,0.478,0.3376315789473684
M6941,5.5e-05,1e-06,0.0,0.25,0.03,0.015435,0.05461,nSEG,1,LIDAR,0.0035649999999999987,0.14539000000000002,0.18763157894736837,0.7269500000000001,0.45729078947368423
M6942,5.5e-05,1e-06,0.0,0.25,0.035,0.015413,0.05985,nSEG,1,LIDAR,0.003587,0.14015,0.18878947368421053,0.70075,0.44476973684210525
M6943,5.5e-05,1e-06,0.0,0.25,0.04,0.015393,0.06479,nSEG,1,LIDAR,0.003606999999999999,0.13521,0.18984210526315784,0.6760499999999999,0.43294605263157887
M6944,5.5e-05,1e-06,0.0,0.25,0.05,0.015354,0.07396,nSEG,1,LIDAR,0.003646,0.12604,0.19189473684210526,0.6302,0.4110473684210526
M6945,5.5e-05,1e-06,0.0,0.25,0.08,0.015255,0.09767,nSEG,1,LIDAR,0.003745,0.10233,0.19710526315789476,0.5116499999999999,0.35437763157894736
M6946,5.5e-05,1e-06,0.0,0.5,0.03,0.015437,0.0517,nSEG,1,LIDAR,0.003563,0.14830000000000002,0.1875263157894737,0.7415,0.4645131578947369
M6947,5.5e-05,1e-06,0.0,0.5,0.035,0.015415,0.05667,nSEG,1,LIDAR,0.0035849999999999996,0.14333,0.1886842105263158,0.71665,0.4526671052631579
M6948,5.5e-05,1e-06,0.0,0.5,0.04,0.015395,0.06134,nSEG,1,LIDAR,0.003604999999999999,0.13866,0.1897368421052631,0.6933,0.44151842105263156
M6949,5.5e-05,1e-06,0.0,0.5,0.05,0.015357,0.07003,nSEG,1,LIDAR,0.0036429999999999987,0.12997000000000003,0.1917368421052631,0.6498500000000001,0.4207934210526316
M6950,5.5e-05,1e-06,0.0,0.5,0.08,0.015258,0.09249,nSEG,1,LIDAR,0.003741999999999999,0.10751000000000001,0.19694736842105257,0.53755,0.36724868421052626
M6951,5.5e-05,1e-06,0.25,-0.5,0.03,0.015438,0.07189,nSEG,1,LIDAR,0.003561999999999999,0.12811,0.18747368421052626,0.64055,0.4140118421052631
M6952,5.5e-05,1e-06,0.25,-0.5,0.035,0.015417,0.07879,nSEG,1,LIDAR,0.0035829999999999994,0.12121000000000001,0.188578947368421,0.60605,0.39731447368421047
M6953,5.5e-05,1e-06,0.25,-0.5,0.04,0.015396,0.0853,nSEG,1,LIDAR,0.0036039999999999996,0.11470000000000001,0.18968421052631576,0.5735,0.3815921052631579
M6954,5.5e-05,1e-06,0.25,-0.5,0.05,0.015359,0.09737,nSEG,1,LIDAR,0.003641,0.10263000000000001,0.19163157894736843,0.51315,0.3523907894736842
M6955,5.5e-05,1e-06,0.25,-0.5,0.08,0.015261,0.1286,nSEG,1,LIDAR,0.0037389999999999993,0.07140000000000002,0.1967894736842105,0.3570000000000001,0.2768947368421053
M6956,5.5e-05,1e-06,0.25,-0.25,0.03,0.015443,0.06367,nSEG,1,LIDAR,0.0035569999999999994,0.13633,0.18721052631578944,0.68165,0.4344302631578947
M6957,5.5e-05,1e-06,0.25,-0.25,0.035,0.015422,0.06978,nSEG,1,LIDAR,0.0035779999999999996,0.13022,0.1883157894736842,0.6511,0.4197078947368421
M6958,5.5e-05,1e-06,0.25,-0.25,0.04,0.015402,0.07554,nSEG,1,LIDAR,0.0035979999999999988,0.12446000000000002,0.18936842105263152,0.6223000000000001,0.4058342105263158
M6959,5.5e-05,1e-06,0.25,-0.25,0.05,0.015365,0.08624,nSEG,1,LIDAR,0.0036349999999999993,0.11376000000000001,0.1913157894736842,0.5688000000000001,0.38005789473684215
M6960,5.5e-05,1e-06,0.25,-0.25,0.08,0.015269,0.1139,nSEG,1,LIDAR,0.003731,0.08610000000000001,0.19636842105263158,0.43050000000000005,0.3134342105263158
M6961,5.5e-05,1e-06,0.25,0.0,0.03,0.015446,0.05841,nSEG,1,LIDAR,0.003554,0.14159000000000002,0.18705263157894736,0.7079500000000001,0.4475013157894737
M6962,5.5e-05,1e-06,0.25,0.0,0.035,0.015425,0.06402,nSEG,1,LIDAR,0.003575,0.13598000000000002,0.1881578947368421,0.6799000000000001,0.43402894736842107
M6963,5.5e-05,1e-06,0.25,0.0,0.04,0.015405,0.06931,nSEG,1,LIDAR,0.0035949999999999992,0.13069000000000003,0.18921052631578944,0.6534500000000001,0.4213302631578948
M6964,5.5e-05,1e-06,0.25,0.0,0.05,0.015369,0.07912,nSEG,1,LIDAR,0.003630999999999999,0.12088000000000002,0.19110526315789467,0.6044,0.39775263157894736
M6965,5.5e-05,1e-06,0.25,0.0,0.08,0.015274,0.1045,nSEG,1,LIDAR,0.003726,0.09550000000000002,0.19610526315789475,0.47750000000000004,0.3368026315789474
M6966,5.5e-05,1e-06,0.25,0.25,0.03,0.015448,0.05463,nSEG,1,LIDAR,0.0035519999999999996,0.14537,0.1869473684210526,0.72685,0.4568986842105263
M6967,5.5e-05,1e-06,0.25,0.25,0.035,0.015427,0.05988,nSEG,1,LIDAR,0.003573,0.14012000000000002,0.18805263157894736,0.7006000000000001,0.44432631578947374
M6968,5.5e-05,1e-06,0.25,0.25,0.04,0.015408,0.06483,nSEG,1,LIDAR,0.0035919999999999997,0.13517,0.18905263157894736,0.6758500000000001,0.4324513157894737
M6969,5.5e-05,1e-06,0.25,0.25,0.05,0.015372,0.07401,nSEG,1,LIDAR,0.0036279999999999993,0.12599,0.1909473684210526,0.6299499999999999,0.41044868421052627
M6970,5.5e-05,1e-06,0.25,0.25,0.08,0.015278,0.09776,nSEG,1,LIDAR,0.0037219999999999996,0.10224000000000001,0.19589473684210526,0.5112,0.3535473684210526
M6971,5.5e-05,1e-06,0.25,0.5,0.03,0.015449,0.05173,nSEG,1,LIDAR,0.0035510000000000003,0.14827,0.18689473684210528,0.7413500000000001,0.4641223684210527
M6972,5.5e-05,1e-06,0.25,0.5,0.035,0.015429,0.0567,nSEG,1,LIDAR,0.0035709999999999995,0.1433,0.1879473684210526,0.7165,0.45222368421052633
M6973,5.5e-05,1e-06,0.25,0.5,0.04,0.01541,0.06138,nSEG,1,LIDAR,0.0035899999999999994,0.13862000000000002,0.1889473684210526,0.6931,0.44102368421052635
M6974,5.5e-05,1e-06,0.25,0.5,0.05,0.015374,0.07008,nSEG,1,LIDAR,0.003625999999999999,0.12992,0.19084210526315784,0.6496,0.4202210526315789
M6975,5.5e-05,1e-06,0.25,0.5,0.08,0.015281,0.09257,nSEG,1,LIDAR,0.003719,0.10743000000000001,0.19573684210526315,0.53715,0.3664434210526316
M6976,5.5e-05,1e-06,0.5,-0.5,0.03,0.015448,0.07192,nSEG,1,LIDAR,0.0035519999999999996,0.12808000000000003,0.1869473684210526,0.6404000000000001,0.41367368421052636
M6977,5.5e-05,1e-06,0.5,-0.5,0.035,0.015427,0.07883,nSEG,1,LIDAR,0.003573,0.12117000000000001,0.18805263157894736,0.60585,0.3969513157894737
M6978,5.5e-05,1e-06,0.5,-0.5,0.04,0.015408,0.08534,nSEG,1,LIDAR,0.0035919999999999997,0.11466000000000001,0.18905263157894736,0.5733,0.3811763157894737
M6979,5.5e-05,1e-06,0.5,-0.5,0.05,0.015372,0.09742,nSEG,1,LIDAR,0.0036279999999999993,0.10258,0.1909473684210526,0.5129,0.35192368421052633
M6980,5.5e-05,1e-06,0.5,-0.5,0.08,0.015278,0.1287,nSEG,1,LIDAR,0.0037219999999999996,0.0713,0.19589473684210526,0.3565,0.27619736842105264
M6981,5.5e-05,1e-06,0.5,-0.25,0.03,0.015453,0.06369,nSEG,1,LIDAR,0.003547,0.13631000000000001,0.18668421052631579,0.68155,0.4341171052631579
M6982,5.5e-05,1e-06,0.5,-0.25,0.035,0.015432,0.06981,nSEG,1,LIDAR,0.003568,0.13019000000000003,0.18778947368421053,0.6509500000000001,0.4193697368421053
M6983,5.5e-05,1e-06,0.5,-0.25,0.04,0.015413,0.07558,nSEG,1,LIDAR,0.003587,0.12442000000000002,0.18878947368421053,0.6221000000000001,0.4054447368421053
M6984,5.5e-05,1e-06,0.5,-0.25,0.05,0.015378,0.08629,nSEG,1,LIDAR,0.0036220000000000002,0.11371,0.19063157894736843,0.56855,0.3795907894736842
M6985,5.5e-05,1e-06,0.5,-0.25,0.08,0.015286,0.114,nSEG,1,LIDAR,0.0037140000000000003,0.08600000000000001,0.19547368421052633,0.43,0.31273684210526315
M6986,5.5e-05,1e-06,0.5,0.0,0.03,0.015455,0.05843,nSEG,1,LIDAR,0.0035449999999999995,0.14157,0.18657894736842104,0.70785,0.4472144736842105
M6987,5.5e-05,1e-06,0.5,0.0,0.035,0.015436,0.06405,nSEG,1,LIDAR,0.0035639999999999995,0.13595000000000002,0.18757894736842104,0.6797500000000001,0.43366447368421057
M6988,5.5e-05,1e-06,0.5,0.0,0.04,0.015417,0.06934,nSEG,1,LIDAR,0.0035829999999999994,0.13066,0.188578947368421,0.6533,0.4209394736842105
M6989,5.5e-05,1e-06,0.5,0.0,0.05,0.015382,0.07916,nSEG,1,LIDAR,0.0036179999999999997,0.12084000000000002,0.19042105263157894,0.6042000000000001,0.3973105263157895
M6990,5.5e-05,1e-06,0.5,0.0,0.08,0.015291,0.1046,nSEG,1,LIDAR,0.0037089999999999988,0.09540000000000001,0.19521052631578942,0.47700000000000004,0.33610526315789474
M6991,5.5e-05,1e-06,0.5,0.25,0.03,0.015458,0.05465,nSEG,1,LIDAR,0.003542,0.14535,0.18642105263157896,0.72675,0.45658552631578947
M6992,5.5e-05,1e-06,0.5,0.25,0.035,0.015438,0.05991,nSEG,1,LIDAR,0.003561999999999999,0.14009000000000002,0.18747368421052626,0.70045,0.4439618421052631
M6993,5.5e-05,1e-06,0.5,0.25,0.04,0.015419,0.06486,nSEG,1,LIDAR,0.003580999999999999,0.13514,0.18847368421052627,0.6757,0.4320868421052631
M6994,5.5e-05,1e-06,0.5,0.25,0.05,0.015385,0.07405,nSEG,1,LIDAR,0.003615,0.12595,0.19026315789473686,0.62975,0.41000657894736847
M6995,5.5e-05,1e-06,0.5,0.25,0.08,0.015295,0.09783,nSEG,1,LIDAR,0.003705,0.10217000000000001,0.195,0.51085,0.35292500000000004
M6996,5.5e-05,1e-06,0.5,0.5,0.03,0.015459,0.05175,nSEG,1,LIDAR,0.003540999999999999,0.14825000000000002,0.18636842105263154,0.7412500000000001,0.4638092105263158
M6997,5.5e-05,1e-06,0.5,0.5,0.035,0.01544,0.05672,nSEG,1,LIDAR,0.003559999999999999,0.14328000000000002,0.18736842105263152,0.7164,0.4518842105263158
M6998,5.5e-05,1e-06,0.5,0.5,0.04,0.015421,0.06141,nSEG,1,LIDAR,0.003578999999999999,0.13859000000000002,0.18836842105263152,0.6929500000000001,0.4406592105263158
M6999,5.5e-05,1e-06,0.5,0.5,0.05,0.015387,0.07011,nSEG,1,LIDAR,0.003613,0.12989,0.1901578947368421,0.64945,0.419803947368421
M7000,5.5e-05,1e-06,0.5,0.5,0.08,0.015298,0.09263,nSEG,1,LIDAR,0.0037019999999999987,0.10737000000000001,0.19484210526315784,0.53685,0.36584605263157893
M7001,5.5e-05,5.5e-06,-0.5,-0.5,0.03,0.020029,0.08403,nSEG,1,LIDAR,-0.0010290000000000021,0.11597000000000002,0.05415789473684222,0.5798500000000001,0.31700394736842114
M7002,5.5e-05,5.5e-06,-0.5,-0.5,0.035,0.019985,0.09205,nSEG,1,LIDAR,-0.0009849999999999998,0.10795,0.051842105263157884,0.53975,0.29579605263157893
M7003,5.5e-05,5.5e-06,-0.5,-0.5,0.04,0.019944,0.09961,nSEG,1,LIDAR,-0.0009440000000000004,0.10039000000000001,0.04968421052631581,0.50195,0.2758171052631579
M7004,5.5e-05,5.5e-06,-0.5,-0.5,0.05,0.019867,0.1136,nSEG,1,LIDAR,-0.0008669999999999997,0.0864,0.045631578947368405,0.432,0.2388157894736842
M7005,5.5e-05,5.5e-06,-0.5,-0.5,0.08,0.01967,0.1497,nSEG,1,LIDAR,-0.0006700000000000005,0.05030000000000001,0.035263157894736864,0.25150000000000006,0.14338157894736847
M7006,5.5e-05,5.5e-06,-0.5,-0.25,0.03,0.020054,0.07446,nSEG,1,LIDAR,-0.0010539999999999994,0.12554,0.055473684210526286,0.6277,0.34158684210526313
M7007,5.5e-05,5.5e-06,-0.5,-0.25,0.035,0.020013,0.08157,nSEG,1,LIDAR,-0.001013,0.11843000000000001,0.05331578947368421,0.59215,0.3227328947368421
M7008,5.5e-05,5.5e-06,-0.5,-0.25,0.04,0.019974,0.08828,nSEG,1,LIDAR,-0.0009739999999999992,0.11172000000000001,0.0512631578947368,0.5586,0.3049315789473684
M7009,5.5e-05,5.5e-06,-0.5,-0.25,0.05,0.019902,0.1007,nSEG,1,LIDAR,-0.000902,0.09930000000000001,0.04747368421052632,0.49650000000000005,0.2719868421052632
M7010,5.5e-05,5.5e-06,-0.5,-0.25,0.08,0.019715,0.1328,nSEG,1,LIDAR,-0.0007150000000000004,0.06720000000000001,0.03763157894736844,0.336,0.18681578947368424
M7011,5.5e-05,5.5e-06,-0.5,0.0,0.03,0.02007,0.06834,nSEG,1,LIDAR,-0.0010700000000000015,0.13166,0.05631578947368429,0.6583,0.35730789473684216
M7012,5.5e-05,5.5e-06,-0.5,0.0,0.035,0.02003,0.07487,nSEG,1,LIDAR,-0.0010299999999999997,0.12513000000000002,0.05421052631578946,0.62565,0.33993026315789476
M7013,5.5e-05,5.5e-06,-0.5,0.0,0.04,0.019993,0.08102,nSEG,1,LIDAR,-0.0009930000000000008,0.11898000000000002,0.052263157894736886,0.5949000000000001,0.3235815789473685
M7014,5.5e-05,5.5e-06,-0.5,0.0,0.05,0.019924,0.09244,nSEG,1,LIDAR,-0.0009240000000000012,0.10756000000000002,0.048631578947368484,0.5378000000000001,0.29321578947368426
M7015,5.5e-05,5.5e-06,-0.5,0.0,0.08,0.019744,0.1219,nSEG,1,LIDAR,-0.0007440000000000016,0.07810000000000002,0.03915789473684219,0.39050000000000007,0.21482894736842112
M7016,5.5e-05,5.5e-06,-0.5,0.25,0.03,0.020082,0.06393,nSEG,1,LIDAR,-0.0010819999999999996,0.13607000000000002,0.056947368421052615,0.6803500000000001,0.3686486842105264
M7017,5.5e-05,5.5e-06,-0.5,0.25,0.035,0.020043,0.07005,nSEG,1,LIDAR,-0.0010429999999999988,0.12995,0.0548947368421052,0.64975,0.35232236842105263
M7018,5.5e-05,5.5e-06,-0.5,0.25,0.04,0.020007,0.07581,nSEG,1,LIDAR,-0.001007000000000001,0.12419000000000001,0.053000000000000054,0.62095,0.336975
M7019,5.5e-05,5.5e-06,-0.5,0.25,0.05,0.019939,0.08649,nSEG,1,LIDAR,-0.0009389999999999989,0.11351000000000001,0.049421052631578886,0.56755,0.30848552631578946
M7020,5.5e-05,5.5e-06,-0.5,0.25,0.08,0.019765,0.1141,nSEG,1,LIDAR,-0.0007650000000000018,0.08590000000000002,0.04026315789473694,0.42950000000000005,0.2348815789473685
M7021,5.5e-05,5.5e-06,-0.5,0.5,0.03,0.020091,0.06055,nSEG,1,LIDAR,-0.0010910000000000017,0.13945000000000002,0.05742105263157904,0.69725,0.37733552631578954
M7022,5.5e-05,5.5e-06,-0.5,0.5,0.035,0.020053,0.06634,nSEG,1,LIDAR,-0.0010530000000000019,0.13366,0.055421052631579044,0.6683,0.3618605263157895
M7023,5.5e-05,5.5e-06,-0.5,0.5,0.04,0.020017,0.0718,nSEG,1,LIDAR,-0.0010170000000000005,0.1282,0.053526315789473713,0.641,0.3472631578947369
M7024,5.5e-05,5.5e-06,-0.5,0.5,0.05,0.019951,0.08192,nSEG,1,LIDAR,-0.0009510000000000005,0.11808,0.05005263157894739,0.5904,0.3202263157894737
M7025,5.5e-05,5.5e-06,-0.5,0.5,0.08,0.019781,0.108,nSEG,1,LIDAR,-0.0007810000000000004,0.09200000000000001,0.04110526315789476,0.46,0.2505526315789474
M7026,5.5e-05,5.5e-06,-0.25,-0.5,0.03,0.020055,0.08409,nSEG,1,LIDAR,-0.0010550000000000004,0.11591000000000001,0.05552631578947371,0.57955,0.3175381578947369
M7027,5.5e-05,5.5e-06,-0.25,-0.5,0.035,0.020014,0.09213,nSEG,1,LIDAR,-0.001014000000000001,0.10787000000000001,0.053368421052631634,0.53935,0.2963592105263158
M7028,5.5e-05,5.5e-06,-0.25,-0.5,0.04,0.019975,0.0997,nSEG,1,LIDAR,-0.0009750000000000002,0.10030000000000001,0.05131578947368422,0.5015000000000001,0.27640789473684213
M7029,5.5e-05,5.5e-06,-0.25,-0.5,0.05,0.019903,0.1137,nSEG,1,LIDAR,-0.000903000000000001,0.08630000000000002,0.047526315789473736,0.43150000000000005,0.2395131578947369
M7030,5.5e-05,5.5e-06,-0.25,-0.5,0.08,0.019716,0.1499,nSEG,1,LIDAR,-0.0007160000000000014,0.050100000000000006,0.03768421052631586,0.2505,0.14409210526315794
M7031,5.5e-05,5.5e-06,-0.25,-0.25,0.03,0.02008,0.07452,nSEG,1,LIDAR,-0.001080000000000001,0.12548,0.05684210526315795,0.6274,0.34212105263157894
M7032,5.5e-05,5.5e-06,-0.25,-0.25,0.035,0.020042,0.08165,nSEG,1,LIDAR,-0.0010420000000000013,0.11835000000000001,0.05484210526315796,0.59175,0.32329605263157896
M7033,5.5e-05,5.5e-06,-0.25,-0.25,0.04,0.020005,0.08836,nSEG,1,LIDAR,-0.001004999999999999,0.11164000000000002,0.05289473684210521,0.5582,0.3055473684210526
M7034,5.5e-05,5.5e-06,-0.25,-0.25,0.05,0.019937,0.1008,nSEG,1,LIDAR,-0.0009370000000000003,0.09920000000000001,0.04931578947368423,0.49600000000000005,0.27265789473684215
M7035,5.5e-05,5.5e-06,-0.25,-0.25,0.08,0.019762,0.133,nSEG,1,LIDAR,-0.0007619999999999988,0.067,0.04010526315789467,0.335,0.18755263157894736
M7036,5.5e-05,5.5e-06,-0.25,0.0,0.03,0.020097,0.06839,nSEG,1,LIDAR,-0.0010970000000000008,0.13161,0.0577368421052632,0.65805,0.3578934210526316
M7037,5.5e-05,5.5e-06,-0.25,0.0,0.035,0.020059,0.07493,nSEG,1,LIDAR,-0.001059000000000001,0.12507000000000001,0.05573684210526321,0.6253500000000001,0.34054342105263163
M7038,5.5e-05,5.5e-06,-0.25,0.0,0.04,0.020024,0.0811,nSEG,1,LIDAR,-0.0010240000000000006,0.1189,0.053894736842105294,0.5945,0.3241973684210527
M7039,5.5e-05,5.5e-06,-0.25,0.0,0.05,0.019959,0.09254,nSEG,1,LIDAR,-0.0009590000000000015,0.10746000000000001,0.0504736842105264,0.5373,0.2938868421052632
M7040,5.5e-05,5.5e-06,-0.25,0.0,0.08,0.019791,0.1221,nSEG,1,LIDAR,-0.000791,0.07790000000000001,0.04163157894736842,0.3895,0.2155657894736842
M7041,5.5e-05,5.5e-06,-0.25,0.25,0.03,0.020108,0.06398,nSEG,1,LIDAR,-0.0011080000000000013,0.13602000000000003,0.058315789473684286,0.6801000000000001,0.36920789473684223
M7042,5.5e-05,5.5e-06,-0.25,0.25,0.035,0.020072,0.07011,nSEG,1,LIDAR,-0.001072,0.12989,0.05642105263157895,0.64945,0.35293552631578945
M7043,5.5e-05,5.5e-06,-0.25,0.25,0.04,0.020038,0.07588,nSEG,1,LIDAR,-0.0010380000000000007,0.12412000000000001,0.05463157894736846,0.6206,0.33761578947368426
M7044,5.5e-05,5.5e-06,-0.25,0.25,0.05,0.019975,0.08659,nSEG,1,LIDAR,-0.0009750000000000002,0.11341000000000001,0.05131578947368422,0.56705,0.30918289473684213
M7045,5.5e-05,5.5e-06,-0.25,0.25,0.08,0.019811,0.1142,nSEG,1,LIDAR,-0.0008109999999999992,0.08580000000000002,0.04268421052631575,0.42900000000000005,0.2358421052631579
M7046,5.5e-05,5.5e-06,-0.25,0.5,0.03,0.020117,0.06059,nSEG,1,LIDAR,-0.001117,0.13941,0.05878947368421052,0.69705,0.3779197368421052
M7047,5.5e-05,5.5e-06,-0.25,0.5,0.035,0.020082,0.0664,nSEG,1,LIDAR,-0.0010819999999999996,0.1336,0.056947368421052615,0.6679999999999999,0.3624736842105263
M7048,5.5e-05,5.5e-06,-0.25,0.5,0.04,0.020049,0.07186,nSEG,1,LIDAR,-0.0010490000000000013,0.12814000000000003,0.05521052631578954,0.6407000000000002,0.3479552631578948
M7049,5.5e-05,5.5e-06,-0.25,0.5,0.05,0.019987,0.08201,nSEG,1,LIDAR,-0.0009870000000000018,0.11799000000000001,0.05194736842105273,0.58995,0.32094868421052636
M7050,5.5e-05,5.5e-06,-0.25,0.5,0.08,0.019827,0.1082,nSEG,1,LIDAR,-0.0008270000000000013,0.0918,0.04352631578947375,0.459,0.2512631578947369
M7051,5.5e-05,5.5e-06,0.0,-0.5,0.03,0.020072,0.08414,nSEG,1,LIDAR,-0.001072,0.11586,0.05642105263157895,0.5793,0.3178605263157895
M7052,5.5e-05,5.5e-06,0.0,-0.5,0.035,0.020032,0.09218,nSEG,1,LIDAR,-0.0010320000000000017,0.10782000000000001,0.054315789473684296,0.5391,0.29670789473684217
M7053,5.5e-05,5.5e-06,0.0,-0.5,0.04,0.019995,0.09976,nSEG,1,LIDAR,-0.0009949999999999994,0.10024000000000001,0.05236842105263154,0.5012,0.27678421052631574
M7054,5.5e-05,5.5e-06,0.0,-0.5,0.05,0.019926,0.1138,nSEG,1,LIDAR,-0.0009259999999999997,0.08620000000000001,0.04873684210526315,0.43100000000000005,0.2398684210526316
M7055,5.5e-05,5.5e-06,0.0,-0.5,0.08,0.019746,0.1501,nSEG,1,LIDAR,-0.0007460000000000001,0.0499,0.03926315789473685,0.2495,0.14438157894736842
M7056,5.5e-05,5.5e-06,0.0,-0.25,0.03,0.020097,0.07456,nSEG,1,LIDAR,-0.0010970000000000008,0.12544,0.0577368421052632,0.6272,0.3424684210526316
M7057,5.5e-05,5.5e-06,0.0,-0.25,0.035,0.02006,0.08169,nSEG,1,LIDAR,-0.001060000000000002,0.11831000000000001,0.05578947368421063,0.59155,0.3236697368421053
M7058,5.5e-05,5.5e-06,0.0,-0.25,0.04,0.020025,0.08841,nSEG,1,LIDAR,-0.0010250000000000016,0.11159000000000001,0.053947368421052716,0.5579500000000001,0.3059486842105264
M7059,5.5e-05,5.5e-06,0.0,-0.25,0.05,0.01996,0.1009,nSEG,1,LIDAR,-0.000959999999999999,0.09910000000000001,0.050526315789473634,0.4955,0.2730131578947368
M7060,5.5e-05,5.5e-06,0.0,-0.25,0.08,0.019792,0.1331,nSEG,1,LIDAR,-0.000792000000000001,0.06690000000000002,0.041684210526315844,0.3345000000000001,0.18809210526315795
M7061,5.5e-05,5.5e-06,0.0,0.0,0.03,0.020113,0.06842,nSEG,1,LIDAR,-0.0011129999999999994,0.13158000000000003,0.05857894736842102,0.6579000000000002,0.3582394736842106
M7062,5.5e-05,5.5e-06,0.0,0.0,0.035,0.020078,0.07498,nSEG,1,LIDAR,-0.001077999999999999,0.12502000000000002,0.05673684210526311,0.6251000000000001,0.3409184210526316
M7063,5.5e-05,5.5e-06,0.0,0.0,0.04,0.020044,0.08115,nSEG,1,LIDAR,-0.0010439999999999998,0.11885000000000001,0.05494736842105262,0.5942500000000001,0.32459868421052634
M7064,5.5e-05,5.5e-06,0.0,0.0,0.05,0.019982,0.0926,nSEG,1,LIDAR,-0.0009820000000000002,0.10740000000000001,0.051684210526315805,0.537,0.2943421052631579
M7065,5.5e-05,5.5e-06,0.0,0.0,0.08,0.019821,0.1222,nSEG,1,LIDAR,-0.0008209999999999988,0.07780000000000001,0.043210526315789415,0.389,0.21610526315789472
M7066,5.5e-05,5.5e-06,0.0,0.25,0.03,0.020125,0.06402,nSEG,1,LIDAR,-0.001125000000000001,0.13598000000000002,0.059210526315789526,0.6799000000000001,0.3695552631578948
M7067,5.5e-05,5.5e-06,0.0,0.25,0.035,0.020091,0.07015,nSEG,1,LIDAR,-0.0010910000000000017,0.12985000000000002,0.05742105263157904,0.6492500000000001,0.35333552631578957
M7068,5.5e-05,5.5e-06,0.0,0.25,0.04,0.020058,0.07593,nSEG,1,LIDAR,-0.001058,0.12407000000000001,0.05568421052631579,0.6203500000000001,0.3380171052631579
M7069,5.5e-05,5.5e-06,0.0,0.25,0.05,0.019998,0.08665,nSEG,1,LIDAR,-0.0009979999999999989,0.11335,0.05252631578947363,0.56675,0.3096381578947368
M7070,5.5e-05,5.5e-06,0.0,0.25,0.08,0.019842,0.1143,nSEG,1,LIDAR,-0.000841999999999999,0.08570000000000001,0.044315789473684156,0.42850000000000005,0.2364078947368421
M7071,5.5e-05,5.5e-06,0.0,0.5,0.03,0.020134,0.06062,nSEG,1,LIDAR,-0.0011339999999999996,0.13938,0.05968421052631577,0.6969,0.3782921052631579
M7072,5.5e-05,5.5e-06,0.0,0.5,0.035,0.0201,0.06643,nSEG,1,LIDAR,-0.0011000000000000003,0.13357000000000002,0.05789473684210528,0.66785,0.36287236842105264
M7073,5.5e-05,5.5e-06,0.0,0.5,0.04,0.020069,0.07191,nSEG,1,LIDAR,-0.0010690000000000005,0.12809,0.05626315789473687,0.64045,0.34835657894736843
M7074,5.5e-05,5.5e-06,0.0,0.5,0.05,0.02001,0.08206,nSEG,1,LIDAR,-0.0010100000000000005,0.11794000000000002,0.05315789473684213,0.5897,0.3214289473684211
M7075,5.5e-05,5.5e-06,0.0,0.5,0.08,0.019858,0.1083,nSEG,1,LIDAR,-0.0008580000000000011,0.09170000000000002,0.04515789473684217,0.4585000000000001,0.2518289473684211
M7076,5.5e-05,5.5e-06,0.25,-0.5,0.03,0.020084,0.08417,nSEG,1,LIDAR,-0.0010840000000000016,0.11583000000000002,0.05705263157894746,0.57915,0.31810131578947376
M7077,5.5e-05,5.5e-06,0.25,-0.5,0.035,0.020046,0.09222,nSEG,1,LIDAR,-0.0010460000000000018,0.10778000000000001,0.055052631578947464,0.5389,0.29697631578947375
M7078,5.5e-05,5.5e-06,0.25,-0.5,0.04,0.02001,0.0998,nSEG,1,LIDAR,-0.0010100000000000005,0.10020000000000001,0.05315789473684213,0.501,0.2770789473684211
M7079,5.5e-05,5.5e-06,0.25,-0.5,0.05,0.019942,0.1139,nSEG,1,LIDAR,-0.0009420000000000019,0.08610000000000001,0.04957894736842115,0.43050000000000005,0.2400394736842106
M7080,5.5e-05,5.5e-06,0.25,-0.5,0.08,0.019768,0.1502,nSEG,1,LIDAR,-0.0007680000000000013,0.04980000000000001,0.04042105263157902,0.24900000000000005,0.14471052631578954
M7081,5.5e-05,5.5e-06,0.25,-0.25,0.03,0.020109,0.07458,nSEG,1,LIDAR,-0.0011089999999999989,0.12542000000000003,0.05836842105263152,0.6271000000000001,0.3427342105263158
M7082,5.5e-05,5.5e-06,0.25,-0.25,0.035,0.020073,0.08172,nSEG,1,LIDAR,-0.001073000000000001,0.11828000000000001,0.05647368421052637,0.5914,0.3239368421052632
M7083,5.5e-05,5.5e-06,0.25,-0.25,0.04,0.02004,0.08845,nSEG,1,LIDAR,-0.0010399999999999993,0.11155000000000001,0.05473684210526312,0.55775,0.3062434210526315
M7084,5.5e-05,5.5e-06,0.25,-0.25,0.05,0.019977,0.1009,nSEG,1,LIDAR,-0.0009770000000000022,0.09910000000000001,0.05142105263157906,0.4955,0.27346052631578954
M7085,5.5e-05,5.5e-06,0.25,-0.25,0.08,0.019813,0.1332,nSEG,1,LIDAR,-0.0008130000000000012,0.0668,0.04278947368421059,0.33399999999999996,0.18839473684210528
M7086,5.5e-05,5.5e-06,0.25,0.0,0.03,0.020126,0.06845,nSEG,1,LIDAR,-0.001126000000000002,0.13155,0.05926315789473695,0.65775,0.3585065789473684
M7087,5.5e-05,5.5e-06,0.25,0.0,0.035,0.020091,0.07501,nSEG,1,LIDAR,-0.0010910000000000017,0.12499000000000002,0.05742105263157904,0.62495,0.3411855263157895
M7088,5.5e-05,5.5e-06,0.25,0.0,0.04,0.020059,0.08118,nSEG,1,LIDAR,-0.001059000000000001,0.11882000000000001,0.05573684210526321,0.5941,0.3249184210526316
M7089,5.5e-05,5.5e-06,0.25,0.0,0.05,0.019998,0.09265,nSEG,1,LIDAR,-0.0009979999999999989,0.10735000000000001,0.05252631578947363,0.5367500000000001,0.29463815789473685
M7090,5.5e-05,5.5e-06,0.25,0.0,0.08,0.019842,0.1223,nSEG,1,LIDAR,-0.000841999999999999,0.0777,0.044315789473684156,0.3885,0.21640789473684208
M7091,5.5e-05,5.5e-06,0.25,0.25,0.03,0.020137,0.06404,nSEG,1,LIDAR,-0.0011369999999999991,0.13596000000000003,0.05984210526315785,0.6798000000000001,0.36982105263157894
M7092,5.5e-05,5.5e-06,0.25,0.25,0.035,0.020104,0.07018,nSEG,1,LIDAR,-0.0011040000000000008,0.12982,0.05810526315789478,0.6490999999999999,0.35360263157894734
M7093,5.5e-05,5.5e-06,0.25,0.25,0.04,0.020073,0.07596,nSEG,1,LIDAR,-0.001073000000000001,0.12404000000000001,0.05647368421052637,0.6202,0.33833684210526316
M7094,5.5e-05,5.5e-06,0.25,0.25,0.05,0.020014,0.08669,nSEG,1,LIDAR,-0.001014000000000001,0.11331000000000001,0.053368421052631634,0.56655,0.3099592105263158
M7095,5.5e-05,5.5e-06,0.25,0.25,0.08,0.019863,0.1144,nSEG,1,LIDAR,-0.0008629999999999992,0.08560000000000001,0.045421052631578904,0.42800000000000005,0.23671052631578948
M7096,5.5e-05,5.5e-06,0.25,0.5,0.03,0.020146,0.06065,nSEG,1,LIDAR,-0.0011460000000000012,0.13935,0.060315789473684274,0.69675,0.37853289473684215
M7097,5.5e-05,5.5e-06,0.25,0.5,0.035,0.020114,0.06646,nSEG,1,LIDAR,-0.0011140000000000004,0.13354,0.058631578947368444,0.6677,0.3631657894736842
M7098,5.5e-05,5.5e-06,0.25,0.5,0.04,0.020083,0.07194,nSEG,1,LIDAR,-0.0010830000000000006,0.12806,0.05700000000000004,0.6403,0.34865
M7099,5.5e-05,5.5e-06,0.25,0.5,0.05,0.020026,0.0821,nSEG,1,LIDAR,-0.0010259999999999991,0.1179,0.05399999999999996,0.5895,0.32175
M7100,5.5e-05,5.5e-06,0.25,0.5,0.08,0.019879,0.1084,nSEG,1,LIDAR,-0.0008790000000000013,0.09160000000000001,0.04626315789473691,0.4580000000000001,0.2521315789473685
M7101,5.5e-05,5.5e-06,0.5,-0.5,0.03,0.020093,0.08419,nSEG,1,LIDAR,-0.0010930000000000002,0.11581000000000001,0.057526315789473696,0.5790500000000001,0.31828815789473686
M7102,5.5e-05,5.5e-06,0.5,-0.5,0.035,0.020056,0.09225,nSEG,1,LIDAR,-0.0010560000000000014,0.10775000000000001,0.055578947368421124,0.5387500000000001,0.2971644736842106
M7103,5.5e-05,5.5e-06,0.5,-0.5,0.04,0.020021,0.09984,nSEG,1,LIDAR,-0.001021000000000001,0.10016000000000001,0.053736842105263215,0.5008,0.2772684210526316
M7104,5.5e-05,5.5e-06,0.5,-0.5,0.05,0.019955,0.1139,nSEG,1,LIDAR,-0.000955000000000001,0.08610000000000001,0.0502631578947369,0.43050000000000005,0.24038157894736847
M7105,5.5e-05,5.5e-06,0.5,-0.5,0.08,0.019785,0.1503,nSEG,1,LIDAR,-0.000785000000000001,0.04970000000000002,0.041315789473684264,0.2485000000000001,0.14490789473684218
M7106,5.5e-05,5.5e-06,0.5,-0.25,0.03,0.020119,0.0746,nSEG,1,LIDAR,-0.001119000000000002,0.1254,0.05889473684210537,0.627,0.34294736842105267
M7107,5.5e-05,5.5e-06,0.5,-0.25,0.035,0.020084,0.08175,nSEG,1,LIDAR,-0.0010840000000000016,0.11825000000000001,0.05705263157894746,0.59125,0.32415131578947376
M7108,5.5e-05,5.5e-06,0.5,-0.25,0.04,0.020051,0.08848,nSEG,1,LIDAR,-0.0010509999999999999,0.11152000000000001,0.05531578947368421,0.5576,0.3064578947368421
M7109,5.5e-05,5.5e-06,0.5,-0.25,0.05,0.019989,0.101,nSEG,1,LIDAR,-0.0009890000000000003,0.099,0.052052631578947385,0.495,0.2735263157894737
M7110,5.5e-05,5.5e-06,0.5,-0.25,0.08,0.01983,0.1332,nSEG,1,LIDAR,-0.0008300000000000009,0.0668,0.04368421052631584,0.33399999999999996,0.1888421052631579
M7111,5.5e-05,5.5e-06,0.5,0.0,0.03,0.020135,0.06847,nSEG,1,LIDAR,-0.0011350000000000006,0.13153,0.05973684210526319,0.65765,0.3586934210526316
M7112,5.5e-05,5.5e-06,0.5,0.0,0.035,0.020101,0.07503,nSEG,1,LIDAR,-0.0011010000000000013,0.12497000000000001,0.0579473684210527,0.62485,0.3413986842105264
M7113,5.5e-05,5.5e-06,0.5,0.0,0.04,0.02007,0.08121,nSEG,1,LIDAR,-0.0010700000000000015,0.11879,0.05631578947368429,0.59395,0.32513289473684215
M7114,5.5e-05,5.5e-06,0.5,0.0,0.05,0.020011,0.09268,nSEG,1,LIDAR,-0.0010110000000000015,0.10732000000000001,0.053210526315789555,0.5366000000000001,0.29490526315789484
M7115,5.5e-05,5.5e-06,0.5,0.0,0.08,0.019859,0.1223,nSEG,1,LIDAR,-0.0008590000000000021,0.0777,0.04521052631578959,0.3885,0.2168552631578948
M7116,5.5e-05,5.5e-06,0.5,0.25,0.03,0.020147,0.06406,nSEG,1,LIDAR,-0.0011470000000000022,0.13594,0.060368421052631696,0.6797,0.37003421052631585
M7117,5.5e-05,5.5e-06,0.5,0.25,0.035,0.020114,0.0702,nSEG,1,LIDAR,-0.0011140000000000004,0.12980000000000003,0.058631578947368444,0.6490000000000001,0.3538157894736843
M7118,5.5e-05,5.5e-06,0.5,0.25,0.04,0.020084,0.07598,nSEG,1,LIDAR,-0.0010840000000000016,0.12402,0.05705263157894746,0.6201,0.3385763157894737
M7119,5.5e-05,5.5e-06,0.5,0.25,0.05,0.020027,0.08672,nSEG,1,LIDAR,-0.0010270000000000001,0.11328,0.05405263157894738,0.5664,0.3102263157894737
M7120,5.5e-05,5.5e-06,0.5,0.25,0.08,0.01988,0.1145,nSEG,1,LIDAR,-0.0008799999999999988,0.0855,0.04631578947368415,0.4275,0.23690789473684207
M7121,5.5e-05,5.5e-06,0.5,0.5,0.03,0.020155,0.06066,nSEG,1,LIDAR,-0.0011549999999999998,0.13934000000000002,0.06078947368421052,0.6967000000000001,0.3787447368421053
M7122,5.5e-05,5.5e-06,0.5,0.5,0.035,0.020124,0.06648,nSEG,1,LIDAR,-0.001124,0.13352000000000003,0.059157894736842104,0.6676000000000001,0.3633789473684211
M7123,5.5e-05,5.5e-06,0.5,0.5,0.04,0.020094,0.07196,nSEG,1,LIDAR,-0.0010940000000000012,0.12804000000000001,0.05757894736842112,0.6402,0.3488894736842105
M7124,5.5e-05,5.5e-06,0.5,0.5,0.05,0.020039,0.08214,nSEG,1,LIDAR,-0.0010390000000000017,0.11786,0.054684210526315884,0.5893,0.32199210526315797
M7125,5.5e-05,5.5e-06,0.5,0.5,0.08,0.019896,0.1084,nSEG,1,LIDAR,-0.000896000000000001,0.09160000000000001,0.047157894736842156,0.4580000000000001,0.2525789473684211
M7126,5.5e-05,1e-05,-0.5,-0.5,0.03,0.024409,0.09461,nSEG,1,LIDAR,-0.005409000000000001,0.10539000000000001,0.2846842105263158,0.52695,0.40581710526315795
M7127,5.5e-05,1e-05,-0.5,-0.5,0.035,0.02435,0.1036,nSEG,1,LIDAR,-0.005350000000000001,0.09640000000000001,0.2815789473684211,0.48200000000000004,0.38178947368421057
M7128,5.5e-05,1e-05,-0.5,-0.5,0.04,0.024293,0.1121,nSEG,1,LIDAR,-0.005292999999999999,0.0879,0.27857894736842104,0.4395,0.3590394736842105
M7129,5.5e-05,1e-05,-0.5,-0.5,0.05,0.024188,0.1278,nSEG,1,LIDAR,-0.005188000000000002,0.07220000000000001,0.27305263157894744,0.36100000000000004,0.3170263157894737
M7130,5.5e-05,1e-05,-0.5,-0.5,0.08,0.023917,0.1683,nSEG,1,LIDAR,-0.004917000000000001,0.031700000000000006,0.2587894736842106,0.15850000000000003,0.20864473684210533
M7131,5.5e-05,1e-05,-0.5,-0.25,0.03,0.024455,0.08386,nSEG,1,LIDAR,-0.0054550000000000015,0.11614000000000001,0.2871052631578948,0.5807,0.4339026315789474
M7132,5.5e-05,1e-05,-0.5,-0.25,0.035,0.024399,0.09186,nSEG,1,LIDAR,-0.005399000000000001,0.10814000000000001,0.28415789473684216,0.5407000000000001,0.4124289473684211
M7133,5.5e-05,1e-05,-0.5,-0.25,0.04,0.024347,0.0994,nSEG,1,LIDAR,-0.005347000000000001,0.10060000000000001,0.281421052631579,0.503,0.3922105263157895
M7134,5.5e-05,1e-05,-0.5,-0.25,0.05,0.02425,0.1134,nSEG,1,LIDAR,-0.005250000000000001,0.08660000000000001,0.2763157894736843,0.43300000000000005,0.35465789473684217
M7135,5.5e-05,1e-05,-0.5,-0.25,0.08,0.023999,0.1494,nSEG,1,LIDAR,-0.004999,0.050600000000000006,0.26310526315789473,0.253,0.25805263157894737
M7136,5.5e-05,1e-05,-0.5,0.0,0.03,0.024484,0.07698,nSEG,1,LIDAR,-0.005483999999999999,0.12302,0.2886315789473684,0.6151,0.45186578947368417
M7137,5.5e-05,1e-05,-0.5,0.0,0.035,0.024431,0.08433,nSEG,1,LIDAR,-0.005431000000000002,0.11567000000000001,0.285842105263158,0.57835,0.432096052631579
M7138,5.5e-05,1e-05,-0.5,0.0,0.04,0.024381,0.09126,nSEG,1,LIDAR,-0.005381,0.10874000000000002,0.2832105263157895,0.5437000000000001,0.4134552631578948
M7139,5.5e-05,1e-05,-0.5,0.0,0.05,0.024289,0.1041,nSEG,1,LIDAR,-0.005289000000000002,0.09590000000000001,0.2783684210526317,0.47950000000000004,0.3789342105263159
M7140,5.5e-05,1e-05,-0.5,0.0,0.08,0.024051,0.1372,nSEG,1,LIDAR,-0.005051,0.06280000000000002,0.2658421052631579,0.3140000000000001,0.28992105263157897
M7141,5.5e-05,1e-05,-0.5,0.25,0.03,0.024504,0.07203,nSEG,1,LIDAR,-0.005504000000000002,0.12797000000000003,0.2896842105263159,0.6398500000000001,0.464767105263158
M7142,5.5e-05,1e-05,-0.5,0.25,0.035,0.024454,0.07892,nSEG,1,LIDAR,-0.0054540000000000005,0.12108000000000001,0.2870526315789474,0.6054,0.4462263157894737
M7143,5.5e-05,1e-05,-0.5,0.25,0.04,0.024406,0.0854,nSEG,1,LIDAR,-0.005406000000000001,0.11460000000000001,0.28452631578947374,0.573,0.42876315789473685
M7144,5.5e-05,1e-05,-0.5,0.25,0.05,0.024317,0.09742,nSEG,1,LIDAR,-0.005316999999999999,0.10258,0.27984210526315784,0.5129,0.3963710526315789
M7145,5.5e-05,1e-05,-0.5,0.25,0.08,0.024088,0.1284,nSEG,1,LIDAR,-0.005087999999999999,0.07160000000000002,0.26778947368421047,0.3580000000000001,0.3128947368421053
M7146,5.5e-05,1e-05,-0.5,0.5,0.03,0.02452,0.06823,nSEG,1,LIDAR,-0.005520000000000001,0.13177,0.29052631578947374,0.6588499999999999,0.47468815789473684
M7147,5.5e-05,1e-05,-0.5,0.5,0.035,0.024471,0.07475,nSEG,1,LIDAR,-0.005471,0.12525000000000003,0.2879473684210527,0.6262500000000001,0.45709868421052635
M7148,5.5e-05,1e-05,-0.5,0.5,0.04,0.024425,0.08089,nSEG,1,LIDAR,-0.005424999999999999,0.11911000000000001,0.28552631578947363,0.59555,0.4405381578947368
M7149,5.5e-05,1e-05,-0.5,0.5,0.05,0.024339,0.09229,nSEG,1,LIDAR,-0.005339,0.10771000000000001,0.281,0.5385500000000001,0.40977500000000006
M7150,5.5e-05,1e-05,-0.5,0.5,0.08,0.024116,0.1217,nSEG,1,LIDAR,-0.005115999999999999,0.07830000000000001,0.2692631578947368,0.3915,0.3303815789473684
M7151,5.5e-05,1e-05,-0.25,-0.5,0.03,0.024435,0.09466,nSEG,1,LIDAR,-0.005434999999999999,0.10534000000000002,0.28605263157894734,0.5267000000000001,0.4063763157894737
M7152,5.5e-05,1e-05,-0.25,-0.5,0.035,0.024377,0.1037,nSEG,1,LIDAR,-0.005377,0.09630000000000001,0.283,0.48150000000000004,0.38225
M7153,5.5e-05,1e-05,-0.25,-0.5,0.04,0.024323,0.1122,nSEG,1,LIDAR,-0.005323000000000001,0.08780000000000002,0.28015789473684216,0.43900000000000006,0.3595789473684211
M7154,5.5e-05,1e-05,-0.25,-0.5,0.05,0.024223,0.1279,nSEG,1,LIDAR,-0.005223000000000002,0.0721,0.27489473684210536,0.3605,0.3176973684210527
M7155,5.5e-05,1e-05,-0.25,-0.5,0.08,0.023962,0.1685,nSEG,1,LIDAR,-0.004962000000000001,0.0315,0.26115789473684214,0.1575,0.20932894736842106
M7156,5.5e-05,1e-05,-0.25,-0.25,0.03,0.02448,0.08392,nSEG,1,LIDAR,-0.005479999999999999,0.11608000000000002,0.2884210526315789,0.5804,0.43441052631578947
M7157,5.5e-05,1e-05,-0.25,-0.25,0.035,0.024427,0.09193,nSEG,1,LIDAR,-0.005427000000000001,0.10807000000000001,0.2856315789473685,0.54035,0.4129907894736843
M7158,5.5e-05,1e-05,-0.25,-0.25,0.04,0.024377,0.09947,nSEG,1,LIDAR,-0.005377,0.10053000000000001,0.283,0.50265,0.392825
M7159,5.5e-05,1e-05,-0.25,-0.25,0.05,0.024284,0.1135,nSEG,1,LIDAR,-0.0052840000000000005,0.08650000000000001,0.27810526315789474,0.4325,0.35530263157894737
M7160,5.5e-05,1e-05,-0.25,-0.25,0.08,0.024044,0.1495,nSEG,1,LIDAR,-0.005044,0.05050000000000002,0.2654736842105263,0.25250000000000006,0.2589868421052632
M7161,5.5e-05,1e-05,-0.25,0.0,0.03,0.024509,0.07703,nSEG,1,LIDAR,-0.005509,0.12297000000000001,0.2899473684210526,0.61485,0.4523986842105263
M7162,5.5e-05,1e-05,-0.25,0.0,0.035,0.024459,0.08439,nSEG,1,LIDAR,-0.005459000000000002,0.11561,0.2873157894736843,0.57805,0.4326828947368421
M7163,5.5e-05,1e-05,-0.25,0.0,0.04,0.024412,0.09133,nSEG,1,LIDAR,-0.005412,0.10867000000000002,0.2848421052631579,0.54335,0.41409605263157895
M7164,5.5e-05,1e-05,-0.25,0.0,0.05,0.024323,0.1042,nSEG,1,LIDAR,-0.005323000000000001,0.09580000000000001,0.28015789473684216,0.47900000000000004,0.3795789473684211
M7165,5.5e-05,1e-05,-0.25,0.0,0.08,0.024096,0.1373,nSEG,1,LIDAR,-0.005096,0.0627,0.26821052631578945,0.3135,0.29085526315789473
M7166,5.5e-05,1e-05,-0.25,0.25,0.03,0.02453,0.07208,nSEG,1,LIDAR,-0.00553,0.12792,0.2910526315789474,0.6396,0.4653263157894737
M7167,5.5e-05,1e-05,-0.25,0.25,0.035,0.024482,0.07897,nSEG,1,LIDAR,-0.005482000000000001,0.12103000000000001,0.28852631578947374,0.6051500000000001,0.4468381578947369
M7168,5.5e-05,1e-05,-0.25,0.25,0.04,0.024436,0.08546,nSEG,1,LIDAR,-0.005436,0.11454000000000002,0.28610526315789475,0.5727000000000001,0.4294026315789474
M7169,5.5e-05,1e-05,-0.25,0.25,0.05,0.024352,0.09751,nSEG,1,LIDAR,-0.005351999999999999,0.10249000000000001,0.28168421052631576,0.5124500000000001,0.3970671052631579
M7170,5.5e-05,1e-05,-0.25,0.25,0.08,0.024133,0.1286,nSEG,1,LIDAR,-0.005133000000000002,0.07140000000000002,0.2701578947368422,0.3570000000000001,0.3135789473684212
M7171,5.5e-05,1e-05,-0.25,0.5,0.03,0.024546,0.06827,nSEG,1,LIDAR,-0.005545999999999999,0.13173,0.2918947368421052,0.6586500000000001,0.47527236842105264
M7172,5.5e-05,1e-05,-0.25,0.5,0.035,0.024499,0.0748,nSEG,1,LIDAR,-0.005499,0.1252,0.28942105263157897,0.626,0.45771052631578946
M7173,5.5e-05,1e-05,-0.25,0.5,0.04,0.024455,0.08095,nSEG,1,LIDAR,-0.0054550000000000015,0.11905000000000002,0.2871052631578948,0.5952500000000001,0.4411776315789474
M7174,5.5e-05,1e-05,-0.25,0.5,0.05,0.024373,0.09236,nSEG,1,LIDAR,-0.005372999999999999,0.10764000000000001,0.2827894736842105,0.5382,0.41049473684210525
M7175,5.5e-05,1e-05,-0.25,0.5,0.08,0.024161,0.1218,nSEG,1,LIDAR,-0.005160999999999999,0.0782,0.2716315789473684,0.391,0.33131578947368423
M7176,5.5e-05,1e-05,0.0,-0.5,0.03,0.024451,0.0947,nSEG,1,LIDAR,-0.005451000000000001,0.1053,0.2868947368421053,0.5265,0.40669736842105264
M7177,5.5e-05,1e-05,0.0,-0.5,0.035,0.024395,0.1037,nSEG,1,LIDAR,-0.0053950000000000005,0.09630000000000001,0.28394736842105267,0.48150000000000004,0.3827236842105264
M7178,5.5e-05,1e-05,0.0,-0.5,0.04,0.024342,0.1122,nSEG,1,LIDAR,-0.0053419999999999995,0.08780000000000002,0.2811578947368421,0.43900000000000006,0.36007894736842105
M7179,5.5e-05,1e-05,0.0,-0.5,0.05,0.024244,0.128,nSEG,1,LIDAR,-0.005244000000000002,0.07200000000000001,0.27600000000000013,0.36000000000000004,0.31800000000000006
M7180,5.5e-05,1e-05,0.0,-0.5,0.08,0.023991,0.1687,nSEG,1,LIDAR,-0.004990999999999999,0.03130000000000002,0.26268421052631574,0.1565000000000001,0.2095921052631579
M7181,5.5e-05,1e-05,0.0,-0.25,0.03,0.024496,0.08395,nSEG,1,LIDAR,-0.005496000000000001,0.11605000000000001,0.2892631578947369,0.58025,0.43475657894736847
M7182,5.5e-05,1e-05,0.0,-0.25,0.035,0.024445,0.09197,nSEG,1,LIDAR,-0.005445000000000002,0.10803000000000001,0.28657894736842116,0.54015,0.4133644736842106
M7183,5.5e-05,1e-05,0.0,-0.25,0.04,0.024396,0.09952,nSEG,1,LIDAR,-0.0053960000000000015,0.10048000000000001,0.2840000000000001,0.5024000000000001,0.3932000000000001
M7184,5.5e-05,1e-05,0.0,-0.25,0.05,0.024306,0.1135,nSEG,1,LIDAR,-0.005306000000000002,0.08650000000000001,0.27926315789473694,0.4325,0.3558815789473685
M7185,5.5e-05,1e-05,0.0,-0.25,0.08,0.024072,0.1496,nSEG,1,LIDAR,-0.005072,0.0504,0.26694736842105266,0.252,0.2594736842105263
M7186,5.5e-05,1e-05,0.0,0.0,0.03,0.024525,0.07706,nSEG,1,LIDAR,-0.005525000000000002,0.12294000000000001,0.29078947368421065,0.6147,0.45274473684210537
M7187,5.5e-05,1e-05,0.0,0.0,0.035,0.024477,0.08443,nSEG,1,LIDAR,-0.005476999999999999,0.11557,0.28826315789473683,0.57785,0.4330565789473684
M7188,5.5e-05,1e-05,0.0,0.0,0.04,0.024431,0.09137,nSEG,1,LIDAR,-0.005431000000000002,0.10863,0.285842105263158,0.54315,0.414496052631579
M7189,5.5e-05,1e-05,0.0,0.0,0.05,0.024345,0.1042,nSEG,1,LIDAR,-0.005344999999999999,0.09580000000000001,0.2813157894736842,0.47900000000000004,0.38015789473684214
M7190,5.5e-05,1e-05,0.0,0.0,0.08,0.024125,0.1374,nSEG,1,LIDAR,-0.005125000000000001,0.06260000000000002,0.2697368421052632,0.31300000000000006,0.2913684210526316
M7191,5.5e-05,1e-05,0.0,0.25,0.03,0.024546,0.07211,nSEG,1,LIDAR,-0.005545999999999999,0.12789,0.2918947368421052,0.63945,0.4656723684210526
M7192,5.5e-05,1e-05,0.0,0.25,0.035,0.0245,0.07901,nSEG,1,LIDAR,-0.005500000000000001,0.12099000000000001,0.2894736842105264,0.60495,0.4472118421052632
M7193,5.5e-05,1e-05,0.0,0.25,0.04,0.024456,0.0855,nSEG,1,LIDAR,-0.005455999999999999,0.1145,0.28715789473684206,0.5725,0.42982894736842103
M7194,5.5e-05,1e-05,0.0,0.25,0.05,0.024374,0.09756,nSEG,1,LIDAR,-0.005374,0.10244000000000002,0.2828421052631579,0.5122000000000001,0.397521052631579
M7195,5.5e-05,1e-05,0.0,0.25,0.08,0.024162,0.1287,nSEG,1,LIDAR,-0.005162,0.0713,0.2716842105263158,0.3565,0.3140921052631579
M7196,5.5e-05,1e-05,0.0,0.5,0.03,0.024562,0.0683,nSEG,1,LIDAR,-0.005562000000000001,0.1317,0.29273684210526324,0.6585,0.47561842105263163
M7197,5.5e-05,1e-05,0.0,0.5,0.035,0.024517,0.07483,nSEG,1,LIDAR,-0.005517000000000001,0.12517,0.29036842105263166,0.62585,0.4581092105263158
M7198,5.5e-05,1e-05,0.0,0.5,0.04,0.024475,0.08099,nSEG,1,LIDAR,-0.005475000000000001,0.11901,0.28815789473684217,0.59505,0.44160394736842107
M7199,5.5e-05,1e-05,0.0,0.5,0.05,0.024395,0.09241,nSEG,1,LIDAR,-0.0053950000000000005,0.10759,0.28394736842105267,0.53795,0.4109486842105263
M7200,5.5e-05,1e-05,0.0,0.5,0.08,0.02419,0.1219,nSEG,1,LIDAR,-0.00519,0.07810000000000002,0.2731578947368421,0.39050000000000007,0.33182894736842106
M7201,5.5e-05,1e-05,0.25,-0.5,0.03,0.024463,0.09473,nSEG,1,LIDAR,-0.005462999999999999,0.10527000000000002,0.28752631578947363,0.5263500000000001,0.40693815789473686
M7202,5.5e-05,1e-05,0.25,-0.5,0.035,0.024408,0.1038,nSEG,1,LIDAR,-0.005408,0.09620000000000001,0.2846315789473684,0.48100000000000004,0.3828157894736842
M7203,5.5e-05,1e-05,0.25,-0.5,0.04,0.024356,0.1123,nSEG,1,LIDAR,-0.005356,0.08770000000000001,0.28189473684210525,0.43850000000000006,0.36019736842105265
M7204,5.5e-05,1e-05,0.25,-0.5,0.05,0.02426,0.1281,nSEG,1,LIDAR,-0.005260000000000001,0.07190000000000002,0.27684210526315794,0.3595000000000001,0.318171052631579
M7205,5.5e-05,1e-05,0.25,-0.5,0.08,0.024011,0.1687,nSEG,1,LIDAR,-0.0050110000000000016,0.03130000000000002,0.26373684210526327,0.1565000000000001,0.21011842105263168
M7206,5.5e-05,1e-05,0.25,-0.25,0.03,0.024508,0.08397,nSEG,1,LIDAR,-0.005507999999999999,0.11603000000000001,0.2898947368421052,0.58015,0.43502236842105263
M7207,5.5e-05,1e-05,0.25,-0.25,0.035,0.024458,0.092,nSEG,1,LIDAR,-0.005458000000000001,0.10800000000000001,0.2872631578947369,0.54,0.41363157894736846
M7208,5.5e-05,1e-05,0.25,-0.25,0.04,0.02441,0.09956,nSEG,1,LIDAR,-0.005410000000000002,0.10044000000000002,0.28473684210526323,0.5022000000000001,0.3934684210526317
M7209,5.5e-05,1e-05,0.25,-0.25,0.05,0.024322,0.1136,nSEG,1,LIDAR,-0.005322,0.0864,0.28010526315789475,0.432,0.3560526315789474
M7210,5.5e-05,1e-05,0.25,-0.25,0.08,0.024093,0.1497,nSEG,1,LIDAR,-0.005093,0.05030000000000001,0.2680526315789474,0.25150000000000006,0.2597763157894737
M7211,5.5e-05,1e-05,0.25,0.0,0.03,0.024537,0.07708,nSEG,1,LIDAR,-0.005537,0.12292000000000002,0.29142105263157897,0.6146,0.45301052631578953
M7212,5.5e-05,1e-05,0.25,0.0,0.035,0.02449,0.08446,nSEG,1,LIDAR,-0.005490000000000002,0.11554000000000002,0.28894736842105273,0.5777000000000001,0.4333236842105264
M7213,5.5e-05,1e-05,0.25,0.0,0.04,0.024445,0.0914,nSEG,1,LIDAR,-0.005445000000000002,0.10860000000000002,0.28657894736842116,0.543,0.4147894736842106
M7214,5.5e-05,1e-05,0.25,0.0,0.05,0.024361,0.1043,nSEG,1,LIDAR,-0.005361000000000001,0.09570000000000001,0.28215789473684216,0.47850000000000004,0.3803289473684211
M7215,5.5e-05,1e-05,0.25,0.0,0.08,0.024145,0.1375,nSEG,1,LIDAR,-0.005145,0.0625,0.2707894736842105,0.3125,0.29164473684210523
M7216,5.5e-05,1e-05,0.25,0.25,0.03,0.024558,0.07213,nSEG,1,LIDAR,-0.0055580000000000004,0.12787,0.2925263157894737,0.63935,0.4659381578947368
M7217,5.5e-05,1e-05,0.25,0.25,0.035,0.024512,0.07903,nSEG,1,LIDAR,-0.0055119999999999995,0.12097000000000001,0.2901052631578947,0.60485,0.4474776315789474
M7218,5.5e-05,1e-05,0.25,0.25,0.04,0.024469,0.08553,nSEG,1,LIDAR,-0.005469000000000002,0.11447000000000002,0.287842105263158,0.57235,0.430096052631579
M7219,5.5e-05,1e-05,0.25,0.25,0.05,0.02439,0.0976,nSEG,1,LIDAR,-0.005389999999999999,0.1024,0.28368421052631576,0.512,0.3978421052631579
M7220,5.5e-05,1e-05,0.25,0.25,0.08,0.024182,0.1287,nSEG,1,LIDAR,-0.005181999999999999,0.0713,0.2727368421052631,0.3565,0.31461842105263155
M7221,5.5e-05,1e-05,0.25,0.5,0.03,0.024574,0.06832,nSEG,1,LIDAR,-0.005573999999999999,0.13168000000000002,0.29336842105263156,0.6584000000000001,0.4758842105263158
M7222,5.5e-05,1e-05,0.25,0.5,0.035,0.02453,0.07486,nSEG,1,LIDAR,-0.00553,0.12514000000000003,0.2910526315789474,0.6257000000000001,0.4583763157894738
M7223,5.5e-05,1e-05,0.25,0.5,0.04,0.024489,0.08102,nSEG,1,LIDAR,-0.005489000000000001,0.11898000000000002,0.2888947368421053,0.5949000000000001,0.4418973684210527
M7224,5.5e-05,1e-05,0.25,0.5,0.05,0.024411,0.09245,nSEG,1,LIDAR,-0.005410999999999999,0.10755,0.2847894736842105,0.53775,0.4112697368421052
M7225,5.5e-05,1e-05,0.25,0.5,0.08,0.024211,0.122,nSEG,1,LIDAR,-0.005211,0.07800000000000001,0.2742631578947369,0.39000000000000007,0.33213157894736844
M7226,5.5e-05,1e-05,0.5,-0.5,0.03,0.024472,0.09475,nSEG,1,LIDAR,-0.005472000000000001,0.10525000000000001,0.2880000000000001,0.52625,0.40712500000000007
M7227,5.5e-05,1e-05,0.5,-0.5,0.035,0.024418,0.1038,nSEG,1,LIDAR,-0.005417999999999999,0.09620000000000001,0.28515789473684205,0.48100000000000004,0.3830789473684211
M7228,5.5e-05,1e-05,0.5,-0.5,0.04,0.024367,0.1123,nSEG,1,LIDAR,-0.005367,0.08770000000000001,0.2824736842105263,0.43850000000000006,0.36048684210526316
M7229,5.5e-05,1e-05,0.5,-0.5,0.05,0.024272,0.1281,nSEG,1,LIDAR,-0.005271999999999999,0.07190000000000002,0.27747368421052626,0.3595000000000001,0.3184868421052632
M7230,5.5e-05,1e-05,0.5,-0.5,0.08,0.024027,0.1688,nSEG,1,LIDAR,-0.005027,0.031200000000000006,0.2645789473684211,0.15600000000000003,0.21028947368421055
M7231,5.5e-05,1e-05,0.5,-0.25,0.03,0.024517,0.08399,nSEG,1,LIDAR,-0.005517000000000001,0.11601000000000002,0.29036842105263166,0.5800500000000001,0.4352092105263159
M7232,5.5e-05,1e-05,0.5,-0.25,0.035,0.024468,0.09202,nSEG,1,LIDAR,-0.005468000000000001,0.10798,0.28778947368421054,0.5399,0.4138447368421053
M7233,5.5e-05,1e-05,0.5,-0.25,0.04,0.024421,0.09958,nSEG,1,LIDAR,-0.005421000000000002,0.10042000000000001,0.28531578947368436,0.5021,0.3937078947368422
M7234,5.5e-05,1e-05,0.5,-0.25,0.05,0.024334,0.1136,nSEG,1,LIDAR,-0.005334000000000002,0.0864,0.2807368421052633,0.432,0.35636842105263167
M7235,5.5e-05,1e-05,0.5,-0.25,0.08,0.024109,0.1498,nSEG,1,LIDAR,-0.005108999999999999,0.05020000000000002,0.26889473684210524,0.2510000000000001,0.2599473684210527
M7236,5.5e-05,1e-05,0.5,0.0,0.03,0.024546,0.0771,nSEG,1,LIDAR,-0.005545999999999999,0.12290000000000001,0.2918947368421052,0.6145,0.4531973684210526
M7237,5.5e-05,1e-05,0.5,0.0,0.035,0.024499,0.08448,nSEG,1,LIDAR,-0.005499,0.11552000000000001,0.28942105263157897,0.5776,0.43351052631578946
M7238,5.5e-05,1e-05,0.5,0.0,0.04,0.024455,0.09142,nSEG,1,LIDAR,-0.0054550000000000015,0.10858000000000001,0.2871052631578948,0.5429,0.41500263157894746
M7239,5.5e-05,1e-05,0.5,0.0,0.05,0.024373,0.1043,nSEG,1,LIDAR,-0.005372999999999999,0.09570000000000001,0.2827894736842105,0.47850000000000004,0.38064473684210526
M7240,5.5e-05,1e-05,0.5,0.0,0.08,0.024161,0.1376,nSEG,1,LIDAR,-0.005160999999999999,0.06240000000000001,0.2716315789473684,0.31200000000000006,0.29181578947368425
M7241,5.5e-05,1e-05,0.5,0.25,0.03,0.024567,0.07215,nSEG,1,LIDAR,-0.005566999999999999,0.12785000000000002,0.293,0.6392500000000001,0.466125
M7242,5.5e-05,1e-05,0.5,0.25,0.035,0.024522,0.07905,nSEG,1,LIDAR,-0.005521999999999999,0.12095000000000002,0.2906315789473684,0.60475,0.44769078947368424
M7243,5.5e-05,1e-05,0.5,0.25,0.04,0.02448,0.08556,nSEG,1,LIDAR,-0.005479999999999999,0.11444000000000001,0.2884210526315789,0.5722,0.4303105263157895
M7244,5.5e-05,1e-05,0.5,0.25,0.05,0.024402,0.09763,nSEG,1,LIDAR,-0.0054020000000000006,0.10237000000000002,0.28431578947368424,0.51185,0.3980828947368421
M7245,5.5e-05,1e-05,0.5,0.25,0.08,0.024199,0.1288,nSEG,1,LIDAR,-0.005198999999999999,0.07120000000000001,0.27363157894736834,0.35600000000000004,0.31481578947368416
M7246,5.5e-05,1e-05,0.5,0.5,0.03,0.024583,0.06833,nSEG,1,LIDAR,-0.005583000000000001,0.13167,0.29384210526315796,0.65835,0.47609605263157895
M7247,5.5e-05,1e-05,0.5,0.5,0.035,0.02454,0.07487,nSEG,1,LIDAR,-0.00554,0.12513000000000002,0.29157894736842105,0.62565,0.45861447368421054
M7248,5.5e-05,1e-05,0.5,0.5,0.04,0.024499,0.08104,nSEG,1,LIDAR,-0.005499,0.11896000000000001,0.28942105263157897,0.5948,0.4421105263157895
M7249,5.5e-05,1e-05,0.5,0.5,0.05,0.024424,0.09248,nSEG,1,LIDAR,-0.005424000000000002,0.10752,0.28547368421052643,0.5376,0.4115368421052632
M7250,5.5e-05,1e-05,0.5,0.5,0.08,0.024227,0.122,nSEG,1,LIDAR,-0.005226999999999999,0.07800000000000001,0.2751052631578947,0.39000000000000007,0.3325526315789474
M7251,5.5e-05,5.5e-05,-0.5,-0.5,0.03,0.058644,0.16,nSEG,1,LIDAR,-0.039644,0.04000000000000001,2.086526315789474,0.20000000000000004,1.143263157894737
M7252,5.5e-05,5.5e-05,-0.5,-0.5,0.035,0.058495,0.1753,nSEG,1,LIDAR,-0.039495,0.0247,2.078684210526316,0.1235,1.101092105263158
M7253,5.5e-05,5.5e-05,-0.5,-0.5,0.04,0.058353,0.1896,nSEG,1,LIDAR,-0.039353,0.01040000000000002,2.0712105263157894,0.0520000000000001,1.0616052631578947
M7254,5.5e-05,5.5e-05,-0.5,-0.5,0.05,0.058085,0.2162,nSEG,1,LIDAR,-0.039084999999999995,-0.016199999999999992,2.0571052631578945,0.08099999999999996,1.0690526315789473
M7255,5.5e-05,5.5e-05,-0.5,-0.5,0.08,0.057363,0.2845,nSEG,1,LIDAR,-0.038362999999999994,-0.08449999999999996,2.0191052631578943,0.4224999999999998,1.220802631578947
M7256,5.5e-05,5.5e-05,-0.5,-0.25,0.03,0.058797,0.1419,nSEG,1,LIDAR,-0.039797,0.05810000000000001,2.094578947368421,0.29050000000000004,1.1925394736842105
M7257,5.5e-05,5.5e-05,-0.5,-0.25,0.035,0.058666,0.1555,nSEG,1,LIDAR,-0.03966600000000001,0.04450000000000001,2.0876842105263163,0.22250000000000006,1.1550921052631582
M7258,5.5e-05,5.5e-05,-0.5,-0.25,0.04,0.058541,0.1682,nSEG,1,LIDAR,-0.03954100000000001,0.03180000000000002,2.081105263157895,0.1590000000000001,1.1200526315789476
M7259,5.5e-05,5.5e-05,-0.5,-0.25,0.05,0.058305,0.1919,nSEG,1,LIDAR,-0.03930500000000001,0.008100000000000024,2.068684210526316,0.04050000000000012,1.0545921052631582
M7260,5.5e-05,5.5e-05,-0.5,-0.25,0.08,0.057671,0.2527,nSEG,1,LIDAR,-0.038671,-0.05269999999999997,2.035315789473684,0.26349999999999985,1.149407894736842
M7261,5.5e-05,5.5e-05,-0.5,0.0,0.03,0.058894,0.1303,nSEG,1,LIDAR,-0.039894,0.06970000000000001,2.099684210526316,0.34850000000000003,1.224092105263158
M7262,5.5e-05,5.5e-05,-0.5,0.0,0.035,0.058774,0.1428,nSEG,1,LIDAR,-0.039774000000000004,0.0572,2.0933684210526318,0.286,1.189684210526316
M7263,5.5e-05,5.5e-05,-0.5,0.0,0.04,0.058659,0.1545,nSEG,1,LIDAR,-0.039659,0.04550000000000001,2.0873157894736845,0.22750000000000006,1.1574078947368422
M7264,5.5e-05,5.5e-05,-0.5,0.0,0.05,0.058442,0.1762,nSEG,1,LIDAR,-0.039442000000000005,0.023800000000000016,2.0758947368421055,0.11900000000000008,1.0974473684210528
M7265,5.5e-05,5.5e-05,-0.5,0.0,0.08,0.057863,0.2323,nSEG,1,LIDAR,-0.038862999999999995,-0.032299999999999995,2.045421052631579,0.16149999999999998,1.1034605263157893
M7266,5.5e-05,5.5e-05,-0.5,0.25,0.03,0.058962,0.122,nSEG,1,LIDAR,-0.039962,0.07800000000000001,2.103263157894737,0.39000000000000007,1.2466315789473685
M7267,5.5e-05,5.5e-05,-0.5,0.25,0.035,0.05885,0.1336,nSEG,1,LIDAR,-0.03985,0.06640000000000001,2.0973684210526313,0.3320000000000001,1.2146842105263156
M7268,5.5e-05,5.5e-05,-0.5,0.25,0.04,0.058743,0.1446,nSEG,1,LIDAR,-0.039743,0.055400000000000005,2.0917368421052633,0.277,1.1843684210526317
M7269,5.5e-05,5.5e-05,-0.5,0.25,0.05,0.05854,0.165,nSEG,1,LIDAR,-0.039540000000000006,0.035,2.081052631578948,0.17500000000000002,1.1280263157894739
M7270,5.5e-05,5.5e-05,-0.5,0.25,0.08,0.057999,0.2176,nSEG,1,LIDAR,-0.038999000000000006,-0.017599999999999977,2.0525789473684215,0.08799999999999988,1.0702894736842108
M7271,5.5e-05,5.5e-05,-0.5,0.5,0.03,0.059015,0.1155,nSEG,1,LIDAR,-0.040014999999999995,0.0845,2.106052631578947,0.4225,1.2642763157894734
M7272,5.5e-05,5.5e-05,-0.5,0.5,0.035,0.058908,0.1266,nSEG,1,LIDAR,-0.039908,0.07340000000000002,2.100421052631579,0.3670000000000001,1.2337105263157895
M7273,5.5e-05,5.5e-05,-0.5,0.5,0.04,0.058806,0.137,nSEG,1,LIDAR,-0.039805999999999994,0.063,2.0950526315789473,0.315,1.2050263157894736
M7274,5.5e-05,5.5e-05,-0.5,0.5,0.05,0.058615,0.1563,nSEG,1,LIDAR,-0.039615,0.04370000000000002,2.085,0.21850000000000008,1.15175
M7275,5.5e-05,5.5e-05,-0.5,0.5,0.08,0.058102,0.2062,nSEG,1,LIDAR,-0.039102,-0.006199999999999983,2.058,0.030999999999999917,1.0444999999999998
M7276,5.5e-05,5.5e-05,-0.25,-0.5,0.03,0.058663,0.1601,nSEG,1,LIDAR,-0.039663000000000004,0.03990000000000002,2.087526315789474,0.1995000000000001,1.143513157894737
M7277,5.5e-05,5.5e-05,-0.25,-0.5,0.035,0.058516,0.1753,nSEG,1,LIDAR,-0.039515999999999996,0.0247,2.0797894736842104,0.1235,1.1016447368421052
M7278,5.5e-05,5.5e-05,-0.25,-0.5,0.04,0.058376,0.1897,nSEG,1,LIDAR,-0.039375999999999994,0.010300000000000004,2.0724210526315785,0.05150000000000002,1.0619605263157892
M7279,5.5e-05,5.5e-05,-0.25,-0.5,0.05,0.058111,0.2163,nSEG,1,LIDAR,-0.03911100000000001,-0.01629999999999998,2.0584736842105267,0.0814999999999999,1.0699868421052634
M7280,5.5e-05,5.5e-05,-0.25,-0.5,0.08,0.057396,0.2846,nSEG,1,LIDAR,-0.038396,-0.08460000000000001,2.0208421052631578,0.42300000000000004,1.221921052631579
M7281,5.5e-05,5.5e-05,-0.25,-0.25,0.03,0.058816,0.142,nSEG,1,LIDAR,-0.039816000000000004,0.058000000000000024,2.095578947368421,0.2900000000000001,1.1927894736842106
M7282,5.5e-05,5.5e-05,-0.25,-0.25,0.035,0.058687,0.1555,nSEG,1,LIDAR,-0.039687,0.04450000000000001,2.0887894736842108,0.22250000000000006,1.1556447368421054
M7283,5.5e-05,5.5e-05,-0.25,-0.25,0.04,0.058563,0.1683,nSEG,1,LIDAR,-0.039563,0.031700000000000006,2.082263157894737,0.15850000000000003,1.1203815789473686
M7284,5.5e-05,5.5e-05,-0.25,-0.25,0.05,0.05833,0.1919,nSEG,1,LIDAR,-0.039330000000000004,0.008100000000000024,2.0700000000000003,0.04050000000000012,1.0552500000000002
M7285,5.5e-05,5.5e-05,-0.25,-0.25,0.08,0.057705,0.2528,nSEG,1,LIDAR,-0.038705,-0.052800000000000014,2.037105263157895,0.26400000000000007,1.1505526315789476
M7286,5.5e-05,5.5e-05,-0.25,0.0,0.03,0.058913,0.1303,nSEG,1,LIDAR,-0.039913000000000004,0.06970000000000001,2.100684210526316,0.34850000000000003,1.224592105263158
M7287,5.5e-05,5.5e-05,-0.25,0.0,0.035,0.058795,0.1428,nSEG,1,LIDAR,-0.039795,0.0572,2.0944736842105263,0.286,1.1902368421052631
M7288,5.5e-05,5.5e-05,-0.25,0.0,0.04,0.058682,0.1545,nSEG,1,LIDAR,-0.039681999999999995,0.04550000000000001,2.0885263157894736,0.22750000000000006,1.1580131578947368
M7289,5.5e-05,5.5e-05,-0.25,0.0,0.05,0.058468,0.1763,nSEG,1,LIDAR,-0.039468,0.0237,2.077263157894737,0.1185,1.0978815789473686
M7290,5.5e-05,5.5e-05,-0.25,0.0,0.08,0.057897,0.2324,nSEG,1,LIDAR,-0.038897,-0.032399999999999984,2.0472105263157894,0.16199999999999992,1.1046052631578946
M7291,5.5e-05,5.5e-05,-0.25,0.25,0.03,0.058982,0.122,nSEG,1,LIDAR,-0.039982000000000004,0.07800000000000001,2.1043157894736844,0.39000000000000007,1.2471578947368422
M7292,5.5e-05,5.5e-05,-0.25,0.25,0.035,0.058871,0.1337,nSEG,1,LIDAR,-0.039871000000000004,0.0663,2.0984736842105267,0.33149999999999996,1.2149868421052634
M7293,5.5e-05,5.5e-05,-0.25,0.25,0.04,0.058765,0.1447,nSEG,1,LIDAR,-0.039764999999999995,0.055300000000000016,2.092894736842105,0.2765000000000001,1.1846973684210524
M7294,5.5e-05,5.5e-05,-0.25,0.25,0.05,0.058566,0.165,nSEG,1,LIDAR,-0.039566000000000004,0.035,2.082421052631579,0.17500000000000002,1.1287105263157895
M7295,5.5e-05,5.5e-05,-0.25,0.25,0.08,0.058033,0.2176,nSEG,1,LIDAR,-0.039033,-0.017599999999999977,2.0543684210526316,0.08799999999999988,1.0711842105263158
M7296,5.5e-05,5.5e-05,-0.25,0.5,0.03,0.059034,0.1156,nSEG,1,LIDAR,-0.040034,0.08440000000000002,2.1070526315789473,0.42200000000000004,1.2645263157894737
M7297,5.5e-05,5.5e-05,-0.25,0.5,0.035,0.058929,0.1266,nSEG,1,LIDAR,-0.039929000000000006,0.07340000000000002,2.101526315789474,0.3670000000000001,1.234263157894737
M7298,5.5e-05,5.5e-05,-0.25,0.5,0.04,0.058829,0.137,nSEG,1,LIDAR,-0.039829,0.063,2.0962631578947373,0.315,1.2056315789473686
M7299,5.5e-05,5.5e-05,-0.25,0.5,0.05,0.058641,0.1564,nSEG,1,LIDAR,-0.039640999999999996,0.0436,2.086368421052631,0.218,1.1521842105263156
M7300,5.5e-05,5.5e-05,-0.25,0.5,0.08,0.058136,0.2063,nSEG,1,LIDAR,-0.039136000000000004,-0.0063,2.059789473684211,0.0315,1.0456447368421053
M7301,5.5e-05,5.5e-05,0.0,-0.5,0.03,0.058675,0.1601,nSEG,1,LIDAR,-0.039675,0.03990000000000002,2.088157894736842,0.1995000000000001,1.1438289473684211
M7302,5.5e-05,5.5e-05,0.0,-0.5,0.035,0.058529,0.1753,nSEG,1,LIDAR,-0.039528999999999995,0.0247,2.080473684210526,0.1235,1.101986842105263
M7303,5.5e-05,5.5e-05,0.0,-0.5,0.04,0.05839,0.1897,nSEG,1,LIDAR,-0.039389999999999994,0.010300000000000004,2.0731578947368416,0.05150000000000002,1.0623289473684208
M7304,5.5e-05,5.5e-05,0.0,-0.5,0.05,0.058127,0.2163,nSEG,1,LIDAR,-0.039126999999999995,-0.01629999999999998,2.059315789473684,0.0814999999999999,1.0704078947368418
M7305,5.5e-05,5.5e-05,0.0,-0.5,0.08,0.057418,0.2847,nSEG,1,LIDAR,-0.038417999999999994,-0.0847,2.022,0.4235,1.22275
M7306,5.5e-05,5.5e-05,0.0,-0.25,0.03,0.058829,0.142,nSEG,1,LIDAR,-0.039829,0.058000000000000024,2.0962631578947373,0.2900000000000001,1.1931315789473687
M7307,5.5e-05,5.5e-05,0.0,-0.25,0.035,0.058701,0.1555,nSEG,1,LIDAR,-0.039701,0.04450000000000001,2.089526315789474,0.22250000000000006,1.156013157894737
M7308,5.5e-05,5.5e-05,0.0,-0.25,0.04,0.058578,0.1683,nSEG,1,LIDAR,-0.039578,0.031700000000000006,2.0830526315789477,0.15850000000000003,1.120776315789474
M7309,5.5e-05,5.5e-05,0.0,-0.25,0.05,0.058347,0.1919,nSEG,1,LIDAR,-0.03934700000000001,0.008100000000000024,2.0708947368421056,0.04050000000000012,1.0556973684210529
M7310,5.5e-05,5.5e-05,0.0,-0.25,0.08,0.057726,0.2529,nSEG,1,LIDAR,-0.038726,-0.0529,2.0382105263157895,0.2645,1.1513552631578947
M7311,5.5e-05,5.5e-05,0.0,0.0,0.03,0.058925,0.1304,nSEG,1,LIDAR,-0.039925,0.06960000000000002,2.1013157894736842,0.3480000000000001,1.224657894736842
M7312,5.5e-05,5.5e-05,0.0,0.0,0.035,0.058808,0.1428,nSEG,1,LIDAR,-0.039807999999999996,0.0572,2.095157894736842,0.286,1.190578947368421
M7313,5.5e-05,5.5e-05,0.0,0.0,0.04,0.058696,0.1546,nSEG,1,LIDAR,-0.039695999999999995,0.045400000000000024,2.0892631578947367,0.22700000000000012,1.1581315789473685
M7314,5.5e-05,5.5e-05,0.0,0.0,0.05,0.058485,0.1763,nSEG,1,LIDAR,-0.039485000000000006,0.0237,2.0781578947368424,0.1185,1.0983289473684212
M7315,5.5e-05,5.5e-05,0.0,0.0,0.08,0.057918,0.2324,nSEG,1,LIDAR,-0.038917999999999994,-0.032399999999999984,2.048315789473684,0.16199999999999992,1.105157894736842
M7316,5.5e-05,5.5e-05,0.0,0.25,0.03,0.058994,0.122,nSEG,1,LIDAR,-0.039994,0.07800000000000001,2.104947368421053,0.39000000000000007,1.2474736842105265
M7317,5.5e-05,5.5e-05,0.0,0.25,0.035,0.058884,0.1337,nSEG,1,LIDAR,-0.039884,0.0663,2.0991578947368423,0.33149999999999996,1.2153289473684212
M7318,5.5e-05,5.5e-05,0.0,0.25,0.04,0.05878,0.1447,nSEG,1,LIDAR,-0.039779999999999996,0.055300000000000016,2.0936842105263156,0.2765000000000001,1.1850921052631578
M7319,5.5e-05,5.5e-05,0.0,0.25,0.05,0.058582,0.1651,nSEG,1,LIDAR,-0.039582000000000006,0.034900000000000014,2.0832631578947374,0.17450000000000007,1.1288815789473687
M7320,5.5e-05,5.5e-05,0.0,0.25,0.08,0.058054,0.2177,nSEG,1,LIDAR,-0.039054000000000005,-0.017699999999999994,2.0554736842105266,0.08849999999999997,1.0719868421052632
M7321,5.5e-05,5.5e-05,0.0,0.5,0.03,0.059047,0.1156,nSEG,1,LIDAR,-0.040047,0.08440000000000002,2.1077368421052634,0.42200000000000004,1.2648684210526318
M7322,5.5e-05,5.5e-05,0.0,0.5,0.035,0.058943,0.1266,nSEG,1,LIDAR,-0.039943000000000006,0.07340000000000002,2.102263157894737,0.3670000000000001,1.2346315789473685
M7323,5.5e-05,5.5e-05,0.0,0.5,0.04,0.058844,0.1371,nSEG,1,LIDAR,-0.039844000000000004,0.06290000000000001,2.0970526315789475,0.31450000000000006,1.2057763157894739
M7324,5.5e-05,5.5e-05,0.0,0.5,0.05,0.058657,0.1564,nSEG,1,LIDAR,-0.039657,0.0436,2.0872105263157894,0.218,1.1526052631578947
M7325,5.5e-05,5.5e-05,0.0,0.5,0.08,0.058158,0.2063,nSEG,1,LIDAR,-0.039158,-0.0063,2.0609473684210524,0.0315,1.0462236842105261
M7326,5.5e-05,5.5e-05,0.25,-0.5,0.03,0.058684,0.1601,nSEG,1,LIDAR,-0.039684,0.03990000000000002,2.088631578947368,0.1995000000000001,1.144065789473684
M7327,5.5e-05,5.5e-05,0.25,-0.5,0.035,0.058539,0.1754,nSEG,1,LIDAR,-0.039539000000000005,0.02460000000000001,2.0810000000000004,0.12300000000000005,1.1020000000000003
M7328,5.5e-05,5.5e-05,0.25,-0.5,0.04,0.058401,0.1897,nSEG,1,LIDAR,-0.039401000000000005,0.010300000000000004,2.0737368421052635,0.05150000000000002,1.0626184210526317
M7329,5.5e-05,5.5e-05,0.25,-0.5,0.05,0.058139,0.2163,nSEG,1,LIDAR,-0.03913900000000001,-0.01629999999999998,2.059947368421053,0.0814999999999999,1.0707236842105265
M7330,5.5e-05,5.5e-05,0.25,-0.5,0.08,0.057433,0.2847,nSEG,1,LIDAR,-0.038432999999999995,-0.0847,2.0227894736842105,0.4235,1.2231447368421051
M7331,5.5e-05,5.5e-05,0.25,-0.25,0.03,0.058838,0.142,nSEG,1,LIDAR,-0.039838,0.058000000000000024,2.0967368421052632,0.2900000000000001,1.1933684210526316
M7332,5.5e-05,5.5e-05,0.25,-0.25,0.035,0.05871,0.1555,nSEG,1,LIDAR,-0.039709999999999995,0.04450000000000001,2.09,0.22250000000000006,1.15625
M7333,5.5e-05,5.5e-05,0.25,-0.25,0.04,0.058588,0.1683,nSEG,1,LIDAR,-0.039588,0.031700000000000006,2.083578947368421,0.15850000000000003,1.1210394736842106
M7334,5.5e-05,5.5e-05,0.25,-0.25,0.05,0.058359,0.192,nSEG,1,LIDAR,-0.039359000000000005,0.008000000000000007,2.071526315789474,0.040000000000000036,1.055763157894737
M7335,5.5e-05,5.5e-05,0.25,-0.25,0.08,0.057741,0.2529,nSEG,1,LIDAR,-0.038741,-0.0529,2.039,0.2645,1.15175
M7336,5.5e-05,5.5e-05,0.25,0.0,0.03,0.058934,0.1304,nSEG,1,LIDAR,-0.039934,0.06960000000000002,2.1017894736842107,0.3480000000000001,1.2248947368421055
M7337,5.5e-05,5.5e-05,0.25,0.0,0.035,0.058818,0.1428,nSEG,1,LIDAR,-0.039818000000000006,0.0572,2.0956842105263163,0.286,1.1908421052631581
M7338,5.5e-05,5.5e-05,0.25,0.0,0.04,0.058707,0.1546,nSEG,1,LIDAR,-0.039707000000000006,0.045400000000000024,2.089842105263158,0.22700000000000012,1.1584210526315792
M7339,5.5e-05,5.5e-05,0.25,0.0,0.05,0.058496,0.1763,nSEG,1,LIDAR,-0.039496,0.0237,2.0787368421052634,0.1185,1.0986184210526317
M7340,5.5e-05,5.5e-05,0.25,0.0,0.08,0.057934,0.2325,nSEG,1,LIDAR,-0.038933999999999996,-0.0325,2.049157894736842,0.1625,1.105828947368421
M7341,5.5e-05,5.5e-05,0.25,0.25,0.03,0.059003,0.122,nSEG,1,LIDAR,-0.040003,0.07800000000000001,2.105421052631579,0.39000000000000007,1.2477105263157895
M7342,5.5e-05,5.5e-05,0.25,0.25,0.035,0.058894,0.1337,nSEG,1,LIDAR,-0.039894,0.0663,2.099684210526316,0.33149999999999996,1.215592105263158
M7343,5.5e-05,5.5e-05,0.25,0.25,0.04,0.05879,0.1447,nSEG,1,LIDAR,-0.039790000000000006,0.055300000000000016,2.09421052631579,0.2765000000000001,1.185355263157895
M7344,5.5e-05,5.5e-05,0.25,0.25,0.05,0.058594,0.1651,nSEG,1,LIDAR,-0.039594000000000004,0.034900000000000014,2.0838947368421055,0.17450000000000007,1.1291973684210528
M7345,5.5e-05,5.5e-05,0.25,0.25,0.08,0.05807,0.2177,nSEG,1,LIDAR,-0.039069999999999994,-0.017699999999999994,2.056315789473684,0.08849999999999997,1.0724078947368418
M7346,5.5e-05,5.5e-05,0.25,0.5,0.03,0.059055,0.1156,nSEG,1,LIDAR,-0.04005500000000001,0.08440000000000002,2.1081578947368427,0.42200000000000004,1.2650789473684214
M7347,5.5e-05,5.5e-05,0.25,0.5,0.035,0.058952,0.1266,nSEG,1,LIDAR,-0.039952,0.07340000000000002,2.1027368421052635,0.3670000000000001,1.2348684210526317
M7348,5.5e-05,5.5e-05,0.25,0.5,0.04,0.058854,0.1371,nSEG,1,LIDAR,-0.039854,0.06290000000000001,2.097578947368421,0.31450000000000006,1.2060394736842106
M7349,5.5e-05,5.5e-05,0.25,0.5,0.05,0.058669,0.1564,nSEG,1,LIDAR,-0.039668999999999996,0.0436,2.087842105263158,0.218,1.152921052631579
M7350,5.5e-05,5.5e-05,0.25,0.5,0.08,0.058173,0.2063,nSEG,1,LIDAR,-0.039173,-0.0063,2.061736842105263,0.0315,1.0466184210526315
M7351,5.5e-05,5.5e-05,0.5,-0.5,0.03,0.058691,0.1601,nSEG,1,LIDAR,-0.039691000000000004,0.03990000000000002,2.0890000000000004,0.1995000000000001,1.1442500000000002
M7352,5.5e-05,5.5e-05,0.5,-0.5,0.035,0.058546,0.1754,nSEG,1,LIDAR,-0.039546,0.02460000000000001,2.0813684210526313,0.12300000000000005,1.1021842105263158
M7353,5.5e-05,5.5e-05,0.5,-0.5,0.04,0.058409,0.1897,nSEG,1,LIDAR,-0.039409,0.010300000000000004,2.074157894736842,0.05150000000000002,1.062828947368421
M7354,5.5e-05,5.5e-05,0.5,-0.5,0.05,0.058148,0.2163,nSEG,1,LIDAR,-0.039148,-0.01629999999999998,2.060421052631579,0.0814999999999999,1.0709605263157895
M7355,5.5e-05,5.5e-05,0.5,-0.5,0.08,0.057445,0.2848,nSEG,1,LIDAR,-0.03844500000000001,-0.08479999999999999,2.0234210526315795,0.42399999999999993,1.2237105263157897
M7356,5.5e-05,5.5e-05,0.5,-0.25,0.03,0.058844,0.142,nSEG,1,LIDAR,-0.039844000000000004,0.058000000000000024,2.0970526315789475,0.2900000000000001,1.1935263157894738
M7357,5.5e-05,5.5e-05,0.5,-0.25,0.035,0.058718,0.1556,nSEG,1,LIDAR,-0.039718,0.04440000000000002,2.090421052631579,0.22200000000000011,1.1562105263157896
M7358,5.5e-05,5.5e-05,0.5,-0.25,0.04,0.058596,0.1683,nSEG,1,LIDAR,-0.039596000000000006,0.031700000000000006,2.0840000000000005,0.15850000000000003,1.1212500000000003
M7359,5.5e-05,5.5e-05,0.5,-0.25,0.05,0.058368,0.192,nSEG,1,LIDAR,-0.039368,0.008000000000000007,2.072,0.040000000000000036,1.056
M7360,5.5e-05,5.5e-05,0.5,-0.25,0.08,0.057753,0.2529,nSEG,1,LIDAR,-0.038752999999999996,-0.0529,2.0396315789473682,0.2645,1.152065789473684
M7361,5.5e-05,5.5e-05,0.5,0.0,0.03,0.058941,0.1304,nSEG,1,LIDAR,-0.039941000000000004,0.06960000000000002,2.1021578947368424,0.3480000000000001,1.2250789473684214
M7362,5.5e-05,5.5e-05,0.5,0.0,0.035,0.058825,0.1428,nSEG,1,LIDAR,-0.039825,0.0572,2.096052631578947,0.286,1.1910263157894736
M7363,5.5e-05,5.5e-05,0.5,0.0,0.04,0.058715,0.1546,nSEG,1,LIDAR,-0.039715,0.045400000000000024,2.090263157894737,0.22700000000000012,1.1586315789473687
M7364,5.5e-05,5.5e-05,0.5,0.0,0.05,0.058506,0.1764,nSEG,1,LIDAR,-0.039506,0.02360000000000001,2.079263157894737,0.11800000000000005,1.0986315789473684
M7365,5.5e-05,5.5e-05,0.5,0.0,0.08,0.057946,0.2325,nSEG,1,LIDAR,-0.038945999999999995,-0.0325,2.04978947368421,0.1625,1.1061447368421051
M7366,5.5e-05,5.5e-05,0.5,0.25,0.03,0.05901,0.122,nSEG,1,LIDAR,-0.040010000000000004,0.07800000000000001,2.1057894736842107,0.39000000000000007,1.2478947368421054
M7367,5.5e-05,5.5e-05,0.5,0.25,0.035,0.058902,0.1337,nSEG,1,LIDAR,-0.03990200000000001,0.0663,2.100105263157895,0.33149999999999996,1.2158026315789476
M7368,5.5e-05,5.5e-05,0.5,0.25,0.04,0.058799,0.1447,nSEG,1,LIDAR,-0.039799,0.055300000000000016,2.094684210526316,0.2765000000000001,1.185592105263158
M7369,5.5e-05,5.5e-05,0.5,0.25,0.05,0.058603,0.1651,nSEG,1,LIDAR,-0.039603,0.034900000000000014,2.0843684210526314,0.17450000000000007,1.1294342105263158
M7370,5.5e-05,5.5e-05,0.5,0.25,0.08,0.058082,0.2177,nSEG,1,LIDAR,-0.039082000000000006,-0.017699999999999994,2.056947368421053,0.08849999999999997,1.0727236842105263
M7371,5.5e-05,5.5e-05,0.5,0.5,0.03,0.059062,0.1156,nSEG,1,LIDAR,-0.040062,0.08440000000000002,2.1085263157894736,0.42200000000000004,1.2652631578947369
M7372,5.5e-05,5.5e-05,0.5,0.5,0.035,0.05896,0.1267,nSEG,1,LIDAR,-0.039959999999999996,0.0733,2.103157894736842,0.3665,1.2348289473684209
M7373,5.5e-05,5.5e-05,0.5,0.5,0.04,0.058862,0.1371,nSEG,1,LIDAR,-0.039861999999999995,0.06290000000000001,2.098,0.31450000000000006,1.20625
M7374,5.5e-05,5.5e-05,0.5,0.5,0.05,0.058678,0.1564,nSEG,1,LIDAR,-0.039678000000000005,0.0436,2.0883157894736843,0.218,1.1531578947368422
M7375,5.5e-05,5.5e-05,0.5,0.5,0.08,0.058185,0.2064,nSEG,1,LIDAR,-0.039185,-0.006399999999999989,2.0623684210526316,0.031999999999999945,1.0471842105263158
M7376,5.5e-05,0.0001,-0.5,-0.5,0.03,0.082888,0.197,nSEG,1,LIDAR,-0.063888,0.0030000000000000027,3.3625263157894736,0.015000000000000013,1.6887631578947369
M7377,5.5e-05,0.0001,-0.5,-0.5,0.035,0.082691,0.2157,nSEG,1,LIDAR,-0.063691,-0.015699999999999992,3.352157894736842,0.07849999999999996,1.715328947368421
M7378,5.5e-05,0.0001,-0.5,-0.5,0.04,0.082539,0.2335,nSEG,1,LIDAR,-0.063539,-0.0335,3.344157894736842,0.1675,1.755828947368421
M7379,5.5e-05,0.0001,-0.5,-0.5,0.05,0.08228,0.2664,nSEG,1,LIDAR,-0.06328,-0.06640000000000001,3.330526315789474,0.3320000000000001,1.8312631578947371
M7380,5.5e-05,0.0001,-0.5,-0.5,0.08,0.081496,0.3513,nSEG,1,LIDAR,-0.062495999999999996,-0.1513,3.289263157894737,0.7565,2.022881578947368
M7381,5.5e-05,0.0001,-0.5,-0.25,0.03,0.082989,0.1745,nSEG,1,LIDAR,-0.06398899999999999,0.025500000000000023,3.3678421052631573,0.1275000000000001,1.7476710526315786
M7382,5.5e-05,0.0001,-0.5,-0.25,0.035,0.082901,0.1913,nSEG,1,LIDAR,-0.063901,0.008700000000000013,3.3632105263157897,0.043500000000000066,1.7033552631578948
M7383,5.5e-05,0.0001,-0.5,-0.25,0.04,0.082731,0.207,nSEG,1,LIDAR,-0.063731,-0.0069999999999999785,3.354263157894737,0.03499999999999989,1.6946315789473683
M7384,5.5e-05,0.0001,-0.5,-0.25,0.05,0.082496,0.2363,nSEG,1,LIDAR,-0.063496,-0.0363,3.341894736842105,0.1815,1.7616973684210526
M7385,5.5e-05,0.0001,-0.5,-0.25,0.08,0.081852,0.3118,nSEG,1,LIDAR,-0.06285199999999999,-0.11180000000000001,3.308,0.559,1.9335
M7386,5.5e-05,0.0001,-0.5,0.0,0.03,0.08305,0.1602,nSEG,1,LIDAR,-0.06405,0.0398,3.371052631578947,0.199,1.7850263157894735
M7387,5.5e-05,0.0001,-0.5,0.0,0.035,0.082971,0.1756,nSEG,1,LIDAR,-0.063971,0.024400000000000005,3.3668947368421054,0.12200000000000003,1.7444473684210526
M7388,5.5e-05,0.0001,-0.5,0.0,0.04,0.082894,0.1901,nSEG,1,LIDAR,-0.06389399999999999,0.00990000000000002,3.3628421052631574,0.0495000000000001,1.7061710526315788
M7389,5.5e-05,0.0001,-0.5,0.0,0.05,0.082624,0.2169,nSEG,1,LIDAR,-0.063624,-0.0169,3.3486315789473684,0.08449999999999999,1.716565789473684
M7390,5.5e-05,0.0001,-0.5,0.0,0.08,0.082063,0.2865,nSEG,1,LIDAR,-0.063063,-0.08649999999999997,3.3191052631578946,0.43249999999999983,1.875802631578947
M7391,5.5e-05,0.0001,-0.5,0.25,0.03,0.083093,0.1498,nSEG,1,LIDAR,-0.064093,0.05020000000000002,3.373315789473684,0.2510000000000001,1.812157894736842
M7392,5.5e-05,0.0001,-0.5,0.25,0.035,0.083019,0.1643,nSEG,1,LIDAR,-0.06401899999999999,0.03570000000000001,3.3694210526315787,0.17850000000000005,1.7739605263157894
M7393,5.5e-05,0.0001,-0.5,0.25,0.04,0.082948,0.1779,nSEG,1,LIDAR,-0.06394799999999999,0.02210000000000001,3.3656842105263154,0.11050000000000004,1.7380921052631577
M7394,5.5e-05,0.0001,-0.5,0.25,0.05,0.082731,0.2031,nSEG,1,LIDAR,-0.063731,-0.0030999999999999917,3.354263157894737,0.015499999999999958,1.6848815789473683
M7395,5.5e-05,0.0001,-0.5,0.25,0.08,0.082206,0.2682,nSEG,1,LIDAR,-0.063206,-0.06819999999999998,3.3266315789473686,0.3409999999999999,1.8338157894736842
M7396,5.5e-05,0.0001,-0.5,0.5,0.03,0.083124,0.1419,nSEG,1,LIDAR,-0.064124,0.05810000000000001,3.374947368421053,0.29050000000000004,1.8327236842105266
M7397,5.5e-05,0.0001,-0.5,0.5,0.035,0.083056,0.1556,nSEG,1,LIDAR,-0.064056,0.04440000000000002,3.371368421052632,0.22200000000000011,1.7966842105263159
M7398,5.5e-05,0.0001,-0.5,0.5,0.04,0.082989,0.1685,nSEG,1,LIDAR,-0.06398899999999999,0.0315,3.3678421052631573,0.1575,1.7626710526315787
M7399,5.5e-05,0.0001,-0.5,0.5,0.05,0.08286,0.1924,nSEG,1,LIDAR,-0.06386,0.007600000000000023,3.3610526315789473,0.03800000000000012,1.6995263157894738
M7400,5.5e-05,0.0001,-0.5,0.5,0.08,0.08231,0.2541,nSEG,1,LIDAR,-0.06330999999999999,-0.05409999999999998,3.3321052631578945,0.2704999999999999,1.801302631578947
M7401,5.5e-05,0.0001,-0.25,-0.5,0.03,0.082904,0.197,nSEG,1,LIDAR,-0.063904,0.0030000000000000027,3.363368421052632,0.015000000000000013,1.689184210526316
M7402,5.5e-05,0.0001,-0.25,-0.5,0.035,0.082708,0.2158,nSEG,1,LIDAR,-0.063708,-0.01579999999999998,3.3530526315789473,0.0789999999999999,1.7160263157894735
M7403,5.5e-05,0.0001,-0.25,-0.5,0.04,0.082558,0.2335,nSEG,1,LIDAR,-0.063558,-0.0335,3.3451578947368423,0.1675,1.7563289473684212
M7404,5.5e-05,0.0001,-0.25,-0.5,0.05,0.082301,0.2665,nSEG,1,LIDAR,-0.063301,-0.0665,3.3316315789473685,0.3325,1.8320657894736843
M7405,5.5e-05,0.0001,-0.25,-0.5,0.08,0.081524,0.3513,nSEG,1,LIDAR,-0.062524,-0.1513,3.290736842105263,0.7565,2.023618421052632
M7406,5.5e-05,0.0001,-0.25,-0.25,0.03,0.083005,0.1745,nSEG,1,LIDAR,-0.06400499999999999,0.025500000000000023,3.3686842105263155,0.1275000000000001,1.7480921052631577
M7407,5.5e-05,0.0001,-0.25,-0.25,0.035,0.082918,0.1913,nSEG,1,LIDAR,-0.063918,0.008700000000000013,3.364105263157895,0.043500000000000066,1.7038026315789474
M7408,5.5e-05,0.0001,-0.25,-0.25,0.04,0.08275,0.2071,nSEG,1,LIDAR,-0.06375,-0.007099999999999995,3.355263157894737,0.035499999999999976,1.6953815789473685
M7409,5.5e-05,0.0001,-0.25,-0.25,0.05,0.082518,0.2363,nSEG,1,LIDAR,-0.06351799999999999,-0.0363,3.343052631578947,0.1815,1.7622763157894736
M7410,5.5e-05,0.0001,-0.25,-0.25,0.08,0.08188,0.3119,nSEG,1,LIDAR,-0.06287999999999999,-0.1119,3.309473684210526,0.5595,1.934486842105263
M7411,5.5e-05,0.0001,-0.25,0.0,0.03,0.083065,0.1602,nSEG,1,LIDAR,-0.064065,0.0398,3.3718421052631578,0.199,1.7854210526315788
M7412,5.5e-05,0.0001,-0.25,0.0,0.035,0.082988,0.1756,nSEG,1,LIDAR,-0.063988,0.024400000000000005,3.3677894736842107,0.12200000000000003,1.7448947368421053
M7413,5.5e-05,0.0001,-0.25,0.0,0.04,0.082912,0.1902,nSEG,1,LIDAR,-0.063912,0.009800000000000003,3.36378947368421,0.049000000000000016,1.706394736842105
M7414,5.5e-05,0.0001,-0.25,0.0,0.05,0.082645,0.217,nSEG,1,LIDAR,-0.063645,-0.016999999999999987,3.349736842105263,0.08499999999999994,1.7173684210526314
M7415,5.5e-05,0.0001,-0.25,0.0,0.08,0.082091,0.2865,nSEG,1,LIDAR,-0.063091,-0.08649999999999997,3.320578947368421,0.43249999999999983,1.8765394736842103
M7416,5.5e-05,0.0001,-0.25,0.25,0.03,0.083109,0.1499,nSEG,1,LIDAR,-0.064109,0.050100000000000006,3.3741578947368422,0.2505,1.8123289473684212
M7417,5.5e-05,0.0001,-0.25,0.25,0.035,0.083037,0.1643,nSEG,1,LIDAR,-0.064037,0.03570000000000001,3.3703684210526315,0.17850000000000005,1.7744342105263158
M7418,5.5e-05,0.0001,-0.25,0.25,0.04,0.082967,0.1779,nSEG,1,LIDAR,-0.063967,0.02210000000000001,3.3666842105263157,0.11050000000000004,1.7385921052631579
M7419,5.5e-05,0.0001,-0.25,0.25,0.05,0.082752,0.2031,nSEG,1,LIDAR,-0.063752,-0.0030999999999999917,3.3553684210526318,0.015499999999999958,1.6854342105263158
M7420,5.5e-05,0.0001,-0.25,0.25,0.08,0.082234,0.2683,nSEG,1,LIDAR,-0.063234,-0.06829999999999997,3.328105263157895,0.34149999999999986,1.8348026315789474
M7421,5.5e-05,0.0001,-0.25,0.5,0.03,0.083139,0.1419,nSEG,1,LIDAR,-0.064139,0.05810000000000001,3.375736842105263,0.29050000000000004,1.8331184210526317
M7422,5.5e-05,0.0001,-0.25,0.5,0.035,0.083074,0.1556,nSEG,1,LIDAR,-0.06407399999999999,0.04440000000000002,3.3723157894736837,0.22200000000000011,1.7971578947368418
M7423,5.5e-05,0.0001,-0.25,0.5,0.04,0.083008,0.1685,nSEG,1,LIDAR,-0.064008,0.0315,3.3688421052631576,0.1575,1.763171052631579
M7424,5.5e-05,0.0001,-0.25,0.5,0.05,0.082881,0.1925,nSEG,1,LIDAR,-0.063881,0.007500000000000007,3.362157894736842,0.03750000000000003,1.699828947368421
M7425,5.5e-05,0.0001,-0.25,0.5,0.08,0.082338,0.2542,nSEG,1,LIDAR,-0.06333799999999999,-0.05419999999999997,3.3335789473684208,0.27099999999999985,1.8022894736842103
M7426,5.5e-05,0.0001,0.0,-0.5,0.03,0.082914,0.197,nSEG,1,LIDAR,-0.063914,0.0030000000000000027,3.3638947368421053,0.015000000000000013,1.6894473684210527
M7427,5.5e-05,0.0001,0.0,-0.5,0.035,0.082719,0.2158,nSEG,1,LIDAR,-0.063719,-0.01579999999999998,3.3536315789473683,0.0789999999999999,1.716315789473684
M7428,5.5e-05,0.0001,0.0,-0.5,0.04,0.08257,0.2335,nSEG,1,LIDAR,-0.06357,-0.0335,3.345789473684211,0.1675,1.7566447368421054
M7429,5.5e-05,0.0001,0.0,-0.5,0.05,0.082315,0.2665,nSEG,1,LIDAR,-0.063315,-0.0665,3.3323684210526316,0.3325,1.8324342105263158
M7430,5.5e-05,0.0001,0.0,-0.5,0.08,0.081541,0.3514,nSEG,1,LIDAR,-0.062541,-0.15139999999999998,3.2916315789473685,0.7569999999999999,2.0243157894736843
M7431,5.5e-05,0.0001,0.0,-0.25,0.03,0.083015,0.1746,nSEG,1,LIDAR,-0.064015,0.025400000000000006,3.36921052631579,0.12700000000000003,1.748105263157895
M7432,5.5e-05,0.0001,0.0,-0.25,0.035,0.082929,0.1914,nSEG,1,LIDAR,-0.063929,0.008600000000000024,3.364684210526316,0.04300000000000012,1.703842105263158
M7433,5.5e-05,0.0001,0.0,-0.25,0.04,0.082762,0.2071,nSEG,1,LIDAR,-0.063762,-0.007099999999999995,3.3558947368421053,0.035499999999999976,1.6956973684210526
M7434,5.5e-05,0.0001,0.0,-0.25,0.05,0.082531,0.2364,nSEG,1,LIDAR,-0.06353099999999999,-0.03639999999999999,3.3437368421052627,0.18199999999999994,1.7628684210526313
M7435,5.5e-05,0.0001,0.0,-0.25,0.08,0.081898,0.3119,nSEG,1,LIDAR,-0.062898,-0.1119,3.310421052631579,0.5595,1.9349605263157894
M7436,5.5e-05,0.0001,0.0,0.0,0.03,0.083076,0.1602,nSEG,1,LIDAR,-0.064076,0.0398,3.3724210526315788,0.199,1.7857105263157893
M7437,5.5e-05,0.0001,0.0,0.0,0.035,0.082999,0.1756,nSEG,1,LIDAR,-0.063999,0.024400000000000005,3.3683684210526317,0.12200000000000003,1.7451842105263158
M7438,5.5e-05,0.0001,0.0,0.0,0.04,0.082924,0.1902,nSEG,1,LIDAR,-0.063924,0.009800000000000003,3.3644210526315788,0.049000000000000016,1.7067105263157893
M7439,5.5e-05,0.0001,0.0,0.0,0.05,0.082659,0.217,nSEG,1,LIDAR,-0.063659,-0.016999999999999987,3.350473684210526,0.08499999999999994,1.717736842105263
M7440,5.5e-05,0.0001,0.0,0.0,0.08,0.082109,0.2866,nSEG,1,LIDAR,-0.063109,-0.08660000000000001,3.3215263157894737,0.43300000000000005,1.877263157894737
M7441,5.5e-05,0.0001,0.0,0.25,0.03,0.083119,0.1499,nSEG,1,LIDAR,-0.064119,0.050100000000000006,3.3746842105263157,0.2505,1.812592105263158
M7442,5.5e-05,0.0001,0.0,0.25,0.035,0.083048,0.1643,nSEG,1,LIDAR,-0.064048,0.03570000000000001,3.3709473684210525,0.17850000000000005,1.7747236842105263
M7443,5.5e-05,0.0001,0.0,0.25,0.04,0.082979,0.1779,nSEG,1,LIDAR,-0.063979,0.02210000000000001,3.367315789473684,0.11050000000000004,1.738907894736842
M7444,5.5e-05,0.0001,0.0,0.25,0.05,0.082766,0.2031,nSEG,1,LIDAR,-0.063766,-0.0030999999999999917,3.356105263157895,0.015499999999999958,1.6858026315789474
M7445,5.5e-05,0.0001,0.0,0.25,0.08,0.082251,0.2683,nSEG,1,LIDAR,-0.063251,-0.06829999999999997,3.329,0.34149999999999986,1.83525
M7446,5.5e-05,0.0001,0.0,0.5,0.03,0.08315,0.1419,nSEG,1,LIDAR,-0.06415,0.05810000000000001,3.376315789473684,0.29050000000000004,1.8334078947368422
M7447,5.5e-05,0.0001,0.0,0.5,0.035,0.083085,0.1556,nSEG,1,LIDAR,-0.064085,0.04440000000000002,3.3728947368421056,0.22200000000000011,1.7974473684210528
M7448,5.5e-05,0.0001,0.0,0.5,0.04,0.08302,0.1685,nSEG,1,LIDAR,-0.06402,0.0315,3.369473684210526,0.1575,1.7634868421052632
M7449,5.5e-05,0.0001,0.0,0.5,0.05,0.082895,0.1925,nSEG,1,LIDAR,-0.063895,0.007500000000000007,3.362894736842105,0.03750000000000003,1.7001973684210525
M7450,5.5e-05,0.0001,0.0,0.5,0.08,0.082356,0.2542,nSEG,1,LIDAR,-0.063356,-0.05419999999999997,3.3345263157894736,0.27099999999999985,1.8027631578947367
M7451,5.5e-05,0.0001,0.25,-0.5,0.03,0.082921,0.197,nSEG,1,LIDAR,-0.06392099999999999,0.0030000000000000027,3.3642631578947366,0.015000000000000013,1.6896315789473684
M7452,5.5e-05,0.0001,0.25,-0.5,0.035,0.082727,0.2158,nSEG,1,LIDAR,-0.06372699999999999,-0.01579999999999998,3.354052631578947,0.0789999999999999,1.7165263157894735
M7453,5.5e-05,0.0001,0.25,-0.5,0.04,0.082578,0.2336,nSEG,1,LIDAR,-0.063578,-0.03359999999999999,3.3462105263157893,0.16799999999999995,1.7571052631578947
M7454,5.5e-05,0.0001,0.25,-0.5,0.05,0.082324,0.2665,nSEG,1,LIDAR,-0.06332399999999999,-0.0665,3.3328421052631576,0.3325,1.8326710526315788
M7455,5.5e-05,0.0001,0.25,-0.5,0.08,0.081554,0.3514,nSEG,1,LIDAR,-0.062554,-0.15139999999999998,3.292315789473684,0.7569999999999999,2.024657894736842
M7456,5.5e-05,0.0001,0.25,-0.25,0.03,0.083022,0.1746,nSEG,1,LIDAR,-0.064022,0.025400000000000006,3.369578947368421,0.12700000000000003,1.7482894736842105
M7457,5.5e-05,0.0001,0.25,-0.25,0.035,0.082937,0.1914,nSEG,1,LIDAR,-0.063937,0.008600000000000024,3.3651052631578944,0.04300000000000012,1.7040526315789473
M7458,5.5e-05,0.0001,0.25,-0.25,0.04,0.08277,0.2071,nSEG,1,LIDAR,-0.06377,-0.007099999999999995,3.356315789473684,0.035499999999999976,1.695907894736842
M7459,5.5e-05,0.0001,0.25,-0.25,0.05,0.082541,0.2364,nSEG,1,LIDAR,-0.063541,-0.03639999999999999,3.344263157894737,0.18199999999999994,1.7631315789473685
M7460,5.5e-05,0.0001,0.25,-0.25,0.08,0.081911,0.312,nSEG,1,LIDAR,-0.062911,-0.11199999999999999,3.3111052631578946,0.5599999999999999,1.9355526315789473
M7461,5.5e-05,0.0001,0.25,0.0,0.03,0.083083,0.1602,nSEG,1,LIDAR,-0.064083,0.0398,3.3727894736842106,0.199,1.7858947368421052
M7462,5.5e-05,0.0001,0.25,0.0,0.035,0.083007,0.1756,nSEG,1,LIDAR,-0.064007,0.024400000000000005,3.36878947368421,0.12200000000000003,1.745394736842105
M7463,5.5e-05,0.0001,0.25,0.0,0.04,0.082933,0.1902,nSEG,1,LIDAR,-0.063933,0.009800000000000003,3.3648947368421056,0.049000000000000016,1.7069473684210528
M7464,5.5e-05,0.0001,0.25,0.0,0.05,0.082669,0.217,nSEG,1,LIDAR,-0.063669,-0.016999999999999987,3.3510000000000004,0.08499999999999994,1.7180000000000002
M7465,5.5e-05,0.0001,0.25,0.0,0.08,0.082122,0.2866,nSEG,1,LIDAR,-0.063122,-0.08660000000000001,3.3222105263157893,0.43300000000000005,1.8776052631578946
M7466,5.5e-05,0.0001,0.25,0.25,0.03,0.083126,0.1499,nSEG,1,LIDAR,-0.064126,0.050100000000000006,3.3750526315789475,0.2505,1.8127763157894738
M7467,5.5e-05,0.0001,0.25,0.25,0.035,0.083056,0.1643,nSEG,1,LIDAR,-0.064056,0.03570000000000001,3.371368421052632,0.17850000000000005,1.774934210526316
M7468,5.5e-05,0.0001,0.25,0.25,0.04,0.082988,0.1779,nSEG,1,LIDAR,-0.063988,0.02210000000000001,3.3677894736842107,0.11050000000000004,1.7391447368421054
M7469,5.5e-05,0.0001,0.25,0.25,0.05,0.082776,0.2031,nSEG,1,LIDAR,-0.063776,-0.0030999999999999917,3.3566315789473684,0.015499999999999958,1.6860657894736841
M7470,5.5e-05,0.0001,0.25,0.25,0.08,0.082264,0.2683,nSEG,1,LIDAR,-0.063264,-0.06829999999999997,3.329684210526316,0.34149999999999986,1.8355921052631579
M7471,5.5e-05,0.0001,0.25,0.5,0.03,0.083157,0.1419,nSEG,1,LIDAR,-0.06415699999999999,0.05810000000000001,3.3766842105263155,0.29050000000000004,1.8335921052631579
M7472,5.5e-05,0.0001,0.25,0.5,0.035,0.083093,0.1556,nSEG,1,LIDAR,-0.064093,0.04440000000000002,3.373315789473684,0.22200000000000011,1.797657894736842
M7473,5.5e-05,0.0001,0.25,0.5,0.04,0.083028,0.1685,nSEG,1,LIDAR,-0.064028,0.0315,3.3698947368421055,0.1575,1.7636973684210528
M7474,5.5e-05,0.0001,0.25,0.5,0.05,0.082905,0.1925,nSEG,1,LIDAR,-0.063905,0.007500000000000007,3.3634210526315793,0.03750000000000003,1.7004605263157897
M7475,5.5e-05,0.0001,0.25,0.5,0.08,0.082369,0.2542,nSEG,1,LIDAR,-0.063369,-0.05419999999999997,3.335210526315789,0.27099999999999985,1.8031052631578945
M7476,5.5e-05,0.0001,0.5,-0.5,0.03,0.082927,0.197,nSEG,1,LIDAR,-0.063927,0.0030000000000000027,3.364578947368421,0.015000000000000013,1.6897894736842105
M7477,5.5e-05,0.0001,0.5,-0.5,0.035,0.082733,0.2158,nSEG,1,LIDAR,-0.063733,-0.01579999999999998,3.3543684210526314,0.0789999999999999,1.7166842105263156
M7478,5.5e-05,0.0001,0.5,-0.5,0.04,0.082585,0.2336,nSEG,1,LIDAR,-0.063585,-0.03359999999999999,3.346578947368421,0.16799999999999995,1.7572894736842106
M7479,5.5e-05,0.0001,0.5,-0.5,0.05,0.082332,0.2665,nSEG,1,LIDAR,-0.063332,-0.0665,3.333263157894737,0.3325,1.8328815789473685
M7480,5.5e-05,0.0001,0.5,-0.5,0.08,0.081564,0.3515,nSEG,1,LIDAR,-0.062564,-0.15149999999999997,3.2928421052631576,0.7574999999999998,2.0251710526315785
M7481,5.5e-05,0.0001,0.5,-0.25,0.03,0.083028,0.1746,nSEG,1,LIDAR,-0.064028,0.025400000000000006,3.3698947368421055,0.12700000000000003,1.7484473684210529
M7482,5.5e-05,0.0001,0.5,-0.25,0.035,0.082943,0.1914,nSEG,1,LIDAR,-0.063943,0.008600000000000024,3.365421052631579,0.04300000000000012,1.7042105263157896
M7483,5.5e-05,0.0001,0.5,-0.25,0.04,0.082777,0.2071,nSEG,1,LIDAR,-0.063777,-0.007099999999999995,3.356684210526316,0.035499999999999976,1.696092105263158
M7484,5.5e-05,0.0001,0.5,-0.25,0.05,0.082549,0.2364,nSEG,1,LIDAR,-0.063549,-0.03639999999999999,3.3446842105263155,0.18199999999999994,1.7633421052631577
M7485,5.5e-05,0.0001,0.5,-0.25,0.08,0.08192,0.312,nSEG,1,LIDAR,-0.06292,-0.11199999999999999,3.3115789473684214,0.5599999999999999,1.9357894736842107
M7486,5.5e-05,0.0001,0.5,0.0,0.03,0.083088,0.1602,nSEG,1,LIDAR,-0.06408799999999999,0.0398,3.373052631578947,0.199,1.7860263157894734
M7487,5.5e-05,0.0001,0.5,0.0,0.035,0.083013,0.1756,nSEG,1,LIDAR,-0.064013,0.024400000000000005,3.369105263157895,0.12200000000000003,1.7455526315789474
M7488,5.5e-05,0.0001,0.5,0.0,0.04,0.08294,0.1902,nSEG,1,LIDAR,-0.06394,0.009800000000000003,3.365263157894737,0.049000000000000016,1.7071315789473684
M7489,5.5e-05,0.0001,0.5,0.0,0.05,0.082676,0.217,nSEG,1,LIDAR,-0.063676,-0.016999999999999987,3.3513684210526313,0.08499999999999994,1.7181842105263156
M7490,5.5e-05,0.0001,0.5,0.0,0.08,0.082132,0.2866,nSEG,1,LIDAR,-0.063132,-0.08660000000000001,3.3227368421052628,0.43300000000000005,1.8778684210526313
M7491,5.5e-05,0.0001,0.5,0.25,0.03,0.083132,0.1499,nSEG,1,LIDAR,-0.064132,0.050100000000000006,3.3753684210526314,0.2505,1.8129342105263158
M7492,5.5e-05,0.0001,0.5,0.25,0.035,0.083062,0.1643,nSEG,1,LIDAR,-0.064062,0.03570000000000001,3.3716842105263156,0.17850000000000005,1.7750921052631579
M7493,5.5e-05,0.0001,0.5,0.25,0.04,0.082994,0.1779,nSEG,1,LIDAR,-0.063994,0.02210000000000001,3.3681052631578945,0.11050000000000004,1.7393026315789473
M7494,5.5e-05,0.0001,0.5,0.25,0.05,0.082783,0.2031,nSEG,1,LIDAR,-0.06378299999999999,-0.0030999999999999917,3.3569999999999998,0.015499999999999958,1.6862499999999998
M7495,5.5e-05,0.0001,0.5,0.25,0.08,0.082274,0.2683,nSEG,1,LIDAR,-0.063274,-0.06829999999999997,3.3302105263157893,0.34149999999999986,1.8358552631578946
M7496,5.5e-05,0.0001,0.5,0.5,0.03,0.083163,0.1419,nSEG,1,LIDAR,-0.064163,0.05810000000000001,3.377,0.29050000000000004,1.83375
M7497,5.5e-05,0.0001,0.5,0.5,0.035,0.083099,0.1556,nSEG,1,LIDAR,-0.064099,0.04440000000000002,3.3736315789473688,0.22200000000000011,1.7978157894736844
M7498,5.5e-05,0.0001,0.5,0.5,0.04,0.083035,0.1685,nSEG,1,LIDAR,-0.064035,0.0315,3.370263157894737,0.1575,1.7638815789473685
M7499,5.5e-05,0.0001,0.5,0.5,0.05,0.082912,0.1925,nSEG,1,LIDAR,-0.063912,0.007500000000000007,3.36378947368421,0.03750000000000003,1.7006447368421052
M7500,5.5e-05,0.0001,0.5,0.5,0.08,0.082379,0.2542,nSEG,1,LIDAR,-0.06337899999999999,-0.05419999999999997,3.3357368421052627,0.27099999999999985,1.8033684210526313
M7501,0.0001,1e-06,-0.5,-0.5,0.03,0.024969,0.09594,nSEG,1,LIDAR,-0.005969000000000002,0.10406000000000001,0.31415789473684225,0.5203,0.4172289473684211
M7502,0.0001,1e-06,-0.5,-0.5,0.035,0.024911,0.1051,nSEG,1,LIDAR,-0.005911,0.09490000000000001,0.3111052631578947,0.47450000000000003,0.39280263157894735
M7503,0.0001,1e-06,-0.5,-0.5,0.04,0.024856,0.1137,nSEG,1,LIDAR,-0.005856,0.08630000000000002,0.3082105263157895,0.43150000000000005,0.36985526315789474
M7504,0.0001,1e-06,-0.5,-0.5,0.05,0.024755,0.1297,nSEG,1,LIDAR,-0.005755,0.0703,0.30289473684210527,0.3515,0.3271973684210526
M7505,0.0001,1e-06,-0.5,-0.5,0.08,0.024492,0.1708,nSEG,1,LIDAR,-0.005492,0.029200000000000004,0.2890526315789474,0.14600000000000002,0.2175263157894737
M7506,0.0001,1e-06,-0.5,-0.25,0.03,0.024974,0.08496,nSEG,1,LIDAR,-0.005974,0.11504000000000002,0.314421052631579,0.5752,0.44481052631578955
M7507,0.0001,1e-06,-0.5,-0.25,0.035,0.024917,0.09306,nSEG,1,LIDAR,-0.005917000000000002,0.10694000000000001,0.31142105263157904,0.5347,0.4230605263157895
M7508,0.0001,1e-06,-0.5,-0.25,0.04,0.024863,0.1007,nSEG,1,LIDAR,-0.005863,0.09930000000000001,0.30857894736842106,0.49650000000000005,0.40253947368421056
M7509,0.0001,1e-06,-0.5,-0.25,0.05,0.024762,0.1148,nSEG,1,LIDAR,-0.005762,0.08520000000000001,0.30326315789473685,0.42600000000000005,0.3646315789473684
M7510,0.0001,1e-06,-0.5,-0.25,0.08,0.024502,0.1513,nSEG,1,LIDAR,-0.005502,0.04870000000000002,0.28957894736842105,0.2435000000000001,0.2665394736842106
M7511,0.0001,1e-06,-0.5,0.0,0.03,0.024978,0.07794,nSEG,1,LIDAR,-0.005978000000000001,0.12206000000000002,0.3146315789473685,0.6103000000000001,0.4624657894736843
M7512,0.0001,1e-06,-0.5,0.0,0.035,0.024921,0.08538,nSEG,1,LIDAR,-0.005920999999999999,0.11462000000000001,0.31163157894736837,0.5731,0.4423657894736842
M7513,0.0001,1e-06,-0.5,0.0,0.04,0.024867,0.09238,nSEG,1,LIDAR,-0.005867000000000001,0.10762000000000001,0.30878947368421056,0.5381,0.42344473684210526
M7514,0.0001,1e-06,-0.5,0.0,0.05,0.024767,0.1054,nSEG,1,LIDAR,-0.005767000000000001,0.09460000000000002,0.30352631578947376,0.4730000000000001,0.3882631578947369
M7515,0.0001,1e-06,-0.5,0.0,0.08,0.024508,0.1388,nSEG,1,LIDAR,-0.005507999999999999,0.061200000000000004,0.2898947368421052,0.306,0.2979473684210526
M7516,0.0001,1e-06,-0.5,0.25,0.03,0.024981,0.0729,nSEG,1,LIDAR,-0.005981,0.1271,0.31478947368421056,0.6355,0.47514473684210523
M7517,0.0001,1e-06,-0.5,0.25,0.035,0.024924,0.07985,nSEG,1,LIDAR,-0.005924000000000002,0.12015,0.31178947368421067,0.60075,0.45626973684210537
M7518,0.0001,1e-06,-0.5,0.25,0.04,0.02487,0.0864,nSEG,1,LIDAR,-0.00587,0.1136,0.30894736842105264,0.568,0.4384736842105263
M7519,0.0001,1e-06,-0.5,0.25,0.05,0.02477,0.09854,nSEG,1,LIDAR,-0.005770000000000001,0.10146000000000001,0.30368421052631583,0.5073,0.40549210526315793
M7520,0.0001,1e-06,-0.5,0.25,0.08,0.024513,0.1298,nSEG,1,LIDAR,-0.0055130000000000005,0.07020000000000001,0.2901578947368421,0.35100000000000003,0.3205789473684211
M7521,0.0001,1e-06,-0.5,0.5,0.03,0.024982,0.06902,nSEG,1,LIDAR,-0.005982000000000001,0.13098,0.314842105263158,0.6549,0.48487105263157904
M7522,0.0001,1e-06,-0.5,0.5,0.035,0.024926,0.07561,nSEG,1,LIDAR,-0.005926000000000001,0.12439000000000001,0.31189473684210534,0.62195,0.46692236842105267
M7523,0.0001,1e-06,-0.5,0.5,0.04,0.024872,0.08181,nSEG,1,LIDAR,-0.005871999999999999,0.11819000000000002,0.3090526315789473,0.5909500000000001,0.45000131578947367
M7524,0.0001,1e-06,-0.5,0.5,0.05,0.024773,0.0933,nSEG,1,LIDAR,-0.005773,0.10670000000000002,0.3038421052631579,0.5335000000000001,0.418671052631579
M7525,0.0001,1e-06,-0.5,0.5,0.08,0.024516,0.1229,nSEG,1,LIDAR,-0.005516,0.07710000000000002,0.2903157894736842,0.38550000000000006,0.33790789473684213
M7526,0.0001,1e-06,-0.25,-0.5,0.03,0.025032,0.09608,nSEG,1,LIDAR,-0.006031999999999999,0.10392000000000001,0.3174736842105263,0.5196000000000001,0.4185368421052632
M7527,0.0001,1e-06,-0.25,-0.5,0.035,0.02498,0.1053,nSEG,1,LIDAR,-0.005979999999999999,0.0947,0.31473684210526315,0.47350000000000003,0.3941184210526316
M7528,0.0001,1e-06,-0.25,-0.5,0.04,0.024931,0.1139,nSEG,1,LIDAR,-0.005930999999999999,0.08610000000000001,0.312157894736842,0.43050000000000005,0.37132894736842104
M7529,0.0001,1e-06,-0.25,-0.5,0.05,0.02484,0.1299,nSEG,1,LIDAR,-0.0058400000000000014,0.07010000000000002,0.3073684210526317,0.3505000000000001,0.3289342105263159
M7530,0.0001,1e-06,-0.25,-0.5,0.08,0.024605,0.1713,nSEG,1,LIDAR,-0.005604999999999999,0.028700000000000003,0.29499999999999993,0.14350000000000002,0.21924999999999997
M7531,0.0001,1e-06,-0.25,-0.25,0.03,0.025038,0.08509,nSEG,1,LIDAR,-0.006038000000000002,0.11491000000000001,0.3177894736842106,0.57455,0.4461697368421053
M7532,0.0001,1e-06,-0.25,-0.25,0.035,0.024986,0.09322,nSEG,1,LIDAR,-0.005986000000000002,0.10678000000000001,0.3150526315789475,0.5339,0.42447631578947376
M7533,0.0001,1e-06,-0.25,-0.25,0.04,0.024938,0.1009,nSEG,1,LIDAR,-0.005937999999999999,0.09910000000000001,0.31252631578947365,0.4955,0.4040131578947368
M7534,0.0001,1e-06,-0.25,-0.25,0.05,0.024848,0.1151,nSEG,1,LIDAR,-0.005847999999999999,0.08490000000000002,0.3077894736842105,0.42450000000000004,0.36614473684210525
M7535,0.0001,1e-06,-0.25,-0.25,0.08,0.024614,0.1517,nSEG,1,LIDAR,-0.005614000000000001,0.04830000000000001,0.2954736842105264,0.24150000000000005,0.2684868421052632
M7536,0.0001,1e-06,-0.25,0.0,0.03,0.025041,0.07806,nSEG,1,LIDAR,-0.006041000000000001,0.12194,0.3179473684210527,0.6097,0.46382368421052633
M7537,0.0001,1e-06,-0.25,0.0,0.035,0.02499,0.08552,nSEG,1,LIDAR,-0.005989999999999999,0.11448000000000001,0.3152631578947368,0.5724,0.4438315789473684
M7538,0.0001,1e-06,-0.25,0.0,0.04,0.024942,0.09254,nSEG,1,LIDAR,-0.005941999999999999,0.10746000000000001,0.31273684210526315,0.5373,0.42501842105263155
M7539,0.0001,1e-06,-0.25,0.0,0.05,0.024852,0.1056,nSEG,1,LIDAR,-0.0058519999999999996,0.09440000000000001,0.308,0.47200000000000003,0.39
M7540,0.0001,1e-06,-0.25,0.0,0.08,0.024621,0.1392,nSEG,1,LIDAR,-0.005621000000000001,0.06080000000000002,0.29584210526315796,0.3040000000000001,0.29992105263157903
M7541,0.0001,1e-06,-0.25,0.25,0.03,0.025044,0.07301,nSEG,1,LIDAR,-0.006044000000000001,0.12699,0.3181052631578948,0.6349499999999999,0.47652763157894734
M7542,0.0001,1e-06,-0.25,0.25,0.035,0.024993,0.07999,nSEG,1,LIDAR,-0.005993000000000002,0.12001,0.31542105263157905,0.60005,0.4577355263157895
M7543,0.0001,1e-06,-0.25,0.25,0.04,0.024945,0.08656,nSEG,1,LIDAR,-0.005944999999999999,0.11344000000000001,0.3128947368421052,0.5672,0.44004736842105263
M7544,0.0001,1e-06,-0.25,0.25,0.05,0.024856,0.09875,nSEG,1,LIDAR,-0.005856,0.10125,0.3082105263157895,0.50625,0.40723026315789473
M7545,0.0001,1e-06,-0.25,0.25,0.08,0.024625,0.1302,nSEG,1,LIDAR,-0.0056250000000000015,0.0698,0.29605263157894746,0.349,0.3225263157894737
M7546,0.0001,1e-06,-0.25,0.5,0.03,0.025046,0.06913,nSEG,1,LIDAR,-0.006045999999999999,0.13087000000000001,0.31821052631578944,0.65435,0.48628026315789474
M7547,0.0001,1e-06,-0.25,0.5,0.035,0.024995,0.07573,nSEG,1,LIDAR,-0.005995,0.12427,0.3155263157894737,0.62135,0.46843815789473686
M7548,0.0001,1e-06,-0.25,0.5,0.04,0.024947,0.08196,nSEG,1,LIDAR,-0.005947000000000001,0.11804,0.31300000000000006,0.5902,0.4516
M7549,0.0001,1e-06,-0.25,0.5,0.05,0.024858,0.0935,nSEG,1,LIDAR,-0.005858000000000002,0.10650000000000001,0.3083157894736843,0.5325,0.42040789473684215
M7550,0.0001,1e-06,-0.25,0.5,0.08,0.024629,0.1233,nSEG,1,LIDAR,-0.005629000000000002,0.0767,0.29626315789473695,0.3835,0.3398815789473685
M7551,0.0001,1e-06,0.0,-0.5,0.03,0.025073,0.09617,nSEG,1,LIDAR,-0.006073000000000002,0.10383,0.31963157894736854,0.51915,0.41939078947368424
M7552,0.0001,1e-06,0.0,-0.5,0.035,0.025025,0.1054,nSEG,1,LIDAR,-0.006024999999999999,0.09460000000000002,0.3171052631578947,0.4730000000000001,0.39505263157894743
M7553,0.0001,1e-06,0.0,-0.5,0.04,0.024979,0.114,nSEG,1,LIDAR,-0.005979000000000002,0.08600000000000001,0.3146842105263159,0.43,0.3723421052631579
M7554,0.0001,1e-06,0.0,-0.5,0.05,0.024895,0.1301,nSEG,1,LIDAR,-0.005895000000000001,0.06990000000000002,0.3102631578947369,0.3495000000000001,0.32988157894736847
M7555,0.0001,1e-06,0.0,-0.5,0.08,0.024677,0.1716,nSEG,1,LIDAR,-0.0056770000000000015,0.02840000000000001,0.2987894736842106,0.14200000000000004,0.2203947368421053
M7556,0.0001,1e-06,0.0,-0.25,0.03,0.025078,0.08517,nSEG,1,LIDAR,-0.006078,0.11483000000000002,0.3198947368421053,0.57415,0.4470223684210527
M7557,0.0001,1e-06,0.0,-0.25,0.035,0.025031,0.09332,nSEG,1,LIDAR,-0.006031000000000002,0.10668000000000001,0.31742105263157905,0.5334,0.4254105263157895
M7558,0.0001,1e-06,0.0,-0.25,0.04,0.024986,0.101,nSEG,1,LIDAR,-0.005986000000000002,0.099,0.3150526315789475,0.495,0.40502631578947373
M7559,0.0001,1e-06,0.0,-0.25,0.05,0.024902,0.1152,nSEG,1,LIDAR,-0.005902000000000001,0.08480000000000001,0.3106315789473685,0.42400000000000004,0.36731578947368426
M7560,0.0001,1e-06,0.0,-0.25,0.08,0.024686,0.152,nSEG,1,LIDAR,-0.005686,0.048000000000000015,0.29926315789473684,0.24000000000000007,0.26963157894736844
M7561,0.0001,1e-06,0.0,0.0,0.03,0.025082,0.07813,nSEG,1,LIDAR,-0.006082000000000001,0.12187,0.3201052631578948,0.60935,0.46472763157894736
M7562,0.0001,1e-06,0.0,0.0,0.035,0.025034,0.08561,nSEG,1,LIDAR,-0.006034000000000001,0.11439,0.3175789473684211,0.57195,0.44476447368421057
M7563,0.0001,1e-06,0.0,0.0,0.04,0.02499,0.09265,nSEG,1,LIDAR,-0.005989999999999999,0.10735000000000001,0.3152631578947368,0.5367500000000001,0.42600657894736843
M7564,0.0001,1e-06,0.0,0.0,0.05,0.024907,0.1057,nSEG,1,LIDAR,-0.005906999999999999,0.09430000000000001,0.3108947368421052,0.47150000000000003,0.3911973684210526
M7565,0.0001,1e-06,0.0,0.0,0.08,0.024693,0.1394,nSEG,1,LIDAR,-0.005693,0.060600000000000015,0.2996315789473684,0.30300000000000005,0.3013157894736842
M7566,0.0001,1e-06,0.0,0.25,0.03,0.025084,0.07308,nSEG,1,LIDAR,-0.006083999999999999,0.12692,0.32021052631578945,0.6345999999999999,0.47740526315789467
M7567,0.0001,1e-06,0.0,0.25,0.035,0.025037,0.08007,nSEG,1,LIDAR,-0.006037000000000001,0.11993000000000001,0.3177368421052632,0.59965,0.4586934210526316
M7568,0.0001,1e-06,0.0,0.25,0.04,0.024993,0.08666,nSEG,1,LIDAR,-0.005993000000000002,0.11334000000000001,0.31542105263157905,0.5667,0.4410605263157895
M7569,0.0001,1e-06,0.0,0.25,0.05,0.02491,0.09888,nSEG,1,LIDAR,-0.005910000000000002,0.10112000000000002,0.31105263157894747,0.5056,0.40832631578947376
M7570,0.0001,1e-06,0.0,0.25,0.08,0.024697,0.1304,nSEG,1,LIDAR,-0.005697000000000001,0.06960000000000002,0.29984210526315797,0.3480000000000001,0.323921052631579
M7571,0.0001,1e-06,0.0,0.5,0.03,0.025086,0.06919,nSEG,1,LIDAR,-0.006086000000000001,0.13081,0.3203157894736843,0.65405,0.4871828947368422
M7572,0.0001,1e-06,0.0,0.5,0.035,0.025039,0.07581,nSEG,1,LIDAR,-0.006038999999999999,0.12419000000000001,0.31784210526315787,0.62095,0.4693960526315789
M7573,0.0001,1e-06,0.0,0.5,0.04,0.024995,0.08205,nSEG,1,LIDAR,-0.005995,0.11795000000000001,0.3155263157894737,0.58975,0.4526381578947368
M7574,0.0001,1e-06,0.0,0.5,0.05,0.024913,0.09362,nSEG,1,LIDAR,-0.005913000000000002,0.10638000000000002,0.31121052631578955,0.5319,0.4215552631578948
M7575,0.0001,1e-06,0.0,0.5,0.08,0.024701,0.1235,nSEG,1,LIDAR,-0.005701000000000001,0.07650000000000001,0.30005263157894746,0.38250000000000006,0.34127631578947376
M7576,0.0001,1e-06,0.25,-0.5,0.03,0.025102,0.09624,nSEG,1,LIDAR,-0.006102,0.10376,0.3211578947368421,0.5188,0.41997894736842106
M7577,0.0001,1e-06,0.25,-0.5,0.035,0.025056,0.1055,nSEG,1,LIDAR,-0.006055999999999999,0.09450000000000001,0.3187368421052631,0.47250000000000003,0.39561842105263156
M7578,0.0001,1e-06,0.25,-0.5,0.04,0.025014,0.1141,nSEG,1,LIDAR,-0.006014000000000002,0.08590000000000002,0.3165263157894738,0.42950000000000005,0.37301315789473694
M7579,0.0001,1e-06,0.25,-0.5,0.05,0.024934,0.1302,nSEG,1,LIDAR,-0.005934000000000002,0.0698,0.3123157894736843,0.349,0.33065789473684215
M7580,0.0001,1e-06,0.25,-0.5,0.08,0.024728,0.1718,nSEG,1,LIDAR,-0.0057280000000000005,0.028200000000000003,0.30147368421052634,0.14100000000000001,0.22123684210526318
M7581,0.0001,1e-06,0.25,-0.25,0.03,0.025107,0.08523,nSEG,1,LIDAR,-0.006107000000000001,0.11477000000000001,0.32142105263157905,0.57385,0.4476355263157895
M7582,0.0001,1e-06,0.25,-0.25,0.035,0.025063,0.09339,nSEG,1,LIDAR,-0.006062999999999999,0.10661000000000001,0.31910526315789467,0.53305,0.42607763157894735
M7583,0.0001,1e-06,0.25,-0.25,0.04,0.02502,0.1011,nSEG,1,LIDAR,-0.006020000000000001,0.09890000000000002,0.316842105263158,0.49450000000000005,0.405671052631579
M7584,0.0001,1e-06,0.25,-0.25,0.05,0.024942,0.1153,nSEG,1,LIDAR,-0.005941999999999999,0.08470000000000001,0.31273684210526315,0.42350000000000004,0.3681184210526316
M7585,0.0001,1e-06,0.25,-0.25,0.08,0.024738,0.1522,nSEG,1,LIDAR,-0.005738,0.04780000000000001,0.302,0.23900000000000005,0.2705
M7586,0.0001,1e-06,0.25,0.0,0.03,0.025111,0.07819,nSEG,1,LIDAR,-0.006111000000000002,0.12181000000000002,0.32163157894736855,0.6090500000000001,0.4653407894736843
M7587,0.0001,1e-06,0.25,0.0,0.035,0.025066,0.08567,nSEG,1,LIDAR,-0.006066000000000002,0.11433000000000001,0.31926315789473697,0.57165,0.44545657894736845
M7588,0.0001,1e-06,0.25,0.0,0.04,0.025024,0.09273,nSEG,1,LIDAR,-0.006024000000000002,0.10727,0.3170526315789475,0.53635,0.42670131578947373
M7589,0.0001,1e-06,0.25,0.0,0.05,0.024946,0.1058,nSEG,1,LIDAR,-0.005946,0.0942,0.31294736842105264,0.47100000000000003,0.39197368421052636
M7590,0.0001,1e-06,0.25,0.0,0.08,0.024744,0.1396,nSEG,1,LIDAR,-0.005743999999999999,0.06040000000000001,0.30231578947368415,0.30200000000000005,0.30215789473684207
M7591,0.0001,1e-06,0.25,0.25,0.03,0.025113,0.07313,nSEG,1,LIDAR,-0.006113,0.12687,0.3217368421052632,0.63435,0.4780434210526316
M7592,0.0001,1e-06,0.25,0.25,0.035,0.025069,0.08013,nSEG,1,LIDAR,-0.0060690000000000015,0.11987,0.31942105263157905,0.5993499999999999,0.4593855263157895
M7593,0.0001,1e-06,0.25,0.25,0.04,0.025027,0.08673,nSEG,1,LIDAR,-0.006027000000000001,0.11327000000000001,0.31721052631578955,0.56635,0.44178026315789476
M7594,0.0001,1e-06,0.25,0.25,0.05,0.02495,0.09897,nSEG,1,LIDAR,-0.00595,0.10103000000000001,0.31315789473684214,0.50515,0.40915394736842103
M7595,0.0001,1e-06,0.25,0.25,0.08,0.024749,0.1306,nSEG,1,LIDAR,-0.005749000000000001,0.06940000000000002,0.3025789473684211,0.3470000000000001,0.32478947368421063
M7596,0.0001,1e-06,0.25,0.5,0.03,0.025115,0.06924,nSEG,1,LIDAR,-0.006114999999999999,0.13076000000000002,0.3218421052631578,0.6538,0.48782105263157893
M7597,0.0001,1e-06,0.25,0.5,0.035,0.025071,0.07587,nSEG,1,LIDAR,-0.006071,0.12413,0.3195263157894737,0.62065,0.4700881578947369
M7598,0.0001,1e-06,0.25,0.5,0.04,0.02503,0.08212,nSEG,1,LIDAR,-0.006030000000000001,0.11788000000000001,0.31736842105263163,0.5894,0.45338421052631583
M7599,0.0001,1e-06,0.25,0.5,0.05,0.024952,0.09371,nSEG,1,LIDAR,-0.005951999999999999,0.10629000000000001,0.3132631578947368,0.53145,0.4223565789473684
M7600,0.0001,1e-06,0.25,0.5,0.08,0.024752,0.1236,nSEG,1,LIDAR,-0.005752,0.07640000000000001,0.3027368421052632,0.382,0.3423684210526316
M7601,0.0001,1e-06,0.5,-0.5,0.03,0.025124,0.09629,nSEG,1,LIDAR,-0.006124000000000001,0.10371000000000001,0.3223157894736843,0.5185500000000001,0.4204328947368422
M7602,0.0001,1e-06,0.5,-0.5,0.035,0.025081,0.1055,nSEG,1,LIDAR,-0.006081,0.09450000000000001,0.32005263157894737,0.47250000000000003,0.3962763157894737
M7603,0.0001,1e-06,0.5,-0.5,0.04,0.02504,0.1142,nSEG,1,LIDAR,-0.00604,0.08580000000000002,0.3178947368421053,0.42900000000000005,0.37344736842105264
M7604,0.0001,1e-06,0.5,-0.5,0.05,0.024964,0.1303,nSEG,1,LIDAR,-0.0059640000000000006,0.06970000000000001,0.3138947368421053,0.34850000000000003,0.33119736842105263
M7605,0.0001,1e-06,0.5,-0.5,0.08,0.024768,0.172,nSEG,1,LIDAR,-0.005767999999999999,0.028000000000000025,0.303578947368421,0.14000000000000012,0.22178947368421056
M7606,0.0001,1e-06,0.5,-0.25,0.03,0.02513,0.08528,nSEG,1,LIDAR,-0.00613,0.11472000000000002,0.32263157894736844,0.5736,0.44811578947368425
M7607,0.0001,1e-06,0.5,-0.25,0.035,0.025087,0.09344,nSEG,1,LIDAR,-0.006087000000000002,0.10656000000000002,0.3203684210526317,0.5328,0.4265842105263159
M7608,0.0001,1e-06,0.5,-0.25,0.04,0.025047,0.1011,nSEG,1,LIDAR,-0.006047,0.09890000000000002,0.31826315789473686,0.49450000000000005,0.4063815789473685
M7609,0.0001,1e-06,0.5,-0.25,0.05,0.024972,0.1154,nSEG,1,LIDAR,-0.005972000000000002,0.08460000000000001,0.3143157894736843,0.42300000000000004,0.3686578947368422
M7610,0.0001,1e-06,0.5,-0.25,0.08,0.024778,0.1523,nSEG,1,LIDAR,-0.005778000000000002,0.04770000000000002,0.3041052631578948,0.2385000000000001,0.27130263157894746
M7611,0.0001,1e-06,0.5,0.0,0.03,0.025133,0.07823,nSEG,1,LIDAR,-0.0061329999999999996,0.12177000000000002,0.3227894736842105,0.60885,0.46581973684210526
M7612,0.0001,1e-06,0.5,0.0,0.035,0.025091,0.08573,nSEG,1,LIDAR,-0.006090999999999999,0.11427000000000001,0.320578947368421,0.57135,0.44596447368421055
M7613,0.0001,1e-06,0.5,0.0,0.04,0.025051,0.09279,nSEG,1,LIDAR,-0.006051000000000001,0.10721000000000001,0.31847368421052635,0.53605,0.4272618421052632
M7614,0.0001,1e-06,0.5,0.0,0.05,0.024977,0.1059,nSEG,1,LIDAR,-0.005977,0.09410000000000002,0.31457894736842107,0.4705000000000001,0.3925394736842106
M7615,0.0001,1e-06,0.5,0.0,0.08,0.024784,0.1397,nSEG,1,LIDAR,-0.005784000000000001,0.06030000000000002,0.304421052631579,0.3015000000000001,0.3029605263157895
M7616,0.0001,1e-06,0.5,0.25,0.03,0.025136,0.07317,nSEG,1,LIDAR,-0.006135999999999999,0.12683,0.3229473684210526,0.63415,0.4785486842105263
M7617,0.0001,1e-06,0.5,0.25,0.035,0.025094,0.08018,nSEG,1,LIDAR,-0.006094000000000002,0.11982000000000001,0.32073684210526326,0.5991,0.4599184210526316
M7618,0.0001,1e-06,0.5,0.25,0.04,0.025054,0.08679,nSEG,1,LIDAR,-0.006054,0.11321,0.31863157894736843,0.5660499999999999,0.44234078947368416
M7619,0.0001,1e-06,0.5,0.25,0.05,0.02498,0.09904,nSEG,1,LIDAR,-0.005979999999999999,0.10096000000000001,0.31473684210526315,0.5048,0.40976842105263156
M7620,0.0001,1e-06,0.5,0.25,0.08,0.024789,0.1307,nSEG,1,LIDAR,-0.005788999999999999,0.0693,0.3046842105263157,0.3465,0.32559210526315785
M7621,0.0001,1e-06,0.5,0.5,0.03,0.025138,0.06928,nSEG,1,LIDAR,-0.006138000000000001,0.13072,0.3230526315789474,0.6536,0.4883263157894737
M7622,0.0001,1e-06,0.5,0.5,0.035,0.025096,0.07592,nSEG,1,LIDAR,-0.006096000000000001,0.12408000000000001,0.32084210526315793,0.6204000000000001,0.470621052631579
M7623,0.0001,1e-06,0.5,0.5,0.04,0.025056,0.08217,nSEG,1,LIDAR,-0.006055999999999999,0.11783,0.3187368421052631,0.58915,0.4539434210526315
M7624,0.0001,1e-06,0.5,0.5,0.05,0.024983,0.09378,nSEG,1,LIDAR,-0.005983000000000002,0.10622000000000001,0.3148947368421054,0.5311,0.42299736842105273
M7625,0.0001,1e-06,0.5,0.5,0.08,0.024792,0.1238,nSEG,1,LIDAR,-0.005792000000000002,0.07620000000000002,0.304842105263158,0.38100000000000006,0.342921052631579
M7626,0.0001,5.5e-06,-0.5,-0.5,0.03,0.029183,0.1053,nSEG,1,LIDAR,-0.010183000000000001,0.0947,0.5359473684210527,0.47350000000000003,0.5047236842105264
M7627,0.0001,5.5e-06,-0.5,-0.5,0.035,0.029107,0.1154,nSEG,1,LIDAR,-0.010107000000000001,0.08460000000000001,0.5319473684210527,0.42300000000000004,0.4774736842105264
M7628,0.0001,5.5e-06,-0.5,-0.5,0.04,0.029035,0.1248,nSEG,1,LIDAR,-0.010034999999999999,0.07520000000000002,0.528157894736842,0.37600000000000006,0.452078947368421
M7629,0.0001,5.5e-06,-0.5,-0.5,0.05,0.028902,0.1423,nSEG,1,LIDAR,-0.009902000000000001,0.0577,0.5211578947368422,0.2885,0.40482894736842107
M7630,0.0001,5.5e-06,-0.5,-0.5,0.08,0.028557,0.1873,nSEG,1,LIDAR,-0.009557,0.012700000000000017,0.503,0.06350000000000008,0.28325000000000006
M7631,0.0001,5.5e-06,-0.5,-0.25,0.03,0.029212,0.09332,nSEG,1,LIDAR,-0.010211999999999999,0.10668000000000001,0.5374736842105262,0.5334,0.5354368421052631
M7632,0.0001,5.5e-06,-0.5,-0.25,0.035,0.029139,0.1022,nSEG,1,LIDAR,-0.010139000000000002,0.09780000000000001,0.5336315789473686,0.48900000000000005,0.5113157894736843
M7633,0.0001,5.5e-06,-0.5,-0.25,0.04,0.02907,0.1106,nSEG,1,LIDAR,-0.010069999999999999,0.08940000000000001,0.5299999999999999,0.447,0.48849999999999993
M7634,0.0001,5.5e-06,-0.5,-0.25,0.05,0.028941,0.1261,nSEG,1,LIDAR,-0.009941000000000002,0.07390000000000002,0.5232105263157896,0.3695000000000001,0.44635526315789487
M7635,0.0001,5.5e-06,-0.5,-0.25,0.08,0.02861,0.166,nSEG,1,LIDAR,-0.00961,0.034,0.5057894736842106,0.17,0.3378947368421053
M7636,0.0001,5.5e-06,-0.5,0.0,0.03,0.029231,0.08564,nSEG,1,LIDAR,-0.010231,0.11436000000000002,0.5384736842105263,0.5718000000000001,0.5551368421052632
M7637,0.0001,5.5e-06,-0.5,0.0,0.035,0.029159,0.0938,nSEG,1,LIDAR,-0.010159000000000001,0.10620000000000002,0.5346842105263159,0.531,0.532842105263158
M7638,0.0001,5.5e-06,-0.5,0.0,0.04,0.029092,0.1015,nSEG,1,LIDAR,-0.010092,0.0985,0.5311578947368422,0.4925,0.5118289473684211
M7639,0.0001,5.5e-06,-0.5,0.0,0.05,0.028967,0.1157,nSEG,1,LIDAR,-0.009967,0.08430000000000001,0.524578947368421,0.42150000000000004,0.4730394736842105
M7640,0.0001,5.5e-06,-0.5,0.0,0.08,0.028643,0.1524,nSEG,1,LIDAR,-0.009642999999999999,0.0476,0.5075263157894736,0.23800000000000002,0.3727631578947368
M7641,0.0001,5.5e-06,-0.5,0.25,0.03,0.029244,0.08012,nSEG,1,LIDAR,-0.010244,0.11988000000000001,0.5391578947368421,0.5994,0.569278947368421
M7642,0.0001,5.5e-06,-0.5,0.25,0.035,0.029174,0.08775,nSEG,1,LIDAR,-0.010173999999999999,0.11225000000000002,0.5354736842105263,0.56125,0.5483618421052632
M7643,0.0001,5.5e-06,-0.5,0.25,0.04,0.029108,0.09494,nSEG,1,LIDAR,-0.010107999999999999,0.10506000000000001,0.5319999999999999,0.5253,0.52865
M7644,0.0001,5.5e-06,-0.5,0.25,0.05,0.028985,0.1083,nSEG,1,LIDAR,-0.009985,0.09170000000000002,0.5255263157894737,0.4585000000000001,0.4920131578947369
M7645,0.0001,5.5e-06,-0.5,0.25,0.08,0.028667,0.1426,nSEG,1,LIDAR,-0.009667000000000002,0.05740000000000001,0.5087894736842107,0.28700000000000003,0.39789473684210536
M7646,0.0001,5.5e-06,-0.5,0.5,0.03,0.029254,0.07587,nSEG,1,LIDAR,-0.010254,0.12413,0.5396842105263158,0.62065,0.5801671052631578
M7647,0.0001,5.5e-06,-0.5,0.5,0.035,0.029185,0.0831,nSEG,1,LIDAR,-0.010185,0.11690000000000002,0.5360526315789473,0.5845,0.5602763157894737
M7648,0.0001,5.5e-06,-0.5,0.5,0.04,0.02912,0.08991,nSEG,1,LIDAR,-0.01012,0.11009000000000001,0.5326315789473685,0.55045,0.5415407894736842
M7649,0.0001,5.5e-06,-0.5,0.5,0.05,0.028999,0.1025,nSEG,1,LIDAR,-0.009999000000000001,0.09750000000000002,0.5262631578947369,0.48750000000000004,0.5068815789473684
M7650,0.0001,5.5e-06,-0.5,0.5,0.08,0.028686,0.1351,nSEG,1,LIDAR,-0.009686,0.06490000000000001,0.5097894736842106,0.32450000000000007,0.4171447368421053
M7651,0.0001,5.5e-06,-0.25,-0.5,0.03,0.029244,0.1055,nSEG,1,LIDAR,-0.010244,0.09450000000000001,0.5391578947368421,0.47250000000000003,0.505828947368421
M7652,0.0001,5.5e-06,-0.25,-0.5,0.035,0.029174,0.1155,nSEG,1,LIDAR,-0.010173999999999999,0.0845,0.5354736842105263,0.4225,0.47898684210526316
M7653,0.0001,5.5e-06,-0.25,-0.5,0.04,0.029107,0.125,nSEG,1,LIDAR,-0.010107000000000001,0.07500000000000001,0.5319473684210527,0.37500000000000006,0.45347368421052636
M7654,0.0001,5.5e-06,-0.25,-0.5,0.05,0.028984,0.1425,nSEG,1,LIDAR,-0.009984,0.05750000000000002,0.5254736842105263,0.2875000000000001,0.4064868421052632
M7655,0.0001,5.5e-06,-0.25,-0.5,0.08,0.028665,0.1877,nSEG,1,LIDAR,-0.009665,0.012300000000000005,0.5086842105263158,0.06150000000000003,0.2850921052631579
M7656,0.0001,5.5e-06,-0.25,-0.25,0.03,0.029273,0.09344,nSEG,1,LIDAR,-0.010273000000000001,0.10656000000000002,0.5406842105263159,0.5328,0.536742105263158
M7657,0.0001,5.5e-06,-0.25,-0.25,0.035,0.029206,0.1024,nSEG,1,LIDAR,-0.010206,0.0976,0.5371578947368421,0.488,0.512578947368421
M7658,0.0001,5.5e-06,-0.25,-0.25,0.04,0.029142,0.1107,nSEG,1,LIDAR,-0.010142000000000002,0.0893,0.5337894736842106,0.4465,0.4901447368421053
M7659,0.0001,5.5e-06,-0.25,-0.25,0.05,0.029024,0.1263,nSEG,1,LIDAR,-0.010024000000000002,0.07370000000000002,0.5275789473684211,0.36850000000000005,0.4480394736842106
M7660,0.0001,5.5e-06,-0.25,-0.25,0.08,0.028718,0.1664,nSEG,1,LIDAR,-0.009718000000000001,0.03360000000000002,0.5114736842105264,0.1680000000000001,0.3397368421052632
M7661,0.0001,5.5e-06,-0.25,0.0,0.03,0.029292,0.08575,nSEG,1,LIDAR,-0.010291999999999999,0.11425,0.5416842105263158,0.57125,0.5564671052631579
M7662,0.0001,5.5e-06,-0.25,0.0,0.035,0.029226,0.09393,nSEG,1,LIDAR,-0.010225999999999999,0.10607000000000001,0.5382105263157895,0.53035,0.5342802631578947
M7663,0.0001,5.5e-06,-0.25,0.0,0.04,0.029164,0.1016,nSEG,1,LIDAR,-0.010164,0.09840000000000002,0.5349473684210526,0.49200000000000005,0.5134736842105263
M7664,0.0001,5.5e-06,-0.25,0.0,0.05,0.029049,0.1159,nSEG,1,LIDAR,-0.010048999999999999,0.08410000000000001,0.5288947368421052,0.42050000000000004,0.4746973684210526
M7665,0.0001,5.5e-06,-0.25,0.0,0.08,0.028751,0.1527,nSEG,1,LIDAR,-0.009751,0.04730000000000001,0.5132105263157895,0.23650000000000004,0.37485526315789475
M7666,0.0001,5.5e-06,-0.25,0.25,0.03,0.029305,0.08022,nSEG,1,LIDAR,-0.010305000000000002,0.11978000000000001,0.5423684210526317,0.5989,0.5706342105263158
M7667,0.0001,5.5e-06,-0.25,0.25,0.035,0.029241,0.08787,nSEG,1,LIDAR,-0.010241,0.11213000000000001,0.539,0.56065,0.549825
M7668,0.0001,5.5e-06,-0.25,0.25,0.04,0.02918,0.09508,nSEG,1,LIDAR,-0.010180000000000002,0.10492000000000001,0.5357894736842106,0.5246000000000001,0.5301947368421054
M7669,0.0001,5.5e-06,-0.25,0.25,0.05,0.029067,0.1085,nSEG,1,LIDAR,-0.010067,0.09150000000000001,0.5298421052631579,0.4575,0.49367105263157895
M7670,0.0001,5.5e-06,-0.25,0.25,0.08,0.028775,0.1429,nSEG,1,LIDAR,-0.009774999999999999,0.05710000000000001,0.5144736842105263,0.28550000000000003,0.39998684210526314
M7671,0.0001,5.5e-06,-0.25,0.5,0.03,0.029315,0.07596,nSEG,1,LIDAR,-0.010315000000000001,0.12404000000000001,0.5428947368421053,0.6202,0.5815473684210526
M7672,0.0001,5.5e-06,-0.25,0.5,0.035,0.029252,0.08321,nSEG,1,LIDAR,-0.010252,0.11679,0.5395789473684212,0.58395,0.5617644736842106
M7673,0.0001,5.5e-06,-0.25,0.5,0.04,0.029192,0.09005,nSEG,1,LIDAR,-0.010192,0.10995,0.5364210526315789,0.54975,0.5430855263157894
M7674,0.0001,5.5e-06,-0.25,0.5,0.05,0.029081,0.1027,nSEG,1,LIDAR,-0.010081,0.09730000000000001,0.530578947368421,0.48650000000000004,0.5085394736842106
M7675,0.0001,5.5e-06,-0.25,0.5,0.08,0.028794,0.1354,nSEG,1,LIDAR,-0.009794,0.06460000000000002,0.5154736842105263,0.32300000000000006,0.4192368421052632
M7676,0.0001,5.5e-06,0.0,-0.5,0.03,0.029282,0.1055,nSEG,1,LIDAR,-0.010282,0.09450000000000001,0.5411578947368421,0.47250000000000003,0.5068289473684211
M7677,0.0001,5.5e-06,0.0,-0.5,0.035,0.029216,0.1156,nSEG,1,LIDAR,-0.010216,0.08440000000000002,0.5376842105263158,0.42200000000000004,0.4798421052631579
M7678,0.0001,5.5e-06,0.0,-0.5,0.04,0.029154,0.1251,nSEG,1,LIDAR,-0.010154,0.07490000000000002,0.5344210526315789,0.3745000000000001,0.4544605263157895
M7679,0.0001,5.5e-06,0.0,-0.5,0.05,0.029037,0.1427,nSEG,1,LIDAR,-0.010037,0.05730000000000002,0.5282631578947369,0.2865000000000001,0.4073815789473685
M7680,0.0001,5.5e-06,0.0,-0.5,0.08,0.028734,0.188,nSEG,1,LIDAR,-0.009734,0.01200000000000001,0.5123157894736842,0.06000000000000005,0.2861578947368421
M7681,0.0001,5.5e-06,0.0,-0.25,0.03,0.029312,0.09351,nSEG,1,LIDAR,-0.010312000000000002,0.10649000000000002,0.5427368421052633,0.5324500000000001,0.5375934210526316
M7682,0.0001,5.5e-06,0.0,-0.25,0.035,0.029248,0.1024,nSEG,1,LIDAR,-0.010248,0.0976,0.5393684210526316,0.488,0.5136842105263157
M7683,0.0001,5.5e-06,0.0,-0.25,0.04,0.029188,0.1109,nSEG,1,LIDAR,-0.010188,0.08910000000000001,0.5362105263157895,0.44550000000000006,0.49085526315789474
M7684,0.0001,5.5e-06,0.0,-0.25,0.05,0.029076,0.1264,nSEG,1,LIDAR,-0.010076000000000002,0.0736,0.5303157894736843,0.368,0.44915789473684214
M7685,0.0001,5.5e-06,0.0,-0.25,0.08,0.028787,0.1666,nSEG,1,LIDAR,-0.009787,0.03340000000000001,0.5151052631578947,0.16700000000000007,0.3410526315789474
M7686,0.0001,5.5e-06,0.0,0.0,0.03,0.029331,0.08581,nSEG,1,LIDAR,-0.010331,0.11419000000000001,0.5437368421052632,0.5709500000000001,0.5573434210526316
M7687,0.0001,5.5e-06,0.0,0.0,0.035,0.029269,0.09401,nSEG,1,LIDAR,-0.010269,0.10599000000000001,0.5404736842105263,0.52995,0.5352118421052632
M7688,0.0001,5.5e-06,0.0,0.0,0.04,0.02921,0.1017,nSEG,1,LIDAR,-0.01021,0.09830000000000001,0.5373684210526316,0.49150000000000005,0.5144342105263158
M7689,0.0001,5.5e-06,0.0,0.0,0.05,0.029102,0.116,nSEG,1,LIDAR,-0.010102,0.084,0.5316842105263158,0.42,0.47584210526315784
M7690,0.0001,5.5e-06,0.0,0.0,0.08,0.02882,0.153,nSEG,1,LIDAR,-0.009819999999999999,0.047000000000000014,0.5168421052631579,0.23500000000000007,0.375921052631579
M7691,0.0001,5.5e-06,0.0,0.25,0.03,0.029344,0.08028,nSEG,1,LIDAR,-0.010343999999999999,0.11972000000000001,0.5444210526315789,0.5986,0.5715105263157895
M7692,0.0001,5.5e-06,0.0,0.25,0.035,0.029283,0.08795,nSEG,1,LIDAR,-0.010283,0.11205000000000001,0.5412105263157895,0.56025,0.5507302631578948
M7693,0.0001,5.5e-06,0.0,0.25,0.04,0.029226,0.09517,nSEG,1,LIDAR,-0.010225999999999999,0.10483,0.5382105263157895,0.52415,0.5311802631578948
M7694,0.0001,5.5e-06,0.0,0.25,0.05,0.02912,0.1086,nSEG,1,LIDAR,-0.01012,0.09140000000000001,0.5326315789473685,0.457,0.4948157894736842
M7695,0.0001,5.5e-06,0.0,0.25,0.08,0.028844,0.1431,nSEG,1,LIDAR,-0.009844000000000002,0.056900000000000006,0.5181052631578948,0.28450000000000003,0.4013026315789474
M7696,0.0001,5.5e-06,0.0,0.5,0.03,0.029355,0.07602,nSEG,1,LIDAR,-0.010355,0.12398,0.545,0.6199,0.58245
M7697,0.0001,5.5e-06,0.0,0.5,0.035,0.029295,0.08329,nSEG,1,LIDAR,-0.010295000000000002,0.11671000000000001,0.541842105263158,0.58355,0.562696052631579
M7698,0.0001,5.5e-06,0.0,0.5,0.04,0.029238,0.09013,nSEG,1,LIDAR,-0.010238,0.10987000000000001,0.5388421052631579,0.54935,0.544096052631579
M7699,0.0001,5.5e-06,0.0,0.5,0.05,0.029134,0.1028,nSEG,1,LIDAR,-0.010134,0.09720000000000001,0.5333684210526316,0.48600000000000004,0.5096842105263159
M7700,0.0001,5.5e-06,0.0,0.5,0.08,0.028863,0.1356,nSEG,1,LIDAR,-0.009863,0.06440000000000001,0.5191052631578947,0.32200000000000006,0.4205526315789474
M7701,0.0001,5.5e-06,0.25,-0.5,0.03,0.02931,0.1056,nSEG,1,LIDAR,-0.01031,0.09440000000000001,0.5426315789473685,0.47200000000000003,0.5073157894736843
M7702,0.0001,5.5e-06,0.25,-0.5,0.035,0.029246,0.1157,nSEG,1,LIDAR,-0.010246000000000002,0.08430000000000001,0.5392631578947369,0.42150000000000004,0.48038157894736844
M7703,0.0001,5.5e-06,0.25,-0.5,0.04,0.029186,0.1252,nSEG,1,LIDAR,-0.010186,0.0748,0.5361052631578948,0.374,0.4550526315789474
M7704,0.0001,5.5e-06,0.25,-0.5,0.05,0.029074,0.1428,nSEG,1,LIDAR,-0.010074,0.0572,0.5302105263157895,0.286,0.40810526315789475
M7705,0.0001,5.5e-06,0.25,-0.5,0.08,0.028784,0.1882,nSEG,1,LIDAR,-0.009784000000000001,0.011800000000000005,0.5149473684210527,0.059000000000000025,0.2869736842105264
M7706,0.0001,5.5e-06,0.25,-0.25,0.03,0.029339,0.09357,nSEG,1,LIDAR,-0.010339000000000001,0.10643000000000001,0.5441578947368422,0.53215,0.5381539473684211
M7707,0.0001,5.5e-06,0.25,-0.25,0.035,0.029278,0.1025,nSEG,1,LIDAR,-0.010277999999999999,0.09750000000000002,0.5409473684210526,0.48750000000000004,0.5142236842105263
M7708,0.0001,5.5e-06,0.25,-0.25,0.04,0.029221,0.1109,nSEG,1,LIDAR,-0.010221000000000001,0.08910000000000001,0.5379473684210527,0.44550000000000006,0.49172368421052637
M7709,0.0001,5.5e-06,0.25,-0.25,0.05,0.029113,0.1265,nSEG,1,LIDAR,-0.010113,0.07350000000000001,0.5322631578947369,0.36750000000000005,0.44988157894736847
M7710,0.0001,5.5e-06,0.25,-0.25,0.08,0.028837,0.1668,nSEG,1,LIDAR,-0.009837000000000002,0.03320000000000001,0.5177368421052633,0.16600000000000004,0.34186842105263165
M7711,0.0001,5.5e-06,0.25,0.0,0.03,0.029358,0.08586,nSEG,1,LIDAR,-0.010358,0.11414,0.5451578947368421,0.5707,0.557928947368421
M7712,0.0001,5.5e-06,0.25,0.0,0.035,0.029299,0.09407,nSEG,1,LIDAR,-0.010298999999999999,0.10593000000000001,0.5420526315789473,0.5296500000000001,0.5358513157894738
M7713,0.0001,5.5e-06,0.25,0.0,0.04,0.029244,0.1018,nSEG,1,LIDAR,-0.010244,0.09820000000000001,0.5391578947368421,0.49100000000000005,0.5150789473684211
M7714,0.0001,5.5e-06,0.25,0.0,0.05,0.02914,0.1161,nSEG,1,LIDAR,-0.01014,0.08390000000000002,0.5336842105263158,0.41950000000000004,0.4765921052631579
M7715,0.0001,5.5e-06,0.25,0.0,0.08,0.02887,0.1531,nSEG,1,LIDAR,-0.00987,0.0469,0.5194736842105263,0.2345,0.3769868421052631
M7716,0.0001,5.5e-06,0.25,0.25,0.03,0.029372,0.08033,nSEG,1,LIDAR,-0.010372,0.11967000000000001,0.5458947368421052,0.59835,0.5721223684210526
M7717,0.0001,5.5e-06,0.25,0.25,0.035,0.029314,0.08801,nSEG,1,LIDAR,-0.010314,0.11199,0.5428421052631579,0.55995,0.5513960526315789
M7718,0.0001,5.5e-06,0.25,0.25,0.04,0.02926,0.09524,nSEG,1,LIDAR,-0.010260000000000002,0.10476,0.5400000000000001,0.5238,0.5319
M7719,0.0001,5.5e-06,0.25,0.25,0.05,0.029158,0.1087,nSEG,1,LIDAR,-0.010158,0.0913,0.5346315789473685,0.4565,0.49556578947368424
M7720,0.0001,5.5e-06,0.25,0.25,0.08,0.028894,0.1433,nSEG,1,LIDAR,-0.009894,0.0567,0.5207368421052632,0.2835,0.40211842105263157
M7721,0.0001,5.5e-06,0.25,0.5,0.03,0.029383,0.07607,nSEG,1,LIDAR,-0.010383,0.12393000000000001,0.5464736842105263,0.61965,0.5830618421052631
M7722,0.0001,5.5e-06,0.25,0.5,0.035,0.029326,0.08334,nSEG,1,LIDAR,-0.010326000000000002,0.11666000000000001,0.5434736842105264,0.5833,0.5633868421052632
M7723,0.0001,5.5e-06,0.25,0.5,0.04,0.029272,0.09019,nSEG,1,LIDAR,-0.010272,0.10981,0.5406315789473685,0.54905,0.5448407894736842
M7724,0.0001,5.5e-06,0.25,0.5,0.05,0.029172,0.1029,nSEG,1,LIDAR,-0.010172,0.0971,0.5353684210526316,0.4855,0.5104342105263158
M7725,0.0001,5.5e-06,0.25,0.5,0.08,0.028913,0.1357,nSEG,1,LIDAR,-0.009913000000000002,0.06430000000000002,0.5217368421052633,0.3215000000000001,0.4216184210526317
M7726,0.0001,5.5e-06,0.5,-0.5,0.03,0.029332,0.1057,nSEG,1,LIDAR,-0.010332000000000001,0.09430000000000001,0.5437894736842106,0.47150000000000003,0.5076447368421053
M7727,0.0001,5.5e-06,0.5,-0.5,0.035,0.02927,0.1157,nSEG,1,LIDAR,-0.010270000000000001,0.08430000000000001,0.5405263157894737,0.42150000000000004,0.48101315789473686
M7728,0.0001,5.5e-06,0.5,-0.5,0.04,0.029212,0.1253,nSEG,1,LIDAR,-0.010211999999999999,0.07470000000000002,0.5374736842105262,0.37350000000000005,0.45548684210526313
M7729,0.0001,5.5e-06,0.5,-0.5,0.05,0.029103,0.1429,nSEG,1,LIDAR,-0.010103000000000001,0.05710000000000001,0.5317368421052632,0.28550000000000003,0.4086184210526316
M7730,0.0001,5.5e-06,0.5,-0.5,0.08,0.028822,0.1883,nSEG,1,LIDAR,-0.009822000000000001,0.011700000000000016,0.5169473684210527,0.05850000000000008,0.2877236842105264
M7731,0.0001,5.5e-06,0.5,-0.25,0.03,0.029361,0.09361,nSEG,1,LIDAR,-0.010361000000000002,0.10639000000000001,0.5453157894736843,0.53195,0.5386328947368422
M7732,0.0001,5.5e-06,0.5,-0.25,0.035,0.029302,0.1026,nSEG,1,LIDAR,-0.010302000000000002,0.09740000000000001,0.5422105263157896,0.48700000000000004,0.5146052631578948
M7733,0.0001,5.5e-06,0.5,-0.25,0.04,0.029247,0.111,nSEG,1,LIDAR,-0.010247,0.08900000000000001,0.5393157894736842,0.445,0.4921578947368421
M7734,0.0001,5.5e-06,0.5,-0.25,0.05,0.029143,0.1266,nSEG,1,LIDAR,-0.010143,0.07340000000000002,0.5338421052631579,0.3670000000000001,0.450421052631579
M7735,0.0001,5.5e-06,0.5,-0.25,0.08,0.028875,0.1669,nSEG,1,LIDAR,-0.009875000000000002,0.03310000000000002,0.5197368421052633,0.1655000000000001,0.3426184210526317
M7736,0.0001,5.5e-06,0.5,0.0,0.03,0.02938,0.0859,nSEG,1,LIDAR,-0.01038,0.11410000000000001,0.5463157894736842,0.5705,0.558407894736842
M7737,0.0001,5.5e-06,0.5,0.0,0.035,0.029322,0.09411,nSEG,1,LIDAR,-0.010322000000000001,0.10589000000000001,0.5432631578947369,0.52945,0.5363565789473684
M7738,0.0001,5.5e-06,0.5,0.0,0.04,0.029269,0.1019,nSEG,1,LIDAR,-0.010269,0.0981,0.5404736842105263,0.4905,0.5154868421052632
M7739,0.0001,5.5e-06,0.5,0.0,0.05,0.029169,0.1162,nSEG,1,LIDAR,-0.010169000000000001,0.08380000000000001,0.5352105263157896,0.41900000000000004,0.4771052631578948
M7740,0.0001,5.5e-06,0.5,0.0,0.08,0.028909,0.1532,nSEG,1,LIDAR,-0.009909000000000001,0.04680000000000001,0.5215263157894737,0.23400000000000004,0.3777631578947369
M7741,0.0001,5.5e-06,0.5,0.25,0.03,0.029394,0.08036,nSEG,1,LIDAR,-0.010394,0.11964000000000001,0.5470526315789475,0.5982000000000001,0.5726263157894738
M7742,0.0001,5.5e-06,0.5,0.25,0.035,0.029338,0.08805,nSEG,1,LIDAR,-0.010338,0.11195000000000001,0.5441052631578948,0.55975,0.5519276315789474
M7743,0.0001,5.5e-06,0.5,0.25,0.04,0.029285,0.09529,nSEG,1,LIDAR,-0.010284999999999999,0.10471000000000001,0.5413157894736842,0.5235500000000001,0.5324328947368422
M7744,0.0001,5.5e-06,0.5,0.25,0.05,0.029187,0.1087,nSEG,1,LIDAR,-0.010187000000000002,0.0913,0.5361578947368422,0.4565,0.4963289473684211
M7745,0.0001,5.5e-06,0.5,0.25,0.08,0.028933,0.1434,nSEG,1,LIDAR,-0.009933,0.05660000000000001,0.5227894736842106,0.28300000000000003,0.4028947368421053
M7746,0.0001,5.5e-06,0.5,0.5,0.03,0.029404,0.0761,nSEG,1,LIDAR,-0.010404,0.12390000000000001,0.547578947368421,0.6195,0.5835394736842106
M7747,0.0001,5.5e-06,0.5,0.5,0.035,0.029349,0.08338,nSEG,1,LIDAR,-0.010349,0.11662000000000002,0.5446842105263159,0.5831000000000001,0.563892105263158
M7748,0.0001,5.5e-06,0.5,0.5,0.04,0.029297,0.09024,nSEG,1,LIDAR,-0.010297,0.10976000000000001,0.5419473684210526,0.5488000000000001,0.5453736842105263
M7749,0.0001,5.5e-06,0.5,0.5,0.05,0.029201,0.103,nSEG,1,LIDAR,-0.010201000000000002,0.09700000000000002,0.5368947368421053,0.48500000000000004,0.5109473684210527
M7750,0.0001,5.5e-06,0.5,0.5,0.08,0.028951,0.1358,nSEG,1,LIDAR,-0.009951000000000002,0.06420000000000001,0.5237368421052633,0.321,0.4223684210526316
M7751,0.0001,1e-05,-0.5,-0.5,0.03,0.033177,0.1137,nSEG,1,LIDAR,-0.014176999999999999,0.08630000000000002,0.746157894736842,0.43150000000000005,0.5888289473684211
M7752,0.0001,1e-05,-0.5,-0.5,0.035,0.033084,0.1246,nSEG,1,LIDAR,-0.014084000000000003,0.07540000000000001,0.741263157894737,0.377,0.5591315789473685
M7753,0.0001,1e-05,-0.5,-0.5,0.04,0.032996,0.1347,nSEG,1,LIDAR,-0.013995999999999998,0.06530000000000002,0.7366315789473683,0.3265000000000001,0.5315657894736843
M7754,0.0001,1e-05,-0.5,-0.5,0.05,0.032834,0.1536,nSEG,1,LIDAR,-0.013834000000000003,0.046400000000000025,0.7281052631578949,0.23200000000000012,0.4800526315789475
M7755,0.0001,1e-05,-0.5,-0.5,0.08,0.032414,0.2021,nSEG,1,LIDAR,-0.013413999999999999,-0.0020999999999999908,0.706,0.010499999999999954,0.35824999999999996
M7756,0.0001,1e-05,-0.5,-0.25,0.03,0.033228,0.1008,nSEG,1,LIDAR,-0.014228000000000001,0.09920000000000001,0.748842105263158,0.49600000000000005,0.622421052631579
M7757,0.0001,1e-05,-0.5,-0.25,0.035,0.03314,0.1104,nSEG,1,LIDAR,-0.014140000000000003,0.08960000000000001,0.7442105263157897,0.44800000000000006,0.5961052631578949
M7758,0.0001,1e-05,-0.5,-0.25,0.04,0.033057,0.1194,nSEG,1,LIDAR,-0.014057000000000004,0.0806,0.7398421052631581,0.403,0.571421052631579
M7759,0.0001,1e-05,-0.5,-0.25,0.05,0.032903,0.1362,nSEG,1,LIDAR,-0.013903000000000002,0.06380000000000002,0.7317368421052632,0.3190000000000001,0.5253684210526317
M7760,0.0001,1e-05,-0.5,-0.25,0.08,0.032505,0.1792,nSEG,1,LIDAR,-0.013505,0.020800000000000013,0.7107894736842105,0.10400000000000006,0.4073947368421053
M7761,0.0001,1e-05,-0.5,0.0,0.03,0.03326,0.09253,nSEG,1,LIDAR,-0.014259999999999998,0.10747000000000001,0.7505263157894736,0.53735,0.6439381578947367
M7762,0.0001,1e-05,-0.5,0.0,0.035,0.033175,0.1013,nSEG,1,LIDAR,-0.014175000000000004,0.09870000000000001,0.7460526315789475,0.49350000000000005,0.6197763157894738
M7763,0.0001,1e-05,-0.5,0.0,0.04,0.033095,0.1096,nSEG,1,LIDAR,-0.014095,0.09040000000000001,0.7418421052631579,0.452,0.5969210526315789
M7764,0.0001,1e-05,-0.5,0.0,0.05,0.032947,0.125,nSEG,1,LIDAR,-0.013946999999999998,0.07500000000000001,0.7340526315789473,0.37500000000000006,0.5545263157894736
M7765,0.0001,1e-05,-0.5,0.0,0.08,0.032563,0.1646,nSEG,1,LIDAR,-0.013563000000000002,0.035400000000000015,0.713842105263158,0.17700000000000007,0.44542105263157905
M7766,0.0001,1e-05,-0.5,0.25,0.03,0.033283,0.08657,nSEG,1,LIDAR,-0.014283,0.11343000000000002,0.7517368421052633,0.56715,0.6594434210526317
M7767,0.0001,1e-05,-0.5,0.25,0.035,0.033201,0.09482,nSEG,1,LIDAR,-0.014201000000000002,0.10518000000000001,0.7474210526315791,0.5259,0.6366605263157896
M7768,0.0001,1e-05,-0.5,0.25,0.04,0.033123,0.1026,nSEG,1,LIDAR,-0.014123,0.09740000000000001,0.7433157894736843,0.48700000000000004,0.6151578947368421
M7769,0.0001,1e-05,-0.5,0.25,0.05,0.032979,0.117,nSEG,1,LIDAR,-0.013979000000000002,0.083,0.7357368421052632,0.415,0.5753684210526316
M7770,0.0001,1e-05,-0.5,0.25,0.08,0.032605,0.154,nSEG,1,LIDAR,-0.013605000000000003,0.04600000000000001,0.7160526315789475,0.23000000000000007,0.4730263157894738
M7771,0.0001,1e-05,-0.5,0.5,0.03,0.033301,0.08199,nSEG,1,LIDAR,-0.014300999999999998,0.11801000000000002,0.7526842105263157,0.5900500000000001,0.6713671052631579
M7772,0.0001,1e-05,-0.5,0.5,0.035,0.03322,0.08981,nSEG,1,LIDAR,-0.01422,0.11019000000000001,0.748421052631579,0.55095,0.6496855263157895
M7773,0.0001,1e-05,-0.5,0.5,0.04,0.033144,0.09716,nSEG,1,LIDAR,-0.014144,0.10284000000000001,0.744421052631579,0.5142,0.6293105263157894
M7774,0.0001,1e-05,-0.5,0.5,0.05,0.033003,0.1108,nSEG,1,LIDAR,-0.014002999999999998,0.08920000000000002,0.7369999999999999,0.44600000000000006,0.5914999999999999
M7775,0.0001,1e-05,-0.5,0.5,0.08,0.032638,0.1459,nSEG,1,LIDAR,-0.013638,0.05410000000000001,0.7177894736842105,0.2705,0.49414473684210525
M7776,0.0001,1e-05,-0.25,-0.5,0.03,0.033236,0.1139,nSEG,1,LIDAR,-0.014236000000000002,0.08610000000000001,0.749263157894737,0.43050000000000005,0.5898815789473685
M7777,0.0001,1e-05,-0.25,-0.5,0.035,0.033148,0.1247,nSEG,1,LIDAR,-0.014147999999999997,0.0753,0.7446315789473683,0.3765,0.5605657894736842
M7778,0.0001,1e-05,-0.25,-0.5,0.04,0.033066,0.1349,nSEG,1,LIDAR,-0.014065999999999999,0.06510000000000002,0.7403157894736841,0.32550000000000007,0.5329078947368421
M7779,0.0001,1e-05,-0.25,-0.5,0.05,0.032913,0.1538,nSEG,1,LIDAR,-0.013912999999999998,0.04620000000000002,0.7322631578947367,0.2310000000000001,0.4816315789473684
M7780,0.0001,1e-05,-0.25,-0.5,0.08,0.032518,0.2024,nSEG,1,LIDAR,-0.013517999999999999,-0.0023999999999999855,0.7114736842105263,0.011999999999999927,0.3617368421052631
M7781,0.0001,1e-05,-0.25,-0.25,0.03,0.033286,0.1009,nSEG,1,LIDAR,-0.014286000000000004,0.09910000000000001,0.7518947368421055,0.4955,0.6236973684210527
M7782,0.0001,1e-05,-0.25,-0.25,0.035,0.033204,0.1105,nSEG,1,LIDAR,-0.014203999999999998,0.08950000000000001,0.747578947368421,0.4475,0.5975394736842106
M7783,0.0001,1e-05,-0.25,-0.25,0.04,0.033127,0.1196,nSEG,1,LIDAR,-0.014126999999999997,0.08040000000000001,0.7435263157894736,0.402,0.5727631578947368
M7784,0.0001,1e-05,-0.25,-0.25,0.05,0.032982,0.1364,nSEG,1,LIDAR,-0.013981999999999998,0.06360000000000002,0.7358947368421052,0.31800000000000006,0.5269473684210526
M7785,0.0001,1e-05,-0.25,-0.25,0.08,0.032609,0.1796,nSEG,1,LIDAR,-0.013609,0.0204,0.7162631578947368,0.10200000000000001,0.4091315789473684
M7786,0.0001,1e-05,-0.25,0.0,0.03,0.033319,0.09263,nSEG,1,LIDAR,-0.014319000000000002,0.10737000000000001,0.7536315789473685,0.53685,0.6452407894736842
M7787,0.0001,1e-05,-0.25,0.0,0.035,0.03324,0.1015,nSEG,1,LIDAR,-0.01424,0.0985,0.7494736842105263,0.4925,0.6209868421052631
M7788,0.0001,1e-05,-0.25,0.0,0.04,0.033165,0.1098,nSEG,1,LIDAR,-0.014165,0.09020000000000002,0.7455263157894737,0.45100000000000007,0.5982631578947368
M7789,0.0001,1e-05,-0.25,0.0,0.05,0.033027,0.1252,nSEG,1,LIDAR,-0.014027000000000001,0.0748,0.738263157894737,0.374,0.5561315789473684
M7790,0.0001,1e-05,-0.25,0.0,0.08,0.032668,0.1649,nSEG,1,LIDAR,-0.013668000000000003,0.03510000000000002,0.7193684210526318,0.1755000000000001,0.44743421052631593
M7791,0.0001,1e-05,-0.25,0.25,0.03,0.033342,0.08667,nSEG,1,LIDAR,-0.014341999999999997,0.11333000000000001,0.7548421052631578,0.56665,0.6607460526315789
M7792,0.0001,1e-05,-0.25,0.25,0.035,0.033265,0.09493,nSEG,1,LIDAR,-0.014265000000000003,0.10507000000000001,0.7507894736842107,0.52535,0.6380697368421053
M7793,0.0001,1e-05,-0.25,0.25,0.04,0.033193,0.1027,nSEG,1,LIDAR,-0.014193,0.09730000000000001,0.7470000000000001,0.48650000000000004,0.6167500000000001
M7794,0.0001,1e-05,-0.25,0.25,0.05,0.033058,0.1171,nSEG,1,LIDAR,-0.014057999999999998,0.08290000000000002,0.7398947368421052,0.41450000000000004,0.5771973684210526
M7795,0.0001,1e-05,-0.25,0.25,0.08,0.03271,0.1543,nSEG,1,LIDAR,-0.013710000000000003,0.04570000000000002,0.7215789473684212,0.2285000000000001,0.4750394736842106
M7796,0.0001,1e-05,-0.25,0.5,0.03,0.03336,0.08208,nSEG,1,LIDAR,-0.014360000000000001,0.11792000000000001,0.7557894736842106,0.5896,0.6726947368421052
M7797,0.0001,1e-05,-0.25,0.5,0.035,0.033285,0.08991,nSEG,1,LIDAR,-0.014285000000000003,0.11009000000000001,0.7518421052631581,0.55045,0.6511460526315791
M7798,0.0001,1e-05,-0.25,0.5,0.04,0.033214,0.09729,nSEG,1,LIDAR,-0.014214000000000001,0.10271000000000001,0.7481052631578948,0.5135500000000001,0.6308276315789474
M7799,0.0001,1e-05,-0.25,0.5,0.05,0.033083,0.111,nSEG,1,LIDAR,-0.014083000000000002,0.08900000000000001,0.7412105263157895,0.445,0.5931052631578948
M7800,0.0001,1e-05,-0.25,0.5,0.08,0.032742,0.1462,nSEG,1,LIDAR,-0.013742,0.053800000000000014,0.7232631578947369,0.2690000000000001,0.4961315789473685
M7801,0.0001,1e-05,0.0,-0.5,0.03,0.033273,0.1139,nSEG,1,LIDAR,-0.014272999999999997,0.08610000000000001,0.7512105263157893,0.43050000000000005,0.5908552631578947
M7802,0.0001,1e-05,0.0,-0.5,0.035,0.03319,0.1248,nSEG,1,LIDAR,-0.014189999999999998,0.07520000000000002,0.7468421052631578,0.37600000000000006,0.5614210526315789
M7803,0.0001,1e-05,0.0,-0.5,0.04,0.033111,0.135,nSEG,1,LIDAR,-0.014111000000000002,0.065,0.742684210526316,0.325,0.533842105263158
M7804,0.0001,1e-05,0.0,-0.5,0.05,0.032964,0.154,nSEG,1,LIDAR,-0.013964,0.04600000000000001,0.7349473684210527,0.23000000000000007,0.4824736842105264
M7805,0.0001,1e-05,0.0,-0.5,0.08,0.032584,0.2027,nSEG,1,LIDAR,-0.013584000000000002,-0.00269999999999998,0.7149473684210528,0.013499999999999901,0.3642236842105263
M7806,0.0001,1e-05,0.0,-0.25,0.03,0.033324,0.101,nSEG,1,LIDAR,-0.014324,0.099,0.7538947368421053,0.495,0.6244473684210526
M7807,0.0001,1e-05,0.0,-0.25,0.035,0.033246,0.1106,nSEG,1,LIDAR,-0.014245999999999998,0.08940000000000001,0.7497894736842105,0.447,0.5983947368421052
M7808,0.0001,1e-05,0.0,-0.25,0.04,0.033171,0.1197,nSEG,1,LIDAR,-0.014171,0.08030000000000001,0.7458421052631579,0.4015,0.5736710526315789
M7809,0.0001,1e-05,0.0,-0.25,0.05,0.033033,0.1365,nSEG,1,LIDAR,-0.014033,0.0635,0.7385789473684211,0.3175,0.5280394736842106
M7810,0.0001,1e-05,0.0,-0.25,0.08,0.032676,0.1798,nSEG,1,LIDAR,-0.013675999999999997,0.020200000000000023,0.7197894736842104,0.10100000000000012,0.41039473684210526
M7811,0.0001,1e-05,0.0,0.0,0.03,0.033357,0.09269,nSEG,1,LIDAR,-0.014356999999999998,0.10731000000000002,0.7556315789473683,0.5365500000000001,0.6460907894736843
M7812,0.0001,1e-05,0.0,0.0,0.035,0.033281,0.1015,nSEG,1,LIDAR,-0.014280999999999999,0.0985,0.7516315789473683,0.4925,0.6220657894736842
M7813,0.0001,1e-05,0.0,0.0,0.04,0.03321,0.1099,nSEG,1,LIDAR,-0.014210000000000004,0.09010000000000001,0.7478947368421055,0.45050000000000007,0.5991973684210528
M7814,0.0001,1e-05,0.0,0.0,0.05,0.033078,0.1253,nSEG,1,LIDAR,-0.014078000000000004,0.07470000000000002,0.7409473684210528,0.37350000000000005,0.5572236842105265
M7815,0.0001,1e-05,0.0,0.0,0.08,0.032734,0.1651,nSEG,1,LIDAR,-0.013734,0.034900000000000014,0.7228421052631578,0.17450000000000007,0.44867105263157897
M7816,0.0001,1e-05,0.0,0.25,0.03,0.03338,0.08672,nSEG,1,LIDAR,-0.01438,0.11328,0.756842105263158,0.5664,0.661621052631579
M7817,0.0001,1e-05,0.0,0.25,0.035,0.033307,0.095,nSEG,1,LIDAR,-0.014307000000000004,0.10500000000000001,0.7530000000000002,0.525,0.6390000000000001
M7818,0.0001,1e-05,0.0,0.25,0.04,0.033238,0.1028,nSEG,1,LIDAR,-0.014237999999999997,0.09720000000000001,0.7493684210526315,0.48600000000000004,0.6176842105263157
M7819,0.0001,1e-05,0.0,0.25,0.05,0.033109,0.1173,nSEG,1,LIDAR,-0.014109,0.08270000000000001,0.7425789473684211,0.41350000000000003,0.5780394736842106
M7820,0.0001,1e-05,0.0,0.25,0.08,0.032777,0.1545,nSEG,1,LIDAR,-0.013777000000000001,0.04550000000000001,0.7251052631578948,0.22750000000000006,0.4763026315789474
M7821,0.0001,1e-05,0.0,0.5,0.03,0.033398,0.08213,nSEG,1,LIDAR,-0.014397999999999998,0.11787000000000002,0.7577894736842105,0.58935,0.6735697368421052
M7822,0.0001,1e-05,0.0,0.5,0.035,0.033326,0.08998,nSEG,1,LIDAR,-0.014326000000000002,0.11002,0.7540000000000001,0.5501,0.65205
M7823,0.0001,1e-05,0.0,0.5,0.04,0.033259,0.09737,nSEG,1,LIDAR,-0.014258999999999997,0.10263000000000001,0.7504736842105262,0.51315,0.6318118421052631
M7824,0.0001,1e-05,0.0,0.5,0.05,0.033134,0.1111,nSEG,1,LIDAR,-0.014133999999999997,0.0889,0.7438947368421052,0.4445,0.5941973684210526
M7825,0.0001,1e-05,0.0,0.5,0.08,0.032809,0.1464,nSEG,1,LIDAR,-0.013808999999999998,0.05360000000000001,0.7267894736842104,0.268,0.4973947368421052
M7826,0.0001,1e-05,0.25,-0.5,0.03,0.033301,0.114,nSEG,1,LIDAR,-0.014300999999999998,0.08600000000000001,0.7526842105263157,0.43,0.5913421052631579
M7827,0.0001,1e-05,0.25,-0.5,0.035,0.033219,0.1249,nSEG,1,LIDAR,-0.014218999999999999,0.07510000000000001,0.7483684210526316,0.37550000000000006,0.5619342105263159
M7828,0.0001,1e-05,0.25,-0.5,0.04,0.033143,0.1351,nSEG,1,LIDAR,-0.014143,0.06490000000000001,0.7443684210526316,0.32450000000000007,0.5344342105263158
M7829,0.0001,1e-05,0.25,-0.5,0.05,0.033001,0.1541,nSEG,1,LIDAR,-0.014001000000000003,0.045900000000000024,0.7368947368421055,0.22950000000000012,0.4831973684210528
M7830,0.0001,1e-05,0.25,-0.5,0.08,0.032632,0.2029,nSEG,1,LIDAR,-0.013632000000000002,-0.002899999999999986,0.7174736842105264,0.01449999999999993,0.36598684210526317
M7831,0.0001,1e-05,0.25,-0.25,0.03,0.033351,0.101,nSEG,1,LIDAR,-0.014351,0.099,0.7553157894736842,0.495,0.6251578947368421
M7832,0.0001,1e-05,0.25,-0.25,0.035,0.033275,0.1107,nSEG,1,LIDAR,-0.014275,0.0893,0.7513157894736842,0.4465,0.598907894736842
M7833,0.0001,1e-05,0.25,-0.25,0.04,0.033203,0.1198,nSEG,1,LIDAR,-0.014203000000000004,0.08020000000000001,0.7475263157894739,0.401,0.574263157894737
M7834,0.0001,1e-05,0.25,-0.25,0.05,0.03307,0.1366,nSEG,1,LIDAR,-0.014070000000000003,0.06340000000000001,0.7405263157894738,0.31700000000000006,0.5287631578947369
M7835,0.0001,1e-05,0.25,-0.25,0.08,0.032724,0.1799,nSEG,1,LIDAR,-0.013724000000000004,0.020100000000000007,0.7223157894736845,0.10050000000000003,0.41140789473684225
M7836,0.0001,1e-05,0.25,0.0,0.03,0.033384,0.09274,nSEG,1,LIDAR,-0.014383999999999997,0.10726000000000001,0.7570526315789472,0.5363,0.6466763157894736
M7837,0.0001,1e-05,0.25,0.0,0.035,0.033311,0.1016,nSEG,1,LIDAR,-0.014311,0.09840000000000002,0.7532105263157896,0.49200000000000005,0.6226052631578948
M7838,0.0001,1e-05,0.25,0.0,0.04,0.033242,0.1099,nSEG,1,LIDAR,-0.014242000000000001,0.09010000000000001,0.7495789473684211,0.45050000000000007,0.6000394736842106
M7839,0.0001,1e-05,0.25,0.0,0.05,0.033114,0.1254,nSEG,1,LIDAR,-0.014113999999999998,0.0746,0.7428421052631579,0.373,0.557921052631579
M7840,0.0001,1e-05,0.25,0.0,0.08,0.032783,0.1652,nSEG,1,LIDAR,-0.013783,0.0348,0.725421052631579,0.174,0.44971052631578945
M7841,0.0001,1e-05,0.25,0.25,0.03,0.033407,0.08677,nSEG,1,LIDAR,-0.014407,0.11323000000000001,0.7582631578947369,0.56615,0.6622065789473685
M7842,0.0001,1e-05,0.25,0.25,0.035,0.033337,0.09505,nSEG,1,LIDAR,-0.014336999999999999,0.10495000000000002,0.754578947368421,0.52475,0.6396644736842105
M7843,0.0001,1e-05,0.25,0.25,0.04,0.03327,0.1029,nSEG,1,LIDAR,-0.014270000000000001,0.0971,0.7510526315789474,0.4855,0.6182763157894737
M7844,0.0001,1e-05,0.25,0.25,0.05,0.033146,0.1173,nSEG,1,LIDAR,-0.014146000000000002,0.08270000000000001,0.7445263157894738,0.41350000000000003,0.579013157894737
M7845,0.0001,1e-05,0.25,0.25,0.08,0.032825,0.1547,nSEG,1,LIDAR,-0.013825,0.04530000000000001,0.7276315789473685,0.22650000000000003,0.4770657894736843
M7846,0.0001,1e-05,0.25,0.5,0.03,0.033425,0.08218,nSEG,1,LIDAR,-0.014425000000000004,0.11782000000000001,0.7592105263157897,0.5891,0.6741552631578949
M7847,0.0001,1e-05,0.25,0.5,0.035,0.033356,0.09003,nSEG,1,LIDAR,-0.014355999999999997,0.10997000000000001,0.7555789473684209,0.5498500000000001,0.6527144736842105
M7848,0.0001,1e-05,0.25,0.5,0.04,0.033291,0.09742,nSEG,1,LIDAR,-0.014291000000000002,0.10258,0.7521578947368422,0.5129,0.6325289473684211
M7849,0.0001,1e-05,0.25,0.5,0.05,0.03317,0.1111,nSEG,1,LIDAR,-0.014169999999999999,0.0889,0.7457894736842104,0.4445,0.5951447368421052
M7850,0.0001,1e-05,0.25,0.5,0.08,0.032857,0.1465,nSEG,1,LIDAR,-0.013856999999999998,0.05350000000000002,0.7293157894736841,0.26750000000000007,0.4984078947368421
M7851,0.0001,1e-05,0.5,-0.5,0.03,0.033321,0.114,nSEG,1,LIDAR,-0.014321000000000004,0.08600000000000001,0.7537368421052634,0.43,0.5918684210526317
M7852,0.0001,1e-05,0.5,-0.5,0.035,0.033242,0.1249,nSEG,1,LIDAR,-0.014242000000000001,0.07510000000000001,0.7495789473684211,0.37550000000000006,0.5625394736842106
M7853,0.0001,1e-05,0.5,-0.5,0.04,0.033168,0.1352,nSEG,1,LIDAR,-0.014168000000000004,0.06480000000000002,0.745684210526316,0.3240000000000001,0.534842105263158
M7854,0.0001,1e-05,0.5,-0.5,0.05,0.033029,0.1541,nSEG,1,LIDAR,-0.014029000000000003,0.045900000000000024,0.7383684210526318,0.22950000000000012,0.48393421052631597
M7855,0.0001,1e-05,0.5,-0.5,0.08,0.032669,0.203,nSEG,1,LIDAR,-0.013668999999999997,-0.0030000000000000027,0.7194210526315789,0.015000000000000013,0.36721052631578943
M7856,0.0001,1e-05,0.5,-0.25,0.03,0.033372,0.1011,nSEG,1,LIDAR,-0.014372,0.09890000000000002,0.7564210526315789,0.49450000000000005,0.6254605263157895
M7857,0.0001,1e-05,0.5,-0.25,0.035,0.033298,0.1107,nSEG,1,LIDAR,-0.014298000000000002,0.0893,0.7525263157894738,0.4465,0.5995131578947369
M7858,0.0001,1e-05,0.5,-0.25,0.04,0.033228,0.1198,nSEG,1,LIDAR,-0.014228000000000001,0.08020000000000001,0.748842105263158,0.401,0.574921052631579
M7859,0.0001,1e-05,0.5,-0.25,0.05,0.033098,0.1366,nSEG,1,LIDAR,-0.014098000000000003,0.06340000000000001,0.7420000000000002,0.31700000000000006,0.5295000000000001
M7860,0.0001,1e-05,0.5,-0.25,0.08,0.032761,0.1801,nSEG,1,LIDAR,-0.013760999999999999,0.0199,0.7242631578947368,0.0995,0.41188157894736843
M7861,0.0001,1e-05,0.5,0.0,0.03,0.033405,0.09277,nSEG,1,LIDAR,-0.014404999999999998,0.10723,0.758157894736842,0.53615,0.647153947368421
M7862,0.0001,1e-05,0.5,0.0,0.035,0.033334,0.1016,nSEG,1,LIDAR,-0.014334000000000003,0.09840000000000002,0.7544210526315791,0.49200000000000005,0.6232105263157895
M7863,0.0001,1e-05,0.5,0.0,0.04,0.033267,0.11,nSEG,1,LIDAR,-0.014266999999999998,0.09000000000000001,0.7508947368421052,0.45,0.6004473684210526
M7864,0.0001,1e-05,0.5,0.0,0.05,0.033142,0.1255,nSEG,1,LIDAR,-0.014141999999999998,0.07450000000000001,0.7443157894736842,0.37250000000000005,0.558407894736842
M7865,0.0001,1e-05,0.5,0.0,0.08,0.03282,0.1653,nSEG,1,LIDAR,-0.013820000000000002,0.03470000000000001,0.7273684210526318,0.17350000000000004,0.45043421052631594
M7866,0.0001,1e-05,0.5,0.25,0.03,0.033428,0.0868,nSEG,1,LIDAR,-0.014428,0.11320000000000001,0.7593684210526316,0.5660000000000001,0.6626842105263158
M7867,0.0001,1e-05,0.5,0.25,0.035,0.033359,0.09509,nSEG,1,LIDAR,-0.014359,0.10491000000000002,0.7557368421052632,0.5245500000000001,0.6401434210526316
M7868,0.0001,1e-05,0.5,0.25,0.04,0.033295,0.1029,nSEG,1,LIDAR,-0.014294999999999999,0.0971,0.7523684210526316,0.4855,0.6189342105263158
M7869,0.0001,1e-05,0.5,0.25,0.05,0.033174,0.1174,nSEG,1,LIDAR,-0.014174000000000003,0.0826,0.7460000000000001,0.41300000000000003,0.5795000000000001
M7870,0.0001,1e-05,0.5,0.25,0.08,0.032862,0.1548,nSEG,1,LIDAR,-0.013862000000000003,0.04520000000000002,0.7295789473684212,0.2260000000000001,0.47778947368421065
M7871,0.0001,1e-05,0.5,0.5,0.03,0.033446,0.08221,nSEG,1,LIDAR,-0.014445999999999997,0.11779,0.7603157894736841,0.58895,0.6746328947368421
M7872,0.0001,1e-05,0.5,0.5,0.035,0.033379,0.09006,nSEG,1,LIDAR,-0.014379,0.10994000000000001,0.7567894736842106,0.5497,0.6532447368421053
M7873,0.0001,1e-05,0.5,0.5,0.04,0.033316,0.09747,nSEG,1,LIDAR,-0.014315999999999999,0.10253000000000001,0.7534736842105263,0.51265,0.6330618421052632
M7874,0.0001,1e-05,0.5,0.5,0.05,0.033199,0.1112,nSEG,1,LIDAR,-0.014199,0.08880000000000002,0.7473157894736843,0.44400000000000006,0.5956578947368422
M7875,0.0001,1e-05,0.5,0.5,0.08,0.032894,0.1466,nSEG,1,LIDAR,-0.013894,0.0534,0.7312631578947368,0.267,0.4991315789473684
M7876,0.0001,5.5e-05,-0.5,-0.5,0.03,0.064978,0.1702,nSEG,1,LIDAR,-0.04597799999999999,0.02980000000000002,2.419894736842105,0.1490000000000001,1.2844473684210524
M7877,0.0001,5.5e-05,-0.5,-0.5,0.035,0.064806,0.1864,nSEG,1,LIDAR,-0.045806,0.013600000000000001,2.410842105263158,0.068,1.239421052631579
M7878,0.0001,5.5e-05,-0.5,-0.5,0.04,0.064644,0.2017,nSEG,1,LIDAR,-0.04564399999999999,-0.0016999999999999793,2.402315789473684,0.008499999999999897,1.2054078947368418
M7879,0.0001,5.5e-05,-0.5,-0.5,0.05,0.064337,0.2299,nSEG,1,LIDAR,-0.045337,-0.029899999999999982,2.3861578947368423,0.1494999999999999,1.267828947368421
M7880,0.0001,5.5e-05,-0.5,-0.5,0.08,0.06351,0.3025,nSEG,1,LIDAR,-0.044509999999999994,-0.10249999999999998,2.342631578947368,0.5124999999999998,1.427565789473684
M7881,0.0001,5.5e-05,-0.5,-0.25,0.03,0.065131,0.1509,nSEG,1,LIDAR,-0.04613099999999999,0.049100000000000005,2.4279473684210524,0.24550000000000002,1.3367236842105261
M7882,0.0001,5.5e-05,-0.5,-0.25,0.035,0.064978,0.1653,nSEG,1,LIDAR,-0.04597799999999999,0.03470000000000001,2.419894736842105,0.17350000000000004,1.2966973684210525
M7883,0.0001,5.5e-05,-0.5,-0.25,0.04,0.064831,0.1789,nSEG,1,LIDAR,-0.045831,0.021100000000000008,2.412157894736842,0.10550000000000004,1.258828947368421
M7884,0.0001,5.5e-05,-0.5,-0.25,0.05,0.064557,0.204,nSEG,1,LIDAR,-0.045557,-0.003999999999999976,2.3977368421052634,0.01999999999999988,1.2088684210526317
M7885,0.0001,5.5e-05,-0.5,-0.25,0.08,0.063821,0.2686,nSEG,1,LIDAR,-0.044821,-0.0686,2.359,0.34299999999999997,1.351
M7886,0.0001,5.5e-05,-0.5,0.0,0.03,0.065227,0.1386,nSEG,1,LIDAR,-0.04622699999999999,0.06140000000000001,2.4329999999999994,0.30700000000000005,1.3699999999999997
M7887,0.0001,5.5e-05,-0.5,0.0,0.035,0.065085,0.1518,nSEG,1,LIDAR,-0.046085,0.04820000000000002,2.4255263157894738,0.2410000000000001,1.333263157894737
M7888,0.0001,5.5e-05,-0.5,0.0,0.04,0.06495,0.1643,nSEG,1,LIDAR,-0.04594999999999999,0.03570000000000001,2.4184210526315786,0.17850000000000005,1.2984605263157893
M7889,0.0001,5.5e-05,-0.5,0.0,0.05,0.064695,0.1873,nSEG,1,LIDAR,-0.045695,0.012700000000000017,2.4050000000000002,0.06350000000000008,1.23425
M7890,0.0001,5.5e-05,-0.5,0.0,0.08,0.064015,0.2468,nSEG,1,LIDAR,-0.045015,-0.04679999999999998,2.3692105263157894,0.2339999999999999,1.3016052631578947
M7891,0.0001,5.5e-05,-0.5,0.25,0.03,0.065295,0.1297,nSEG,1,LIDAR,-0.046295,0.0703,2.4365789473684214,0.3515,1.3940394736842108
M7892,0.0001,5.5e-05,-0.5,0.25,0.035,0.065161,0.1421,nSEG,1,LIDAR,-0.046160999999999994,0.05790000000000001,2.4295263157894733,0.28950000000000004,1.3595131578947366
M7893,0.0001,5.5e-05,-0.5,0.25,0.04,0.065034,0.1537,nSEG,1,LIDAR,-0.04603399999999999,0.04630000000000001,2.4228421052631575,0.23150000000000004,1.3271710526315788
M7894,0.0001,5.5e-05,-0.5,0.25,0.05,0.064792,0.1754,nSEG,1,LIDAR,-0.045792,0.02460000000000001,2.4101052631578948,0.12300000000000005,1.2665526315789475
M7895,0.0001,5.5e-05,-0.5,0.25,0.08,0.064152,0.2311,nSEG,1,LIDAR,-0.045152,-0.03109999999999999,2.3764210526315788,0.15549999999999994,1.2659605263157894
M7896,0.0001,5.5e-05,-0.5,0.5,0.03,0.065347,0.1228,nSEG,1,LIDAR,-0.046347,0.0772,2.4393157894736843,0.386,1.4126578947368422
M7897,0.0001,5.5e-05,-0.5,0.5,0.035,0.065219,0.1346,nSEG,1,LIDAR,-0.046218999999999996,0.06540000000000001,2.432578947368421,0.32700000000000007,1.3797894736842105
M7898,0.0001,5.5e-05,-0.5,0.5,0.04,0.065097,0.1456,nSEG,1,LIDAR,-0.046097,0.054400000000000004,2.4261578947368423,0.272,1.349078947368421
M7899,0.0001,5.5e-05,-0.5,0.5,0.05,0.064868,0.1662,nSEG,1,LIDAR,-0.04586799999999999,0.033800000000000024,2.4141052631578943,0.16900000000000012,1.2915526315789472
M7900,0.0001,5.5e-05,-0.5,0.5,0.08,0.064255,0.219,nSEG,1,LIDAR,-0.045255000000000004,-0.01899999999999999,2.381842105263158,0.09499999999999995,1.2384210526315789
M7901,0.0001,5.5e-05,-0.25,-0.5,0.03,0.065023,0.1703,nSEG,1,LIDAR,-0.046022999999999994,0.029700000000000004,2.4222631578947365,0.14850000000000002,1.2853815789473682
M7902,0.0001,5.5e-05,-0.25,-0.5,0.035,0.064856,0.1865,nSEG,1,LIDAR,-0.045855999999999994,0.013500000000000012,2.413473684210526,0.06750000000000006,1.240486842105263
M7903,0.0001,5.5e-05,-0.25,-0.5,0.04,0.064697,0.2018,nSEG,1,LIDAR,-0.045697,-0.001799999999999996,2.405105263157895,0.00899999999999998,1.2070526315789474
M7904,0.0001,5.5e-05,-0.25,-0.5,0.05,0.064397,0.23,nSEG,1,LIDAR,-0.04539699999999999,-0.03,2.389315789473684,0.15,1.269657894736842
M7905,0.0001,5.5e-05,-0.25,-0.5,0.08,0.063589,0.3027,nSEG,1,LIDAR,-0.044589000000000004,-0.10270000000000001,2.3467894736842108,0.5135000000000001,1.4301447368421054
M7906,0.0001,5.5e-05,-0.25,-0.25,0.03,0.065176,0.151,nSEG,1,LIDAR,-0.046175999999999995,0.049000000000000016,2.430315789473684,0.24500000000000008,1.337657894736842
M7907,0.0001,5.5e-05,-0.25,-0.25,0.035,0.065028,0.1654,nSEG,1,LIDAR,-0.046028,0.03460000000000002,2.4225263157894736,0.1730000000000001,1.2977631578947368
M7908,0.0001,5.5e-05,-0.25,-0.25,0.04,0.064885,0.179,nSEG,1,LIDAR,-0.045884999999999995,0.02100000000000002,2.4149999999999996,0.1050000000000001,1.2599999999999998
M7909,0.0001,5.5e-05,-0.25,-0.25,0.05,0.064618,0.2041,nSEG,1,LIDAR,-0.04561799999999999,-0.0040999999999999925,2.4009473684210523,0.020499999999999963,1.2107236842105262
M7910,0.0001,5.5e-05,-0.25,-0.25,0.08,0.0639,0.2688,nSEG,1,LIDAR,-0.044899999999999995,-0.06879999999999997,2.363157894736842,0.34399999999999986,1.353578947368421
M7911,0.0001,5.5e-05,-0.25,0.0,0.03,0.065272,0.1386,nSEG,1,LIDAR,-0.046271999999999994,0.06140000000000001,2.4353684210526314,0.30700000000000005,1.3711842105263157
M7912,0.0001,5.5e-05,-0.25,0.0,0.035,0.065135,0.1519,nSEG,1,LIDAR,-0.046134999999999995,0.048100000000000004,2.428157894736842,0.24050000000000002,1.334328947368421
M7913,0.0001,5.5e-05,-0.25,0.0,0.04,0.065004,0.1643,nSEG,1,LIDAR,-0.046004,0.03570000000000001,2.421263157894737,0.17850000000000005,1.2998815789473686
M7914,0.0001,5.5e-05,-0.25,0.0,0.05,0.064756,0.1875,nSEG,1,LIDAR,-0.04575599999999999,0.012500000000000011,2.408210526315789,0.06250000000000006,1.2353552631578946
M7915,0.0001,5.5e-05,-0.25,0.0,0.08,0.064094,0.247,nSEG,1,LIDAR,-0.045093999999999995,-0.046999999999999986,2.3733684210526316,0.23499999999999993,1.3041842105263157
M7916,0.0001,5.5e-05,-0.25,0.25,0.03,0.06534,0.1297,nSEG,1,LIDAR,-0.04633999999999999,0.0703,2.438947368421052,0.3515,1.3952236842105261
M7917,0.0001,5.5e-05,-0.25,0.25,0.035,0.065211,0.1421,nSEG,1,LIDAR,-0.046211,0.05790000000000001,2.432157894736842,0.28950000000000004,1.360828947368421
M7918,0.0001,5.5e-05,-0.25,0.25,0.04,0.065087,0.1538,nSEG,1,LIDAR,-0.046087,0.04620000000000002,2.425631578947369,0.2310000000000001,1.3283157894736846
M7919,0.0001,5.5e-05,-0.25,0.25,0.05,0.064853,0.1755,nSEG,1,LIDAR,-0.04585299999999999,0.024500000000000022,2.4133157894736836,0.12250000000000011,1.2679078947368418
M7920,0.0001,5.5e-05,-0.25,0.25,0.08,0.064231,0.2313,nSEG,1,LIDAR,-0.04523099999999999,-0.031299999999999994,2.380578947368421,0.15649999999999997,1.2685394736842104
M7921,0.0001,5.5e-05,-0.25,0.5,0.03,0.065392,0.1229,nSEG,1,LIDAR,-0.046392,0.07710000000000002,2.441684210526316,0.38550000000000006,1.413592105263158
M7922,0.0001,5.5e-05,-0.25,0.5,0.035,0.065268,0.1346,nSEG,1,LIDAR,-0.046268000000000004,0.06540000000000001,2.435157894736842,0.32700000000000007,1.381078947368421
M7923,0.0001,5.5e-05,-0.25,0.5,0.04,0.06515,0.1457,nSEG,1,LIDAR,-0.04615,0.054300000000000015,2.4289473684210523,0.2715000000000001,1.3502236842105262
M7924,0.0001,5.5e-05,-0.25,0.5,0.05,0.064929,0.1662,nSEG,1,LIDAR,-0.045929,0.033800000000000024,2.417315789473684,0.16900000000000012,1.293157894736842
M7925,0.0001,5.5e-05,-0.25,0.5,0.08,0.064335,0.2192,nSEG,1,LIDAR,-0.045335,-0.019199999999999995,2.3860526315789476,0.09599999999999997,1.2410263157894739
M7926,0.0001,5.5e-05,0.0,-0.5,0.03,0.065052,0.1703,nSEG,1,LIDAR,-0.046051999999999996,0.029700000000000004,2.4237894736842103,0.14850000000000002,1.286144736842105
M7927,0.0001,5.5e-05,0.0,-0.5,0.035,0.064887,0.1865,nSEG,1,LIDAR,-0.045887,0.013500000000000012,2.4151052631578946,0.06750000000000006,1.2413026315789473
M7928,0.0001,5.5e-05,0.0,-0.5,0.04,0.064732,0.2018,nSEG,1,LIDAR,-0.045731999999999995,-0.001799999999999996,2.4069473684210525,0.00899999999999998,1.2079736842105262
M7929,0.0001,5.5e-05,0.0,-0.5,0.05,0.064436,0.2301,nSEG,1,LIDAR,-0.04543599999999999,-0.030099999999999988,2.391368421052631,0.15049999999999994,1.2709342105263155
M7930,0.0001,5.5e-05,0.0,-0.5,0.08,0.063639,0.3028,nSEG,1,LIDAR,-0.044639,-0.1028,2.349421052631579,0.514,1.4317105263157894
M7931,0.0001,5.5e-05,0.0,-0.25,0.03,0.065205,0.151,nSEG,1,LIDAR,-0.046204999999999996,0.049000000000000016,2.431842105263158,0.24500000000000008,1.338421052631579
M7932,0.0001,5.5e-05,0.0,-0.25,0.035,0.06506,0.1654,nSEG,1,LIDAR,-0.046060000000000004,0.03460000000000002,2.4242105263157896,0.1730000000000001,1.2986052631578948
M7933,0.0001,5.5e-05,0.0,-0.25,0.04,0.064919,0.179,nSEG,1,LIDAR,-0.045919,0.02100000000000002,2.4167894736842106,0.1050000000000001,1.2608947368421053
M7934,0.0001,5.5e-05,0.0,-0.25,0.05,0.064657,0.2042,nSEG,1,LIDAR,-0.045657,-0.0041999999999999815,2.403,0.020999999999999908,1.212
M7935,0.0001,5.5e-05,0.0,-0.25,0.08,0.063951,0.2689,nSEG,1,LIDAR,-0.04495099999999999,-0.06889999999999996,2.3658421052631575,0.3444999999999998,1.3551710526315786
M7936,0.0001,5.5e-05,0.0,0.0,0.03,0.065301,0.1387,nSEG,1,LIDAR,-0.046300999999999995,0.06130000000000002,2.4368947368421052,0.3065000000000001,1.3716973684210527
M7937,0.0001,5.5e-05,0.0,0.0,0.035,0.065166,0.1519,nSEG,1,LIDAR,-0.046166,0.048100000000000004,2.4297894736842105,0.24050000000000002,1.3351447368421052
M7938,0.0001,5.5e-05,0.0,0.0,0.04,0.065038,0.1644,nSEG,1,LIDAR,-0.046037999999999996,0.03560000000000002,2.423052631578947,0.1780000000000001,1.3005263157894735
M7939,0.0001,5.5e-05,0.0,0.0,0.05,0.064795,0.1875,nSEG,1,LIDAR,-0.045795,0.012500000000000011,2.410263157894737,0.06250000000000006,1.2363815789473684
M7940,0.0001,5.5e-05,0.0,0.0,0.08,0.064145,0.2471,nSEG,1,LIDAR,-0.04514499999999999,-0.047099999999999975,2.376052631578947,0.23549999999999988,1.3057763157894735
M7941,0.0001,5.5e-05,0.0,0.25,0.03,0.065369,0.1298,nSEG,1,LIDAR,-0.046368999999999994,0.07020000000000001,2.440473684210526,0.35100000000000003,1.395736842105263
M7942,0.0001,5.5e-05,0.0,0.25,0.035,0.065242,0.1422,nSEG,1,LIDAR,-0.04624199999999999,0.05780000000000002,2.43378947368421,0.2890000000000001,1.361394736842105
M7943,0.0001,5.5e-05,0.0,0.25,0.04,0.065121,0.1539,nSEG,1,LIDAR,-0.046120999999999995,0.0461,2.427421052631579,0.2305,1.3289605263157895
M7944,0.0001,5.5e-05,0.0,0.25,0.05,0.064892,0.1755,nSEG,1,LIDAR,-0.045892,0.024500000000000022,2.415368421052632,0.12250000000000011,1.268934210526316
M7945,0.0001,5.5e-05,0.0,0.25,0.08,0.064282,0.2314,nSEG,1,LIDAR,-0.045282,-0.031399999999999983,2.383263157894737,0.15699999999999992,1.2701315789473686
M7946,0.0001,5.5e-05,0.0,0.5,0.03,0.065421,0.1229,nSEG,1,LIDAR,-0.046421000000000004,0.07710000000000002,2.4432105263157897,0.38550000000000006,1.4143552631578948
M7947,0.0001,5.5e-05,0.0,0.5,0.035,0.0653,0.1347,nSEG,1,LIDAR,-0.046299999999999994,0.06530000000000002,2.4368421052631577,0.3265000000000001,1.381671052631579
M7948,0.0001,5.5e-05,0.0,0.5,0.04,0.065185,0.1458,nSEG,1,LIDAR,-0.046185000000000004,0.0542,2.430789473684211,0.27099999999999996,1.3508947368421054
M7949,0.0001,5.5e-05,0.0,0.5,0.05,0.064968,0.1663,nSEG,1,LIDAR,-0.045967999999999995,0.03370000000000001,2.4193684210526314,0.16850000000000004,1.2939342105263156
M7950,0.0001,5.5e-05,0.0,0.5,0.08,0.064386,0.2193,nSEG,1,LIDAR,-0.045385999999999996,-0.019299999999999984,2.388736842105263,0.09649999999999992,1.2426184210526314
M7951,0.0001,5.5e-05,0.25,-0.5,0.03,0.065073,0.1704,nSEG,1,LIDAR,-0.046073,0.029600000000000015,2.4248947368421057,0.14800000000000008,1.286447368421053
M7952,0.0001,5.5e-05,0.25,-0.5,0.035,0.06491,0.1866,nSEG,1,LIDAR,-0.04590999999999999,0.013400000000000023,2.4163157894736838,0.06700000000000012,1.241657894736842
M7953,0.0001,5.5e-05,0.25,-0.5,0.04,0.064756,0.2019,nSEG,1,LIDAR,-0.04575599999999999,-0.001899999999999985,2.408210526315789,0.009499999999999925,1.2088552631578946
M7954,0.0001,5.5e-05,0.25,-0.5,0.05,0.064464,0.2302,nSEG,1,LIDAR,-0.04546399999999999,-0.030199999999999977,2.3928421052631577,0.15099999999999988,1.2719210526315787
M7955,0.0001,5.5e-05,0.25,-0.5,0.08,0.063676,0.3029,nSEG,1,LIDAR,-0.044675999999999993,-0.10289999999999999,2.3513684210526313,0.5145,1.4329342105263156
M7956,0.0001,5.5e-05,0.25,-0.25,0.03,0.065226,0.1511,nSEG,1,LIDAR,-0.046226,0.0489,2.4329473684210527,0.2445,1.3387236842105263
M7957,0.0001,5.5e-05,0.25,-0.25,0.035,0.065082,0.1655,nSEG,1,LIDAR,-0.046082,0.0345,2.4253684210526316,0.17250000000000001,1.2989342105263157
M7958,0.0001,5.5e-05,0.25,-0.25,0.04,0.064944,0.1791,nSEG,1,LIDAR,-0.045944,0.020900000000000002,2.4181052631578948,0.10450000000000001,1.2613026315789473
M7959,0.0001,5.5e-05,0.25,-0.25,0.05,0.064685,0.2042,nSEG,1,LIDAR,-0.045685,-0.0041999999999999815,2.4044736842105268,0.020999999999999908,1.2127368421052633
M7960,0.0001,5.5e-05,0.25,-0.25,0.08,0.063988,0.269,nSEG,1,LIDAR,-0.044988,-0.069,2.3677894736842107,0.34500000000000003,1.3563947368421054
M7961,0.0001,5.5e-05,0.25,0.0,0.03,0.065322,0.1387,nSEG,1,LIDAR,-0.046322,0.06130000000000002,2.438,0.3065000000000001,1.3722500000000002
M7962,0.0001,5.5e-05,0.25,0.0,0.035,0.065189,0.1519,nSEG,1,LIDAR,-0.046188999999999994,0.048100000000000004,2.4309999999999996,0.24050000000000002,1.3357499999999998
M7963,0.0001,5.5e-05,0.25,0.0,0.04,0.065063,0.1644,nSEG,1,LIDAR,-0.04606299999999999,0.03560000000000002,2.4243684210526313,0.1780000000000001,1.3011842105263156
M7964,0.0001,5.5e-05,0.25,0.0,0.05,0.064823,0.1876,nSEG,1,LIDAR,-0.045823,0.012400000000000022,2.411736842105263,0.06200000000000011,1.2368684210526317
M7965,0.0001,5.5e-05,0.25,0.0,0.08,0.064182,0.2472,nSEG,1,LIDAR,-0.045182,-0.04719999999999999,2.378,0.23599999999999996,1.307
M7966,0.0001,5.5e-05,0.25,0.25,0.03,0.06539,0.1298,nSEG,1,LIDAR,-0.04639,0.07020000000000001,2.4415789473684213,0.35100000000000003,1.3962894736842106
M7967,0.0001,5.5e-05,0.25,0.25,0.035,0.065265,0.1422,nSEG,1,LIDAR,-0.046265,0.05780000000000002,2.435,0.2890000000000001,1.362
M7968,0.0001,5.5e-05,0.25,0.25,0.04,0.065146,0.1539,nSEG,1,LIDAR,-0.04614599999999999,0.0461,2.4287368421052626,0.2305,1.3296184210526314
M7969,0.0001,5.5e-05,0.25,0.25,0.05,0.06492,0.1756,nSEG,1,LIDAR,-0.04592,0.024400000000000005,2.416842105263158,0.12200000000000003,1.269421052631579
M7970,0.0001,5.5e-05,0.25,0.25,0.08,0.064319,0.2315,nSEG,1,LIDAR,-0.045319,-0.0315,2.3852105263157894,0.1575,1.2713552631578948
M7971,0.0001,5.5e-05,0.25,0.5,0.03,0.065442,0.1229,nSEG,1,LIDAR,-0.046442,0.07710000000000002,2.444315789473684,0.38550000000000006,1.414907894736842
M7972,0.0001,5.5e-05,0.25,0.5,0.035,0.065323,0.1347,nSEG,1,LIDAR,-0.046323,0.06530000000000002,2.4380526315789477,0.3265000000000001,1.382276315789474
M7973,0.0001,5.5e-05,0.25,0.5,0.04,0.06521,0.1458,nSEG,1,LIDAR,-0.04621,0.0542,2.432105263157895,0.27099999999999996,1.3515526315789474
M7974,0.0001,5.5e-05,0.25,0.5,0.05,0.064996,0.1663,nSEG,1,LIDAR,-0.045995999999999995,0.03370000000000001,2.4208421052631577,0.16850000000000004,1.2946710526315788
M7975,0.0001,5.5e-05,0.25,0.5,0.08,0.064423,0.2194,nSEG,1,LIDAR,-0.04542299999999999,-0.0194,2.3906842105263153,0.097,1.2438421052631576
M7976,0.0001,5.5e-05,0.5,-0.5,0.03,0.065089,0.1704,nSEG,1,LIDAR,-0.04608899999999999,0.029600000000000015,2.425736842105263,0.14800000000000008,1.2868684210526316
M7977,0.0001,5.5e-05,0.5,-0.5,0.035,0.064928,0.1866,nSEG,1,LIDAR,-0.045928,0.013400000000000023,2.4172631578947366,0.06700000000000012,1.2421315789473684
M7978,0.0001,5.5e-05,0.5,-0.5,0.04,0.064775,0.2019,nSEG,1,LIDAR,-0.045774999999999996,-0.001899999999999985,2.4092105263157895,0.009499999999999925,1.2093552631578948
M7979,0.0001,5.5e-05,0.5,-0.5,0.05,0.064485,0.2302,nSEG,1,LIDAR,-0.045485,-0.030199999999999977,2.3939473684210526,0.15099999999999988,1.2724736842105262
M7980,0.0001,5.5e-05,0.5,-0.5,0.08,0.063704,0.303,nSEG,1,LIDAR,-0.044703999999999994,-0.10299999999999998,2.3528421052631576,0.5149999999999999,1.4339210526315789
M7981,0.0001,5.5e-05,0.5,-0.25,0.03,0.065242,0.1511,nSEG,1,LIDAR,-0.04624199999999999,0.0489,2.43378947368421,0.2445,1.339144736842105
M7982,0.0001,5.5e-05,0.5,-0.25,0.035,0.0651,0.1655,nSEG,1,LIDAR,-0.0461,0.0345,2.4263157894736844,0.17250000000000001,1.2994078947368422
M7983,0.0001,5.5e-05,0.5,-0.25,0.04,0.064963,0.1791,nSEG,1,LIDAR,-0.045963000000000004,0.020900000000000002,2.419105263157895,0.10450000000000001,1.2618026315789475
M7984,0.0001,5.5e-05,0.5,-0.25,0.05,0.064706,0.2043,nSEG,1,LIDAR,-0.045706,-0.004299999999999998,2.405578947368421,0.02149999999999999,1.2135394736842104
M7985,0.0001,5.5e-05,0.5,-0.25,0.08,0.064016,0.2691,nSEG,1,LIDAR,-0.045016,-0.0691,2.369263157894737,0.3455,1.3573815789473684
M7986,0.0001,5.5e-05,0.5,0.0,0.03,0.065338,0.1387,nSEG,1,LIDAR,-0.04633799999999999,0.06130000000000002,2.4388421052631575,0.3065000000000001,1.3726710526315788
M7987,0.0001,5.5e-05,0.5,0.0,0.035,0.065207,0.152,nSEG,1,LIDAR,-0.046207,0.048000000000000015,2.4319473684210524,0.24000000000000007,1.3359736842105263
M7988,0.0001,5.5e-05,0.5,0.0,0.04,0.065082,0.1645,nSEG,1,LIDAR,-0.046082,0.035500000000000004,2.4253684210526316,0.17750000000000002,1.301434210526316
M7989,0.0001,5.5e-05,0.5,0.0,0.05,0.064844,0.1876,nSEG,1,LIDAR,-0.045843999999999996,0.012400000000000022,2.4128421052631577,0.06200000000000011,1.237421052631579
M7990,0.0001,5.5e-05,0.5,0.0,0.08,0.06421,0.2473,nSEG,1,LIDAR,-0.04521,-0.04729999999999998,2.3794736842105264,0.2364999999999999,1.3079868421052632
M7991,0.0001,5.5e-05,0.5,0.25,0.03,0.065406,0.1298,nSEG,1,LIDAR,-0.046406,0.07020000000000001,2.442421052631579,0.35100000000000003,1.3967105263157895
M7992,0.0001,5.5e-05,0.5,0.25,0.035,0.065283,0.1422,nSEG,1,LIDAR,-0.04628299999999999,0.05780000000000002,2.4359473684210524,0.2890000000000001,1.3624736842105263
M7993,0.0001,5.5e-05,0.5,0.25,0.04,0.065165,0.1539,nSEG,1,LIDAR,-0.046165,0.0461,2.429736842105263,0.2305,1.3301184210526316
M7994,0.0001,5.5e-05,0.5,0.25,0.05,0.064942,0.1756,nSEG,1,LIDAR,-0.045942,0.024400000000000005,2.4179999999999997,0.12200000000000003,1.2699999999999998
M7995,0.0001,5.5e-05,0.5,0.25,0.08,0.064347,0.2316,nSEG,1,LIDAR,-0.045347,-0.03159999999999999,2.3866842105263157,0.15799999999999995,1.2723421052631578
M7996,0.0001,5.5e-05,0.5,0.5,0.03,0.065458,0.123,nSEG,1,LIDAR,-0.046458,0.07700000000000001,2.445157894736842,0.38500000000000006,1.415078947368421
M7997,0.0001,5.5e-05,0.5,0.5,0.035,0.065341,0.1347,nSEG,1,LIDAR,-0.04634099999999999,0.06530000000000002,2.4389999999999996,0.3265000000000001,1.38275
M7998,0.0001,5.5e-05,0.5,0.5,0.04,0.065229,0.1458,nSEG,1,LIDAR,-0.04622899999999999,0.0542,2.4331052631578944,0.27099999999999996,1.3520526315789472
M7999,0.0001,5.5e-05,0.5,0.5,0.05,0.065018,0.1664,nSEG,1,LIDAR,-0.046018,0.03360000000000002,2.422,0.1680000000000001,1.2950000000000002
M8000,0.0001,5.5e-05,0.5,0.5,0.08,0.064451,0.2194,nSEG,1,LIDAR,-0.04545099999999999,-0.0194,2.3921578947368416,0.097,1.2445789473684208
M8001,0.0001,0.0001,-0.5,-0.5,0.03,0.087884,0.204,nSEG,1,LIDAR,-0.068884,-0.003999999999999976,3.6254736842105264,0.01999999999999988,1.8227368421052632
M8002,0.0001,0.0001,-0.5,-0.5,0.035,0.08772,0.2235,nSEG,1,LIDAR,-0.06872,-0.023499999999999993,3.6168421052631583,0.11749999999999997,1.8671710526315792
M8003,0.0001,0.0001,-0.5,-0.5,0.04,0.087579,0.242,nSEG,1,LIDAR,-0.068579,-0.04199999999999998,3.6094210526315793,0.2099999999999999,1.9097105263157896
M8004,0.0001,0.0001,-0.5,-0.5,0.05,0.087297,0.2761,nSEG,1,LIDAR,-0.068297,-0.0761,3.594578947368421,0.3805,1.9875394736842105
M8005,0.0001,0.0001,-0.5,-0.5,0.08,0.086448,0.364,nSEG,1,LIDAR,-0.067448,-0.16399999999999998,3.549894736842105,0.8199999999999998,2.1849473684210525
M8006,0.0001,0.0001,-0.5,-0.25,0.03,0.088056,0.1809,nSEG,1,LIDAR,-0.06905599999999999,0.019100000000000006,3.6345263157894734,0.09550000000000003,1.8650131578947367
M8007,0.0001,0.0001,-0.5,-0.25,0.035,0.087959,0.1983,nSEG,1,LIDAR,-0.06895899999999999,0.001700000000000007,3.6294210526315784,0.008500000000000035,1.8189605263157893
M8008,0.0001,0.0001,-0.5,-0.25,0.04,0.087766,0.2145,nSEG,1,LIDAR,-0.068766,-0.014499999999999985,3.6192631578947365,0.07249999999999993,1.8458815789473682
M8009,0.0001,0.0001,-0.5,-0.25,0.05,0.087505,0.2448,nSEG,1,LIDAR,-0.068505,-0.04479999999999998,3.6055263157894735,0.2239999999999999,1.9147631578947366
M8010,0.0001,0.0001,-0.5,-0.25,0.08,0.086797,0.323,nSEG,1,LIDAR,-0.067797,-0.123,3.568263157894737,0.615,2.0916315789473683
M8011,0.0001,0.0001,-0.5,0.0,0.03,0.088109,0.166,nSEG,1,LIDAR,-0.069109,0.034,3.6373157894736843,0.17,1.903657894736842
M8012,0.0001,0.0001,-0.5,0.0,0.035,0.08802,0.1819,nSEG,1,LIDAR,-0.06902,0.018100000000000005,3.632631578947368,0.09050000000000002,1.8615657894736841
M8013,0.0001,0.0001,-0.5,0.0,0.04,0.087934,0.197,nSEG,1,LIDAR,-0.068934,0.0030000000000000027,3.6281052631578947,0.015000000000000013,1.8215526315789474
M8014,0.0001,0.0001,-0.5,0.0,0.05,0.087627,0.2248,nSEG,1,LIDAR,-0.068627,-0.02479999999999999,3.6119473684210526,0.12399999999999994,1.8679736842105263
M8015,0.0001,0.0001,-0.5,0.0,0.08,0.087023,0.2968,nSEG,1,LIDAR,-0.068023,-0.0968,3.580157894736842,0.484,2.0320789473684213
M8016,0.0001,0.0001,-0.5,0.25,0.03,0.088147,0.1552,nSEG,1,LIDAR,-0.069147,0.044800000000000006,3.6393157894736845,0.22400000000000003,1.9316578947368424
M8017,0.0001,0.0001,-0.5,0.25,0.035,0.088063,0.1702,nSEG,1,LIDAR,-0.069063,0.02980000000000002,3.634894736842105,0.1490000000000001,1.8919473684210526
M8018,0.0001,0.0001,-0.5,0.25,0.04,0.087982,0.1843,nSEG,1,LIDAR,-0.068982,0.01570000000000002,3.6306315789473684,0.0785000000000001,1.8545657894736842
M8019,0.0001,0.0001,-0.5,0.25,0.05,0.087733,0.2103,nSEG,1,LIDAR,-0.068733,-0.010299999999999976,3.617526315789474,0.05149999999999988,1.834513157894737
M8020,0.0001,0.0001,-0.5,0.25,0.08,0.087141,0.2778,nSEG,1,LIDAR,-0.068141,-0.07779999999999998,3.586368421052631,0.3889999999999999,1.9876842105263155
M8021,0.0001,0.0001,-0.5,0.5,0.03,0.088174,0.147,nSEG,1,LIDAR,-0.069174,0.05300000000000002,3.6407368421052633,0.26500000000000007,1.9528684210526317
M8022,0.0001,0.0001,-0.5,0.5,0.035,0.088094,0.1612,nSEG,1,LIDAR,-0.069094,0.0388,3.636526315789474,0.194,1.915263157894737
M8023,0.0001,0.0001,-0.5,0.5,0.04,0.088018,0.1745,nSEG,1,LIDAR,-0.069018,0.025500000000000023,3.6325263157894736,0.1275000000000001,1.8800131578947368
M8024,0.0001,0.0001,-0.5,0.5,0.05,0.08787,0.1993,nSEG,1,LIDAR,-0.06887,0.0007000000000000062,3.6247368421052633,0.003500000000000031,1.8141184210526315
M8025,0.0001,0.0001,-0.5,0.5,0.08,0.087241,0.2632,nSEG,1,LIDAR,-0.068241,-0.06319999999999998,3.5916315789473683,0.3159999999999999,1.953815789473684
M8026,0.0001,0.0001,-0.25,-0.5,0.03,0.087921,0.2041,nSEG,1,LIDAR,-0.068921,-0.0040999999999999925,3.6274210526315787,0.020499999999999963,1.8239605263157892
M8027,0.0001,0.0001,-0.25,-0.5,0.035,0.087761,0.2236,nSEG,1,LIDAR,-0.068761,-0.023599999999999982,3.619,0.11799999999999991,1.8685
M8028,0.0001,0.0001,-0.25,-0.5,0.04,0.087623,0.242,nSEG,1,LIDAR,-0.068623,-0.04199999999999998,3.6117368421052634,0.2099999999999999,1.9108684210526317
M8029,0.0001,0.0001,-0.25,-0.5,0.05,0.087347,0.2762,nSEG,1,LIDAR,-0.06834699999999999,-0.07619999999999999,3.597210526315789,0.38099999999999995,1.9891052631578945
M8030,0.0001,0.0001,-0.25,-0.5,0.08,0.086514,0.3641,nSEG,1,LIDAR,-0.06751399999999999,-0.16409999999999997,3.5533684210526313,0.8204999999999998,2.1869342105263154
M8031,0.0001,0.0001,-0.25,-0.25,0.03,0.088094,0.1809,nSEG,1,LIDAR,-0.069094,0.019100000000000006,3.636526315789474,0.09550000000000003,1.866013157894737
M8032,0.0001,0.0001,-0.25,-0.25,0.035,0.088,0.1983,nSEG,1,LIDAR,-0.06899999999999999,0.001700000000000007,3.631578947368421,0.008500000000000035,1.8200394736842105
M8033,0.0001,0.0001,-0.25,-0.25,0.04,0.087811,0.2146,nSEG,1,LIDAR,-0.068811,-0.014600000000000002,3.6216315789473685,0.07300000000000001,1.8473157894736842
M8034,0.0001,0.0001,-0.25,-0.25,0.05,0.087556,0.2449,nSEG,1,LIDAR,-0.06855599999999999,-0.044899999999999995,3.6082105263157893,0.22449999999999998,1.9163552631578946
M8035,0.0001,0.0001,-0.25,-0.25,0.08,0.086863,0.3232,nSEG,1,LIDAR,-0.06786299999999999,-0.12319999999999998,3.571736842105263,0.6159999999999999,2.0938684210526315
M8036,0.0001,0.0001,-0.25,0.0,0.03,0.088147,0.166,nSEG,1,LIDAR,-0.069147,0.034,3.6393157894736845,0.17,1.9046578947368422
M8037,0.0001,0.0001,-0.25,0.0,0.035,0.088061,0.182,nSEG,1,LIDAR,-0.069061,0.018000000000000016,3.6347894736842106,0.09000000000000008,1.8623947368421052
M8038,0.0001,0.0001,-0.25,0.0,0.04,0.087978,0.1971,nSEG,1,LIDAR,-0.068978,0.0029000000000000137,3.6304210526315788,0.014500000000000068,1.8224605263157894
M8039,0.0001,0.0001,-0.25,0.0,0.05,0.087677,0.2248,nSEG,1,LIDAR,-0.068677,-0.02479999999999999,3.6145789473684213,0.12399999999999994,1.8692894736842107
M8040,0.0001,0.0001,-0.25,0.0,0.08,0.087089,0.2969,nSEG,1,LIDAR,-0.068089,-0.09689999999999999,3.5836315789473683,0.48449999999999993,2.034065789473684
M8041,0.0001,0.0001,-0.25,0.25,0.03,0.088185,0.1553,nSEG,1,LIDAR,-0.069185,0.04470000000000002,3.6413157894736843,0.2235000000000001,1.9324078947368422
M8042,0.0001,0.0001,-0.25,0.25,0.035,0.088104,0.1702,nSEG,1,LIDAR,-0.069104,0.02980000000000002,3.6370526315789475,0.1490000000000001,1.8930263157894738
M8043,0.0001,0.0001,-0.25,0.25,0.04,0.088026,0.1844,nSEG,1,LIDAR,-0.06902599999999999,0.015600000000000003,3.632947368421052,0.07800000000000001,1.855473684210526
M8044,0.0001,0.0001,-0.25,0.25,0.05,0.087783,0.2104,nSEG,1,LIDAR,-0.068783,-0.010399999999999993,3.6201578947368422,0.05199999999999996,1.8360789473684211
M8045,0.0001,0.0001,-0.25,0.25,0.08,0.087207,0.2779,nSEG,1,LIDAR,-0.068207,-0.07789999999999997,3.589842105263158,0.38949999999999985,1.989671052631579
M8046,0.0001,0.0001,-0.25,0.5,0.03,0.088211,0.147,nSEG,1,LIDAR,-0.069211,0.05300000000000002,3.6426842105263155,0.26500000000000007,1.9538421052631578
M8047,0.0001,0.0001,-0.25,0.5,0.035,0.088135,0.1612,nSEG,1,LIDAR,-0.069135,0.0388,3.638684210526316,0.194,1.916342105263158
M8048,0.0001,0.0001,-0.25,0.5,0.04,0.088062,0.1746,nSEG,1,LIDAR,-0.069062,0.025400000000000006,3.634842105263158,0.12700000000000003,1.8809210526315792
M8049,0.0001,0.0001,-0.25,0.5,0.05,0.08792,0.1994,nSEG,1,LIDAR,-0.06892,0.0006000000000000172,3.6273684210526316,0.003000000000000086,1.8151842105263158
M8050,0.0001,0.0001,-0.25,0.5,0.08,0.087308,0.2633,nSEG,1,LIDAR,-0.068308,-0.06329999999999997,3.595157894736842,0.31649999999999984,1.955828947368421
M8051,0.0001,0.0001,0.0,-0.5,0.03,0.087945,0.2041,nSEG,1,LIDAR,-0.06894499999999999,-0.0040999999999999925,3.6286842105263153,0.020499999999999963,1.8245921052631577
M8052,0.0001,0.0001,0.0,-0.5,0.035,0.087788,0.2236,nSEG,1,LIDAR,-0.068788,-0.023599999999999982,3.620421052631579,0.11799999999999991,1.8692105263157894
M8053,0.0001,0.0001,0.0,-0.5,0.04,0.087652,0.2421,nSEG,1,LIDAR,-0.06865199999999999,-0.0421,3.6132631578947363,0.2105,1.9118815789473682
M8054,0.0001,0.0001,0.0,-0.5,0.05,0.08738,0.2763,nSEG,1,LIDAR,-0.06838,-0.07629999999999998,3.5989473684210527,0.3814999999999999,1.9902236842105263
M8055,0.0001,0.0001,0.0,-0.5,0.08,0.086556,0.3642,nSEG,1,LIDAR,-0.06755599999999999,-0.1642,3.5555789473684207,0.8210000000000001,2.1882894736842102
M8056,0.0001,0.0001,0.0,-0.25,0.03,0.088117,0.1809,nSEG,1,LIDAR,-0.069117,0.019100000000000006,3.637736842105263,0.09550000000000003,1.8666184210526315
M8057,0.0001,0.0001,0.0,-0.25,0.035,0.088026,0.1983,nSEG,1,LIDAR,-0.06902599999999999,0.001700000000000007,3.632947368421052,0.008500000000000035,1.820723684210526
M8058,0.0001,0.0001,0.0,-0.25,0.04,0.087839,0.2146,nSEG,1,LIDAR,-0.068839,-0.014600000000000002,3.623105263157895,0.07300000000000001,1.8480526315789474
M8059,0.0001,0.0001,0.0,-0.25,0.05,0.087588,0.245,nSEG,1,LIDAR,-0.068588,-0.044999999999999984,3.6098947368421053,0.22499999999999992,1.9174473684210527
M8060,0.0001,0.0001,0.0,-0.25,0.08,0.086906,0.3233,nSEG,1,LIDAR,-0.067906,-0.12329999999999997,3.574,0.6164999999999998,2.09525
M8061,0.0001,0.0001,0.0,0.0,0.03,0.088171,0.166,nSEG,1,LIDAR,-0.069171,0.034,3.640578947368421,0.17,1.9052894736842105
M8062,0.0001,0.0001,0.0,0.0,0.035,0.088088,0.182,nSEG,1,LIDAR,-0.069088,0.018000000000000016,3.6362105263157893,0.09000000000000008,1.8631052631578946
M8063,0.0001,0.0001,0.0,0.0,0.04,0.088006,0.1971,nSEG,1,LIDAR,-0.069006,0.0029000000000000137,3.631894736842105,0.014500000000000068,1.8231973684210525
M8064,0.0001,0.0001,0.0,0.0,0.05,0.08771,0.2249,nSEG,1,LIDAR,-0.06871,-0.024899999999999978,3.616315789473684,0.12449999999999989,1.8704078947368419
M8065,0.0001,0.0001,0.0,0.0,0.08,0.087132,0.297,nSEG,1,LIDAR,-0.068132,-0.09699999999999998,3.5858947368421052,0.4849999999999999,2.0354473684210523
M8066,0.0001,0.0001,0.0,0.25,0.03,0.088209,0.1553,nSEG,1,LIDAR,-0.06920899999999999,0.04470000000000002,3.642578947368421,0.2235000000000001,1.9330394736842105
M8067,0.0001,0.0001,0.0,0.25,0.035,0.08813,0.1703,nSEG,1,LIDAR,-0.06913,0.029700000000000004,3.638421052631579,0.14850000000000002,1.8934605263157893
M8068,0.0001,0.0001,0.0,0.25,0.04,0.088055,0.1844,nSEG,1,LIDAR,-0.06905499999999999,0.015600000000000003,3.634473684210526,0.07800000000000001,1.8562368421052629
M8069,0.0001,0.0001,0.0,0.25,0.05,0.087816,0.2105,nSEG,1,LIDAR,-0.068816,-0.010499999999999982,3.6218947368421053,0.05249999999999991,1.8371973684210525
M8070,0.0001,0.0001,0.0,0.25,0.08,0.087249,0.278,nSEG,1,LIDAR,-0.06824899999999999,-0.07800000000000001,3.592052631578947,0.39000000000000007,1.9910263157894736
M8071,0.0001,0.0001,0.0,0.5,0.03,0.088235,0.1471,nSEG,1,LIDAR,-0.06923499999999999,0.0529,3.643947368421052,0.2645,1.954223684210526
M8072,0.0001,0.0001,0.0,0.5,0.035,0.088161,0.1612,nSEG,1,LIDAR,-0.069161,0.0388,3.6400526315789477,0.194,1.9170263157894738
M8073,0.0001,0.0001,0.0,0.5,0.04,0.08809,0.1746,nSEG,1,LIDAR,-0.06909,0.025400000000000006,3.6363157894736844,0.12700000000000003,1.8816578947368423
M8074,0.0001,0.0001,0.0,0.5,0.05,0.087952,0.1995,nSEG,1,LIDAR,-0.068952,0.0005000000000000004,3.6290526315789475,0.0025000000000000022,1.8157763157894737
M8075,0.0001,0.0001,0.0,0.5,0.08,0.08735,0.2634,nSEG,1,LIDAR,-0.06835,-0.06340000000000001,3.5973684210526313,0.31700000000000006,1.9571842105263157
M8076,0.0001,0.0001,0.25,-0.5,0.03,0.087963,0.2041,nSEG,1,LIDAR,-0.068963,-0.0040999999999999925,3.6296315789473685,0.020499999999999963,1.8250657894736841
M8077,0.0001,0.0001,0.25,-0.5,0.035,0.087807,0.2237,nSEG,1,LIDAR,-0.068807,-0.0237,3.621421052631579,0.1185,1.8699605263157895
M8078,0.0001,0.0001,0.25,-0.5,0.04,0.087672,0.2421,nSEG,1,LIDAR,-0.068672,-0.0421,3.614315789473684,0.2105,1.9124078947368421
M8079,0.0001,0.0001,0.25,-0.5,0.05,0.087403,0.2763,nSEG,1,LIDAR,-0.06840299999999999,-0.07629999999999998,3.600157894736842,0.3814999999999999,1.9908289473684209
M8080,0.0001,0.0001,0.25,-0.5,0.08,0.086586,0.3643,nSEG,1,LIDAR,-0.067586,-0.1643,3.5571578947368416,0.8215,2.1893289473684208
M8081,0.0001,0.0001,0.25,-0.25,0.03,0.088135,0.181,nSEG,1,LIDAR,-0.069135,0.019000000000000017,3.638684210526316,0.09500000000000008,1.866842105263158
M8082,0.0001,0.0001,0.25,-0.25,0.035,0.088045,0.1984,nSEG,1,LIDAR,-0.069045,0.001600000000000018,3.6339473684210524,0.00800000000000009,1.8209736842105262
M8083,0.0001,0.0001,0.25,-0.25,0.04,0.08786,0.2146,nSEG,1,LIDAR,-0.06885999999999999,-0.014600000000000002,3.624210526315789,0.07300000000000001,1.8486052631578944
M8084,0.0001,0.0001,0.25,-0.25,0.05,0.087612,0.245,nSEG,1,LIDAR,-0.06861199999999999,-0.044999999999999984,3.611157894736842,0.22499999999999992,1.918078947368421
M8085,0.0001,0.0001,0.25,-0.25,0.08,0.086936,0.3233,nSEG,1,LIDAR,-0.067936,-0.12329999999999997,3.5755789473684207,0.6164999999999998,2.0960394736842103
M8086,0.0001,0.0001,0.25,0.0,0.03,0.088188,0.166,nSEG,1,LIDAR,-0.069188,0.034,3.6414736842105264,0.17,1.9057368421052632
M8087,0.0001,0.0001,0.25,0.0,0.035,0.088106,0.182,nSEG,1,LIDAR,-0.069106,0.018000000000000016,3.637157894736842,0.09000000000000008,1.863578947368421
M8088,0.0001,0.0001,0.25,0.0,0.04,0.088027,0.1971,nSEG,1,LIDAR,-0.06902699999999999,0.0029000000000000137,3.6329999999999996,0.014500000000000068,1.8237499999999998
M8089,0.0001,0.0001,0.25,0.0,0.05,0.087733,0.2249,nSEG,1,LIDAR,-0.068733,-0.024899999999999978,3.617526315789474,0.12449999999999989,1.8710131578947369
M8090,0.0001,0.0001,0.25,0.0,0.08,0.087162,0.2971,nSEG,1,LIDAR,-0.068162,-0.09709999999999996,3.5874736842105266,0.4854999999999998,2.0364868421052633
M8091,0.0001,0.0001,0.25,0.25,0.03,0.088226,0.1553,nSEG,1,LIDAR,-0.069226,0.04470000000000002,3.643473684210526,0.2235000000000001,1.9334868421052631
M8092,0.0001,0.0001,0.25,0.25,0.035,0.088149,0.1703,nSEG,1,LIDAR,-0.069149,0.029700000000000004,3.639421052631579,0.14850000000000002,1.8939605263157895
M8093,0.0001,0.0001,0.25,0.25,0.04,0.088075,0.1844,nSEG,1,LIDAR,-0.069075,0.015600000000000003,3.6355263157894737,0.07800000000000001,1.8567631578947368
M8094,0.0001,0.0001,0.25,0.25,0.05,0.087839,0.2105,nSEG,1,LIDAR,-0.068839,-0.010499999999999982,3.623105263157895,0.05249999999999991,1.8378026315789473
M8095,0.0001,0.0001,0.25,0.25,0.08,0.08728,0.278,nSEG,1,LIDAR,-0.06828,-0.07800000000000001,3.5936842105263156,0.39000000000000007,1.9918421052631579
M8096,0.0001,0.0001,0.25,0.5,0.03,0.088253,0.1471,nSEG,1,LIDAR,-0.069253,0.0529,3.644894736842105,0.2645,1.9546973684210525
M8097,0.0001,0.0001,0.25,0.5,0.035,0.08818,0.1613,nSEG,1,LIDAR,-0.06917999999999999,0.03870000000000001,3.641052631578947,0.19350000000000006,1.9172763157894737
M8098,0.0001,0.0001,0.25,0.5,0.04,0.088111,0.1746,nSEG,1,LIDAR,-0.06911099999999999,0.025400000000000006,3.6374210526315784,0.12700000000000003,1.8822105263157893
M8099,0.0001,0.0001,0.25,0.5,0.05,0.087975,0.1995,nSEG,1,LIDAR,-0.068975,0.0005000000000000004,3.6302631578947366,0.0025000000000000022,1.8163815789473683
M8100,0.0001,0.0001,0.25,0.5,0.08,0.087381,0.2634,nSEG,1,LIDAR,-0.068381,-0.06340000000000001,3.5989999999999998,0.31700000000000006,1.958
M8101,0.0001,0.0001,0.5,-0.5,0.03,0.087976,0.2041,nSEG,1,LIDAR,-0.068976,-0.0040999999999999925,3.630315789473684,0.020499999999999963,1.8254078947368422
M8102,0.0001,0.0001,0.5,-0.5,0.035,0.087821,0.2237,nSEG,1,LIDAR,-0.068821,-0.0237,3.622157894736842,0.1185,1.870328947368421
M8103,0.0001,0.0001,0.5,-0.5,0.04,0.087688,0.2421,nSEG,1,LIDAR,-0.068688,-0.0421,3.6151578947368423,0.2105,1.9128289473684212
M8104,0.0001,0.0001,0.5,-0.5,0.05,0.087421,0.2763,nSEG,1,LIDAR,-0.068421,-0.07629999999999998,3.6011052631578946,0.3814999999999999,1.9913026315789473
M8105,0.0001,0.0001,0.5,-0.5,0.08,0.08661,0.3644,nSEG,1,LIDAR,-0.06761,-0.1644,3.558421052631579,0.822,2.1902105263157896
M8106,0.0001,0.0001,0.5,-0.25,0.03,0.088148,0.181,nSEG,1,LIDAR,-0.069148,0.019000000000000017,3.6393684210526316,0.09500000000000008,1.867184210526316
M8107,0.0001,0.0001,0.5,-0.25,0.035,0.088059,0.1984,nSEG,1,LIDAR,-0.069059,0.001600000000000018,3.6346842105263155,0.00800000000000009,1.8213421052631578
M8108,0.0001,0.0001,0.5,-0.25,0.04,0.087876,0.2147,nSEG,1,LIDAR,-0.06887599999999999,-0.01469999999999999,3.625052631578947,0.07349999999999995,1.8492763157894736
M8109,0.0001,0.0001,0.5,-0.25,0.05,0.08763,0.245,nSEG,1,LIDAR,-0.06863,-0.044999999999999984,3.6121052631578947,0.22499999999999992,1.9185526315789474
M8110,0.0001,0.0001,0.5,-0.25,0.08,0.086959,0.3234,nSEG,1,LIDAR,-0.06795899999999999,-0.12340000000000001,3.5767894736842103,0.617,2.0968947368421054
M8111,0.0001,0.0001,0.5,0.0,0.03,0.088201,0.1661,nSEG,1,LIDAR,-0.069201,0.03390000000000001,3.642157894736842,0.16950000000000007,1.9058289473684211
M8112,0.0001,0.0001,0.5,0.0,0.035,0.088121,0.1821,nSEG,1,LIDAR,-0.069121,0.0179,3.637947368421053,0.0895,1.8637236842105265
M8113,0.0001,0.0001,0.5,0.0,0.04,0.088042,0.1971,nSEG,1,LIDAR,-0.06904199999999999,0.0029000000000000137,3.6337894736842102,0.014500000000000068,1.824144736842105
M8114,0.0001,0.0001,0.5,0.0,0.05,0.087751,0.2249,nSEG,1,LIDAR,-0.06875099999999999,-0.024899999999999978,3.618473684210526,0.12449999999999989,1.8714868421052628
M8115,0.0001,0.0001,0.5,0.0,0.08,0.087186,0.2971,nSEG,1,LIDAR,-0.068186,-0.09709999999999996,3.5887368421052632,0.4854999999999998,2.0371184210526314
M8116,0.0001,0.0001,0.5,0.25,0.03,0.088239,0.1553,nSEG,1,LIDAR,-0.069239,0.04470000000000002,3.644157894736842,0.2235000000000001,1.933828947368421
M8117,0.0001,0.0001,0.5,0.25,0.035,0.088163,0.1703,nSEG,1,LIDAR,-0.069163,0.029700000000000004,3.6401578947368423,0.14850000000000002,1.894328947368421
M8118,0.0001,0.0001,0.5,0.25,0.04,0.088091,0.1844,nSEG,1,LIDAR,-0.069091,0.015600000000000003,3.6363684210526315,0.07800000000000001,1.8571842105263157
M8119,0.0001,0.0001,0.5,0.25,0.05,0.087857,0.2105,nSEG,1,LIDAR,-0.068857,-0.010499999999999982,3.6240526315789476,0.05249999999999991,1.8382763157894737
M8120,0.0001,0.0001,0.5,0.25,0.08,0.087304,0.2781,nSEG,1,LIDAR,-0.068304,-0.0781,3.594947368421053,0.3905,1.9927236842105265
M8121,0.0001,0.0001,0.5,0.5,0.03,0.088266,0.1471,nSEG,1,LIDAR,-0.069266,0.0529,3.645578947368421,0.2645,1.9550394736842105
M8122,0.0001,0.0001,0.5,0.5,0.035,0.088195,0.1613,nSEG,1,LIDAR,-0.06919499999999999,0.03870000000000001,3.6418421052631578,0.19350000000000006,1.917671052631579
M8123,0.0001,0.0001,0.5,0.5,0.04,0.088126,0.1747,nSEG,1,LIDAR,-0.06912599999999999,0.025300000000000017,3.638210526315789,0.12650000000000008,1.8823552631578946
M8124,0.0001,0.0001,0.5,0.5,0.05,0.087993,0.1995,nSEG,1,LIDAR,-0.068993,0.0005000000000000004,3.6312105263157894,0.0025000000000000022,1.8168552631578947
M8125,0.0001,0.0001,0.5,0.5,0.08,0.087404,0.2635,nSEG,1,LIDAR,-0.06840399999999999,-0.0635,3.6002105263157893,0.3175,1.9588552631578946
M8126,0.00055,1e-06,-0.5,-0.5,0.03,0.075618,0.1865,nSEG,1,LIDAR,-0.056618,0.013500000000000012,2.9798947368421054,0.06750000000000006,1.5236973684210526
M8127,0.00055,1e-06,-0.5,-0.5,0.035,0.075278,0.204,nSEG,1,LIDAR,-0.056277999999999995,-0.003999999999999976,2.9619999999999997,0.01999999999999988,1.4909999999999999
M8128,0.00055,1e-06,-0.5,-0.5,0.04,0.074958,0.2205,nSEG,1,LIDAR,-0.055957999999999994,-0.02049999999999999,2.945157894736842,0.10249999999999995,1.523828947368421
M8129,0.00055,1e-06,-0.5,-0.5,0.05,0.074365,0.2509,nSEG,1,LIDAR,-0.055365,-0.0509,2.9139473684210526,0.2545,1.5842236842105264
M8130,0.00055,1e-06,-0.5,-0.5,0.08,0.072831,0.3285,nSEG,1,LIDAR,-0.053831000000000004,-0.1285,2.83321052631579,0.6425,1.737855263157895
M8131,0.00055,1e-06,-0.5,-0.25,0.03,0.075622,0.1652,nSEG,1,LIDAR,-0.05662199999999999,0.0348,2.9801052631578946,0.174,1.5770526315789473
M8132,0.00055,1e-06,-0.5,-0.25,0.035,0.075282,0.1807,nSEG,1,LIDAR,-0.056282,0.01930000000000001,2.9622105263157894,0.09650000000000006,1.5293552631578948
M8133,0.00055,1e-06,-0.5,-0.25,0.04,0.074962,0.1953,nSEG,1,LIDAR,-0.055962,0.00470000000000001,2.9453684210526316,0.02350000000000005,1.4844342105263157
M8134,0.00055,1e-06,-0.5,-0.25,0.05,0.074369,0.2222,nSEG,1,LIDAR,-0.055369,-0.022199999999999998,2.9141578947368423,0.11099999999999999,1.512578947368421
M8135,0.00055,1e-06,-0.5,-0.25,0.08,0.072837,0.2909,nSEG,1,LIDAR,-0.053836999999999996,-0.09089999999999998,2.8335263157894737,0.4544999999999999,1.6440131578947368
M8136,0.00055,1e-06,-0.5,0.0,0.03,0.075624,0.1515,nSEG,1,LIDAR,-0.056623999999999994,0.048500000000000015,2.980210526315789,0.24250000000000008,1.6113552631578947
M8137,0.00055,1e-06,-0.5,0.0,0.035,0.075284,0.1657,nSEG,1,LIDAR,-0.056284,0.034300000000000025,2.9623157894736845,0.17150000000000012,1.5669078947368422
M8138,0.00055,1e-06,-0.5,0.0,0.04,0.074965,0.1791,nSEG,1,LIDAR,-0.055965,0.020900000000000002,2.9455263157894738,0.10450000000000001,1.5250131578947368
M8139,0.00055,1e-06,-0.5,0.0,0.05,0.074372,0.2038,nSEG,1,LIDAR,-0.05537199999999999,-0.003799999999999998,2.914315789473684,0.01899999999999999,1.466657894736842
M8140,0.00055,1e-06,-0.5,0.0,0.08,0.072841,0.2668,nSEG,1,LIDAR,-0.053841,-0.06679999999999997,2.8337368421052633,0.33399999999999985,1.5838684210526317
M8141,0.00055,1e-06,-0.5,0.25,0.03,0.075626,0.1417,nSEG,1,LIDAR,-0.056625999999999996,0.05830000000000002,2.9803157894736843,0.2915000000000001,1.6359078947368422
M8142,0.00055,1e-06,-0.5,0.25,0.035,0.075286,0.155,nSEG,1,LIDAR,-0.056286,0.04500000000000001,2.962421052631579,0.22500000000000006,1.5937105263157896
M8143,0.00055,1e-06,-0.5,0.25,0.04,0.074967,0.1675,nSEG,1,LIDAR,-0.055967,0.0325,2.945631578947369,0.1625,1.5540657894736845
M8144,0.00055,1e-06,-0.5,0.25,0.05,0.074375,0.1906,nSEG,1,LIDAR,-0.055374999999999994,0.00940000000000002,2.914473684210526,0.0470000000000001,1.4807368421052631
M8145,0.00055,1e-06,-0.5,0.25,0.08,0.072844,0.2496,nSEG,1,LIDAR,-0.053844,-0.04959999999999998,2.8338947368421055,0.2479999999999999,1.5409473684210526
M8146,0.00055,1e-06,-0.5,0.5,0.03,0.075627,0.1342,nSEG,1,LIDAR,-0.056627,0.0658,2.9803684210526313,0.32899999999999996,1.6546842105263155
M8147,0.00055,1e-06,-0.5,0.5,0.035,0.075287,0.1468,nSEG,1,LIDAR,-0.056287000000000004,0.0532,2.9624736842105266,0.26599999999999996,1.6142368421052633
M8148,0.00055,1e-06,-0.5,0.5,0.04,0.074968,0.1586,nSEG,1,LIDAR,-0.055968000000000004,0.04140000000000002,2.945684210526316,0.2070000000000001,1.576342105263158
M8149,0.00055,1e-06,-0.5,0.5,0.05,0.074376,0.1805,nSEG,1,LIDAR,-0.055375999999999995,0.019500000000000017,2.9145263157894736,0.09750000000000009,1.5060131578947369
M8150,0.00055,1e-06,-0.5,0.5,0.08,0.072846,0.2363,nSEG,1,LIDAR,-0.05384599999999999,-0.0363,2.8339999999999996,0.1815,1.5077499999999997
M8151,0.00055,1e-06,-0.25,-0.5,0.03,0.076019,0.1871,nSEG,1,LIDAR,-0.057019,0.012900000000000023,3.001,0.06450000000000011,1.53275
M8152,0.00055,1e-06,-0.25,-0.5,0.035,0.075716,0.2048,nSEG,1,LIDAR,-0.056716,-0.004799999999999999,2.9850526315789474,0.023999999999999994,1.5045263157894737
M8153,0.00055,1e-06,-0.25,-0.5,0.04,0.07543,0.2213,nSEG,1,LIDAR,-0.056429999999999994,-0.021299999999999986,2.9699999999999998,0.10649999999999993,1.53825
M8154,0.00055,1e-06,-0.25,-0.5,0.05,0.074902,0.252,nSEG,1,LIDAR,-0.05590199999999999,-0.05199999999999999,2.9422105263157894,0.25999999999999995,1.6011052631578946
M8155,0.00055,1e-06,-0.25,-0.5,0.08,0.073542,0.3304,nSEG,1,LIDAR,-0.05454199999999999,-0.13040000000000002,2.870631578947368,0.652,1.7613157894736842
M8156,0.00055,1e-06,-0.25,-0.25,0.03,0.076022,0.1657,nSEG,1,LIDAR,-0.057022,0.034300000000000025,3.0011578947368425,0.17150000000000012,1.5863289473684212
M8157,0.00055,1e-06,-0.25,-0.25,0.035,0.07572,0.1813,nSEG,1,LIDAR,-0.05671999999999999,0.018700000000000022,2.9852631578947366,0.09350000000000011,1.5393815789473684
M8158,0.00055,1e-06,-0.25,-0.25,0.04,0.075435,0.196,nSEG,1,LIDAR,-0.056435,0.0040000000000000036,2.970263157894737,0.020000000000000018,1.4951315789473685
M8159,0.00055,1e-06,-0.25,-0.25,0.05,0.074907,0.2231,nSEG,1,LIDAR,-0.055907,-0.02309999999999998,2.942473684210526,0.11549999999999991,1.528986842105263
M8160,0.00055,1e-06,-0.25,-0.25,0.08,0.073548,0.2926,nSEG,1,LIDAR,-0.054548,-0.09260000000000002,2.8709473684210525,0.4630000000000001,1.6669736842105263
M8161,0.00055,1e-06,-0.25,0.0,0.03,0.076025,0.152,nSEG,1,LIDAR,-0.05702499999999999,0.048000000000000015,3.0013157894736837,0.24000000000000007,1.620657894736842
M8162,0.00055,1e-06,-0.25,0.0,0.035,0.075722,0.1663,nSEG,1,LIDAR,-0.056721999999999995,0.03370000000000001,2.9853684210526312,0.16850000000000004,1.5769342105263155
M8163,0.00055,1e-06,-0.25,0.0,0.04,0.075437,0.1798,nSEG,1,LIDAR,-0.056437,0.020200000000000023,2.9703684210526315,0.10100000000000012,1.5356842105263158
M8164,0.00055,1e-06,-0.25,0.0,0.05,0.074909,0.2047,nSEG,1,LIDAR,-0.055909,-0.004699999999999982,2.942578947368421,0.02349999999999991,1.4830394736842105
M8165,0.00055,1e-06,-0.25,0.0,0.08,0.073552,0.2684,nSEG,1,LIDAR,-0.054552,-0.06840000000000002,2.871157894736842,0.3420000000000001,1.606578947368421
M8166,0.00055,1e-06,-0.25,0.25,0.03,0.076026,0.1422,nSEG,1,LIDAR,-0.05702599999999999,0.05780000000000002,3.0013684210526312,0.2890000000000001,1.6451842105263157
M8167,0.00055,1e-06,-0.25,0.25,0.035,0.075724,0.1556,nSEG,1,LIDAR,-0.056724,0.04440000000000002,2.9854736842105263,0.22200000000000011,1.6037368421052631
M8168,0.00055,1e-06,-0.25,0.25,0.04,0.075439,0.1681,nSEG,1,LIDAR,-0.056439,0.03190000000000001,2.9704736842105266,0.15950000000000006,1.5649868421052633
M8169,0.00055,1e-06,-0.25,0.25,0.05,0.074912,0.1914,nSEG,1,LIDAR,-0.055912,0.008600000000000024,2.9427368421052633,0.04300000000000012,1.4928684210526317
M8170,0.00055,1e-06,-0.25,0.25,0.08,0.073555,0.251,nSEG,1,LIDAR,-0.05455499999999999,-0.05099999999999999,2.871315789473684,0.25499999999999995,1.5631578947368419
M8171,0.00055,1e-06,-0.25,0.5,0.03,0.076028,0.1346,nSEG,1,LIDAR,-0.057027999999999995,0.06540000000000001,3.0014736842105263,0.32700000000000007,1.6642368421052631
M8172,0.00055,1e-06,-0.25,0.5,0.035,0.075725,0.1473,nSEG,1,LIDAR,-0.056725,0.052700000000000025,2.985526315789474,0.2635000000000001,1.624513157894737
M8173,0.00055,1e-06,-0.25,0.5,0.04,0.075441,0.1592,nSEG,1,LIDAR,-0.05644099999999999,0.0408,2.9705789473684208,0.20400000000000001,1.5872894736842105
M8174,0.00055,1e-06,-0.25,0.5,0.05,0.074914,0.1812,nSEG,1,LIDAR,-0.05591399999999999,0.01880000000000001,2.9428421052631575,0.09400000000000006,1.5184210526315787
M8175,0.00055,1e-06,-0.25,0.5,0.08,0.073557,0.2377,nSEG,1,LIDAR,-0.054556999999999994,-0.037699999999999984,2.871421052631579,0.18849999999999992,1.5299605263157894
M8176,0.00055,1e-06,0.0,-0.5,0.03,0.076276,0.1875,nSEG,1,LIDAR,-0.057275999999999994,0.012500000000000011,3.0145263157894733,0.06250000000000006,1.5385131578947366
M8177,0.00055,1e-06,0.0,-0.5,0.035,0.075997,0.2052,nSEG,1,LIDAR,-0.05699699999999999,-0.005199999999999982,2.9998421052631574,0.025999999999999912,1.5129210526315786
M8178,0.00055,1e-06,0.0,-0.5,0.04,0.075734,0.2219,nSEG,1,LIDAR,-0.05673399999999999,-0.021899999999999975,2.9859999999999998,0.10949999999999988,1.5477499999999997
M8179,0.00055,1e-06,0.0,-0.5,0.05,0.075247,0.2527,nSEG,1,LIDAR,-0.05624699999999999,-0.05269999999999997,2.9603684210526313,0.26349999999999985,1.6119342105263157
M8180,0.00055,1e-06,0.0,-0.5,0.08,0.073992,0.3316,nSEG,1,LIDAR,-0.054992,-0.1316,2.8943157894736844,0.6579999999999999,1.7761578947368422
M8181,0.00055,1e-06,0.0,-0.25,0.03,0.076279,0.166,nSEG,1,LIDAR,-0.057279,0.034,3.014684210526316,0.17,1.592342105263158
M8182,0.00055,1e-06,0.0,-0.25,0.035,0.076001,0.1817,nSEG,1,LIDAR,-0.057000999999999996,0.01830000000000001,3.000052631578947,0.09150000000000005,1.5457763157894735
M8183,0.00055,1e-06,0.0,-0.25,0.04,0.075738,0.1965,nSEG,1,LIDAR,-0.056738,0.003500000000000003,2.9862105263157894,0.017500000000000016,1.5018552631578947
M8184,0.00055,1e-06,0.0,-0.25,0.05,0.075251,0.2237,nSEG,1,LIDAR,-0.056250999999999995,-0.0237,2.960578947368421,0.1185,1.5395394736842105
M8185,0.00055,1e-06,0.0,-0.25,0.08,0.073999,0.2937,nSEG,1,LIDAR,-0.05499899999999999,-0.0937,2.8946842105263153,0.4685,1.6815921052631577
M8186,0.00055,1e-06,0.0,0.0,0.03,0.076282,0.1523,nSEG,1,LIDAR,-0.057282,0.04770000000000002,3.014842105263158,0.2385000000000001,1.626671052631579
M8187,0.00055,1e-06,0.0,0.0,0.035,0.076003,0.1667,nSEG,1,LIDAR,-0.057003,0.033300000000000024,3.000157894736842,0.16650000000000012,1.5833289473684211
M8188,0.00055,1e-06,0.0,0.0,0.04,0.075741,0.1802,nSEG,1,LIDAR,-0.056741,0.019800000000000012,2.9863684210526316,0.09900000000000006,1.5426842105263159
M8189,0.00055,1e-06,0.0,0.0,0.05,0.075254,0.2052,nSEG,1,LIDAR,-0.056254,-0.005199999999999982,2.960736842105263,0.025999999999999912,1.4933684210526315
M8190,0.00055,1e-06,0.0,0.0,0.08,0.074003,0.2694,nSEG,1,LIDAR,-0.055002999999999996,-0.06939999999999996,2.894894736842105,0.3469999999999998,1.6209473684210525
M8191,0.00055,1e-06,0.0,0.25,0.03,0.076283,0.1424,nSEG,1,LIDAR,-0.057283,0.05760000000000001,3.0148947368421055,0.28800000000000003,1.6514473684210529
M8192,0.00055,1e-06,0.0,0.25,0.035,0.076005,0.1559,nSEG,1,LIDAR,-0.057005,0.0441,3.0002631578947367,0.2205,1.6103815789473683
M8193,0.00055,1e-06,0.0,0.25,0.04,0.075743,0.1686,nSEG,1,LIDAR,-0.056743,0.03140000000000001,2.9864736842105266,0.15700000000000006,1.5717368421052633
M8194,0.00055,1e-06,0.0,0.25,0.05,0.075257,0.192,nSEG,1,LIDAR,-0.056257,0.008000000000000007,2.9608947368421052,0.040000000000000036,1.5004473684210526
M8195,0.00055,1e-06,0.0,0.25,0.08,0.074006,0.252,nSEG,1,LIDAR,-0.055006,-0.05199999999999999,2.8950526315789475,0.25999999999999995,1.5775263157894737
M8196,0.00055,1e-06,0.0,0.5,0.03,0.076284,0.1349,nSEG,1,LIDAR,-0.057284,0.06510000000000002,3.0149473684210526,0.32550000000000007,1.6702236842105262
M8197,0.00055,1e-06,0.0,0.5,0.035,0.076006,0.1476,nSEG,1,LIDAR,-0.057006,0.0524,3.0003157894736843,0.262,1.6311578947368421
M8198,0.00055,1e-06,0.0,0.5,0.04,0.075744,0.1596,nSEG,1,LIDAR,-0.056744,0.04040000000000002,2.9865263157894737,0.2020000000000001,1.5942631578947368
M8199,0.00055,1e-06,0.0,0.5,0.05,0.075259,0.1817,nSEG,1,LIDAR,-0.056259,0.01830000000000001,2.9610000000000003,0.09150000000000005,1.52625
M8200,0.00055,1e-06,0.0,0.5,0.08,0.074008,0.2385,nSEG,1,LIDAR,-0.055008,-0.03849999999999998,2.895157894736842,0.1924999999999999,1.543828947368421
M8201,0.00055,1e-06,0.25,-0.5,0.03,0.076461,0.1878,nSEG,1,LIDAR,-0.057461,0.012200000000000016,3.0242631578947368,0.06100000000000008,1.5426315789473684
M8202,0.00055,1e-06,0.25,-0.5,0.035,0.076199,0.2055,nSEG,1,LIDAR,-0.057199,-0.005499999999999977,3.010473684210526,0.027499999999999886,1.518986842105263
M8203,0.00055,1e-06,0.25,-0.5,0.04,0.075953,0.2223,nSEG,1,LIDAR,-0.056953000000000004,-0.022299999999999986,2.997526315789474,0.11149999999999993,1.5545131578947369
M8204,0.00055,1e-06,0.25,-0.5,0.05,0.075496,0.2532,nSEG,1,LIDAR,-0.05649599999999999,-0.05319999999999997,2.973473684210526,0.26599999999999985,1.619736842105263
M8205,0.00055,1e-06,0.25,-0.5,0.08,0.074318,0.3325,nSEG,1,LIDAR,-0.05531799999999999,-0.1325,2.911473684210526,0.6625,1.786986842105263
M8206,0.00055,1e-06,0.25,-0.25,0.03,0.076464,0.1663,nSEG,1,LIDAR,-0.057464,0.03370000000000001,3.024421052631579,0.16850000000000004,1.5964605263157894
M8207,0.00055,1e-06,0.25,-0.25,0.035,0.076203,0.182,nSEG,1,LIDAR,-0.057203000000000004,0.018000000000000016,3.010684210526316,0.09000000000000008,1.5503421052631579
M8208,0.00055,1e-06,0.25,-0.25,0.04,0.075957,0.1968,nSEG,1,LIDAR,-0.056956999999999994,0.0032000000000000084,2.997736842105263,0.016000000000000042,1.5068684210526315
M8209,0.00055,1e-06,0.25,-0.25,0.05,0.0755,0.2242,nSEG,1,LIDAR,-0.056499999999999995,-0.0242,2.9736842105263155,0.121,1.5473421052631577
M8210,0.00055,1e-06,0.25,-0.25,0.08,0.074324,0.2944,nSEG,1,LIDAR,-0.055324,-0.09439999999999998,2.9117894736842107,0.4719999999999999,1.6918947368421053
M8211,0.00055,1e-06,0.25,0.0,0.03,0.076466,0.1525,nSEG,1,LIDAR,-0.057466,0.047500000000000014,3.024526315789474,0.23750000000000007,1.631013157894737
M8212,0.00055,1e-06,0.25,0.0,0.035,0.076205,0.167,nSEG,1,LIDAR,-0.05720499999999999,0.033,3.01078947368421,0.165,1.587894736842105
M8213,0.00055,1e-06,0.25,0.0,0.04,0.075959,0.1805,nSEG,1,LIDAR,-0.056958999999999996,0.019500000000000017,2.9978421052631576,0.09750000000000009,1.547671052631579
M8214,0.00055,1e-06,0.25,0.0,0.05,0.075503,0.2057,nSEG,1,LIDAR,-0.056503,-0.005699999999999983,2.973842105263158,0.028499999999999914,1.501171052631579
M8215,0.00055,1e-06,0.25,0.0,0.08,0.074328,0.2701,nSEG,1,LIDAR,-0.055328,-0.0701,2.9120000000000004,0.3505,1.63125
M8216,0.00055,1e-06,0.25,0.25,0.03,0.076468,0.1426,nSEG,1,LIDAR,-0.05746799999999999,0.05740000000000001,3.024631578947368,0.28700000000000003,1.655815789473684
M8217,0.00055,1e-06,0.25,0.25,0.035,0.076207,0.1561,nSEG,1,LIDAR,-0.057206999999999994,0.04390000000000002,3.010894736842105,0.2195000000000001,1.6151973684210525
M8218,0.00055,1e-06,0.25,0.25,0.04,0.075961,0.1688,nSEG,1,LIDAR,-0.056961,0.031200000000000006,2.9979473684210527,0.15600000000000003,1.5769736842105264
M8219,0.00055,1e-06,0.25,0.25,0.05,0.075506,0.1923,nSEG,1,LIDAR,-0.056506,0.007700000000000012,2.974,0.03850000000000006,1.50625
M8220,0.00055,1e-06,0.25,0.25,0.08,0.074331,0.2526,nSEG,1,LIDAR,-0.05533099999999999,-0.05259999999999998,2.9121578947368416,0.2629999999999999,1.5875789473684208
M8221,0.00055,1e-06,0.25,0.5,0.03,0.076469,0.1351,nSEG,1,LIDAR,-0.05746899999999999,0.06490000000000001,3.0246842105263156,0.32450000000000007,1.6745921052631578
M8222,0.00055,1e-06,0.25,0.5,0.035,0.076209,0.1478,nSEG,1,LIDAR,-0.057208999999999996,0.052200000000000024,3.0109999999999997,0.2610000000000001,1.636
M8223,0.00055,1e-06,0.25,0.5,0.04,0.075963,0.1599,nSEG,1,LIDAR,-0.056963,0.040100000000000025,2.9980526315789473,0.20050000000000012,1.5992763157894738
M8224,0.00055,1e-06,0.25,0.5,0.05,0.075507,0.1821,nSEG,1,LIDAR,-0.056507,0.0179,2.9740526315789477,0.0895,1.531776315789474
M8225,0.00055,1e-06,0.25,0.5,0.08,0.074333,0.2392,nSEG,1,LIDAR,-0.05533299999999999,-0.039199999999999985,2.9122631578947367,0.19599999999999992,1.5541315789473682
M8226,0.00055,1e-06,0.5,-0.5,0.03,0.076603,0.188,nSEG,1,LIDAR,-0.057603,0.01200000000000001,3.0317368421052633,0.06000000000000005,1.5458684210526317
M8227,0.00055,1e-06,0.5,-0.5,0.035,0.076355,0.2058,nSEG,1,LIDAR,-0.057355,-0.0058,3.018684210526316,0.028999999999999998,1.5238421052631579
M8228,0.00055,1e-06,0.5,-0.5,0.04,0.076121,0.2225,nSEG,1,LIDAR,-0.05712099999999999,-0.022499999999999992,3.006368421052631,0.11249999999999996,1.5594342105263155
M8229,0.00055,1e-06,0.5,-0.5,0.05,0.075687,0.2536,nSEG,1,LIDAR,-0.056687,-0.05359999999999998,2.983526315789474,0.2679999999999999,1.625763157894737
M8230,0.00055,1e-06,0.5,-0.5,0.08,0.074569,0.3332,nSEG,1,LIDAR,-0.05556899999999999,-0.13319999999999999,2.9246842105263156,0.6659999999999999,1.7953421052631577
M8231,0.00055,1e-06,0.5,-0.25,0.03,0.076607,0.1665,nSEG,1,LIDAR,-0.05760699999999999,0.0335,3.031947368421052,0.1675,1.599723684210526
M8232,0.00055,1e-06,0.5,-0.25,0.035,0.076359,0.1822,nSEG,1,LIDAR,-0.05735899999999999,0.01780000000000001,3.018894736842105,0.08900000000000005,1.5539473684210525
M8233,0.00055,1e-06,0.5,-0.25,0.04,0.076125,0.1971,nSEG,1,LIDAR,-0.057124999999999995,0.0029000000000000137,3.006578947368421,0.014500000000000068,1.5105394736842104
M8234,0.00055,1e-06,0.5,-0.25,0.05,0.075692,0.2245,nSEG,1,LIDAR,-0.05669199999999999,-0.024499999999999994,2.9837894736842103,0.12249999999999997,1.5531447368421052
M8235,0.00055,1e-06,0.5,-0.25,0.08,0.074575,0.295,nSEG,1,LIDAR,-0.055575,-0.09499999999999997,2.925,0.47499999999999987,1.6999999999999997
M8236,0.00055,1e-06,0.5,0.0,0.03,0.076609,0.1527,nSEG,1,LIDAR,-0.057608999999999994,0.04730000000000001,3.032052631578947,0.23650000000000004,1.6342763157894735
M8237,0.00055,1e-06,0.5,0.0,0.035,0.076361,0.1672,nSEG,1,LIDAR,-0.057360999999999995,0.032800000000000024,3.0189999999999997,0.16400000000000012,1.5915
M8238,0.00055,1e-06,0.5,0.0,0.04,0.076128,0.1808,nSEG,1,LIDAR,-0.057128,0.019200000000000023,3.006736842105263,0.09600000000000011,1.5513684210526315
M8239,0.00055,1e-06,0.5,0.0,0.05,0.075695,0.206,nSEG,1,LIDAR,-0.056694999999999995,-0.005999999999999978,2.9839473684210525,0.029999999999999888,1.5069736842105261
M8240,0.00055,1e-06,0.5,0.0,0.08,0.074579,0.2706,nSEG,1,LIDAR,-0.055579,-0.0706,2.92521052631579,0.353,1.6391052631578948
M8241,0.00055,1e-06,0.5,0.25,0.03,0.076611,0.1428,nSEG,1,LIDAR,-0.057610999999999996,0.0572,3.032157894736842,0.286,1.659078947368421
M8242,0.00055,1e-06,0.5,0.25,0.035,0.076363,0.1563,nSEG,1,LIDAR,-0.057363,0.04370000000000002,3.0191052631578947,0.21850000000000008,1.6188026315789474
M8243,0.00055,1e-06,0.5,0.25,0.04,0.07613,0.1691,nSEG,1,LIDAR,-0.05713,0.03090000000000001,3.006842105263158,0.15450000000000005,1.580671052631579
M8244,0.00055,1e-06,0.5,0.25,0.05,0.075697,0.1926,nSEG,1,LIDAR,-0.056697,0.007400000000000018,2.9840526315789475,0.03700000000000009,1.5105263157894737
M8245,0.00055,1e-06,0.5,0.25,0.08,0.074582,0.2531,nSEG,1,LIDAR,-0.05558199999999999,-0.05309999999999998,2.925368421052631,0.2654999999999999,1.5954342105263155
M8246,0.00055,1e-06,0.5,0.5,0.03,0.076612,0.1352,nSEG,1,LIDAR,-0.057612,0.06480000000000002,3.0322105263157892,0.3240000000000001,1.6781052631578948
M8247,0.00055,1e-06,0.5,0.5,0.035,0.076364,0.148,nSEG,1,LIDAR,-0.057364,0.05200000000000002,3.0191578947368423,0.26000000000000006,1.6395789473684212
M8248,0.00055,1e-06,0.5,0.5,0.04,0.076131,0.1601,nSEG,1,LIDAR,-0.057131,0.03990000000000002,3.0068947368421055,0.1995000000000001,1.6031973684210528
M8249,0.00055,1e-06,0.5,0.5,0.05,0.075699,0.1824,nSEG,1,LIDAR,-0.056699,0.017600000000000005,2.984157894736842,0.08800000000000002,1.536078947368421
M8250,0.00055,1e-06,0.5,0.5,0.08,0.074584,0.2397,nSEG,1,LIDAR,-0.055583999999999995,-0.039699999999999985,2.9254736842105262,0.19849999999999993,1.5619868421052632
M8251,0.00055,5.5e-06,-0.5,-0.5,0.03,0.078139,0.1902,nSEG,1,LIDAR,-0.059139,0.009800000000000003,3.112578947368421,0.049000000000000016,1.5807894736842105
M8252,0.00055,5.5e-06,-0.5,-0.5,0.035,0.077794,0.2081,nSEG,1,LIDAR,-0.058794,-0.008099999999999996,3.094421052631579,0.04049999999999998,1.5674605263157897
M8253,0.00055,5.5e-06,-0.5,-0.5,0.04,0.07747,0.2249,nSEG,1,LIDAR,-0.058469999999999994,-0.024899999999999978,3.0773684210526313,0.12449999999999989,1.6009342105263156
M8254,0.00055,5.5e-06,-0.5,-0.5,0.05,0.07687,0.2559,nSEG,1,LIDAR,-0.05786999999999999,-0.055900000000000005,3.04578947368421,0.2795,1.6626447368421051
M8255,0.00055,5.5e-06,-0.5,-0.5,0.08,0.075304,0.3351,nSEG,1,LIDAR,-0.05630399999999999,-0.1351,2.9633684210526314,0.6755,1.8194342105263157
M8256,0.00055,5.5e-06,-0.5,-0.25,0.03,0.078156,0.1685,nSEG,1,LIDAR,-0.059156,0.0315,3.1134736842105264,0.1575,1.6354868421052633
M8257,0.00055,5.5e-06,-0.5,-0.25,0.035,0.077813,0.1843,nSEG,1,LIDAR,-0.05881299999999999,0.01570000000000002,3.0954210526315786,0.0785000000000001,1.5869605263157893
M8258,0.00055,5.5e-06,-0.5,-0.25,0.04,0.077491,0.1992,nSEG,1,LIDAR,-0.058491,0.0008000000000000229,3.0784736842105263,0.004000000000000115,1.5412368421052631
M8259,0.00055,5.5e-06,-0.5,-0.25,0.05,0.076893,0.2267,nSEG,1,LIDAR,-0.057893,-0.0267,3.047,0.1335,1.5902500000000002
M8260,0.00055,5.5e-06,-0.5,-0.25,0.08,0.075336,0.2968,nSEG,1,LIDAR,-0.056336,-0.0968,2.9650526315789474,0.484,1.7245263157894737
M8261,0.00055,5.5e-06,-0.5,0.0,0.03,0.078167,0.1545,nSEG,1,LIDAR,-0.059167,0.04550000000000001,3.1140526315789474,0.22750000000000006,1.6707763157894737
M8262,0.00055,5.5e-06,-0.5,0.0,0.035,0.077826,0.1691,nSEG,1,LIDAR,-0.058826,0.03090000000000001,3.096105263157895,0.15450000000000005,1.6253026315789476
M8263,0.00055,5.5e-06,-0.5,0.0,0.04,0.077504,0.1827,nSEG,1,LIDAR,-0.058504,0.01730000000000001,3.0791578947368423,0.08650000000000005,1.5828289473684212
M8264,0.00055,5.5e-06,-0.5,0.0,0.05,0.076909,0.2079,nSEG,1,LIDAR,-0.057909,-0.00789999999999999,3.047842105263158,0.03949999999999995,1.5436710526315789
M8265,0.00055,5.5e-06,-0.5,0.0,0.08,0.075359,0.2723,nSEG,1,LIDAR,-0.05635899999999999,-0.07229999999999998,2.9662631578947365,0.3614999999999999,1.6638815789473682
M8266,0.00055,5.5e-06,-0.5,0.25,0.03,0.078175,0.1445,nSEG,1,LIDAR,-0.05917499999999999,0.05550000000000002,3.114473684210526,0.2775000000000001,1.6959868421052628
M8267,0.00055,5.5e-06,-0.5,0.25,0.035,0.077834,0.1581,nSEG,1,LIDAR,-0.058834,0.04190000000000002,3.0965263157894736,0.2095000000000001,1.653013157894737
M8268,0.00055,5.5e-06,-0.5,0.25,0.04,0.077513,0.1709,nSEG,1,LIDAR,-0.058512999999999996,0.029100000000000015,3.0796315789473683,0.14550000000000007,1.6125657894736842
M8269,0.00055,5.5e-06,-0.5,0.25,0.05,0.076919,0.1945,nSEG,1,LIDAR,-0.057919,0.005500000000000005,3.0483684210526314,0.027500000000000024,1.5379342105263156
M8270,0.00055,5.5e-06,-0.5,0.25,0.08,0.075371,0.2547,nSEG,1,LIDAR,-0.05637099999999999,-0.05469999999999997,2.966894736842105,0.27349999999999985,1.6201973684210524
M8271,0.00055,5.5e-06,-0.5,0.5,0.03,0.078181,0.1369,nSEG,1,LIDAR,-0.059181,0.06310000000000002,3.1147894736842106,0.31550000000000006,1.7151447368421053
M8272,0.00055,5.5e-06,-0.5,0.5,0.035,0.077841,0.1497,nSEG,1,LIDAR,-0.05884099999999999,0.05030000000000001,3.096894736842105,0.25150000000000006,1.6741973684210525
M8273,0.00055,5.5e-06,-0.5,0.5,0.04,0.077521,0.1618,nSEG,1,LIDAR,-0.058521000000000004,0.03820000000000001,3.0800526315789476,0.19100000000000006,1.6355263157894737
M8274,0.00055,5.5e-06,-0.5,0.5,0.05,0.076928,0.1841,nSEG,1,LIDAR,-0.05792799999999999,0.015899999999999997,3.048842105263158,0.07949999999999999,1.5641710526315789
M8275,0.00055,5.5e-06,-0.5,0.5,0.08,0.075382,0.2412,nSEG,1,LIDAR,-0.056382,-0.04119999999999999,2.9674736842105265,0.20599999999999993,1.5867368421052632
M8276,0.00055,5.5e-06,-0.25,-0.5,0.03,0.07853,0.1908,nSEG,1,LIDAR,-0.05953,0.009200000000000014,3.133157894736842,0.04600000000000007,1.5895789473684212
M8277,0.00055,5.5e-06,-0.25,-0.5,0.035,0.078222,0.2088,nSEG,1,LIDAR,-0.059222,-0.008800000000000002,3.1169473684210525,0.04400000000000001,1.5804736842105263
M8278,0.00055,5.5e-06,-0.25,-0.5,0.04,0.077932,0.2257,nSEG,1,LIDAR,-0.058932,-0.0257,3.1016842105263156,0.1285,1.6150921052631577
M8279,0.00055,5.5e-06,-0.25,-0.5,0.05,0.077394,0.257,nSEG,1,LIDAR,-0.058394,-0.056999999999999995,3.0733684210526317,0.285,1.679184210526316
M8280,0.00055,5.5e-06,-0.25,-0.5,0.08,0.075987,0.337,nSEG,1,LIDAR,-0.056986999999999996,-0.137,2.999315789473684,0.685,1.842157894736842
M8281,0.00055,5.5e-06,-0.25,-0.25,0.03,0.078547,0.169,nSEG,1,LIDAR,-0.059547,0.031,3.1340526315789474,0.155,1.6445263157894736
M8282,0.00055,5.5e-06,-0.25,-0.25,0.035,0.078241,0.1849,nSEG,1,LIDAR,-0.059241,0.015100000000000002,3.117947368421053,0.07550000000000001,1.5967236842105264
M8283,0.00055,5.5e-06,-0.25,-0.25,0.04,0.077953,0.1999,nSEG,1,LIDAR,-0.05895299999999999,0.00010000000000001674,3.10278947368421,0.0005000000000000837,1.5516447368421051
M8284,0.00055,5.5e-06,-0.25,-0.25,0.05,0.077418,0.2276,nSEG,1,LIDAR,-0.058418,-0.027599999999999986,3.0746315789473684,0.13799999999999993,1.6063157894736841
M8285,0.00055,5.5e-06,-0.25,-0.25,0.08,0.076027,0.2985,nSEG,1,LIDAR,-0.057026999999999994,-0.09849999999999998,3.0014210526315788,0.4924999999999999,1.7469605263157892
M8286,0.00055,5.5e-06,-0.25,0.0,0.03,0.078558,0.155,nSEG,1,LIDAR,-0.059558,0.04500000000000001,3.1346315789473684,0.22500000000000006,1.6798157894736843
M8287,0.00055,5.5e-06,-0.25,0.0,0.035,0.078253,0.1696,nSEG,1,LIDAR,-0.059253,0.03040000000000001,3.1185789473684213,0.15200000000000005,1.6352894736842107
M8288,0.00055,5.5e-06,-0.25,0.0,0.04,0.077966,0.1834,nSEG,1,LIDAR,-0.05896599999999999,0.016600000000000004,3.1034736842105257,0.08300000000000002,1.593236842105263
M8289,0.00055,5.5e-06,-0.25,0.0,0.05,0.077433,0.2088,nSEG,1,LIDAR,-0.058433,-0.008800000000000002,3.075421052631579,0.04400000000000001,1.5597105263157895
M8290,0.00055,5.5e-06,-0.25,0.0,0.08,0.076048,0.2738,nSEG,1,LIDAR,-0.057048,-0.07379999999999998,3.0025263157894737,0.3689999999999999,1.6857631578947367
M8291,0.00055,5.5e-06,-0.25,0.25,0.03,0.078566,0.145,nSEG,1,LIDAR,-0.059565999999999994,0.05500000000000002,3.1350526315789473,0.2750000000000001,1.7050263157894736
M8292,0.00055,5.5e-06,-0.25,0.25,0.035,0.078262,0.1587,nSEG,1,LIDAR,-0.059261999999999995,0.0413,3.1190526315789473,0.20650000000000002,1.6627763157894737
M8293,0.00055,5.5e-06,-0.25,0.25,0.04,0.077975,0.1715,nSEG,1,LIDAR,-0.058975,0.028499999999999998,3.1039473684210526,0.1425,1.6232236842105263
M8294,0.00055,5.5e-06,-0.25,0.25,0.05,0.077444,0.1953,nSEG,1,LIDAR,-0.058443999999999996,0.00470000000000001,3.076,0.02350000000000005,1.54975
M8295,0.00055,5.5e-06,-0.25,0.25,0.08,0.076055,0.2561,nSEG,1,LIDAR,-0.057054999999999995,-0.05609999999999998,3.002894736842105,0.2804999999999999,1.6416973684210525
M8296,0.00055,5.5e-06,-0.25,0.5,0.03,0.078573,0.1373,nSEG,1,LIDAR,-0.059573,0.0627,3.135421052631579,0.3135,1.7244605263157895
M8297,0.00055,5.5e-06,-0.25,0.5,0.035,0.078269,0.1502,nSEG,1,LIDAR,-0.059269,0.04980000000000001,3.119421052631579,0.24900000000000005,1.6842105263157896
M8298,0.00055,5.5e-06,-0.25,0.5,0.04,0.077983,0.1624,nSEG,1,LIDAR,-0.058982999999999994,0.03760000000000002,3.1043684210526314,0.1880000000000001,1.6461842105263158
M8299,0.00055,5.5e-06,-0.25,0.5,0.05,0.077453,0.1849,nSEG,1,LIDAR,-0.05845299999999999,0.015100000000000002,3.076473684210526,0.07550000000000001,1.575986842105263
M8300,0.00055,5.5e-06,-0.25,0.5,0.08,0.076066,0.2425,nSEG,1,LIDAR,-0.05706599999999999,-0.04249999999999998,3.003473684210526,0.2124999999999999,1.607986842105263
M8301,0.00055,5.5e-06,0.0,-0.5,0.03,0.078782,0.1912,nSEG,1,LIDAR,-0.059782,0.008800000000000002,3.1464210526315792,0.04400000000000001,1.5952105263157896
M8302,0.00055,5.5e-06,0.0,-0.5,0.035,0.078497,0.2092,nSEG,1,LIDAR,-0.059496999999999994,-0.009199999999999986,3.1314210526315787,0.04599999999999993,1.5887105263157892
M8303,0.00055,5.5e-06,0.0,-0.5,0.04,0.078229,0.2262,nSEG,1,LIDAR,-0.059229000000000004,-0.0262,3.1173157894736847,0.131,1.6241578947368422
M8304,0.00055,5.5e-06,0.0,-0.5,0.05,0.077731,0.2576,nSEG,1,LIDAR,-0.05873099999999999,-0.057599999999999985,3.0911052631578944,0.2879999999999999,1.689552631578947
M8305,0.00055,5.5e-06,0.0,-0.5,0.08,0.076435,0.3381,nSEG,1,LIDAR,-0.057435,-0.1381,3.0228947368421055,0.6905,1.8566973684210528
M8306,0.00055,5.5e-06,0.0,-0.25,0.03,0.078799,0.1693,nSEG,1,LIDAR,-0.05979899999999999,0.030700000000000005,3.1473157894736836,0.15350000000000003,1.650407894736842
M8307,0.00055,5.5e-06,0.0,-0.25,0.035,0.078516,0.1853,nSEG,1,LIDAR,-0.059516,0.014700000000000019,3.132421052631579,0.07350000000000009,1.6029605263157896
M8308,0.00055,5.5e-06,0.0,-0.25,0.04,0.078249,0.2003,nSEG,1,LIDAR,-0.059248999999999996,-0.0002999999999999947,3.1183684210526312,0.0014999999999999736,1.5599342105263156
M8309,0.00055,5.5e-06,0.0,-0.25,0.05,0.077755,0.2282,nSEG,1,LIDAR,-0.058755,-0.028199999999999975,3.092368421052632,0.14099999999999988,1.616684210526316
M8310,0.00055,5.5e-06,0.0,-0.25,0.08,0.076468,0.2995,nSEG,1,LIDAR,-0.05746799999999999,-0.09949999999999998,3.024631578947368,0.4974999999999999,1.761065789473684
M8311,0.00055,5.5e-06,0.0,0.0,0.03,0.07881,0.1553,nSEG,1,LIDAR,-0.05981,0.04470000000000002,3.1478947368421055,0.2235000000000001,1.6856973684210528
M8312,0.00055,5.5e-06,0.0,0.0,0.035,0.078528,0.17,nSEG,1,LIDAR,-0.059528,0.03,3.1330526315789475,0.15,1.6415263157894737
M8313,0.00055,5.5e-06,0.0,0.0,0.04,0.078262,0.1838,nSEG,1,LIDAR,-0.059261999999999995,0.01620000000000002,3.1190526315789473,0.0810000000000001,1.6000263157894736
M8314,0.00055,5.5e-06,0.0,0.0,0.05,0.07777,0.2093,nSEG,1,LIDAR,-0.05877,-0.009300000000000003,3.0931578947368426,0.046500000000000014,1.5698289473684213
M8315,0.00055,5.5e-06,0.0,0.0,0.08,0.076489,0.2748,nSEG,1,LIDAR,-0.057489,-0.07479999999999998,3.025736842105263,0.3739999999999999,1.6998684210526314
M8316,0.00055,5.5e-06,0.0,0.25,0.03,0.078818,0.1453,nSEG,1,LIDAR,-0.059817999999999996,0.0547,3.148315789473684,0.27349999999999997,1.710907894736842
M8317,0.00055,5.5e-06,0.0,0.25,0.035,0.078537,0.159,nSEG,1,LIDAR,-0.05953699999999999,0.04100000000000001,3.1335263157894735,0.20500000000000004,1.6692631578947368
M8318,0.00055,5.5e-06,0.0,0.25,0.04,0.078272,0.1719,nSEG,1,LIDAR,-0.05927199999999999,0.028100000000000014,3.119578947368421,0.14050000000000007,1.6300394736842105
M8319,0.00055,5.5e-06,0.0,0.25,0.05,0.077781,0.1958,nSEG,1,LIDAR,-0.058781,0.004200000000000009,3.093736842105263,0.021000000000000046,1.5573684210526315
M8320,0.00055,5.5e-06,0.0,0.25,0.08,0.076495,0.257,nSEG,1,LIDAR,-0.05749499999999999,-0.056999999999999995,3.026052631578947,0.285,1.6555263157894735
M8321,0.00055,5.5e-06,0.0,0.5,0.03,0.078824,0.1375,nSEG,1,LIDAR,-0.059824,0.0625,3.1486315789473687,0.3125,1.7305657894736843
M8322,0.00055,5.5e-06,0.0,0.5,0.035,0.078543,0.1505,nSEG,1,LIDAR,-0.059543,0.049500000000000016,3.1338421052631578,0.24750000000000008,1.690671052631579
M8323,0.00055,5.5e-06,0.0,0.5,0.04,0.078279,0.1628,nSEG,1,LIDAR,-0.059279,0.03720000000000001,3.1199473684210526,0.18600000000000005,1.6529736842105263
M8324,0.00055,5.5e-06,0.0,0.5,0.05,0.07779,0.1854,nSEG,1,LIDAR,-0.058789999999999995,0.014600000000000002,3.094210526315789,0.07300000000000001,1.5836052631578945
M8325,0.00055,5.5e-06,0.0,0.5,0.08,0.076506,0.2433,nSEG,1,LIDAR,-0.057506,-0.04329999999999998,3.026631578947369,0.2164999999999999,1.6215657894736843
M8326,0.00055,5.5e-06,0.25,-0.5,0.03,0.078962,0.1914,nSEG,1,LIDAR,-0.059962,0.008600000000000024,3.1558947368421055,0.04300000000000012,1.5994473684210528
M8327,0.00055,5.5e-06,0.25,-0.5,0.035,0.078695,0.2095,nSEG,1,LIDAR,-0.059695,-0.00949999999999998,3.1418421052631578,0.0474999999999999,1.5946710526315788
M8328,0.00055,5.5e-06,0.25,-0.5,0.04,0.078442,0.2266,nSEG,1,LIDAR,-0.059441999999999995,-0.026599999999999985,3.1285263157894736,0.13299999999999992,1.6307631578947368
M8329,0.00055,5.5e-06,0.25,-0.5,0.05,0.077975,0.2581,nSEG,1,LIDAR,-0.058975,-0.058099999999999985,3.1039473684210526,0.2904999999999999,1.6972236842105262
M8330,0.00055,5.5e-06,0.25,-0.5,0.08,0.076753,0.339,nSEG,1,LIDAR,-0.057753,-0.139,3.0396315789473682,0.6950000000000001,1.8673157894736843
M8331,0.00055,5.5e-06,0.25,-0.25,0.03,0.078979,0.1695,nSEG,1,LIDAR,-0.05997899999999999,0.0305,3.15678947368421,0.1525,1.654644736842105
M8332,0.00055,5.5e-06,0.25,-0.25,0.035,0.078713,0.1856,nSEG,1,LIDAR,-0.059713,0.014400000000000024,3.1427894736842106,0.07200000000000012,1.6073947368421053
M8333,0.00055,5.5e-06,0.25,-0.25,0.04,0.078463,0.2007,nSEG,1,LIDAR,-0.059463,-0.0006999999999999784,3.1296315789473685,0.003499999999999892,1.5665657894736842
M8334,0.00055,5.5e-06,0.25,-0.25,0.05,0.077999,0.2286,nSEG,1,LIDAR,-0.058998999999999996,-0.028599999999999987,3.105210526315789,0.14299999999999993,1.6241052631578945
M8335,0.00055,5.5e-06,0.25,-0.25,0.08,0.076786,0.3002,nSEG,1,LIDAR,-0.05778599999999999,-0.10020000000000001,3.0413684210526313,0.501,1.7711842105263156
M8336,0.00055,5.5e-06,0.25,0.0,0.03,0.078991,0.1555,nSEG,1,LIDAR,-0.059991,0.04450000000000001,3.1574210526315794,0.22250000000000006,1.6899605263157897
M8337,0.00055,5.5e-06,0.25,0.0,0.035,0.078726,0.1702,nSEG,1,LIDAR,-0.059726,0.02980000000000002,3.1434736842105266,0.1490000000000001,1.6462368421052633
M8338,0.00055,5.5e-06,0.25,0.0,0.04,0.078476,0.1841,nSEG,1,LIDAR,-0.059476,0.015899999999999997,3.130315789473684,0.07949999999999999,1.604907894736842
M8339,0.00055,5.5e-06,0.25,0.0,0.05,0.078014,0.2097,nSEG,1,LIDAR,-0.059014,-0.009699999999999986,3.106,0.04849999999999993,1.5772499999999998
M8340,0.00055,5.5e-06,0.25,0.0,0.08,0.076798,0.2754,nSEG,1,LIDAR,-0.057798,-0.07539999999999997,3.0420000000000003,0.37699999999999984,1.7095
M8341,0.00055,5.5e-06,0.25,0.25,0.03,0.078998,0.1455,nSEG,1,LIDAR,-0.059997999999999996,0.05450000000000002,3.1577894736842103,0.2725000000000001,1.715144736842105
M8342,0.00055,5.5e-06,0.25,0.25,0.035,0.078734,0.1592,nSEG,1,LIDAR,-0.059733999999999995,0.0408,3.143894736842105,0.20400000000000001,1.6739473684210526
M8343,0.00055,5.5e-06,0.25,0.25,0.04,0.078486,0.1722,nSEG,1,LIDAR,-0.059486,0.02780000000000002,3.1308421052631576,0.1390000000000001,1.634921052631579
M8344,0.00055,5.5e-06,0.25,0.25,0.05,0.078024,0.1962,nSEG,1,LIDAR,-0.05902399999999999,0.003799999999999998,3.1065263157894734,0.01899999999999999,1.5627631578947367
M8345,0.00055,5.5e-06,0.25,0.25,0.08,0.076813,0.2576,nSEG,1,LIDAR,-0.057813,-0.057599999999999985,3.042789473684211,0.2879999999999999,1.6653947368421054
M8346,0.00055,5.5e-06,0.25,0.5,0.03,0.079005,0.1377,nSEG,1,LIDAR,-0.060005,0.06230000000000002,3.1581578947368425,0.3115000000000001,1.7348289473684213
M8347,0.00055,5.5e-06,0.25,0.5,0.035,0.078741,0.1508,nSEG,1,LIDAR,-0.059741,0.04920000000000002,3.144263157894737,0.2460000000000001,1.6951315789473684
M8348,0.00055,5.5e-06,0.25,0.5,0.04,0.078493,0.163,nSEG,1,LIDAR,-0.05949299999999999,0.037000000000000005,3.131210526315789,0.18500000000000003,1.6581052631578945
M8349,0.00055,5.5e-06,0.25,0.5,0.05,0.078033,0.1857,nSEG,1,LIDAR,-0.059033,0.014300000000000007,3.107,0.07150000000000004,1.58925
M8350,0.00055,5.5e-06,0.25,0.5,0.08,0.076847,0.244,nSEG,1,LIDAR,-0.057846999999999996,-0.043999999999999984,3.044578947368421,0.21999999999999992,1.6322894736842104
M8351,0.00055,5.5e-06,0.5,-0.5,0.03,0.079102,0.1916,nSEG,1,LIDAR,-0.060102,0.008400000000000019,3.163263157894737,0.04200000000000009,1.6026315789473686
M8352,0.00055,5.5e-06,0.5,-0.5,0.035,0.078847,0.2098,nSEG,1,LIDAR,-0.059847,-0.009799999999999975,3.1498421052631578,0.04899999999999988,1.5994210526315789
M8353,0.00055,5.5e-06,0.5,-0.5,0.04,0.078607,0.2269,nSEG,1,LIDAR,-0.05960699999999999,-0.02689999999999998,3.1372105263157892,0.1344999999999999,1.6358552631578946
M8354,0.00055,5.5e-06,0.5,-0.5,0.05,0.078162,0.2585,nSEG,1,LIDAR,-0.05916199999999999,-0.058499999999999996,3.11378947368421,0.2925,1.703144736842105
M8355,0.00055,5.5e-06,0.5,-0.5,0.08,0.077014,0.3397,nSEG,1,LIDAR,-0.058013999999999996,-0.1397,3.0533684210526313,0.6984999999999999,1.8759342105263155
M8356,0.00055,5.5e-06,0.5,-0.25,0.03,0.079119,0.1697,nSEG,1,LIDAR,-0.06011899999999999,0.03030000000000002,3.164157894736842,0.1515000000000001,1.657828947368421
M8357,0.00055,5.5e-06,0.5,-0.25,0.035,0.078866,0.1858,nSEG,1,LIDAR,-0.059866,0.014200000000000018,3.150842105263158,0.07100000000000009,1.6109210526315791
M8358,0.00055,5.5e-06,0.5,-0.25,0.04,0.078628,0.2009,nSEG,1,LIDAR,-0.059628,-0.0008999999999999841,3.138315789473684,0.004499999999999921,1.571407894736842
M8359,0.00055,5.5e-06,0.5,-0.25,0.05,0.078186,0.2289,nSEG,1,LIDAR,-0.059186,-0.02889999999999998,3.1150526315789477,0.1444999999999999,1.6297763157894738
M8360,0.00055,5.5e-06,0.5,-0.25,0.08,0.077032,0.3008,nSEG,1,LIDAR,-0.058032,-0.1008,3.054315789473684,0.504,1.779157894736842
M8361,0.00055,5.5e-06,0.5,0.0,0.03,0.07913,0.1557,nSEG,1,LIDAR,-0.06013,0.044300000000000006,3.1647368421052633,0.22150000000000003,1.6931184210526316
M8362,0.00055,5.5e-06,0.5,0.0,0.035,0.078878,0.1704,nSEG,1,LIDAR,-0.059878,0.029600000000000015,3.1514736842105266,0.14800000000000008,1.6497368421052634
M8363,0.00055,5.5e-06,0.5,0.0,0.04,0.078641,0.1843,nSEG,1,LIDAR,-0.059641,0.01570000000000002,3.1390000000000002,0.0785000000000001,1.6087500000000001
M8364,0.00055,5.5e-06,0.5,0.0,0.05,0.078201,0.21,nSEG,1,LIDAR,-0.059201000000000004,-0.009999999999999981,3.115842105263158,0.049999999999999906,1.582921052631579
M8365,0.00055,5.5e-06,0.5,0.0,0.08,0.077052,0.276,nSEG,1,LIDAR,-0.05805199999999999,-0.07600000000000001,3.055368421052631,0.38000000000000006,1.7176842105263155
M8366,0.00055,5.5e-06,0.5,0.25,0.03,0.079137,0.1456,nSEG,1,LIDAR,-0.060136999999999996,0.054400000000000004,3.1651052631578946,0.272,1.7185526315789472
M8367,0.00055,5.5e-06,0.5,0.25,0.035,0.078887,0.1594,nSEG,1,LIDAR,-0.059886999999999996,0.040600000000000025,3.1519473684210526,0.20300000000000012,1.6774736842105265
M8368,0.00055,5.5e-06,0.5,0.25,0.04,0.078651,0.1724,nSEG,1,LIDAR,-0.059650999999999996,0.027600000000000013,3.1395263157894737,0.13800000000000007,1.6387631578947368
M8369,0.00055,5.5e-06,0.5,0.25,0.05,0.078212,0.1964,nSEG,1,LIDAR,-0.059212,0.00360000000000002,3.116421052631579,0.0180000000000001,1.5672105263157896
M8370,0.00055,5.5e-06,0.5,0.25,0.08,0.077081,0.2582,nSEG,1,LIDAR,-0.058080999999999994,-0.058199999999999974,3.056894736842105,0.29099999999999987,1.6739473684210524
M8371,0.00055,5.5e-06,0.5,0.5,0.03,0.079144,0.1379,nSEG,1,LIDAR,-0.060144,0.062100000000000016,3.1654736842105264,0.31050000000000005,1.7379868421052633
M8372,0.00055,5.5e-06,0.5,0.5,0.035,0.078893,0.1509,nSEG,1,LIDAR,-0.059893,0.049100000000000005,3.152263157894737,0.24550000000000002,1.6988815789473684
M8373,0.00055,5.5e-06,0.5,0.5,0.04,0.078658,0.1632,nSEG,1,LIDAR,-0.059658,0.0368,3.1398947368421055,0.184,1.6619473684210528
M8374,0.00055,5.5e-06,0.5,0.5,0.05,0.07822,0.186,nSEG,1,LIDAR,-0.059219999999999995,0.014000000000000012,3.116842105263158,0.07000000000000006,1.5934210526315788
M8375,0.00055,5.5e-06,0.5,0.5,0.08,0.077092,0.2445,nSEG,1,LIDAR,-0.05809199999999999,-0.044499999999999984,3.057473684210526,0.22249999999999992,1.6399868421052628
M8376,0.00055,1e-05,-0.5,-0.5,0.03,0.080575,0.1938,nSEG,1,LIDAR,-0.06157499999999999,0.006200000000000011,3.24078947368421,0.031000000000000055,1.635894736842105
M8377,0.00055,1e-05,-0.5,-0.5,0.035,0.080228,0.212,nSEG,1,LIDAR,-0.06122799999999999,-0.011999999999999983,3.2225263157894735,0.059999999999999915,1.6412631578947368
M8378,0.00055,1e-05,-0.5,-0.5,0.04,0.079882,0.2291,nSEG,1,LIDAR,-0.06088199999999999,-0.029099999999999987,3.204315789473684,0.14549999999999993,1.6749078947368419
M8379,0.00055,1e-05,-0.5,-0.5,0.05,0.079278,0.2607,nSEG,1,LIDAR,-0.060278,-0.060699999999999976,3.1725263157894736,0.3034999999999999,1.7380131578947369
M8380,0.00055,1e-05,-0.5,-0.5,0.08,0.077719,0.3415,nSEG,1,LIDAR,-0.05871899999999999,-0.14150000000000001,3.0904736842105263,0.7075,1.8989868421052631
M8381,0.00055,1e-05,-0.5,-0.25,0.03,0.080603,0.1716,nSEG,1,LIDAR,-0.06160299999999999,0.02840000000000001,3.2422631578947363,0.14200000000000004,1.692131578947368
M8382,0.00055,1e-05,-0.5,-0.25,0.035,0.080259,0.1877,nSEG,1,LIDAR,-0.061258999999999994,0.012300000000000005,3.224157894736842,0.06150000000000003,1.642828947368421
M8383,0.00055,1e-05,-0.5,-0.25,0.04,0.079936,0.2029,nSEG,1,LIDAR,-0.06093599999999999,-0.002899999999999986,3.2071578947368415,0.01449999999999993,1.6108289473684207
M8384,0.00055,1e-05,-0.5,-0.25,0.05,0.079317,0.2309,nSEG,1,LIDAR,-0.060316999999999996,-0.030899999999999983,3.174578947368421,0.15449999999999992,1.6645394736842105
M8385,0.00055,1e-05,-0.5,-0.25,0.08,0.077773,0.3025,nSEG,1,LIDAR,-0.05877299999999999,-0.10249999999999998,3.093315789473684,0.5124999999999998,1.8029078947368418
M8386,0.00055,1e-05,-0.5,0.0,0.03,0.080621,0.1574,nSEG,1,LIDAR,-0.061620999999999995,0.0426,3.243210526315789,0.213,1.7281052631578946
M8387,0.00055,1e-05,-0.5,0.0,0.035,0.080279,0.1722,nSEG,1,LIDAR,-0.061279,0.02780000000000002,3.2252105263157897,0.1390000000000001,1.682105263157895
M8388,0.00055,1e-05,-0.5,0.0,0.04,0.079957,0.1862,nSEG,1,LIDAR,-0.060957,0.013800000000000007,3.208263157894737,0.06900000000000003,1.6386315789473684
M8389,0.00055,1e-05,-0.5,0.0,0.05,0.079342,0.2119,nSEG,1,LIDAR,-0.06034199999999999,-0.011899999999999994,3.175894736842105,0.05949999999999997,1.6176973684210525
M8390,0.00055,1e-05,-0.5,0.0,0.08,0.077807,0.2776,nSEG,1,LIDAR,-0.058807,-0.0776,3.095105263157895,0.388,1.7415526315789474
M8391,0.00055,1e-05,-0.5,0.25,0.03,0.080634,0.1472,nSEG,1,LIDAR,-0.061633999999999994,0.052800000000000014,3.243894736842105,0.26400000000000007,1.7539473684210527
M8392,0.00055,1e-05,-0.5,0.25,0.035,0.080293,0.1611,nSEG,1,LIDAR,-0.061293,0.03890000000000002,3.225947368421053,0.1945000000000001,1.7102236842105265
M8393,0.00055,1e-05,-0.5,0.25,0.04,0.079972,0.1741,nSEG,1,LIDAR,-0.060972,0.025900000000000006,3.209052631578947,0.12950000000000003,1.6692763157894737
M8394,0.00055,1e-05,-0.5,0.25,0.05,0.079359,0.1982,nSEG,1,LIDAR,-0.060358999999999996,0.0018000000000000238,3.1767894736842104,0.009000000000000119,1.5928947368421054
M8395,0.00055,1e-05,-0.5,0.25,0.08,0.077831,0.2597,nSEG,1,LIDAR,-0.058830999999999994,-0.059699999999999975,3.0963684210526314,0.2984999999999999,1.6974342105263156
M8396,0.00055,1e-05,-0.5,0.5,0.03,0.080643,0.1394,nSEG,1,LIDAR,-0.061643,0.060600000000000015,3.244368421052632,0.30300000000000005,1.773684210526316
M8397,0.00055,1e-05,-0.5,0.5,0.035,0.080304,0.1525,nSEG,1,LIDAR,-0.061304,0.047500000000000014,3.2265263157894735,0.23750000000000007,1.7320131578947369
M8398,0.00055,1e-05,-0.5,0.5,0.04,0.079984,0.1649,nSEG,1,LIDAR,-0.060984,0.03510000000000002,3.2096842105263157,0.1755000000000001,1.6925921052631578
M8399,0.00055,1e-05,-0.5,0.5,0.05,0.079373,0.1876,nSEG,1,LIDAR,-0.060372999999999996,0.012400000000000022,3.1775263157894735,0.06200000000000011,1.619763157894737
M8400,0.00055,1e-05,-0.5,0.5,0.08,0.07785,0.2459,nSEG,1,LIDAR,-0.05885,-0.045899999999999996,3.0973684210526318,0.22949999999999998,1.6634342105263158
M8401,0.00055,1e-05,-0.25,-0.5,0.03,0.080958,0.1943,nSEG,1,LIDAR,-0.061958,0.005700000000000011,3.2609473684210526,0.028500000000000053,1.6447236842105264
M8402,0.00055,1e-05,-0.25,-0.5,0.035,0.080646,0.2126,nSEG,1,LIDAR,-0.06164599999999999,-0.0126,3.2445263157894733,0.063,1.6537631578947367
M8403,0.00055,1e-05,-0.25,-0.5,0.04,0.080354,0.2299,nSEG,1,LIDAR,-0.06135399999999999,-0.029899999999999982,3.229157894736842,0.1494999999999999,1.6893289473684208
M8404,0.00055,1e-05,-0.25,-0.5,0.05,0.079791,0.2617,nSEG,1,LIDAR,-0.060791,-0.06169999999999998,3.1995263157894738,0.3084999999999999,1.7540131578947369
M8405,0.00055,1e-05,-0.25,-0.5,0.08,0.078387,0.3433,nSEG,1,LIDAR,-0.059386999999999995,-0.14329999999999998,3.125631578947368,0.7164999999999999,1.921065789473684
M8406,0.00055,1e-05,-0.25,-0.25,0.03,0.080986,0.1721,nSEG,1,LIDAR,-0.061986,0.027900000000000008,3.262421052631579,0.13950000000000004,1.7009605263157894
M8407,0.00055,1e-05,-0.25,-0.25,0.035,0.080678,0.1883,nSEG,1,LIDAR,-0.061678,0.011700000000000016,3.246210526315789,0.05850000000000008,1.6523552631578946
M8408,0.00055,1e-05,-0.25,-0.25,0.04,0.080387,0.2036,nSEG,1,LIDAR,-0.061387,-0.003599999999999992,3.2308947368421053,0.01799999999999996,1.6244473684210525
M8409,0.00055,1e-05,-0.25,-0.25,0.05,0.07983,0.2318,nSEG,1,LIDAR,-0.060829999999999995,-0.031799999999999995,3.201578947368421,0.15899999999999997,1.6802894736842104
M8410,0.00055,1e-05,-0.25,-0.25,0.08,0.078441,0.3041,nSEG,1,LIDAR,-0.059440999999999994,-0.10409999999999997,3.128473684210526,0.5204999999999999,1.824486842105263
M8411,0.00055,1e-05,-0.25,0.0,0.03,0.081004,0.1579,nSEG,1,LIDAR,-0.062004000000000004,0.0421,3.2633684210526317,0.2105,1.736934210526316
M8412,0.00055,1e-05,-0.25,0.0,0.035,0.080697,0.1728,nSEG,1,LIDAR,-0.061697,0.027200000000000002,3.2472105263157895,0.136,1.6916052631578948
M8413,0.00055,1e-05,-0.25,0.0,0.04,0.080409,0.1868,nSEG,1,LIDAR,-0.06140899999999999,0.013200000000000017,3.232052631578947,0.06600000000000009,1.6490263157894736
M8414,0.00055,1e-05,-0.25,0.0,0.05,0.079855,0.2127,nSEG,1,LIDAR,-0.06085499999999999,-0.012699999999999989,3.202894736842105,0.06349999999999995,1.6331973684210523
M8415,0.00055,1e-05,-0.25,0.0,0.08,0.078474,0.279,nSEG,1,LIDAR,-0.059474,-0.07900000000000001,3.1302105263157896,0.3950000000000001,1.7626052631578948
M8416,0.00055,1e-05,-0.25,0.25,0.03,0.081017,0.1477,nSEG,1,LIDAR,-0.062017,0.05230000000000001,3.2640526315789478,0.26150000000000007,1.7627763157894738
M8417,0.00055,1e-05,-0.25,0.25,0.035,0.080711,0.1616,nSEG,1,LIDAR,-0.061711,0.03840000000000002,3.2479473684210527,0.1920000000000001,1.7199736842105264
M8418,0.00055,1e-05,-0.25,0.25,0.04,0.080424,0.1747,nSEG,1,LIDAR,-0.06142399999999999,0.025300000000000017,3.2328421052631575,0.12650000000000008,1.6796710526315788
M8419,0.00055,1e-05,-0.25,0.25,0.05,0.079892,0.199,nSEG,1,LIDAR,-0.060892,0.0010000000000000009,3.204842105263158,0.0050000000000000044,1.604921052631579
M8420,0.00055,1e-05,-0.25,0.25,0.08,0.078499,0.261,nSEG,1,LIDAR,-0.059498999999999996,-0.061,3.1315263157894737,0.305,1.718263157894737
M8421,0.00055,1e-05,-0.25,0.5,0.03,0.081026,0.1398,nSEG,1,LIDAR,-0.062026,0.060200000000000004,3.2645263157894737,0.301,1.782763157894737
M8422,0.00055,1e-05,-0.25,0.5,0.035,0.080722,0.153,nSEG,1,LIDAR,-0.061722,0.047000000000000014,3.2485263157894737,0.23500000000000007,1.7417631578947368
M8423,0.00055,1e-05,-0.25,0.5,0.04,0.080436,0.1654,nSEG,1,LIDAR,-0.06143599999999999,0.03460000000000002,3.233473684210526,0.1730000000000001,1.703236842105263
M8424,0.00055,1e-05,-0.25,0.5,0.05,0.079906,0.1884,nSEG,1,LIDAR,-0.060906,0.0116,3.205578947368421,0.057999999999999996,1.6317894736842105
M8425,0.00055,1e-05,-0.25,0.5,0.08,0.078518,0.2472,nSEG,1,LIDAR,-0.059518,-0.04719999999999999,3.132526315789474,0.23599999999999996,1.684263157894737
M8426,0.00055,1e-05,0.0,-0.5,0.03,0.081203,0.1947,nSEG,1,LIDAR,-0.062202999999999994,0.005299999999999999,3.273842105263158,0.026499999999999996,1.650171052631579
M8427,0.00055,1e-05,0.0,-0.5,0.035,0.080915,0.2131,nSEG,1,LIDAR,-0.061915,-0.0131,3.2586842105263156,0.0655,1.6620921052631579
M8428,0.00055,1e-05,0.0,-0.5,0.04,0.080644,0.2304,nSEG,1,LIDAR,-0.06164399999999999,-0.030399999999999983,3.2444210526315787,0.1519999999999999,1.6982105263157892
M8429,0.00055,1e-05,0.0,-0.5,0.05,0.080121,0.2624,nSEG,1,LIDAR,-0.061120999999999995,-0.06240000000000001,3.216894736842105,0.31200000000000006,1.7644473684210524
M8430,0.00055,1e-05,0.0,-0.5,0.08,0.078818,0.3444,nSEG,1,LIDAR,-0.059817999999999996,-0.14439999999999997,3.148315789473684,0.7219999999999999,1.935157894736842
M8431,0.00055,1e-05,0.0,-0.25,0.03,0.081231,0.1724,nSEG,1,LIDAR,-0.062230999999999995,0.027600000000000013,3.275315789473684,0.13800000000000007,1.706657894736842
M8432,0.00055,1e-05,0.0,-0.25,0.035,0.080946,0.1887,nSEG,1,LIDAR,-0.061946,0.011300000000000004,3.2603157894736845,0.05650000000000002,1.6584078947368424
M8433,0.00055,1e-05,0.0,-0.25,0.04,0.080678,0.204,nSEG,1,LIDAR,-0.061678,-0.003999999999999976,3.246210526315789,0.01999999999999988,1.6331052631578946
M8434,0.00055,1e-05,0.0,-0.25,0.05,0.080179,0.2324,nSEG,1,LIDAR,-0.061179,-0.032399999999999984,3.2199473684210527,0.16199999999999992,1.6909736842105263
M8435,0.00055,1e-05,0.0,-0.25,0.08,0.078871,0.3051,nSEG,1,LIDAR,-0.059870999999999994,-0.10509999999999997,3.1511052631578944,0.5254999999999999,1.838302631578947
M8436,0.00055,1e-05,0.0,0.0,0.03,0.08125,0.1582,nSEG,1,LIDAR,-0.06225,0.041800000000000004,3.276315789473684,0.20900000000000002,1.742657894736842
M8437,0.00055,1e-05,0.0,0.0,0.035,0.080966,0.1731,nSEG,1,LIDAR,-0.06196599999999999,0.026900000000000007,3.2613684210526315,0.13450000000000004,1.6979342105263158
M8438,0.00055,1e-05,0.0,0.0,0.04,0.080699,0.1872,nSEG,1,LIDAR,-0.061699000000000004,0.012800000000000006,3.2473157894736846,0.06400000000000003,1.6556578947368423
M8439,0.00055,1e-05,0.0,0.0,0.05,0.080204,0.2132,nSEG,1,LIDAR,-0.061203999999999995,-0.01319999999999999,3.221263157894737,0.06599999999999995,1.6436315789473683
M8440,0.00055,1e-05,0.0,0.0,0.08,0.078905,0.2799,nSEG,1,LIDAR,-0.059905,-0.07989999999999997,3.1528947368421054,0.39949999999999986,1.7761973684210526
M8441,0.00055,1e-05,0.0,0.25,0.03,0.081262,0.1479,nSEG,1,LIDAR,-0.062262,0.05210000000000001,3.2769473684210526,0.2605,1.7687236842105263
M8442,0.00055,1e-05,0.0,0.25,0.035,0.08098,0.1619,nSEG,1,LIDAR,-0.06197999999999999,0.03810000000000002,3.2621052631578946,0.1905000000000001,1.7263026315789474
M8443,0.00055,1e-05,0.0,0.25,0.04,0.080715,0.1751,nSEG,1,LIDAR,-0.06171499999999999,0.024900000000000005,3.248157894736842,0.12450000000000003,1.6863289473684209
M8444,0.00055,1e-05,0.0,0.25,0.05,0.080222,0.1994,nSEG,1,LIDAR,-0.061222,0.0006000000000000172,3.2222105263157896,0.003000000000000086,1.6126052631578949
M8445,0.00055,1e-05,0.0,0.25,0.08,0.07893,0.2619,nSEG,1,LIDAR,-0.05993,-0.06190000000000001,3.1542105263157896,0.30950000000000005,1.7318552631578947
M8446,0.00055,1e-05,0.0,0.5,0.03,0.081272,0.1401,nSEG,1,LIDAR,-0.062271999999999994,0.05990000000000001,3.277473684210526,0.29950000000000004,1.788486842105263
M8447,0.00055,1e-05,0.0,0.5,0.035,0.080991,0.1533,nSEG,1,LIDAR,-0.06199099999999999,0.04670000000000002,3.262684210526315,0.2335000000000001,1.7480921052631577
M8448,0.00055,1e-05,0.0,0.5,0.04,0.080726,0.1658,nSEG,1,LIDAR,-0.061726,0.03420000000000001,3.2487368421052634,0.17100000000000004,1.7098684210526316
M8449,0.00055,1e-05,0.0,0.5,0.05,0.080235,0.1889,nSEG,1,LIDAR,-0.061235,0.011099999999999999,3.2228947368421053,0.055499999999999994,1.6391973684210526
M8450,0.00055,1e-05,0.0,0.5,0.08,0.078948,0.248,nSEG,1,LIDAR,-0.059948,-0.04799999999999999,3.1551578947368424,0.23999999999999994,1.697578947368421
M8451,0.00055,1e-05,0.25,-0.5,0.03,0.08138,0.1949,nSEG,1,LIDAR,-0.06237999999999999,0.005100000000000021,3.2831578947368416,0.025500000000000106,1.6543289473684208
M8452,0.00055,1e-05,0.25,-0.5,0.035,0.081109,0.2134,nSEG,1,LIDAR,-0.062109,-0.013399999999999995,3.268894736842105,0.06699999999999998,1.6679473684210526
M8453,0.00055,1e-05,0.25,-0.5,0.04,0.080853,0.2307,nSEG,1,LIDAR,-0.06185299999999999,-0.030699999999999977,3.2554210526315788,0.1534999999999999,1.7044605263157893
M8454,0.00055,1e-05,0.25,-0.5,0.05,0.080378,0.2629,nSEG,1,LIDAR,-0.061378,-0.06290000000000001,3.2304210526315793,0.31450000000000006,1.7724605263157898
M8455,0.00055,1e-05,0.25,-0.5,0.08,0.079129,0.3452,nSEG,1,LIDAR,-0.060129,-0.1452,3.1646842105263158,0.726,1.9453421052631579
M8456,0.00055,1e-05,0.25,-0.25,0.03,0.081409,0.1726,nSEG,1,LIDAR,-0.06240899999999999,0.027400000000000008,3.2846842105263154,0.13700000000000004,1.7108421052631577
M8457,0.00055,1e-05,0.25,-0.25,0.035,0.08114,0.189,nSEG,1,LIDAR,-0.06214,0.01100000000000001,3.270526315789474,0.05500000000000005,1.662763157894737
M8458,0.00055,1e-05,0.25,-0.25,0.04,0.080887,0.2044,nSEG,1,LIDAR,-0.061887,-0.004399999999999987,3.2572105263157893,0.021999999999999936,1.6396052631578946
M8459,0.00055,1e-05,0.25,-0.25,0.05,0.080417,0.2328,nSEG,1,LIDAR,-0.061417,-0.032799999999999996,3.232473684210526,0.16399999999999998,1.6982368421052632
M8460,0.00055,1e-05,0.25,-0.25,0.08,0.079182,0.3058,nSEG,1,LIDAR,-0.060182,-0.1058,3.167473684210526,0.529,1.848236842105263
M8461,0.00055,1e-05,0.25,0.0,0.03,0.081426,0.1584,nSEG,1,LIDAR,-0.062425999999999995,0.0416,3.2855789473684207,0.208,1.7467894736842104
M8462,0.00055,1e-05,0.25,0.0,0.035,0.08116,0.1734,nSEG,1,LIDAR,-0.06215999999999999,0.026600000000000013,3.271578947368421,0.13300000000000006,1.7022894736842105
M8463,0.00055,1e-05,0.25,0.0,0.04,0.080908,0.1875,nSEG,1,LIDAR,-0.06190799999999999,0.012500000000000011,3.258315789473684,0.06250000000000006,1.660407894736842
M8464,0.00055,1e-05,0.25,0.0,0.05,0.080442,0.2136,nSEG,1,LIDAR,-0.061442,-0.013600000000000001,3.2337894736842103,0.068,1.6508947368421052
M8465,0.00055,1e-05,0.25,0.0,0.08,0.079216,0.2806,nSEG,1,LIDAR,-0.06021599999999999,-0.0806,3.1692631578947363,0.403,1.7861315789473682
M8466,0.00055,1e-05,0.25,0.25,0.03,0.081439,0.1481,nSEG,1,LIDAR,-0.062438999999999995,0.0519,3.2862631578947368,0.2595,1.7728815789473684
M8467,0.00055,1e-05,0.25,0.25,0.035,0.081174,0.1622,nSEG,1,LIDAR,-0.06217399999999999,0.0378,3.272315789473684,0.189,1.730657894736842
M8468,0.00055,1e-05,0.25,0.25,0.04,0.080923,0.1754,nSEG,1,LIDAR,-0.06192299999999999,0.02460000000000001,3.2591052631578945,0.12300000000000005,1.6910526315789474
M8469,0.00055,1e-05,0.25,0.25,0.05,0.08046,0.1998,nSEG,1,LIDAR,-0.06146,0.00020000000000000573,3.234736842105263,0.0010000000000000286,1.6178684210526315
M8470,0.00055,1e-05,0.25,0.25,0.08,0.079243,0.2625,nSEG,1,LIDAR,-0.06024299999999999,-0.0625,3.1706842105263155,0.3125,1.7415921052631578
M8471,0.00055,1e-05,0.25,0.5,0.03,0.081449,0.1403,nSEG,1,LIDAR,-0.06244899999999999,0.0597,3.2867894736842103,0.2985,1.7926447368421052
M8472,0.00055,1e-05,0.25,0.5,0.035,0.081184,0.1535,nSEG,1,LIDAR,-0.062184,0.046500000000000014,3.272842105263158,0.23250000000000007,1.752671052631579
M8473,0.00055,1e-05,0.25,0.5,0.04,0.080935,0.166,nSEG,1,LIDAR,-0.061935000000000004,0.034,3.2597368421052635,0.17,1.7148684210526317
M8474,0.00055,1e-05,0.25,0.5,0.05,0.080473,0.1892,nSEG,1,LIDAR,-0.061473,0.010800000000000004,3.235421052631579,0.05400000000000002,1.6447105263157895
M8475,0.00055,1e-05,0.25,0.5,0.08,0.079262,0.2486,nSEG,1,LIDAR,-0.060261999999999996,-0.04859999999999998,3.171684210526316,0.24299999999999988,1.7073421052631579
M8476,0.00055,1e-05,0.5,-0.5,0.03,0.081517,0.1951,nSEG,1,LIDAR,-0.062517,0.0049000000000000155,3.290368421052632,0.024500000000000077,1.657434210526316
M8477,0.00055,1e-05,0.5,-0.5,0.035,0.081258,0.2136,nSEG,1,LIDAR,-0.062257999999999994,-0.013600000000000001,3.276736842105263,0.068,1.6723684210526315
M8478,0.00055,1e-05,0.5,-0.5,0.04,0.081014,0.231,nSEG,1,LIDAR,-0.062014,-0.031,3.263894736842105,0.155,1.7094473684210525
M8479,0.00055,1e-05,0.5,-0.5,0.05,0.080561,0.2632,nSEG,1,LIDAR,-0.06156099999999999,-0.06319999999999998,3.240052631578947,0.3159999999999999,1.7780263157894733
M8480,0.00055,1e-05,0.5,-0.5,0.08,0.079368,0.3459,nSEG,1,LIDAR,-0.06036799999999999,-0.14589999999999997,3.1772631578947363,0.7294999999999998,1.953381578947368
M8481,0.00055,1e-05,0.5,-0.25,0.03,0.081545,0.1728,nSEG,1,LIDAR,-0.062545,0.027200000000000002,3.291842105263158,0.136,1.7139210526315791
M8482,0.00055,1e-05,0.5,-0.25,0.035,0.081289,0.1892,nSEG,1,LIDAR,-0.062289,0.010800000000000004,3.2783684210526314,0.05400000000000002,1.6661842105263156
M8483,0.00055,1e-05,0.5,-0.25,0.04,0.081048,0.2046,nSEG,1,LIDAR,-0.06204799999999999,-0.004599999999999993,3.2656842105263153,0.022999999999999965,1.6443421052631577
M8484,0.00055,1e-05,0.5,-0.25,0.05,0.0806,0.2331,nSEG,1,LIDAR,-0.0616,-0.03309999999999999,3.242105263157895,0.16549999999999995,1.7038026315789474
M8485,0.00055,1e-05,0.5,-0.25,0.08,0.079425,0.3064,nSEG,1,LIDAR,-0.06042499999999999,-0.1064,3.1802631578947365,0.5319999999999999,1.8561315789473682
M8486,0.00055,1e-05,0.5,0.0,0.03,0.081563,0.1585,nSEG,1,LIDAR,-0.062563,0.04150000000000001,3.2927894736842105,0.20750000000000005,1.7501447368421053
M8487,0.00055,1e-05,0.5,0.0,0.035,0.081309,0.1736,nSEG,1,LIDAR,-0.062309,0.026400000000000007,3.2794210526315792,0.13200000000000003,1.7057105263157897
M8488,0.00055,1e-05,0.5,0.0,0.04,0.081069,0.1877,nSEG,1,LIDAR,-0.062069,0.012300000000000005,3.2667894736842107,0.06150000000000003,1.6641447368421054
M8489,0.00055,1e-05,0.5,0.0,0.05,0.080625,0.2139,nSEG,1,LIDAR,-0.061625,-0.013899999999999996,3.243421052631579,0.06949999999999998,1.6564605263157897
M8490,0.00055,1e-05,0.5,0.0,0.08,0.079459,0.2811,nSEG,1,LIDAR,-0.060459,-0.0811,3.1820526315789475,0.4055,1.7937763157894737
M8491,0.00055,1e-05,0.5,0.25,0.03,0.081575,0.1483,nSEG,1,LIDAR,-0.06257499999999999,0.051700000000000024,3.2934210526315786,0.2585000000000001,1.7759605263157894
M8492,0.00055,1e-05,0.5,0.25,0.035,0.081323,0.1623,nSEG,1,LIDAR,-0.062323,0.03770000000000001,3.2801578947368424,0.18850000000000006,1.7343289473684211
M8493,0.00055,1e-05,0.5,0.25,0.04,0.081085,0.1756,nSEG,1,LIDAR,-0.062085,0.024400000000000005,3.2676315789473684,0.12200000000000003,1.6948157894736842
M8494,0.00055,1e-05,0.5,0.25,0.05,0.080643,0.2001,nSEG,1,LIDAR,-0.061643,-9.999999999998899e-05,3.244368421052632,0.0004999999999999449,1.622434210526316
M8495,0.00055,1e-05,0.5,0.25,0.08,0.079483,0.263,nSEG,1,LIDAR,-0.060482999999999995,-0.063,3.183315789473684,0.315,1.749157894736842
M8496,0.00055,1e-05,0.5,0.5,0.03,0.081585,0.1404,nSEG,1,LIDAR,-0.062585,0.059600000000000014,3.293947368421053,0.29800000000000004,1.7959736842105265
M8497,0.00055,1e-05,0.5,0.5,0.035,0.081334,0.1537,nSEG,1,LIDAR,-0.062334,0.04630000000000001,3.2807368421052634,0.23150000000000004,1.7561184210526317
M8498,0.00055,1e-05,0.5,0.5,0.04,0.081097,0.1662,nSEG,1,LIDAR,-0.062097,0.033800000000000024,3.268263157894737,0.16900000000000012,1.7186315789473685
M8499,0.00055,1e-05,0.5,0.5,0.05,0.080656,0.1894,nSEG,1,LIDAR,-0.061656,0.010599999999999998,3.2450526315789476,0.05299999999999999,1.6490263157894738
M8500,0.00055,1e-05,0.5,0.5,0.08,0.079501,0.249,nSEG,1,LIDAR,-0.060501,-0.04899999999999999,3.184263157894737,0.24499999999999994,1.7146315789473685
M8501,0.00055,5.5e-05,-0.5,-0.5,0.03,0.10172,0.2228,nSEG,1,LIDAR,-0.08272,-0.022799999999999987,4.353684210526316,0.11399999999999993,2.233842105263158
M8502,0.00055,5.5e-05,-0.5,-0.5,0.035,0.10134,0.2438,nSEG,1,LIDAR,-0.08234,-0.04379999999999998,4.333684210526315,0.2189999999999999,2.276342105263158
M8503,0.00055,5.5e-05,-0.5,-0.5,0.04,0.10105,0.2637,nSEG,1,LIDAR,-0.08205,-0.06369999999999998,4.318421052631579,0.3184999999999999,2.3184605263157896
M8504,0.00055,5.5e-05,-0.5,-0.5,0.05,0.10047,0.3005,nSEG,1,LIDAR,-0.08147,-0.10049999999999998,4.287894736842105,0.5024999999999998,2.3951973684210524
M8505,0.00055,5.5e-05,-0.5,-0.5,0.08,0.098922,0.3947,nSEG,1,LIDAR,-0.07992199999999999,-0.19469999999999998,4.206421052631579,0.9734999999999999,2.589960526315789
M8506,0.00055,5.5e-05,-0.5,-0.25,0.03,0.10175,0.1973,nSEG,1,LIDAR,-0.08274999999999999,0.002700000000000008,4.355263157894736,0.01350000000000004,2.184381578947368
M8507,0.00055,5.5e-05,-0.5,-0.25,0.035,0.10146,0.2161,nSEG,1,LIDAR,-0.08245999999999999,-0.016099999999999975,4.34,0.08049999999999988,2.21025
M8508,0.00055,5.5e-05,-0.5,-0.25,0.04,0.1011,0.2336,nSEG,1,LIDAR,-0.08209999999999999,-0.03359999999999999,4.321052631578947,0.16799999999999995,2.2445263157894737
M8509,0.00055,5.5e-05,-0.5,-0.25,0.05,0.10055,0.2662,nSEG,1,LIDAR,-0.08155,-0.06619999999999998,4.292105263157895,0.3309999999999999,2.311552631578947
M8510,0.00055,5.5e-05,-0.5,-0.25,0.08,0.099087,0.3498,nSEG,1,LIDAR,-0.08008699999999999,-0.1498,4.215105263157894,0.7489999999999999,2.482052631578947
M8511,0.00055,5.5e-05,-0.5,0.0,0.03,0.10176,0.181,nSEG,1,LIDAR,-0.08276,0.019000000000000017,4.355789473684211,0.09500000000000008,2.225394736842105
M8512,0.00055,5.5e-05,-0.5,0.0,0.035,0.10148,0.1982,nSEG,1,LIDAR,-0.08248,0.0018000000000000238,4.341052631578948,0.009000000000000119,2.175026315789474
M8513,0.00055,5.5e-05,-0.5,0.0,0.04,0.10121,0.2144,nSEG,1,LIDAR,-0.08220999999999999,-0.014399999999999996,4.326842105263157,0.07199999999999998,2.1994210526315787
M8514,0.00055,5.5e-05,-0.5,0.0,0.05,0.10061,0.2443,nSEG,1,LIDAR,-0.08161,-0.04429999999999998,4.295263157894737,0.2214999999999999,2.2583815789473682
M8515,0.00055,5.5e-05,-0.5,0.0,0.08,0.099126,0.321,nSEG,1,LIDAR,-0.080126,-0.121,4.217157894736842,0.605,2.411078947368421
M8516,0.00055,5.5e-05,-0.5,0.25,0.03,0.10176,0.1693,nSEG,1,LIDAR,-0.08276,0.030700000000000005,4.355789473684211,0.15350000000000003,2.2546447368421054
M8517,0.00055,5.5e-05,-0.5,0.25,0.035,0.10149,0.1854,nSEG,1,LIDAR,-0.08249,0.014600000000000002,4.341578947368421,0.07300000000000001,2.207289473684211
M8518,0.00055,5.5e-05,-0.5,0.25,0.04,0.10122,0.2005,nSEG,1,LIDAR,-0.08222,-0.0005000000000000004,4.327368421052632,0.0025000000000000022,2.164934210526316
M8519,0.00055,5.5e-05,-0.5,0.25,0.05,0.10063,0.2285,nSEG,1,LIDAR,-0.08163,-0.028499999999999998,4.296315789473684,0.1425,2.219407894736842
M8520,0.00055,5.5e-05,-0.5,0.25,0.08,0.099236,0.3004,nSEG,1,LIDAR,-0.080236,-0.10039999999999999,4.222947368421053,0.5019999999999999,2.3624736842105265
M8521,0.00055,5.5e-05,-0.5,0.5,0.03,0.10177,0.1603,nSEG,1,LIDAR,-0.08277,0.03970000000000001,4.356315789473684,0.19850000000000007,2.277407894736842
M8522,0.00055,5.5e-05,-0.5,0.5,0.035,0.10149,0.1755,nSEG,1,LIDAR,-0.08249,0.024500000000000022,4.341578947368421,0.12250000000000011,2.232039473684211
M8523,0.00055,5.5e-05,-0.5,0.5,0.04,0.10123,0.1899,nSEG,1,LIDAR,-0.08223,0.010099999999999998,4.327894736842105,0.05049999999999999,2.189197368421053
M8524,0.00055,5.5e-05,-0.5,0.5,0.05,0.10075,0.2165,nSEG,1,LIDAR,-0.08175,-0.016499999999999987,4.302631578947369,0.08249999999999993,2.1925657894736843
M8525,0.00055,5.5e-05,-0.5,0.5,0.08,0.099274,0.2845,nSEG,1,LIDAR,-0.080274,-0.08449999999999996,4.224947368421053,0.4224999999999998,2.323723684210526
M8526,0.00055,5.5e-05,-0.25,-0.5,0.03,0.10204,0.2232,nSEG,1,LIDAR,-0.08304,-0.0232,4.370526315789474,0.11599999999999999,2.2432631578947366
M8527,0.00055,5.5e-05,-0.25,-0.5,0.035,0.10169,0.2443,nSEG,1,LIDAR,-0.08269,-0.04429999999999998,4.3521052631578945,0.2214999999999999,2.286802631578947
M8528,0.00055,5.5e-05,-0.25,-0.5,0.04,0.10143,0.2643,nSEG,1,LIDAR,-0.08243,-0.06429999999999997,4.338421052631579,0.32149999999999984,2.3299605263157894
M8529,0.00055,5.5e-05,-0.25,-0.5,0.05,0.1009,0.3013,nSEG,1,LIDAR,-0.0819,-0.1013,4.310526315789474,0.5065,2.408513157894737
M8530,0.00055,5.5e-05,-0.25,-0.5,0.08,0.099493,0.3961,nSEG,1,LIDAR,-0.080493,-0.1961,4.236473684210526,0.9804999999999999,2.608486842105263
M8531,0.00055,5.5e-05,-0.25,-0.25,0.03,0.10206,0.1977,nSEG,1,LIDAR,-0.08306,0.0023000000000000242,4.371578947368421,0.011500000000000121,2.19153947368421
M8532,0.00055,5.5e-05,-0.25,-0.25,0.035,0.10181,0.2165,nSEG,1,LIDAR,-0.08281,-0.016499999999999987,4.358421052631579,0.08249999999999993,2.2204605263157893
M8533,0.00055,5.5e-05,-0.25,-0.25,0.04,0.10157,0.2342,nSEG,1,LIDAR,-0.08256999999999999,-0.03419999999999998,4.34578947368421,0.1709999999999999,2.258394736842105
M8534,0.00055,5.5e-05,-0.25,-0.25,0.05,0.101,0.2669,nSEG,1,LIDAR,-0.082,-0.06690000000000002,4.315789473684211,0.3345000000000001,2.3251447368421054
M8535,0.00055,5.5e-05,-0.25,-0.25,0.08,0.099656,0.351,nSEG,1,LIDAR,-0.08065599999999999,-0.15099999999999997,4.245052631578947,0.7549999999999998,2.5000263157894733
M8536,0.00055,5.5e-05,-0.25,0.0,0.03,0.10207,0.1813,nSEG,1,LIDAR,-0.08306999999999999,0.018700000000000022,4.372105263157894,0.09350000000000011,2.232802631578947
M8537,0.00055,5.5e-05,-0.25,0.0,0.035,0.10183,0.1986,nSEG,1,LIDAR,-0.08283,0.0014000000000000123,4.359473684210527,0.007000000000000062,2.1832368421052633
M8538,0.00055,5.5e-05,-0.25,0.0,0.04,0.10158,0.2149,nSEG,1,LIDAR,-0.08258,-0.014899999999999997,4.346315789473684,0.07449999999999998,2.210407894736842
M8539,0.00055,5.5e-05,-0.25,0.0,0.05,0.10104,0.2449,nSEG,1,LIDAR,-0.08204,-0.044899999999999995,4.3178947368421055,0.22449999999999998,2.2711973684210527
M8540,0.00055,5.5e-05,-0.25,0.0,0.08,0.099698,0.3221,nSEG,1,LIDAR,-0.08069799999999999,-0.12209999999999999,4.247263157894737,0.6104999999999999,2.4288815789473683
M8541,0.00055,5.5e-05,-0.25,0.25,0.03,0.10209,0.1696,nSEG,1,LIDAR,-0.08309,0.03040000000000001,4.373157894736842,0.15200000000000005,2.262578947368421
M8542,0.00055,5.5e-05,-0.25,0.25,0.035,0.10183,0.1858,nSEG,1,LIDAR,-0.08283,0.014200000000000018,4.359473684210527,0.07100000000000009,2.2152368421052633
M8543,0.00055,5.5e-05,-0.25,0.25,0.04,0.1016,0.201,nSEG,1,LIDAR,-0.08259999999999999,-0.0010000000000000009,4.347368421052631,0.0050000000000000044,2.1761842105263156
M8544,0.00055,5.5e-05,-0.25,0.25,0.05,0.10116,0.2292,nSEG,1,LIDAR,-0.08216,-0.029199999999999976,4.324210526315789,0.14599999999999988,2.2351052631578945
M8545,0.00055,5.5e-05,-0.25,0.25,0.08,0.099804,0.3014,nSEG,1,LIDAR,-0.080804,-0.10139999999999999,4.252842105263158,0.5069999999999999,2.379921052631579
M8546,0.00055,5.5e-05,-0.25,0.5,0.03,0.10209,0.1606,nSEG,1,LIDAR,-0.08309,0.03940000000000002,4.373157894736842,0.1970000000000001,2.285078947368421
M8547,0.00055,5.5e-05,-0.25,0.5,0.035,0.10184,0.1759,nSEG,1,LIDAR,-0.08284,0.02410000000000001,4.36,0.12050000000000005,2.24025
M8548,0.00055,5.5e-05,-0.25,0.5,0.04,0.10161,0.1903,nSEG,1,LIDAR,-0.08261,0.009700000000000014,4.347894736842106,0.04850000000000007,2.1981973684210527
M8549,0.00055,5.5e-05,-0.25,0.5,0.05,0.10117,0.217,nSEG,1,LIDAR,-0.08216999999999999,-0.016999999999999987,4.3247368421052625,0.08499999999999994,2.2048684210526313
M8550,0.00055,5.5e-05,-0.25,0.5,0.08,0.099841,0.2854,nSEG,1,LIDAR,-0.080841,-0.08539999999999998,4.254789473684211,0.4269999999999999,2.340894736842105
M8551,0.00055,5.5e-05,0.0,-0.5,0.03,0.10224,0.2235,nSEG,1,LIDAR,-0.08324,-0.023499999999999993,4.381052631578947,0.11749999999999997,2.2492763157894733
M8552,0.00055,5.5e-05,0.0,-0.5,0.035,0.102,0.2448,nSEG,1,LIDAR,-0.08299999999999999,-0.04479999999999998,4.368421052631579,0.2239999999999999,2.2962105263157895
M8553,0.00055,5.5e-05,0.0,-0.5,0.04,0.10167,0.2647,nSEG,1,LIDAR,-0.08267,-0.06469999999999998,4.3510526315789475,0.3234999999999999,2.337276315789474
M8554,0.00055,5.5e-05,0.0,-0.5,0.05,0.10118,0.3018,nSEG,1,LIDAR,-0.08218,-0.1018,4.325263157894737,0.509,2.4171315789473686
M8555,0.00055,5.5e-05,0.0,-0.5,0.08,0.099861,0.3969,nSEG,1,LIDAR,-0.080861,-0.19689999999999996,4.2558421052631585,0.9844999999999998,2.620171052631579
M8556,0.00055,5.5e-05,0.0,-0.25,0.03,0.10227,0.1979,nSEG,1,LIDAR,-0.08327,0.0021000000000000185,4.382631578947368,0.010500000000000093,2.1965657894736843
M8557,0.00055,5.5e-05,0.0,-0.25,0.035,0.10203,0.2168,nSEG,1,LIDAR,-0.08302999999999999,-0.01679999999999998,4.37,0.08399999999999991,2.227
M8558,0.00055,5.5e-05,0.0,-0.25,0.04,0.10181,0.2346,nSEG,1,LIDAR,-0.08281,-0.03459999999999999,4.358421052631579,0.17299999999999996,2.2657105263157895
M8559,0.00055,5.5e-05,0.0,-0.25,0.05,0.10128,0.2673,nSEG,1,LIDAR,-0.08227999999999999,-0.06729999999999997,4.330526315789474,0.33649999999999985,2.333513157894737
M8560,0.00055,5.5e-05,0.0,-0.25,0.08,0.099981,0.3517,nSEG,1,LIDAR,-0.080981,-0.1517,4.262157894736842,0.7585,2.510328947368421
M8561,0.00055,5.5e-05,0.0,0.0,0.03,0.10228,0.1816,nSEG,1,LIDAR,-0.08327999999999999,0.0184,4.383157894736842,0.092,2.2375789473684207
M8562,0.00055,5.5e-05,0.0,0.0,0.035,0.10205,0.1989,nSEG,1,LIDAR,-0.08305,0.0011000000000000176,4.371052631578947,0.005500000000000088,2.188276315789474
M8563,0.00055,5.5e-05,0.0,0.0,0.04,0.10182,0.2152,nSEG,1,LIDAR,-0.08281999999999999,-0.015199999999999991,4.3589473684210525,0.07599999999999996,2.217473684210526
M8564,0.00055,5.5e-05,0.0,0.0,0.05,0.10132,0.2453,nSEG,1,LIDAR,-0.08231999999999999,-0.04529999999999998,4.332631578947368,0.2264999999999999,2.279565789473684
M8565,0.00055,5.5e-05,0.0,0.0,0.08,0.10012,0.3229,nSEG,1,LIDAR,-0.08112,-0.12290000000000001,4.269473684210526,0.6145,2.441986842105263
M8566,0.00055,5.5e-05,0.0,0.25,0.03,0.10229,0.1698,nSEG,1,LIDAR,-0.08329,0.030200000000000005,4.383684210526316,0.15100000000000002,2.267342105263158
M8567,0.00055,5.5e-05,0.0,0.25,0.035,0.10206,0.186,nSEG,1,LIDAR,-0.08306,0.014000000000000012,4.371578947368421,0.07000000000000006,2.2207894736842104
M8568,0.00055,5.5e-05,0.0,0.25,0.04,0.10184,0.2013,nSEG,1,LIDAR,-0.08284,-0.0012999999999999956,4.36,0.006499999999999978,2.18325
M8569,0.00055,5.5e-05,0.0,0.25,0.05,0.10143,0.2296,nSEG,1,LIDAR,-0.08243,-0.029599999999999987,4.338421052631579,0.14799999999999994,2.2432105263157895
M8570,0.00055,5.5e-05,0.0,0.25,0.08,0.10017,0.3021,nSEG,1,LIDAR,-0.08116999999999999,-0.10209999999999997,4.272105263157894,0.5104999999999998,2.391302631578947
M8571,0.00055,5.5e-05,0.0,0.5,0.03,0.1023,0.1608,nSEG,1,LIDAR,-0.0833,0.03920000000000001,4.38421052631579,0.19600000000000006,2.2901052631578946
M8572,0.00055,5.5e-05,0.0,0.5,0.035,0.10206,0.1761,nSEG,1,LIDAR,-0.08306,0.023900000000000005,4.371578947368421,0.11950000000000002,2.2455394736842105
M8573,0.00055,5.5e-05,0.0,0.5,0.04,0.10185,0.1906,nSEG,1,LIDAR,-0.08285,0.00940000000000002,4.360526315789474,0.0470000000000001,2.2037631578947368
M8574,0.00055,5.5e-05,0.0,0.5,0.05,0.10144,0.2174,nSEG,1,LIDAR,-0.08244,-0.0174,4.338947368421053,0.087,2.2129736842105263
M8575,0.00055,5.5e-05,0.0,0.5,0.08,0.10021,0.2861,nSEG,1,LIDAR,-0.08120999999999999,-0.08610000000000001,4.274210526315789,0.43050000000000005,2.352355263157895
M8576,0.00055,5.5e-05,0.25,-0.5,0.03,0.10239,0.2237,nSEG,1,LIDAR,-0.08338999999999999,-0.0237,4.388947368421053,0.1185,2.2537236842105264
M8577,0.00055,5.5e-05,0.25,-0.5,0.035,0.10216,0.245,nSEG,1,LIDAR,-0.08316,-0.044999999999999984,4.376842105263158,0.22499999999999992,2.300921052631579
M8578,0.00055,5.5e-05,0.25,-0.5,0.04,0.10185,0.265,nSEG,1,LIDAR,-0.08285,-0.065,4.360526315789474,0.325,2.342763157894737
M8579,0.00055,5.5e-05,0.25,-0.5,0.05,0.10138,0.3021,nSEG,1,LIDAR,-0.08238,-0.10209999999999997,4.33578947368421,0.5104999999999998,2.423144736842105
M8580,0.00055,5.5e-05,0.25,-0.5,0.08,0.10013,0.3976,nSEG,1,LIDAR,-0.08113,-0.1976,4.27,0.988,2.6289999999999996
M8581,0.00055,5.5e-05,0.25,-0.25,0.03,0.10241,0.1981,nSEG,1,LIDAR,-0.08341,0.0019000000000000128,4.39,0.009500000000000064,2.19975
M8582,0.00055,5.5e-05,0.25,-0.25,0.035,0.10219,0.217,nSEG,1,LIDAR,-0.08319,-0.016999999999999987,4.378421052631579,0.08499999999999994,2.2317105263157897
M8583,0.00055,5.5e-05,0.25,-0.25,0.04,0.10198,0.2348,nSEG,1,LIDAR,-0.08298,-0.0348,4.367368421052632,0.174,2.270684210526316
M8584,0.00055,5.5e-05,0.25,-0.25,0.05,0.10148,0.2677,nSEG,1,LIDAR,-0.08248,-0.06769999999999998,4.341052631578948,0.3384999999999999,2.3397763157894738
M8585,0.00055,5.5e-05,0.25,-0.25,0.08,0.10025,0.3523,nSEG,1,LIDAR,-0.08125,-0.1523,4.276315789473684,0.7615,2.518907894736842
M8586,0.00055,5.5e-05,0.25,0.0,0.03,0.10243,0.1817,nSEG,1,LIDAR,-0.08342999999999999,0.01830000000000001,4.391052631578947,0.09150000000000005,2.2412763157894733
M8587,0.00055,5.5e-05,0.25,0.0,0.035,0.10221,0.1991,nSEG,1,LIDAR,-0.08320999999999999,0.0009000000000000119,4.379473684210526,0.0045000000000000595,2.1919868421052633
M8588,0.00055,5.5e-05,0.25,0.0,0.04,0.102,0.2154,nSEG,1,LIDAR,-0.08299999999999999,-0.015399999999999997,4.368421052631579,0.07699999999999999,2.2227105263157894
M8589,0.00055,5.5e-05,0.25,0.0,0.05,0.10152,0.2456,nSEG,1,LIDAR,-0.08252,-0.0456,4.343157894736842,0.228,2.2855789473684207
M8590,0.00055,5.5e-05,0.25,0.0,0.08,0.10038,0.3234,nSEG,1,LIDAR,-0.08138,-0.12340000000000001,4.283157894736842,0.617,2.450078947368421
M8591,0.00055,5.5e-05,0.25,0.25,0.03,0.10244,0.17,nSEG,1,LIDAR,-0.08344,0.03,4.391578947368421,0.15,2.2707894736842107
M8592,0.00055,5.5e-05,0.25,0.25,0.035,0.10222,0.1862,nSEG,1,LIDAR,-0.08322,0.013800000000000007,4.38,0.06900000000000003,2.2245
M8593,0.00055,5.5e-05,0.25,0.25,0.04,0.10201,0.2015,nSEG,1,LIDAR,-0.08301,-0.0015000000000000013,4.368947368421053,0.007500000000000007,2.1882236842105267
M8594,0.00055,5.5e-05,0.25,0.25,0.05,0.10163,0.2298,nSEG,1,LIDAR,-0.08263,-0.029799999999999993,4.348947368421053,0.14899999999999997,2.2489736842105263
M8595,0.00055,5.5e-05,0.25,0.25,0.08,0.10043,0.3026,nSEG,1,LIDAR,-0.08143,-0.10259999999999997,4.28578947368421,0.5129999999999998,2.399394736842105
M8596,0.00055,5.5e-05,0.25,0.5,0.03,0.10244,0.1609,nSEG,1,LIDAR,-0.08344,0.039100000000000024,4.391578947368421,0.19550000000000012,2.2935394736842105
M8597,0.00055,5.5e-05,0.25,0.5,0.035,0.10223,0.1763,nSEG,1,LIDAR,-0.08323,0.0237,4.380526315789473,0.1185,2.2495131578947367
M8598,0.00055,5.5e-05,0.25,0.5,0.04,0.10202,0.1908,nSEG,1,LIDAR,-0.08302,0.009200000000000014,4.369473684210527,0.04600000000000007,2.2077368421052634
M8599,0.00055,5.5e-05,0.25,0.5,0.05,0.10164,0.2176,nSEG,1,LIDAR,-0.08263999999999999,-0.017599999999999977,4.349473684210526,0.08799999999999988,2.218736842105263
M8600,0.00055,5.5e-05,0.25,0.5,0.08,0.10047,0.2865,nSEG,1,LIDAR,-0.08147,-0.08649999999999997,4.287894736842105,0.43249999999999983,2.3601973684210527
M8601,0.00055,5.5e-05,0.5,-0.5,0.03,0.1025,0.2238,nSEG,1,LIDAR,-0.08349999999999999,-0.023799999999999988,4.394736842105263,0.11899999999999994,2.2568684210526313
M8602,0.00055,5.5e-05,0.5,-0.5,0.035,0.10228,0.2452,nSEG,1,LIDAR,-0.08327999999999999,-0.04519999999999999,4.383157894736842,0.22599999999999995,2.304578947368421
M8603,0.00055,5.5e-05,0.5,-0.5,0.04,0.10199,0.2652,nSEG,1,LIDAR,-0.08299,-0.06519999999999998,4.367894736842105,0.3259999999999999,2.3469473684210524
M8604,0.00055,5.5e-05,0.5,-0.5,0.05,0.10155,0.3024,nSEG,1,LIDAR,-0.08255,-0.10239999999999999,4.344736842105263,0.5119999999999999,2.4283684210526313
M8605,0.00055,5.5e-05,0.5,-0.5,0.08,0.10033,0.3981,nSEG,1,LIDAR,-0.08133,-0.1981,4.280526315789474,0.9904999999999999,2.635513157894737
M8606,0.00055,5.5e-05,0.5,-0.25,0.03,0.10253,0.1982,nSEG,1,LIDAR,-0.08353,0.0018000000000000238,4.396315789473684,0.009000000000000119,2.2026578947368423
M8607,0.00055,5.5e-05,0.5,-0.25,0.035,0.10232,0.2172,nSEG,1,LIDAR,-0.08331999999999999,-0.017199999999999993,4.3852631578947365,0.08599999999999997,2.2356315789473684
M8608,0.00055,5.5e-05,0.5,-0.25,0.04,0.10211,0.235,nSEG,1,LIDAR,-0.08311,-0.034999999999999976,4.37421052631579,0.17499999999999988,2.274605263157895
M8609,0.00055,5.5e-05,0.5,-0.25,0.05,0.10163,0.2679,nSEG,1,LIDAR,-0.08263,-0.06790000000000002,4.348947368421053,0.3395000000000001,2.3442236842105264
M8610,0.00055,5.5e-05,0.5,-0.25,0.08,0.10045,0.3527,nSEG,1,LIDAR,-0.08145,-0.1527,4.286842105263157,0.7635,2.5251710526315785
M8611,0.00055,5.5e-05,0.5,0.0,0.03,0.10254,0.1818,nSEG,1,LIDAR,-0.08354,0.01820000000000002,4.3968421052631586,0.09100000000000011,2.2439210526315794
M8612,0.00055,5.5e-05,0.5,0.0,0.035,0.10233,0.1992,nSEG,1,LIDAR,-0.08333,0.0008000000000000229,4.385789473684211,0.004000000000000115,2.1948947368421057
M8613,0.00055,5.5e-05,0.5,0.0,0.04,0.10213,0.2156,nSEG,1,LIDAR,-0.08313,-0.015600000000000003,4.375263157894737,0.07800000000000001,2.2266315789473685
M8614,0.00055,5.5e-05,0.5,0.0,0.05,0.10167,0.2458,nSEG,1,LIDAR,-0.08267,-0.04579999999999998,4.3510526315789475,0.2289999999999999,2.290026315789474
M8615,0.00055,5.5e-05,0.5,0.0,0.08,0.10059,0.3238,nSEG,1,LIDAR,-0.08159,-0.12379999999999997,4.29421052631579,0.6189999999999998,2.4566052631578947
M8616,0.00055,5.5e-05,0.5,0.25,0.03,0.10255,0.1701,nSEG,1,LIDAR,-0.08355,0.02990000000000001,4.397368421052632,0.14950000000000005,2.273434210526316
M8617,0.00055,5.5e-05,0.5,0.25,0.035,0.10234,0.1863,nSEG,1,LIDAR,-0.08334,0.013700000000000018,4.386315789473684,0.06850000000000009,2.2274078947368423
M8618,0.00055,5.5e-05,0.5,0.25,0.04,0.10215,0.2016,nSEG,1,LIDAR,-0.08315,-0.0015999999999999903,4.376315789473685,0.007999999999999952,2.1921578947368423
M8619,0.00055,5.5e-05,0.5,0.25,0.05,0.10178,0.23,nSEG,1,LIDAR,-0.08277999999999999,-0.03,4.356842105263158,0.15,2.253421052631579
M8620,0.00055,5.5e-05,0.5,0.25,0.08,0.10064,0.3029,nSEG,1,LIDAR,-0.08163999999999999,-0.10289999999999999,4.296842105263157,0.5145,2.4056710526315785
M8621,0.00055,5.5e-05,0.5,0.5,0.03,0.10256,0.161,nSEG,1,LIDAR,-0.08356,0.03900000000000001,4.3978947368421055,0.19500000000000003,2.296447368421053
M8622,0.00055,5.5e-05,0.5,0.5,0.035,0.10235,0.1764,nSEG,1,LIDAR,-0.08335,0.02360000000000001,4.386842105263158,0.11800000000000005,2.252421052631579
M8623,0.00055,5.5e-05,0.5,0.5,0.04,0.10215,0.1909,nSEG,1,LIDAR,-0.08315,0.009100000000000025,4.376315789473685,0.045500000000000124,2.2109078947368426
M8624,0.00055,5.5e-05,0.5,0.5,0.05,0.10179,0.2178,nSEG,1,LIDAR,-0.08279,-0.017799999999999983,4.357368421052632,0.08899999999999991,2.2231842105263158
M8625,0.00055,5.5e-05,0.5,0.5,0.08,0.10069,0.2869,nSEG,1,LIDAR,-0.08169,-0.08689999999999998,4.299473684210526,0.4344999999999999,2.366986842105263
M8626,0.00055,0.0001,-0.5,-0.5,0.03,0.11834,0.244,nSEG,1,LIDAR,-0.09934,-0.043999999999999984,5.228421052631579,0.21999999999999992,2.7242105263157894
M8627,0.00055,0.0001,-0.5,-0.5,0.035,0.11818,0.2674,nSEG,1,LIDAR,-0.09917999999999999,-0.06740000000000002,5.22,0.3370000000000001,2.7784999999999997
M8628,0.00055,0.0001,-0.5,-0.5,0.04,0.11794,0.2893,nSEG,1,LIDAR,-0.09894,-0.08929999999999999,5.207368421052632,0.44649999999999995,2.826934210526316
M8629,0.00055,0.0001,-0.5,-0.5,0.05,0.11754,0.3301,nSEG,1,LIDAR,-0.09854,-0.1301,5.186315789473684,0.6505,2.918407894736842
M8630,0.00055,0.0001,-0.5,-0.5,0.08,0.11612,0.4345,nSEG,1,LIDAR,-0.09712,-0.2345,5.111578947368421,1.1724999999999999,3.1420394736842105
M8631,0.00055,0.0001,-0.5,-0.25,0.03,0.11828,0.2159,nSEG,1,LIDAR,-0.09928,-0.015899999999999997,5.225263157894736,0.07949999999999999,2.6523815789473684
M8632,0.00055,0.0001,-0.5,-0.25,0.035,0.11809,0.2366,nSEG,1,LIDAR,-0.09909,-0.036599999999999994,5.215263157894737,0.18299999999999997,2.699131578947368
M8633,0.00055,0.0001,-0.5,-0.25,0.04,0.11793,0.2562,nSEG,1,LIDAR,-0.09892999999999999,-0.05619999999999997,5.206842105263157,0.28099999999999986,2.7439210526315785
M8634,0.00055,0.0001,-0.5,-0.25,0.05,0.11752,0.2923,nSEG,1,LIDAR,-0.09852,-0.0923,5.185263157894736,0.46149999999999997,2.823381578947368
M8635,0.00055,0.0001,-0.5,-0.25,0.08,0.11625,0.385,nSEG,1,LIDAR,-0.09725,-0.185,5.11842105263158,0.9249999999999999,3.0217105263157897
M8636,0.00055,0.0001,-0.5,0.0,0.03,0.11828,0.1981,nSEG,1,LIDAR,-0.09928,0.0019000000000000128,5.225263157894736,0.009500000000000064,2.6173815789473682
M8637,0.00055,0.0001,-0.5,0.0,0.035,0.11805,0.217,nSEG,1,LIDAR,-0.09905,-0.016999999999999987,5.213157894736842,0.08499999999999994,2.649078947368421
M8638,0.00055,0.0001,-0.5,0.0,0.04,0.11786,0.2349,nSEG,1,LIDAR,-0.09886,-0.03489999999999999,5.203157894736842,0.17449999999999993,2.688828947368421
M8639,0.00055,0.0001,-0.5,0.0,0.05,0.11754,0.2681,nSEG,1,LIDAR,-0.09854,-0.0681,5.186315789473684,0.34049999999999997,2.763407894736842
M8640,0.00055,0.0001,-0.5,0.0,0.08,0.11646,0.3536,nSEG,1,LIDAR,-0.09745999999999999,-0.15360000000000001,5.129473684210526,0.768,2.948736842105263
M8641,0.00055,0.0001,-0.5,0.25,0.03,0.11825,0.1852,nSEG,1,LIDAR,-0.09924999999999999,0.014800000000000008,5.223684210526315,0.07400000000000004,2.6488421052631574
M8642,0.00055,0.0001,-0.5,0.25,0.035,0.11801,0.2029,nSEG,1,LIDAR,-0.09901,-0.002899999999999986,5.211052631578948,0.01449999999999993,2.612776315789474
M8643,0.00055,0.0001,-0.5,0.25,0.04,0.11783,0.2197,nSEG,1,LIDAR,-0.09883,-0.019699999999999995,5.2015789473684215,0.09849999999999998,2.6500394736842106
M8644,0.00055,0.0001,-0.5,0.25,0.05,0.11751,0.2507,nSEG,1,LIDAR,-0.09851,-0.05069999999999997,5.184736842105263,0.25349999999999984,2.7191184210526314
M8645,0.00055,0.0001,-0.5,0.25,0.08,0.11647,0.3307,nSEG,1,LIDAR,-0.09747,-0.13069999999999998,5.13,0.6534999999999999,2.89175
M8646,0.00055,0.0001,-0.5,0.5,0.03,0.11838,0.1755,nSEG,1,LIDAR,-0.09938,0.024500000000000022,5.230526315789474,0.12250000000000011,2.676513157894737
M8647,0.00055,0.0001,-0.5,0.5,0.035,0.11804,0.1922,nSEG,1,LIDAR,-0.09904,0.007800000000000001,5.212631578947368,0.03900000000000001,2.625815789473684
M8648,0.00055,0.0001,-0.5,0.5,0.04,0.1178,0.2079,nSEG,1,LIDAR,-0.0988,-0.00789999999999999,5.2,0.03949999999999995,2.6197500000000002
M8649,0.00055,0.0001,-0.5,0.5,0.05,0.11749,0.2374,nSEG,1,LIDAR,-0.09849,-0.03739999999999999,5.183684210526316,0.18699999999999994,2.685342105263158
M8650,0.00055,0.0001,-0.5,0.5,0.08,0.11646,0.3131,nSEG,1,LIDAR,-0.09745999999999999,-0.11309999999999998,5.129473684210526,0.5654999999999999,2.8474868421052633
M8651,0.00055,0.0001,-0.25,-0.5,0.03,0.11863,0.2443,nSEG,1,LIDAR,-0.09963,-0.04429999999999998,5.2436842105263155,0.2214999999999999,2.7325921052631577
M8652,0.00055,0.0001,-0.25,-0.5,0.035,0.11849,0.2678,nSEG,1,LIDAR,-0.09949,-0.06779999999999997,5.236315789473684,0.33899999999999986,2.787657894736842
M8653,0.00055,0.0001,-0.25,-0.5,0.04,0.11827,0.2898,nSEG,1,LIDAR,-0.09927,-0.08979999999999999,5.224736842105263,0.44899999999999995,2.8368684210526314
M8654,0.00055,0.0001,-0.25,-0.5,0.05,0.11792,0.3308,nSEG,1,LIDAR,-0.09892,-0.13079999999999997,5.206315789473684,0.6539999999999998,2.930157894736842
M8655,0.00055,0.0001,-0.25,-0.5,0.08,0.11662,0.4357,nSEG,1,LIDAR,-0.09762,-0.23569999999999997,5.137894736842106,1.1784999999999997,3.1581973684210527
M8656,0.00055,0.0001,-0.25,-0.25,0.03,0.11857,0.2163,nSEG,1,LIDAR,-0.09956999999999999,-0.01629999999999998,5.240526315789474,0.0814999999999999,2.661013157894737
M8657,0.00055,0.0001,-0.25,-0.25,0.035,0.1184,0.237,nSEG,1,LIDAR,-0.0994,-0.03699999999999998,5.231578947368421,0.1849999999999999,2.7082894736842102
M8658,0.00055,0.0001,-0.25,-0.25,0.04,0.11827,0.2566,nSEG,1,LIDAR,-0.09927,-0.056599999999999984,5.224736842105263,0.2829999999999999,2.7538684210526316
M8659,0.00055,0.0001,-0.25,-0.25,0.05,0.1179,0.2929,nSEG,1,LIDAR,-0.0989,-0.09289999999999998,5.205263157894737,0.4644999999999999,2.8348815789473685
M8660,0.00055,0.0001,-0.25,-0.25,0.08,0.11676,0.386,nSEG,1,LIDAR,-0.09776,-0.186,5.145263157894737,0.9299999999999999,3.0376315789473685
M8661,0.00055,0.0001,-0.25,0.0,0.03,0.11858,0.1984,nSEG,1,LIDAR,-0.09958,0.001600000000000018,5.241052631578947,0.00800000000000009,2.6245263157894736
M8662,0.00055,0.0001,-0.25,0.0,0.035,0.11836,0.2174,nSEG,1,LIDAR,-0.09936,-0.0174,5.229473684210527,0.087,2.6582368421052633
M8663,0.00055,0.0001,-0.25,0.0,0.04,0.1182,0.2353,nSEG,1,LIDAR,-0.0992,-0.0353,5.221052631578948,0.1765,2.6987763157894737
M8664,0.00055,0.0001,-0.25,0.0,0.05,0.11792,0.2687,nSEG,1,LIDAR,-0.09892,-0.06869999999999998,5.206315789473684,0.3434999999999999,2.7749078947368417
M8665,0.00055,0.0001,-0.25,0.0,0.08,0.11695,0.3545,nSEG,1,LIDAR,-0.09795,-0.15449999999999997,5.155263157894737,0.7724999999999999,2.9638815789473685
M8666,0.00055,0.0001,-0.25,0.25,0.03,0.11854,0.1855,nSEG,1,LIDAR,-0.09954,0.014500000000000013,5.238947368421053,0.07250000000000006,2.6557236842105265
M8667,0.00055,0.0001,-0.25,0.25,0.035,0.11832,0.2032,nSEG,1,LIDAR,-0.09931999999999999,-0.0031999999999999806,5.227368421052631,0.015999999999999903,2.6216842105263156
M8668,0.00055,0.0001,-0.25,0.25,0.04,0.11816,0.22,nSEG,1,LIDAR,-0.09916,-0.01999999999999999,5.218947368421053,0.09999999999999995,2.659473684210526
M8669,0.00055,0.0001,-0.25,0.25,0.05,0.11789,0.2512,nSEG,1,LIDAR,-0.09888999999999999,-0.05119999999999997,5.204736842105262,0.25599999999999984,2.7303684210526313
M8670,0.00055,0.0001,-0.25,0.25,0.08,0.11696,0.3315,nSEG,1,LIDAR,-0.09795999999999999,-0.1315,5.1557894736842105,0.6575,2.906644736842105
M8671,0.00055,0.0001,-0.25,0.5,0.03,0.11865,0.1757,nSEG,1,LIDAR,-0.09965,0.024300000000000016,5.244736842105263,0.12150000000000008,2.6831184210526318
M8672,0.00055,0.0001,-0.25,0.5,0.035,0.11835,0.1925,nSEG,1,LIDAR,-0.09935,0.007500000000000007,5.228947368421053,0.03750000000000003,2.633223684210526
M8673,0.00055,0.0001,-0.25,0.5,0.04,0.11813,0.2083,nSEG,1,LIDAR,-0.09913,-0.008300000000000002,5.217368421052631,0.04150000000000001,2.6294342105263158
M8674,0.00055,0.0001,-0.25,0.5,0.05,0.11783,0.2378,nSEG,1,LIDAR,-0.09883,-0.0378,5.2015789473684215,0.189,2.695289473684211
M8675,0.00055,0.0001,-0.25,0.5,0.08,0.11696,0.3139,nSEG,1,LIDAR,-0.09795999999999999,-0.1139,5.1557894736842105,0.5695,2.862644736842105
M8676,0.00055,0.0001,0.0,-0.5,0.03,0.11881,0.2445,nSEG,1,LIDAR,-0.09981,-0.044499999999999984,5.253157894736842,0.22249999999999992,2.737828947368421
M8677,0.00055,0.0001,0.0,-0.5,0.035,0.11869,0.2681,nSEG,1,LIDAR,-0.09969,-0.0681,5.246842105263158,0.34049999999999997,2.793671052631579
M8678,0.00055,0.0001,0.0,-0.5,0.04,0.11849,0.2901,nSEG,1,LIDAR,-0.09949,-0.09010000000000001,5.236315789473684,0.45050000000000007,2.843407894736842
M8679,0.00055,0.0001,0.0,-0.5,0.05,0.11816,0.3312,nSEG,1,LIDAR,-0.09916,-0.13119999999999998,5.218947368421053,0.6559999999999999,2.9374736842105262
M8680,0.00055,0.0001,0.0,-0.5,0.08,0.11695,0.4364,nSEG,1,LIDAR,-0.09795,-0.2364,5.155263157894737,1.182,3.1686315789473687
M8681,0.00055,0.0001,0.0,-0.25,0.03,0.11875,0.2165,nSEG,1,LIDAR,-0.09974999999999999,-0.016499999999999987,5.25,0.08249999999999993,2.66625
M8682,0.00055,0.0001,0.0,-0.25,0.035,0.1186,0.2373,nSEG,1,LIDAR,-0.0996,-0.0373,5.242105263157894,0.1865,2.714302631578947
M8683,0.00055,0.0001,0.0,-0.25,0.04,0.11848,0.2569,nSEG,1,LIDAR,-0.09948,-0.056900000000000006,5.2357894736842105,0.28450000000000003,2.7601447368421055
M8684,0.00055,0.0001,0.0,-0.25,0.05,0.11815,0.2932,nSEG,1,LIDAR,-0.09915,-0.0932,5.218421052631579,0.466,2.8422105263157897
M8685,0.00055,0.0001,0.0,-0.25,0.08,0.11709,0.3867,nSEG,1,LIDAR,-0.09809,-0.18669999999999998,5.1626315789473685,0.9334999999999999,3.048065789473684
M8686,0.00055,0.0001,0.0,0.0,0.03,0.11876,0.1986,nSEG,1,LIDAR,-0.09976,0.0014000000000000123,5.2505263157894735,0.007000000000000062,2.6287631578947366
M8687,0.00055,0.0001,0.0,0.0,0.035,0.11855,0.2176,nSEG,1,LIDAR,-0.09955,-0.017599999999999977,5.239473684210527,0.08799999999999988,2.6637368421052634
M8688,0.00055,0.0001,0.0,0.0,0.04,0.11841,0.2356,nSEG,1,LIDAR,-0.09941,-0.03559999999999999,5.232105263157894,0.17799999999999996,2.705052631578947
M8689,0.00055,0.0001,0.0,0.0,0.05,0.11816,0.269,nSEG,1,LIDAR,-0.09916,-0.069,5.218947368421053,0.34500000000000003,2.7819736842105263
M8690,0.00055,0.0001,0.0,0.0,0.08,0.11728,0.3551,nSEG,1,LIDAR,-0.09827999999999999,-0.15510000000000002,5.172631578947368,0.7755000000000001,2.974065789473684
M8691,0.00055,0.0001,0.0,0.25,0.03,0.11887,0.1858,nSEG,1,LIDAR,-0.09987,0.014200000000000018,5.2563157894736845,0.07100000000000009,2.663657894736842
M8692,0.00055,0.0001,0.0,0.25,0.035,0.11852,0.2035,nSEG,1,LIDAR,-0.09952,-0.0034999999999999754,5.237894736842105,0.017499999999999877,2.6276973684210527
M8693,0.00055,0.0001,0.0,0.25,0.04,0.11838,0.2203,nSEG,1,LIDAR,-0.09938,-0.020299999999999985,5.230526315789474,0.10149999999999992,2.666013157894737
M8694,0.00055,0.0001,0.0,0.25,0.05,0.11813,0.2515,nSEG,1,LIDAR,-0.09913,-0.05149999999999999,5.217368421052631,0.25749999999999995,2.737434210526316
M8695,0.00055,0.0001,0.0,0.25,0.08,0.11728,0.3321,nSEG,1,LIDAR,-0.09827999999999999,-0.1321,5.172631578947368,0.6605,2.916565789473684
M8696,0.00055,0.0001,0.0,0.5,0.03,0.11882,0.1759,nSEG,1,LIDAR,-0.09981999999999999,0.02410000000000001,5.253684210526315,0.12050000000000005,2.6870921052631576
M8697,0.00055,0.0001,0.0,0.5,0.035,0.11855,0.1927,nSEG,1,LIDAR,-0.09955,0.007300000000000001,5.239473684210527,0.036500000000000005,2.6379868421052635
M8698,0.00055,0.0001,0.0,0.5,0.04,0.11835,0.2085,nSEG,1,LIDAR,-0.09935,-0.00849999999999998,5.228947368421053,0.0424999999999999,2.635723684210526
M8699,0.00055,0.0001,0.0,0.5,0.05,0.11808,0.2381,nSEG,1,LIDAR,-0.09908,-0.038099999999999995,5.214736842105263,0.19049999999999997,2.7026184210526316
M8700,0.00055,0.0001,0.0,0.5,0.08,0.11728,0.3144,nSEG,1,LIDAR,-0.09827999999999999,-0.1144,5.172631578947368,0.572,2.872315789473684
M8701,0.00055,0.0001,0.25,-0.5,0.03,0.11894,0.2447,nSEG,1,LIDAR,-0.09994,-0.04469999999999999,5.26,0.22349999999999995,2.7417499999999997
M8702,0.00055,0.0001,0.25,-0.5,0.035,0.11883,0.2683,nSEG,1,LIDAR,-0.09983,-0.06829999999999997,5.25421052631579,0.34149999999999986,2.797855263157895
M8703,0.00055,0.0001,0.25,-0.5,0.04,0.11864,0.2904,nSEG,1,LIDAR,-0.09963999999999999,-0.09039999999999998,5.244210526315789,0.4519999999999999,2.8481052631578945
M8704,0.00055,0.0001,0.25,-0.5,0.05,0.11834,0.3315,nSEG,1,LIDAR,-0.09934,-0.1315,5.228421052631579,0.6575,2.9429605263157894
M8705,0.00055,0.0001,0.25,-0.5,0.08,0.11719,0.4369,nSEG,1,LIDAR,-0.09819,-0.2369,5.167894736842105,1.1844999999999999,3.1761973684210525
M8706,0.00055,0.0001,0.25,-0.25,0.03,0.11888,0.2166,nSEG,1,LIDAR,-0.09988,-0.016599999999999976,5.256842105263158,0.08299999999999988,2.669921052631579
M8707,0.00055,0.0001,0.25,-0.25,0.035,0.11874,0.2374,nSEG,1,LIDAR,-0.09974,-0.03739999999999999,5.2494736842105265,0.18699999999999994,2.7182368421052634
M8708,0.00055,0.0001,0.25,-0.25,0.04,0.11864,0.2571,nSEG,1,LIDAR,-0.09963999999999999,-0.057099999999999984,5.244210526315789,0.2854999999999999,2.7648552631578944
M8709,0.00055,0.0001,0.25,-0.25,0.05,0.11832,0.2935,nSEG,1,LIDAR,-0.09931999999999999,-0.09349999999999997,5.227368421052631,0.46749999999999986,2.8474342105263157
M8710,0.00055,0.0001,0.25,-0.25,0.08,0.11732,0.3871,nSEG,1,LIDAR,-0.09831999999999999,-0.1871,5.174736842105263,0.9354999999999999,3.0551184210526316
M8711,0.00055,0.0001,0.25,0.0,0.03,0.11889,0.1987,nSEG,1,LIDAR,-0.09988999999999999,0.0013000000000000234,5.2573684210526315,0.006500000000000117,2.6319342105263157
M8712,0.00055,0.0001,0.25,0.0,0.035,0.1187,0.2177,nSEG,1,LIDAR,-0.0997,-0.017699999999999994,5.247368421052632,0.08849999999999997,2.6679342105263157
M8713,0.00055,0.0001,0.25,0.0,0.04,0.11857,0.2358,nSEG,1,LIDAR,-0.09956999999999999,-0.0358,5.240526315789474,0.179,2.709763157894737
M8714,0.00055,0.0001,0.25,0.0,0.05,0.11834,0.2692,nSEG,1,LIDAR,-0.09934,-0.06919999999999998,5.228421052631579,0.3459999999999999,2.7872105263157896
M8715,0.00055,0.0001,0.25,0.0,0.08,0.11751,0.3555,nSEG,1,LIDAR,-0.09851,-0.15549999999999997,5.184736842105263,0.7774999999999999,2.9811184210526314
M8716,0.00055,0.0001,0.25,0.25,0.03,0.119,0.1859,nSEG,1,LIDAR,-0.09999999999999999,0.014100000000000001,5.263157894736842,0.07050000000000001,2.666828947368421
M8717,0.00055,0.0001,0.25,0.25,0.035,0.11866,0.2036,nSEG,1,LIDAR,-0.09966,-0.003599999999999992,5.245263157894737,0.01799999999999996,2.6316315789473683
M8718,0.00055,0.0001,0.25,0.25,0.04,0.11853,0.2204,nSEG,1,LIDAR,-0.09953,-0.0204,5.238421052631579,0.10200000000000001,2.6702105263157896
M8719,0.00055,0.0001,0.25,0.25,0.05,0.11831,0.2518,nSEG,1,LIDAR,-0.09931,-0.05180000000000001,5.226842105263158,0.25900000000000006,2.742921052631579
M8720,0.00055,0.0001,0.25,0.25,0.08,0.11751,0.3324,nSEG,1,LIDAR,-0.09851,-0.13239999999999996,5.184736842105263,0.6619999999999998,2.9233684210526314
M8721,0.00055,0.0001,0.25,0.5,0.03,0.11894,0.176,nSEG,1,LIDAR,-0.09994,0.02400000000000002,5.26,0.1200000000000001,2.69
M8722,0.00055,0.0001,0.25,0.5,0.035,0.11869,0.1928,nSEG,1,LIDAR,-0.09969,0.007200000000000012,5.246842105263158,0.03600000000000006,2.6414210526315793
M8723,0.00055,0.0001,0.25,0.5,0.04,0.1185,0.2087,nSEG,1,LIDAR,-0.09949999999999999,-0.008699999999999986,5.2368421052631575,0.04349999999999993,2.6401710526315787
M8724,0.00055,0.0001,0.25,0.5,0.05,0.11825,0.2383,nSEG,1,LIDAR,-0.09924999999999999,-0.0383,5.223684210526315,0.1915,2.7075921052631573
M8725,0.00055,0.0001,0.25,0.5,0.08,0.11752,0.3148,nSEG,1,LIDAR,-0.09852,-0.11480000000000001,5.185263157894736,0.5740000000000001,2.879631578947368
M8726,0.00055,0.0001,0.5,-0.5,0.03,0.11904,0.2448,nSEG,1,LIDAR,-0.10004,-0.04479999999999998,5.265263157894737,0.2239999999999999,2.7446315789473688
M8727,0.00055,0.0001,0.5,-0.5,0.035,0.11894,0.2684,nSEG,1,LIDAR,-0.09994,-0.06840000000000002,5.26,0.3420000000000001,2.801
M8728,0.00055,0.0001,0.5,-0.5,0.04,0.11876,0.2906,nSEG,1,LIDAR,-0.09976,-0.09060000000000001,5.2505263157894735,0.45300000000000007,2.851763157894737
M8729,0.00055,0.0001,0.5,-0.5,0.05,0.11848,0.3317,nSEG,1,LIDAR,-0.09948,-0.13169999999999998,5.2357894736842105,0.6584999999999999,2.9471447368421053
M8730,0.00055,0.0001,0.5,-0.5,0.08,0.11737,0.4374,nSEG,1,LIDAR,-0.09837,-0.2374,5.177368421052631,1.1869999999999998,3.182184210526316
M8731,0.00055,0.0001,0.5,-0.25,0.03,0.11898,0.2167,nSEG,1,LIDAR,-0.09998,-0.016699999999999993,5.262105263157895,0.08349999999999996,2.6728026315789473
M8732,0.00055,0.0001,0.5,-0.25,0.035,0.11885,0.2376,nSEG,1,LIDAR,-0.09985,-0.037599999999999995,5.255263157894737,0.18799999999999997,2.721631578947368
M8733,0.00055,0.0001,0.5,-0.25,0.04,0.11876,0.2573,nSEG,1,LIDAR,-0.09976,-0.05729999999999996,5.2505263157894735,0.2864999999999998,2.768513157894737
M8734,0.00055,0.0001,0.5,-0.25,0.05,0.11846,0.2937,nSEG,1,LIDAR,-0.09945999999999999,-0.0937,5.234736842105263,0.4685,2.851618421052631
M8735,0.00055,0.0001,0.5,-0.25,0.08,0.11767,0.3878,nSEG,1,LIDAR,-0.09867,-0.18779999999999997,5.193157894736842,0.9389999999999998,3.066078947368421
M8736,0.00055,0.0001,0.5,0.0,0.03,0.11899,0.1988,nSEG,1,LIDAR,-0.09999,0.0012000000000000066,5.262631578947368,0.006000000000000033,2.634315789473684
M8737,0.00055,0.0001,0.5,0.0,0.035,0.11881,0.2179,nSEG,1,LIDAR,-0.09981,-0.0179,5.253157894736842,0.0895,2.671328947368421
M8738,0.00055,0.0001,0.5,0.0,0.04,0.11869,0.2359,nSEG,1,LIDAR,-0.09969,-0.03589999999999999,5.246842105263158,0.17949999999999994,2.713171052631579
M8739,0.00055,0.0001,0.5,0.0,0.05,0.11848,0.2694,nSEG,1,LIDAR,-0.09948,-0.06939999999999996,5.2357894736842105,0.3469999999999998,2.791394736842105
M8740,0.00055,0.0001,0.5,0.0,0.08,0.11769,0.3558,nSEG,1,LIDAR,-0.09869,-0.1558,5.194210526315789,0.7789999999999999,2.9866052631578945
M8741,0.00055,0.0001,0.5,0.25,0.03,0.11909,0.186,nSEG,1,LIDAR,-0.10009,0.014000000000000012,5.267894736842106,0.07000000000000006,2.668947368421053
M8742,0.00055,0.0001,0.5,0.25,0.035,0.11877,0.2037,nSEG,1,LIDAR,-0.09977,-0.003699999999999981,5.251052631578947,0.018499999999999905,2.6347763157894732
M8743,0.00055,0.0001,0.5,0.25,0.04,0.11865,0.2206,nSEG,1,LIDAR,-0.09965,-0.02059999999999998,5.244736842105263,0.1029999999999999,2.6738684210526316
M8744,0.00055,0.0001,0.5,0.25,0.05,0.11844,0.2519,nSEG,1,LIDAR,-0.09944,-0.0519,5.233684210526316,0.2595,2.746592105263158
M8745,0.00055,0.0001,0.5,0.25,0.08,0.11769,0.3328,nSEG,1,LIDAR,-0.09869,-0.13279999999999997,5.194210526315789,0.6639999999999998,2.9291052631578944
M8746,0.00055,0.0001,0.5,0.5,0.03,0.11904,0.1761,nSEG,1,LIDAR,-0.10004,0.023900000000000005,5.265263157894737,0.11950000000000002,2.692381578947369
M8747,0.00055,0.0001,0.5,0.5,0.035,0.1188,0.1929,nSEG,1,LIDAR,-0.0998,0.007100000000000023,5.252631578947368,0.035500000000000115,2.644065789473684
M8748,0.00055,0.0001,0.5,0.5,0.04,0.11862,0.2088,nSEG,1,LIDAR,-0.09962,-0.008800000000000002,5.243157894736842,0.04400000000000001,2.643578947368421
M8749,0.00055,0.0001,0.5,0.5,0.05,0.11839,0.2384,nSEG,1,LIDAR,-0.09938999999999999,-0.03839999999999999,5.231052631578947,0.19199999999999995,2.711526315789474
M8750,0.00055,0.0001,0.5,0.5,0.08,0.11769,0.315,nSEG,1,LIDAR,-0.09869,-0.11499999999999999,5.194210526315789,0.575,2.8846052631578947
M8751,0.001,1e-06,-0.5,-0.5,0.03,0.096016,0.2153,nSEG,1,LIDAR,-0.077016,-0.01529999999999998,4.053473684210527,0.0764999999999999,2.0649868421052635
M8752,0.001,1e-06,-0.5,-0.5,0.035,0.095532,0.2354,nSEG,1,LIDAR,-0.076532,-0.03539999999999999,4.0280000000000005,0.17699999999999994,2.1025
M8753,0.001,1e-06,-0.5,-0.5,0.04,0.095074,0.2543,nSEG,1,LIDAR,-0.076074,-0.054300000000000015,4.003894736842105,0.2715000000000001,2.137697368421053
M8754,0.001,1e-06,-0.5,-0.5,0.05,0.094243,0.2892,nSEG,1,LIDAR,-0.07524299999999999,-0.0892,3.9601578947368417,0.446,2.2030789473684207
M8755,0.001,1e-06,-0.5,-0.5,0.08,0.092152,0.3783,nSEG,1,LIDAR,-0.073152,-0.17830000000000001,3.8501052631578947,0.8915000000000001,2.370802631578947
M8756,0.001,1e-06,-0.5,-0.25,0.03,0.096016,0.1906,nSEG,1,LIDAR,-0.077016,0.00940000000000002,4.053473684210527,0.0470000000000001,2.0502368421052632
M8757,0.001,1e-06,-0.5,-0.25,0.035,0.095532,0.2084,nSEG,1,LIDAR,-0.076532,-0.00839999999999999,4.0280000000000005,0.041999999999999954,2.035
M8758,0.001,1e-06,-0.5,-0.25,0.04,0.095074,0.2252,nSEG,1,LIDAR,-0.076074,-0.0252,4.003894736842105,0.126,2.064947368421053
M8759,0.001,1e-06,-0.5,-0.25,0.05,0.094243,0.2561,nSEG,1,LIDAR,-0.07524299999999999,-0.05609999999999998,3.9601578947368417,0.2804999999999999,2.120328947368421
M8760,0.001,1e-06,-0.5,-0.25,0.08,0.091788,0.3342,nSEG,1,LIDAR,-0.07278799999999999,-0.13419999999999999,3.8309473684210524,0.6709999999999999,2.250973684210526
M8761,0.001,1e-06,-0.5,0.0,0.03,0.096016,0.1748,nSEG,1,LIDAR,-0.077016,0.0252,4.053473684210527,0.126,2.0897368421052636
M8762,0.001,1e-06,-0.5,0.0,0.035,0.095532,0.1912,nSEG,1,LIDAR,-0.076532,0.008800000000000002,4.0280000000000005,0.04400000000000001,2.036
M8763,0.001,1e-06,-0.5,0.0,0.04,0.095074,0.2066,nSEG,1,LIDAR,-0.076074,-0.006599999999999995,4.003894736842105,0.032999999999999974,2.018447368421053
M8764,0.001,1e-06,-0.5,0.0,0.05,0.094243,0.2349,nSEG,1,LIDAR,-0.07524299999999999,-0.03489999999999999,3.9601578947368417,0.17449999999999993,2.067328947368421
M8765,0.001,1e-06,-0.5,0.0,0.08,0.091789,0.3066,nSEG,1,LIDAR,-0.07278899999999999,-0.10659999999999997,3.8309999999999995,0.5329999999999998,2.1819999999999995
M8766,0.001,1e-06,-0.5,0.25,0.03,0.096016,0.1635,nSEG,1,LIDAR,-0.077016,0.036500000000000005,4.053473684210527,0.18250000000000002,2.1179868421052634
M8767,0.001,1e-06,-0.5,0.25,0.035,0.095532,0.1788,nSEG,1,LIDAR,-0.076532,0.021200000000000024,4.0280000000000005,0.10600000000000012,2.067
M8768,0.001,1e-06,-0.5,0.25,0.04,0.095075,0.1932,nSEG,1,LIDAR,-0.076075,0.0068000000000000005,4.003947368421053,0.034,2.0189736842105264
M8769,0.001,1e-06,-0.5,0.25,0.05,0.094243,0.2197,nSEG,1,LIDAR,-0.07524299999999999,-0.019699999999999995,3.9601578947368417,0.09849999999999998,2.0293289473684206
M8770,0.001,1e-06,-0.5,0.25,0.08,0.091789,0.2867,nSEG,1,LIDAR,-0.07278899999999999,-0.0867,3.8309999999999995,0.4335,2.13225
M8771,0.001,1e-06,-0.5,0.5,0.03,0.096016,0.1548,nSEG,1,LIDAR,-0.077016,0.04520000000000002,4.053473684210527,0.2260000000000001,2.1397368421052634
M8772,0.001,1e-06,-0.5,0.5,0.035,0.095532,0.1693,nSEG,1,LIDAR,-0.076532,0.030700000000000005,4.0280000000000005,0.15350000000000003,2.0907500000000003
M8773,0.001,1e-06,-0.5,0.5,0.04,0.095075,0.1829,nSEG,1,LIDAR,-0.076075,0.017100000000000004,4.003947368421053,0.08550000000000002,2.0447236842105263
M8774,0.001,1e-06,-0.5,0.5,0.05,0.094244,0.208,nSEG,1,LIDAR,-0.07524399999999999,-0.00799999999999998,3.960210526315789,0.0399999999999999,2.0001052631578946
M8775,0.001,1e-06,-0.5,0.5,0.08,0.09179,0.2714,nSEG,1,LIDAR,-0.07279,-0.07139999999999996,3.831052631578947,0.3569999999999998,2.0940263157894736
M8776,0.001,1e-06,-0.25,-0.5,0.03,0.096593,0.216,nSEG,1,LIDAR,-0.077593,-0.015999999999999986,4.083842105263158,0.07999999999999993,2.081921052631579
M8777,0.001,1e-06,-0.25,-0.5,0.035,0.09616,0.2363,nSEG,1,LIDAR,-0.07715999999999999,-0.0363,4.0610526315789475,0.1815,2.1212763157894736
M8778,0.001,1e-06,-0.25,-0.5,0.04,0.095753,0.2554,nSEG,1,LIDAR,-0.076753,-0.055400000000000005,4.039631578947368,0.277,2.158315789473684
M8779,0.001,1e-06,-0.25,-0.5,0.05,0.095002,0.2906,nSEG,1,LIDAR,-0.076002,-0.09060000000000001,4.000105263157895,0.45300000000000007,2.2265526315789477
M8780,0.001,1e-06,-0.25,-0.5,0.08,0.093114,0.3807,nSEG,1,LIDAR,-0.074114,-0.18069999999999997,3.900736842105263,0.9034999999999999,2.4021184210526316
M8781,0.001,1e-06,-0.25,-0.25,0.03,0.096593,0.1913,nSEG,1,LIDAR,-0.077593,0.008700000000000013,4.083842105263158,0.043500000000000066,2.063671052631579
M8782,0.001,1e-06,-0.25,-0.25,0.035,0.09616,0.2093,nSEG,1,LIDAR,-0.07715999999999999,-0.009300000000000003,4.0610526315789475,0.046500000000000014,2.0537763157894737
M8783,0.001,1e-06,-0.25,-0.25,0.04,0.095754,0.2261,nSEG,1,LIDAR,-0.076754,-0.026099999999999984,4.039684210526316,0.13049999999999992,2.0850921052631577
M8784,0.001,1e-06,-0.25,-0.25,0.05,0.095002,0.2573,nSEG,1,LIDAR,-0.076002,-0.05729999999999996,4.000105263157895,0.2864999999999998,2.1433026315789476
M8785,0.001,1e-06,-0.25,-0.25,0.08,0.093114,0.3371,nSEG,1,LIDAR,-0.074114,-0.1371,3.900736842105263,0.6855,2.2931184210526316
M8786,0.001,1e-06,-0.25,0.0,0.03,0.096593,0.1755,nSEG,1,LIDAR,-0.077593,0.024500000000000022,4.083842105263158,0.12250000000000011,2.103171052631579
M8787,0.001,1e-06,-0.25,0.0,0.035,0.09616,0.192,nSEG,1,LIDAR,-0.07715999999999999,0.008000000000000007,4.0610526315789475,0.040000000000000036,2.0505263157894738
M8788,0.001,1e-06,-0.25,0.0,0.04,0.095754,0.2074,nSEG,1,LIDAR,-0.076754,-0.00739999999999999,4.039684210526316,0.03699999999999995,2.038342105263158
M8789,0.001,1e-06,-0.25,0.0,0.05,0.095002,0.2361,nSEG,1,LIDAR,-0.076002,-0.03609999999999999,4.000105263157895,0.18049999999999997,2.0903026315789477
M8790,0.001,1e-06,-0.25,0.0,0.08,0.093114,0.3092,nSEG,1,LIDAR,-0.074114,-0.10919999999999996,3.900736842105263,0.5459999999999998,2.2233684210526317
M8791,0.001,1e-06,-0.25,0.25,0.03,0.096594,0.1641,nSEG,1,LIDAR,-0.077594,0.035900000000000015,4.0838947368421055,0.17950000000000008,2.1316973684210527
M8792,0.001,1e-06,-0.25,0.25,0.035,0.09616,0.1795,nSEG,1,LIDAR,-0.07715999999999999,0.020500000000000018,4.0610526315789475,0.10250000000000009,2.0817763157894738
M8793,0.001,1e-06,-0.25,0.25,0.04,0.095754,0.194,nSEG,1,LIDAR,-0.076754,0.006000000000000005,4.039684210526316,0.030000000000000027,2.034842105263158
M8794,0.001,1e-06,-0.25,0.25,0.05,0.095002,0.2208,nSEG,1,LIDAR,-0.076002,-0.020799999999999985,4.000105263157895,0.10399999999999993,2.0520526315789476
M8795,0.001,1e-06,-0.25,0.25,0.08,0.093114,0.2892,nSEG,1,LIDAR,-0.074114,-0.0892,3.900736842105263,0.446,2.1733684210526314
M8796,0.001,1e-06,-0.25,0.5,0.03,0.096593,0.1554,nSEG,1,LIDAR,-0.077593,0.0446,4.083842105263158,0.223,2.153421052631579
M8797,0.001,1e-06,-0.25,0.5,0.035,0.09616,0.17,nSEG,1,LIDAR,-0.07715999999999999,0.03,4.0610526315789475,0.15,2.105526315789474
M8798,0.001,1e-06,-0.25,0.5,0.04,0.095754,0.1837,nSEG,1,LIDAR,-0.076754,0.01630000000000001,4.039684210526316,0.08150000000000004,2.060592105263158
M8799,0.001,1e-06,-0.25,0.5,0.05,0.095003,0.209,nSEG,1,LIDAR,-0.076003,-0.00899999999999998,4.000157894736843,0.0449999999999999,2.0225789473684213
M8800,0.001,1e-06,-0.25,0.5,0.08,0.093114,0.2738,nSEG,1,LIDAR,-0.074114,-0.07379999999999998,3.900736842105263,0.3689999999999999,2.1348684210526314
M8801,0.001,1e-06,0.0,-0.5,0.03,0.096994,0.2166,nSEG,1,LIDAR,-0.077994,-0.016599999999999976,4.104947368421052,0.08299999999999988,2.093973684210526
M8802,0.001,1e-06,0.0,-0.5,0.035,0.096565,0.2369,nSEG,1,LIDAR,-0.077565,-0.03689999999999999,4.082368421052632,0.18449999999999994,2.1334342105263158
M8803,0.001,1e-06,0.0,-0.5,0.04,0.09619,0.2561,nSEG,1,LIDAR,-0.07719,-0.05609999999999998,4.062631578947368,0.2804999999999999,2.171565789473684
M8804,0.001,1e-06,0.0,-0.5,0.05,0.095498,0.2915,nSEG,1,LIDAR,-0.076498,-0.09149999999999997,4.026210526315789,0.45749999999999985,2.2418552631578943
M8805,0.001,1e-06,0.0,-0.5,0.08,0.093741,0.3822,nSEG,1,LIDAR,-0.074741,-0.18219999999999997,3.9337368421052634,0.9109999999999998,2.4223684210526315
M8806,0.001,1e-06,0.0,-0.25,0.03,0.096994,0.1918,nSEG,1,LIDAR,-0.077994,0.008200000000000013,4.104947368421052,0.041000000000000064,2.072973684210526
M8807,0.001,1e-06,0.0,-0.25,0.035,0.096565,0.2098,nSEG,1,LIDAR,-0.077565,-0.009799999999999975,4.082368421052632,0.04899999999999988,2.0656842105263156
M8808,0.001,1e-06,0.0,-0.25,0.04,0.09619,0.2268,nSEG,1,LIDAR,-0.07719,-0.02679999999999999,4.062631578947368,0.13399999999999995,2.098315789473684
M8809,0.001,1e-06,0.0,-0.25,0.05,0.095498,0.2581,nSEG,1,LIDAR,-0.076498,-0.058099999999999985,4.026210526315789,0.2904999999999999,2.1583552631578944
M8810,0.001,1e-06,0.0,-0.25,0.08,0.09374,0.3384,nSEG,1,LIDAR,-0.07474,-0.13839999999999997,3.933684210526316,0.6919999999999998,2.312842105263158
M8811,0.001,1e-06,0.0,0.0,0.03,0.096995,0.1759,nSEG,1,LIDAR,-0.077995,0.02410000000000001,4.1049999999999995,0.12050000000000005,2.1127499999999997
M8812,0.001,1e-06,0.0,0.0,0.035,0.096565,0.1924,nSEG,1,LIDAR,-0.077565,0.007600000000000023,4.082368421052632,0.03800000000000012,2.060184210526316
M8813,0.001,1e-06,0.0,0.0,0.04,0.09619,0.208,nSEG,1,LIDAR,-0.07719,-0.00799999999999998,4.062631578947368,0.0399999999999999,2.051315789473684
M8814,0.001,1e-06,0.0,0.0,0.05,0.095498,0.2368,nSEG,1,LIDAR,-0.076498,-0.0368,4.026210526315789,0.184,2.1051052631578946
M8815,0.001,1e-06,0.0,0.0,0.08,0.093741,0.3105,nSEG,1,LIDAR,-0.074741,-0.11049999999999999,3.9337368421052634,0.5524999999999999,2.243118421052632
M8816,0.001,1e-06,0.0,0.25,0.03,0.096995,0.1645,nSEG,1,LIDAR,-0.077995,0.035500000000000004,4.1049999999999995,0.17750000000000002,2.14125
M8817,0.001,1e-06,0.0,0.25,0.035,0.096565,0.18,nSEG,1,LIDAR,-0.077565,0.020000000000000018,4.082368421052632,0.10000000000000009,2.0911842105263156
M8818,0.001,1e-06,0.0,0.25,0.04,0.09619,0.1945,nSEG,1,LIDAR,-0.07719,0.005500000000000005,4.062631578947368,0.027500000000000024,2.045065789473684
M8819,0.001,1e-06,0.0,0.25,0.05,0.095499,0.2215,nSEG,1,LIDAR,-0.076499,-0.02149999999999999,4.0262631578947365,0.10749999999999996,2.0668815789473682
M8820,0.001,1e-06,0.0,0.25,0.08,0.09374,0.2904,nSEG,1,LIDAR,-0.07474,-0.09039999999999998,3.933684210526316,0.4519999999999999,2.192842105263158
M8821,0.001,1e-06,0.0,0.5,0.03,0.096995,0.1558,nSEG,1,LIDAR,-0.077995,0.04420000000000002,4.1049999999999995,0.22100000000000009,2.163
M8822,0.001,1e-06,0.0,0.5,0.035,0.096566,0.1704,nSEG,1,LIDAR,-0.077566,0.029600000000000015,4.082421052631579,0.14800000000000008,2.1152105263157894
M8823,0.001,1e-06,0.0,0.5,0.04,0.09619,0.1842,nSEG,1,LIDAR,-0.07719,0.01580000000000001,4.062631578947368,0.07900000000000004,2.070815789473684
M8824,0.001,1e-06,0.0,0.5,0.05,0.095499,0.2097,nSEG,1,LIDAR,-0.076499,-0.009699999999999986,4.0262631578947365,0.04849999999999993,2.037381578947368
M8825,0.001,1e-06,0.0,0.5,0.08,0.093741,0.2749,nSEG,1,LIDAR,-0.074741,-0.07489999999999997,3.9337368421052634,0.37449999999999983,2.1541184210526314
M8826,0.001,1e-06,0.25,-0.5,0.03,0.097263,0.2169,nSEG,1,LIDAR,-0.078263,-0.0169,4.119105263157895,0.08449999999999999,2.1018026315789475
M8827,0.001,1e-06,0.25,-0.5,0.035,0.096886,0.2374,nSEG,1,LIDAR,-0.077886,-0.03739999999999999,4.099263157894737,0.18699999999999994,2.1431315789473686
M8828,0.001,1e-06,0.25,-0.5,0.04,0.096505,0.2566,nSEG,1,LIDAR,-0.07750499999999999,-0.056599999999999984,4.079210526315789,0.2829999999999999,2.181105263157894
M8829,0.001,1e-06,0.25,-0.5,0.05,0.095854,0.2922,nSEG,1,LIDAR,-0.07685399999999999,-0.0922,4.044947368421052,0.461,2.2529736842105264
M8830,0.001,1e-06,0.25,-0.5,0.08,0.094196,0.3833,nSEG,1,LIDAR,-0.075196,-0.18329999999999996,3.957684210526316,0.9164999999999998,2.437092105263158
M8831,0.001,1e-06,0.25,-0.25,0.03,0.097263,0.1921,nSEG,1,LIDAR,-0.078263,0.007900000000000018,4.119105263157895,0.03950000000000009,2.0793026315789476
M8832,0.001,1e-06,0.25,-0.25,0.035,0.096887,0.2102,nSEG,1,LIDAR,-0.077887,-0.010199999999999987,4.0993157894736845,0.050999999999999934,2.0751578947368423
M8833,0.001,1e-06,0.25,-0.25,0.04,0.096505,0.2272,nSEG,1,LIDAR,-0.07750499999999999,-0.027200000000000002,4.079210526315789,0.136,2.1076052631578945
M8834,0.001,1e-06,0.25,-0.25,0.05,0.095854,0.2587,nSEG,1,LIDAR,-0.07685399999999999,-0.058699999999999974,4.044947368421052,0.29349999999999987,2.169223684210526
M8835,0.001,1e-06,0.25,-0.25,0.08,0.094196,0.3394,nSEG,1,LIDAR,-0.075196,-0.13939999999999997,3.957684210526316,0.6969999999999998,2.327342105263158
M8836,0.001,1e-06,0.25,0.0,0.03,0.097264,0.1762,nSEG,1,LIDAR,-0.078264,0.023800000000000016,4.119157894736842,0.11900000000000008,2.119078947368421
M8837,0.001,1e-06,0.25,0.0,0.035,0.096887,0.1928,nSEG,1,LIDAR,-0.077887,0.007200000000000012,4.0993157894736845,0.03600000000000006,2.0676578947368425
M8838,0.001,1e-06,0.25,0.0,0.04,0.096506,0.2084,nSEG,1,LIDAR,-0.07750599999999999,-0.00839999999999999,4.0792631578947365,0.041999999999999954,2.060631578947368
M8839,0.001,1e-06,0.25,0.0,0.05,0.095855,0.2373,nSEG,1,LIDAR,-0.07685499999999999,-0.0373,4.045,0.1865,2.11575
M8840,0.001,1e-06,0.25,0.0,0.08,0.094196,0.3114,nSEG,1,LIDAR,-0.075196,-0.1114,3.957684210526316,0.5569999999999999,2.2573421052631577
M8841,0.001,1e-06,0.25,0.25,0.03,0.097264,0.1648,nSEG,1,LIDAR,-0.078264,0.03520000000000001,4.119157894736842,0.17600000000000005,2.1475789473684213
M8842,0.001,1e-06,0.25,0.25,0.035,0.096887,0.1803,nSEG,1,LIDAR,-0.077887,0.019700000000000023,4.0993157894736845,0.09850000000000012,2.0989078947368425
M8843,0.001,1e-06,0.25,0.25,0.04,0.096505,0.1949,nSEG,1,LIDAR,-0.07750499999999999,0.005100000000000021,4.079210526315789,0.025500000000000106,2.0523552631578945
M8844,0.001,1e-06,0.25,0.25,0.05,0.095855,0.222,nSEG,1,LIDAR,-0.07685499999999999,-0.021999999999999992,4.045,0.10999999999999996,2.0775
M8845,0.001,1e-06,0.25,0.25,0.08,0.094196,0.2912,nSEG,1,LIDAR,-0.075196,-0.0912,3.957684210526316,0.456,2.206842105263158
M8846,0.001,1e-06,0.25,0.5,0.03,0.097264,0.156,nSEG,1,LIDAR,-0.078264,0.04400000000000001,4.119157894736842,0.22000000000000006,2.169578947368421
M8847,0.001,1e-06,0.25,0.5,0.035,0.096888,0.1707,nSEG,1,LIDAR,-0.077888,0.02930000000000002,4.099368421052632,0.1465000000000001,2.1229342105263163
M8848,0.001,1e-06,0.25,0.5,0.04,0.096506,0.1846,nSEG,1,LIDAR,-0.07750599999999999,0.015400000000000025,4.0792631578947365,0.07700000000000012,2.078131578947368
M8849,0.001,1e-06,0.25,0.5,0.05,0.095854,0.2101,nSEG,1,LIDAR,-0.07685399999999999,-0.010099999999999998,4.044947368421052,0.05049999999999999,2.047723684210526
M8850,0.001,1e-06,0.25,0.5,0.08,0.094196,0.2757,nSEG,1,LIDAR,-0.075196,-0.07569999999999999,3.957684210526316,0.37849999999999995,2.168092105263158
M8851,0.001,1e-06,0.5,-0.5,0.03,0.097471,0.2172,nSEG,1,LIDAR,-0.078471,-0.017199999999999993,4.130052631578947,0.08599999999999997,2.108026315789474
M8852,0.001,1e-06,0.5,-0.5,0.035,0.097113,0.2377,nSEG,1,LIDAR,-0.078113,-0.037699999999999984,4.11121052631579,0.18849999999999992,2.149855263157895
M8853,0.001,1e-06,0.5,-0.5,0.04,0.096777,0.257,nSEG,1,LIDAR,-0.077777,-0.056999999999999995,4.0935263157894735,0.285,2.189263157894737
M8854,0.001,1e-06,0.5,-0.5,0.05,0.096129,0.2927,nSEG,1,LIDAR,-0.077129,-0.0927,4.0594210526315795,0.4635,2.2614605263157896
M8855,0.001,1e-06,0.5,-0.5,0.08,0.094549,0.3842,nSEG,1,LIDAR,-0.07554899999999999,-0.18419999999999997,3.9762631578947363,0.9209999999999998,2.448631578947368
M8856,0.001,1e-06,0.5,-0.25,0.03,0.097471,0.1923,nSEG,1,LIDAR,-0.078471,0.007700000000000012,4.130052631578947,0.03850000000000006,2.0842763157894737
M8857,0.001,1e-06,0.5,-0.25,0.035,0.097114,0.2105,nSEG,1,LIDAR,-0.078114,-0.010499999999999982,4.111263157894737,0.05249999999999991,2.081881578947369
M8858,0.001,1e-06,0.5,-0.25,0.04,0.096777,0.2276,nSEG,1,LIDAR,-0.077777,-0.027599999999999986,4.0935263157894735,0.13799999999999993,2.1157631578947367
M8859,0.001,1e-06,0.5,-0.25,0.05,0.09613,0.2592,nSEG,1,LIDAR,-0.07712999999999999,-0.059199999999999975,4.059473684210526,0.2959999999999999,2.177736842105263
M8860,0.001,1e-06,0.5,-0.25,0.08,0.094549,0.3402,nSEG,1,LIDAR,-0.07554899999999999,-0.1402,3.9762631578947363,0.701,2.338631578947368
M8861,0.001,1e-06,0.5,0.0,0.03,0.097471,0.1764,nSEG,1,LIDAR,-0.078471,0.02360000000000001,4.130052631578947,0.11800000000000005,2.124026315789474
M8862,0.001,1e-06,0.5,0.0,0.035,0.097113,0.1931,nSEG,1,LIDAR,-0.078113,0.006900000000000017,4.11121052631579,0.034500000000000086,2.072855263157895
M8863,0.001,1e-06,0.5,0.0,0.04,0.096778,0.2088,nSEG,1,LIDAR,-0.077778,-0.008800000000000002,4.093578947368421,0.04400000000000001,2.0687894736842103
M8864,0.001,1e-06,0.5,0.0,0.05,0.09613,0.2377,nSEG,1,LIDAR,-0.07712999999999999,-0.037699999999999984,4.059473684210526,0.18849999999999992,2.1239868421052632
M8865,0.001,1e-06,0.5,0.0,0.08,0.094549,0.3121,nSEG,1,LIDAR,-0.07554899999999999,-0.11209999999999998,3.9762631578947363,0.5604999999999999,2.268381578947368
M8866,0.001,1e-06,0.5,0.25,0.03,0.097471,0.165,nSEG,1,LIDAR,-0.078471,0.035,4.130052631578947,0.17500000000000002,2.1525263157894736
M8867,0.001,1e-06,0.5,0.25,0.035,0.097114,0.1806,nSEG,1,LIDAR,-0.078114,0.0194,4.111263157894737,0.097,2.104131578947369
M8868,0.001,1e-06,0.5,0.25,0.04,0.096778,0.1953,nSEG,1,LIDAR,-0.077778,0.00470000000000001,4.093578947368421,0.02350000000000005,2.0585394736842106
M8869,0.001,1e-06,0.5,0.25,0.05,0.09613,0.2223,nSEG,1,LIDAR,-0.07712999999999999,-0.022299999999999986,4.059473684210526,0.11149999999999993,2.0854868421052632
M8870,0.001,1e-06,0.5,0.25,0.08,0.094549,0.2919,nSEG,1,LIDAR,-0.07554899999999999,-0.09189999999999998,3.9762631578947363,0.4594999999999999,2.217881578947368
M8871,0.001,1e-06,0.5,0.5,0.03,0.097472,0.1562,nSEG,1,LIDAR,-0.078472,0.043800000000000006,4.130105263157895,0.21900000000000003,2.1745526315789476
M8872,0.001,1e-06,0.5,0.5,0.035,0.097114,0.171,nSEG,1,LIDAR,-0.078114,0.028999999999999998,4.111263157894737,0.145,2.1281315789473685
M8873,0.001,1e-06,0.5,0.5,0.04,0.096778,0.1849,nSEG,1,LIDAR,-0.077778,0.015100000000000002,4.093578947368421,0.07550000000000001,2.0845394736842104
M8874,0.001,1e-06,0.5,0.5,0.05,0.09613,0.2105,nSEG,1,LIDAR,-0.07712999999999999,-0.010499999999999982,4.059473684210526,0.05249999999999991,2.055986842105263
M8875,0.001,1e-06,0.5,0.5,0.08,0.09455,0.2763,nSEG,1,LIDAR,-0.07554999999999999,-0.07629999999999998,3.976315789473684,0.3814999999999999,2.1789078947368417
M8876,0.001,5.5e-06,-0.5,-0.5,0.03,0.098105,0.2181,nSEG,1,LIDAR,-0.079105,-0.018099999999999977,4.163421052631579,0.09049999999999989,2.126960526315789
M8877,0.001,5.5e-06,-0.5,-0.5,0.035,0.097632,0.2385,nSEG,1,LIDAR,-0.078632,-0.03849999999999998,4.138526315789473,0.1924999999999999,2.1655131578947366
M8878,0.001,5.5e-06,-0.5,-0.5,0.04,0.097184,0.2577,nSEG,1,LIDAR,-0.078184,-0.057699999999999974,4.114947368421053,0.28849999999999987,2.2017236842105263
M8879,0.001,5.5e-06,-0.5,-0.5,0.05,0.096372,0.2931,nSEG,1,LIDAR,-0.077372,-0.09310000000000002,4.072210526315789,0.4655000000000001,2.268855263157895
M8880,0.001,5.5e-06,-0.5,-0.5,0.08,0.093914,0.3826,nSEG,1,LIDAR,-0.074914,-0.18259999999999998,3.9428421052631575,0.9129999999999999,2.4279210526315786
M8881,0.001,5.5e-06,-0.5,-0.25,0.03,0.098104,0.1931,nSEG,1,LIDAR,-0.079104,0.006900000000000017,4.163368421052631,0.034500000000000086,2.098934210526316
M8882,0.001,5.5e-06,-0.5,-0.25,0.035,0.097631,0.2112,nSEG,1,LIDAR,-0.07863099999999999,-0.011199999999999988,4.138473684210526,0.05599999999999994,2.097236842105263
M8883,0.001,5.5e-06,-0.5,-0.25,0.04,0.097188,0.2282,nSEG,1,LIDAR,-0.078188,-0.028199999999999975,4.115157894736842,0.14099999999999988,2.128078947368421
M8884,0.001,5.5e-06,-0.5,-0.25,0.05,0.096371,0.2595,nSEG,1,LIDAR,-0.077371,-0.0595,4.072157894736842,0.2975,2.184828947368421
M8885,0.001,5.5e-06,-0.5,-0.25,0.08,0.093933,0.3388,nSEG,1,LIDAR,-0.074933,-0.13879999999999998,3.943842105263158,0.6939999999999998,2.3189210526315787
M8886,0.001,5.5e-06,-0.5,0.0,0.03,0.098105,0.1771,nSEG,1,LIDAR,-0.079105,0.022900000000000004,4.163421052631579,0.11450000000000002,2.138960526315789
M8887,0.001,5.5e-06,-0.5,0.0,0.035,0.097631,0.1937,nSEG,1,LIDAR,-0.07863099999999999,0.0063,4.138473684210526,0.0315,2.084986842105263
M8888,0.001,5.5e-06,-0.5,0.0,0.04,0.097188,0.2093,nSEG,1,LIDAR,-0.078188,-0.009300000000000003,4.115157894736842,0.046500000000000014,2.080828947368421
M8889,0.001,5.5e-06,-0.5,0.0,0.05,0.096371,0.2381,nSEG,1,LIDAR,-0.077371,-0.038099999999999995,4.072157894736842,0.19049999999999997,2.131328947368421
M8890,0.001,5.5e-06,-0.5,0.0,0.08,0.093936,0.3108,nSEG,1,LIDAR,-0.074936,-0.11080000000000001,3.9440000000000004,0.554,2.249
M8891,0.001,5.5e-06,-0.5,0.25,0.03,0.098104,0.1656,nSEG,1,LIDAR,-0.079104,0.034400000000000014,4.163368421052631,0.17200000000000007,2.1676842105263154
M8892,0.001,5.5e-06,-0.5,0.25,0.035,0.097631,0.1812,nSEG,1,LIDAR,-0.07863099999999999,0.01880000000000001,4.138473684210526,0.09400000000000006,2.116236842105263
M8893,0.001,5.5e-06,-0.5,0.25,0.04,0.097183,0.1957,nSEG,1,LIDAR,-0.078183,0.004299999999999998,4.114894736842105,0.02149999999999999,2.0681973684210524
M8894,0.001,5.5e-06,-0.5,0.25,0.05,0.09637,0.2227,nSEG,1,LIDAR,-0.07737,-0.022699999999999998,4.072105263157894,0.11349999999999999,2.092802631578947
M8895,0.001,5.5e-06,-0.5,0.25,0.08,0.093938,0.2907,nSEG,1,LIDAR,-0.07493799999999999,-0.0907,3.9441052631578946,0.4535,2.198802631578947
M8896,0.001,5.5e-06,-0.5,0.5,0.03,0.098104,0.1568,nSEG,1,LIDAR,-0.079104,0.043200000000000016,4.163368421052631,0.21600000000000008,2.1896842105263157
M8897,0.001,5.5e-06,-0.5,0.5,0.035,0.09763,0.1715,nSEG,1,LIDAR,-0.07862999999999999,0.028499999999999998,4.138421052631578,0.1425,2.140460526315789
M8898,0.001,5.5e-06,-0.5,0.5,0.04,0.097183,0.1853,nSEG,1,LIDAR,-0.078183,0.014700000000000019,4.114894736842105,0.07350000000000009,2.0941973684210526
M8899,0.001,5.5e-06,-0.5,0.5,0.05,0.09637,0.2108,nSEG,1,LIDAR,-0.07737,-0.010799999999999976,4.072105263157894,0.05399999999999988,2.0630526315789472
M8900,0.001,5.5e-06,-0.5,0.5,0.08,0.093939,0.2752,nSEG,1,LIDAR,-0.07493899999999999,-0.07519999999999999,3.9441578947368416,0.37599999999999995,2.160078947368421
M8901,0.001,5.5e-06,-0.25,-0.5,0.03,0.098671,0.2188,nSEG,1,LIDAR,-0.07967099999999999,-0.018799999999999983,4.193210526315789,0.09399999999999992,2.1436052631578946
M8902,0.001,5.5e-06,-0.25,-0.5,0.035,0.098246,0.2394,nSEG,1,LIDAR,-0.079246,-0.03939999999999999,4.170842105263158,0.19699999999999995,2.183921052631579
M8903,0.001,5.5e-06,-0.25,-0.5,0.04,0.09785,0.2587,nSEG,1,LIDAR,-0.07885,-0.058699999999999974,4.15,0.29349999999999987,2.22175
M8904,0.001,5.5e-06,-0.25,-0.5,0.05,0.097114,0.2945,nSEG,1,LIDAR,-0.078114,-0.09449999999999997,4.111263157894737,0.47249999999999986,2.2918815789473688
M8905,0.001,5.5e-06,-0.25,-0.5,0.08,0.094952,0.3852,nSEG,1,LIDAR,-0.07595199999999999,-0.18519999999999998,3.997473684210526,0.9259999999999998,2.461736842105263
M8906,0.001,5.5e-06,-0.25,-0.25,0.03,0.098671,0.1937,nSEG,1,LIDAR,-0.07967099999999999,0.0063,4.193210526315789,0.0315,2.1123552631578946
M8907,0.001,5.5e-06,-0.25,-0.25,0.035,0.098246,0.212,nSEG,1,LIDAR,-0.079246,-0.011999999999999983,4.170842105263158,0.059999999999999915,2.1154210526315786
M8908,0.001,5.5e-06,-0.25,-0.25,0.04,0.097849,0.2291,nSEG,1,LIDAR,-0.078849,-0.029099999999999987,4.149947368421053,0.14549999999999993,2.1477236842105265
M8909,0.001,5.5e-06,-0.25,-0.25,0.05,0.097114,0.2607,nSEG,1,LIDAR,-0.078114,-0.060699999999999976,4.111263157894737,0.3034999999999999,2.2073815789473685
M8910,0.001,5.5e-06,-0.25,-0.25,0.08,0.094957,0.3411,nSEG,1,LIDAR,-0.075957,-0.1411,3.997736842105263,0.7055,2.3516184210526316
M8911,0.001,5.5e-06,-0.25,0.0,0.03,0.098671,0.1777,nSEG,1,LIDAR,-0.07967099999999999,0.022300000000000014,4.193210526315789,0.11150000000000007,2.1523552631578946
M8912,0.001,5.5e-06,-0.25,0.0,0.035,0.098246,0.1944,nSEG,1,LIDAR,-0.079246,0.005600000000000022,4.170842105263158,0.028000000000000108,2.099421052631579
M8913,0.001,5.5e-06,-0.25,0.0,0.04,0.097849,0.2102,nSEG,1,LIDAR,-0.078849,-0.010199999999999987,4.149947368421053,0.050999999999999934,2.1004736842105265
M8914,0.001,5.5e-06,-0.25,0.0,0.05,0.097113,0.2392,nSEG,1,LIDAR,-0.078113,-0.039199999999999985,4.11121052631579,0.19599999999999992,2.153605263157895
M8915,0.001,5.5e-06,-0.25,0.0,0.08,0.095265,0.3135,nSEG,1,LIDAR,-0.076265,-0.11349999999999999,4.013947368421053,0.5674999999999999,2.2907236842105263
M8916,0.001,5.5e-06,-0.25,0.25,0.03,0.09867,0.1662,nSEG,1,LIDAR,-0.07966999999999999,0.033800000000000024,4.193157894736841,0.16900000000000012,2.181078947368421
M8917,0.001,5.5e-06,-0.25,0.25,0.035,0.098246,0.1819,nSEG,1,LIDAR,-0.079246,0.018100000000000005,4.170842105263158,0.09050000000000002,2.1306710526315786
M8918,0.001,5.5e-06,-0.25,0.25,0.04,0.097849,0.1965,nSEG,1,LIDAR,-0.078849,0.003500000000000003,4.149947368421053,0.017500000000000016,2.0837236842105265
M8919,0.001,5.5e-06,-0.25,0.25,0.05,0.097113,0.2237,nSEG,1,LIDAR,-0.078113,-0.0237,4.11121052631579,0.1185,2.114855263157895
M8920,0.001,5.5e-06,-0.25,0.25,0.08,0.095266,0.2932,nSEG,1,LIDAR,-0.076266,-0.0932,4.014,0.466,2.24
M8921,0.001,5.5e-06,-0.25,0.5,0.03,0.098671,0.1574,nSEG,1,LIDAR,-0.07967099999999999,0.0426,4.193210526315789,0.213,2.2031052631578945
M8922,0.001,5.5e-06,-0.25,0.5,0.035,0.098246,0.1722,nSEG,1,LIDAR,-0.079246,0.02780000000000002,4.170842105263158,0.1390000000000001,2.154921052631579
M8923,0.001,5.5e-06,-0.25,0.5,0.04,0.097848,0.1861,nSEG,1,LIDAR,-0.078848,0.013900000000000023,4.149894736842105,0.06950000000000012,2.1096973684210525
M8924,0.001,5.5e-06,-0.25,0.5,0.05,0.097113,0.2118,nSEG,1,LIDAR,-0.078113,-0.011799999999999977,4.11121052631579,0.058999999999999886,2.085105263157895
M8925,0.001,5.5e-06,-0.25,0.5,0.08,0.095264,0.2776,nSEG,1,LIDAR,-0.076264,-0.0776,4.013894736842105,0.388,2.2009473684210525
M8926,0.001,5.5e-06,0.0,-0.5,0.03,0.099055,0.2193,nSEG,1,LIDAR,-0.080055,-0.019299999999999984,4.213421052631579,0.09649999999999992,2.1549605263157896
M8927,0.001,5.5e-06,0.0,-0.5,0.035,0.098644,0.24,nSEG,1,LIDAR,-0.07964399999999999,-0.03999999999999998,4.19178947368421,0.1999999999999999,2.195894736842105
M8928,0.001,5.5e-06,0.0,-0.5,0.04,0.098276,0.2594,nSEG,1,LIDAR,-0.079276,-0.05940000000000001,4.172421052631579,0.29700000000000004,2.2347105263157894
M8929,0.001,5.5e-06,0.0,-0.5,0.05,0.0976,0.2954,nSEG,1,LIDAR,-0.0786,-0.09539999999999998,4.136842105263158,0.4769999999999999,2.306921052631579
M8930,0.001,5.5e-06,0.0,-0.5,0.08,0.095878,0.3874,nSEG,1,LIDAR,-0.076878,-0.1874,4.0462105263157895,0.937,2.491605263157895
M8931,0.001,5.5e-06,0.0,-0.25,0.03,0.099055,0.1942,nSEG,1,LIDAR,-0.080055,0.0058,4.213421052631579,0.028999999999999998,2.1212105263157897
M8932,0.001,5.5e-06,0.0,-0.25,0.035,0.098643,0.2125,nSEG,1,LIDAR,-0.07964299999999999,-0.012499999999999983,4.1917368421052625,0.06249999999999992,2.1271184210526313
M8933,0.001,5.5e-06,0.0,-0.25,0.04,0.098276,0.2297,nSEG,1,LIDAR,-0.079276,-0.029699999999999976,4.172421052631579,0.14849999999999988,2.1604605263157897
M8934,0.001,5.5e-06,0.0,-0.25,0.05,0.0976,0.2615,nSEG,1,LIDAR,-0.0786,-0.0615,4.136842105263158,0.3075,2.222171052631579
M8935,0.001,5.5e-06,0.0,-0.25,0.08,0.095877,0.3431,nSEG,1,LIDAR,-0.076877,-0.1431,4.046157894736842,0.7155,2.380828947368421
M8936,0.001,5.5e-06,0.0,0.0,0.03,0.099055,0.1781,nSEG,1,LIDAR,-0.080055,0.021900000000000003,4.213421052631579,0.10950000000000001,2.1614605263157896
M8937,0.001,5.5e-06,0.0,0.0,0.035,0.098643,0.1949,nSEG,1,LIDAR,-0.07964299999999999,0.005100000000000021,4.1917368421052625,0.025500000000000106,2.1086184210526313
M8938,0.001,5.5e-06,0.0,0.0,0.04,0.098276,0.2107,nSEG,1,LIDAR,-0.079276,-0.010699999999999987,4.172421052631579,0.053499999999999936,2.1129605263157893
M8939,0.001,5.5e-06,0.0,0.0,0.05,0.097599,0.2399,nSEG,1,LIDAR,-0.078599,-0.03989999999999999,4.13678947368421,0.19949999999999996,2.168144736842105
M8940,0.001,5.5e-06,0.0,0.0,0.08,0.095877,0.3147,nSEG,1,LIDAR,-0.076877,-0.11469999999999997,4.046157894736842,0.5734999999999998,2.309828947368421
M8941,0.001,5.5e-06,0.0,0.25,0.03,0.099055,0.1666,nSEG,1,LIDAR,-0.080055,0.03340000000000001,4.213421052631579,0.16700000000000007,2.1902105263157896
M8942,0.001,5.5e-06,0.0,0.25,0.035,0.098643,0.1823,nSEG,1,LIDAR,-0.07964299999999999,0.01770000000000002,4.1917368421052625,0.0885000000000001,2.140118421052631
M8943,0.001,5.5e-06,0.0,0.25,0.04,0.098276,0.1971,nSEG,1,LIDAR,-0.079276,0.0029000000000000137,4.172421052631579,0.014500000000000068,2.0934605263157895
M8944,0.001,5.5e-06,0.0,0.25,0.05,0.097599,0.2244,nSEG,1,LIDAR,-0.078599,-0.024399999999999977,4.13678947368421,0.12199999999999989,2.129394736842105
M8945,0.001,5.5e-06,0.0,0.25,0.08,0.095877,0.2943,nSEG,1,LIDAR,-0.076877,-0.0943,4.046157894736842,0.4715,2.258828947368421
M8946,0.001,5.5e-06,0.0,0.5,0.03,0.099055,0.1577,nSEG,1,LIDAR,-0.080055,0.042300000000000004,4.213421052631579,0.21150000000000002,2.2124605263157897
M8947,0.001,5.5e-06,0.0,0.5,0.035,0.098643,0.1726,nSEG,1,LIDAR,-0.07964299999999999,0.027400000000000008,4.1917368421052625,0.13700000000000004,2.1643684210526315
M8948,0.001,5.5e-06,0.0,0.5,0.04,0.098275,0.1866,nSEG,1,LIDAR,-0.079275,0.013400000000000023,4.1723684210526315,0.06700000000000012,2.119684210526316
M8949,0.001,5.5e-06,0.0,0.5,0.05,0.097599,0.2124,nSEG,1,LIDAR,-0.078599,-0.012399999999999994,4.13678947368421,0.06199999999999997,2.0993947368421053
M8950,0.001,5.5e-06,0.0,0.5,0.08,0.095877,0.2786,nSEG,1,LIDAR,-0.076877,-0.0786,4.046157894736842,0.393,2.219578947368421
M8951,0.001,5.5e-06,0.25,-0.5,0.03,0.099319,0.2197,nSEG,1,LIDAR,-0.080319,-0.019699999999999995,4.227315789473685,0.09849999999999998,2.162907894736842
M8952,0.001,5.5e-06,0.25,-0.5,0.035,0.098931,0.2404,nSEG,1,LIDAR,-0.079931,-0.04039999999999999,4.206894736842106,0.20199999999999996,2.204447368421053
M8953,0.001,5.5e-06,0.25,-0.5,0.04,0.098585,0.2599,nSEG,1,LIDAR,-0.079585,-0.05990000000000001,4.188684210526316,0.29950000000000004,2.244092105263158
M8954,0.001,5.5e-06,0.25,-0.5,0.05,0.097949,0.296,nSEG,1,LIDAR,-0.07894899999999999,-0.09599999999999997,4.1552105263157895,0.47999999999999987,2.3176052631578945
M8955,0.001,5.5e-06,0.25,-0.5,0.08,0.096326,0.3885,nSEG,1,LIDAR,-0.07732599999999999,-0.1885,4.06978947368421,0.9425,2.506144736842105
M8956,0.001,5.5e-06,0.25,-0.25,0.03,0.099319,0.1945,nSEG,1,LIDAR,-0.080319,0.005500000000000005,4.227315789473685,0.027500000000000024,2.127407894736842
M8957,0.001,5.5e-06,0.25,-0.25,0.035,0.098931,0.2129,nSEG,1,LIDAR,-0.079931,-0.012899999999999995,4.206894736842106,0.06449999999999997,2.1356973684210527
M8958,0.001,5.5e-06,0.25,-0.25,0.04,0.098585,0.2301,nSEG,1,LIDAR,-0.079585,-0.030099999999999988,4.188684210526316,0.15049999999999994,2.169592105263158
M8959,0.001,5.5e-06,0.25,-0.25,0.05,0.097948,0.2621,nSEG,1,LIDAR,-0.07894799999999999,-0.06209999999999999,4.155157894736842,0.31049999999999994,2.232828947368421
M8960,0.001,5.5e-06,0.25,-0.25,0.08,0.096322,0.344,nSEG,1,LIDAR,-0.077322,-0.14399999999999996,4.069578947368421,0.7199999999999998,2.3947894736842104
M8961,0.001,5.5e-06,0.25,0.0,0.03,0.099319,0.1784,nSEG,1,LIDAR,-0.080319,0.021600000000000008,4.227315789473685,0.10800000000000004,2.167657894736842
M8962,0.001,5.5e-06,0.25,0.0,0.035,0.098931,0.1953,nSEG,1,LIDAR,-0.079931,0.00470000000000001,4.206894736842106,0.02350000000000005,2.115197368421053
M8963,0.001,5.5e-06,0.25,0.0,0.04,0.098585,0.2111,nSEG,1,LIDAR,-0.079585,-0.011099999999999999,4.188684210526316,0.055499999999999994,2.122092105263158
M8964,0.001,5.5e-06,0.25,0.0,0.05,0.097948,0.2404,nSEG,1,LIDAR,-0.07894799999999999,-0.04039999999999999,4.155157894736842,0.20199999999999996,2.178578947368421
M8965,0.001,5.5e-06,0.25,0.0,0.08,0.096323,0.3156,nSEG,1,LIDAR,-0.077323,-0.11559999999999998,4.0696315789473685,0.5779999999999998,2.3238157894736844
M8966,0.001,5.5e-06,0.25,0.25,0.03,0.099356,0.1669,nSEG,1,LIDAR,-0.080356,0.03310000000000002,4.229263157894737,0.1655000000000001,2.1973815789473683
M8967,0.001,5.5e-06,0.25,0.25,0.035,0.09895,0.1826,nSEG,1,LIDAR,-0.07995,0.0174,4.207894736842105,0.087,2.1474473684210524
M8968,0.001,5.5e-06,0.25,0.25,0.04,0.098584,0.1974,nSEG,1,LIDAR,-0.079584,0.002600000000000019,4.188631578947368,0.013000000000000095,2.100815789473684
M8969,0.001,5.5e-06,0.25,0.25,0.05,0.097948,0.2248,nSEG,1,LIDAR,-0.07894799999999999,-0.02479999999999999,4.155157894736842,0.12399999999999994,2.139578947368421
M8970,0.001,5.5e-06,0.25,0.25,0.08,0.096322,0.2951,nSEG,1,LIDAR,-0.077322,-0.09509999999999996,4.069578947368421,0.4754999999999998,2.27253947368421
M8971,0.001,5.5e-06,0.25,0.5,0.03,0.099356,0.158,nSEG,1,LIDAR,-0.080356,0.04200000000000001,4.229263157894737,0.21000000000000005,2.2196315789473684
M8972,0.001,5.5e-06,0.25,0.5,0.035,0.09895,0.1729,nSEG,1,LIDAR,-0.07995,0.027100000000000013,4.207894736842105,0.13550000000000006,2.1716973684210528
M8973,0.001,5.5e-06,0.25,0.5,0.04,0.098584,0.1869,nSEG,1,LIDAR,-0.079584,0.0131,4.188631578947368,0.0655,2.127065789473684
M8974,0.001,5.5e-06,0.25,0.5,0.05,0.097947,0.2129,nSEG,1,LIDAR,-0.078947,-0.012899999999999995,4.155105263157895,0.06449999999999997,2.1098026315789475
M8975,0.001,5.5e-06,0.25,0.5,0.08,0.096325,0.2794,nSEG,1,LIDAR,-0.07732499999999999,-0.07939999999999997,4.069736842105263,0.39699999999999985,2.2333684210526314
M8976,0.001,5.5e-06,0.5,-0.5,0.03,0.099559,0.22,nSEG,1,LIDAR,-0.08055899999999999,-0.01999999999999999,4.239947368421053,0.09999999999999995,2.169973684210526
M8977,0.001,5.5e-06,0.5,-0.5,0.035,0.099172,0.2407,nSEG,1,LIDAR,-0.080172,-0.040699999999999986,4.21957894736842,0.20349999999999993,2.21153947368421
M8978,0.001,5.5e-06,0.5,-0.5,0.04,0.098824,0.2603,nSEG,1,LIDAR,-0.07982399999999999,-0.060299999999999965,4.201263157894736,0.3014999999999998,2.251381578947368
M8979,0.001,5.5e-06,0.5,-0.5,0.05,0.098218,0.2965,nSEG,1,LIDAR,-0.079218,-0.09649999999999997,4.169368421052631,0.4824999999999999,2.3259342105263157
M8980,0.001,5.5e-06,0.5,-0.5,0.08,0.096671,0.3893,nSEG,1,LIDAR,-0.077671,-0.18929999999999997,4.0879473684210526,0.9464999999999998,2.517223684210526
M8981,0.001,5.5e-06,0.5,-0.25,0.03,0.099559,0.1948,nSEG,1,LIDAR,-0.08055899999999999,0.00520000000000001,4.239947368421053,0.02600000000000005,2.1329736842105262
M8982,0.001,5.5e-06,0.5,-0.25,0.035,0.099172,0.2132,nSEG,1,LIDAR,-0.080172,-0.01319999999999999,4.21957894736842,0.06599999999999995,2.14278947368421
M8983,0.001,5.5e-06,0.5,-0.25,0.04,0.098824,0.2305,nSEG,1,LIDAR,-0.07982399999999999,-0.0305,4.201263157894736,0.1525,2.176881578947368
M8984,0.001,5.5e-06,0.5,-0.25,0.05,0.098218,0.2625,nSEG,1,LIDAR,-0.079218,-0.0625,4.169368421052631,0.3125,2.2409342105263157
M8985,0.001,5.5e-06,0.5,-0.25,0.08,0.096671,0.3447,nSEG,1,LIDAR,-0.077671,-0.1447,4.0879473684210526,0.7234999999999999,2.405723684210526
M8986,0.001,5.5e-06,0.5,0.0,0.03,0.099559,0.1787,nSEG,1,LIDAR,-0.08055899999999999,0.021300000000000013,4.239947368421053,0.10650000000000007,2.1732236842105266
M8987,0.001,5.5e-06,0.5,0.0,0.035,0.099172,0.1955,nSEG,1,LIDAR,-0.080172,0.004500000000000004,4.21957894736842,0.02250000000000002,2.12103947368421
M8988,0.001,5.5e-06,0.5,0.0,0.04,0.098824,0.2114,nSEG,1,LIDAR,-0.07982399999999999,-0.011399999999999993,4.201263157894736,0.05699999999999997,2.1291315789473684
M8989,0.001,5.5e-06,0.5,0.0,0.05,0.098217,0.2408,nSEG,1,LIDAR,-0.079217,-0.040799999999999975,4.169315789473684,0.20399999999999988,2.186657894736842
M8990,0.001,5.5e-06,0.5,0.0,0.08,0.096671,0.3162,nSEG,1,LIDAR,-0.077671,-0.11619999999999997,4.0879473684210526,0.5809999999999998,2.334473684210526
M8991,0.001,5.5e-06,0.5,0.25,0.03,0.099559,0.1671,nSEG,1,LIDAR,-0.08055899999999999,0.03290000000000001,4.239947368421053,0.16450000000000006,2.2022236842105265
M8992,0.001,5.5e-06,0.5,0.25,0.035,0.099172,0.1829,nSEG,1,LIDAR,-0.080172,0.017100000000000004,4.21957894736842,0.08550000000000002,2.15253947368421
M8993,0.001,5.5e-06,0.5,0.25,0.04,0.098824,0.1977,nSEG,1,LIDAR,-0.07982399999999999,0.0023000000000000242,4.201263157894736,0.011500000000000121,2.106381578947368
M8994,0.001,5.5e-06,0.5,0.25,0.05,0.098218,0.2252,nSEG,1,LIDAR,-0.079218,-0.0252,4.169368421052631,0.126,2.147684210526316
M8995,0.001,5.5e-06,0.5,0.25,0.08,0.096671,0.2958,nSEG,1,LIDAR,-0.077671,-0.0958,4.0879473684210526,0.479,2.2834736842105263
M8996,0.001,5.5e-06,0.5,0.5,0.03,0.099559,0.1582,nSEG,1,LIDAR,-0.08055899999999999,0.041800000000000004,4.239947368421053,0.20900000000000002,2.224473684210526
M8997,0.001,5.5e-06,0.5,0.5,0.035,0.099172,0.1731,nSEG,1,LIDAR,-0.080172,0.026900000000000007,4.21957894736842,0.13450000000000004,2.1770394736842102
M8998,0.001,5.5e-06,0.5,0.5,0.04,0.098824,0.1872,nSEG,1,LIDAR,-0.07982399999999999,0.012800000000000006,4.201263157894736,0.06400000000000003,2.132631578947368
M8999,0.001,5.5e-06,0.5,0.5,0.05,0.098217,0.2132,nSEG,1,LIDAR,-0.079217,-0.01319999999999999,4.169315789473684,0.06599999999999995,2.117657894736842
M9000,0.001,5.5e-06,0.5,0.5,0.08,0.096672,0.28,nSEG,1,LIDAR,-0.07767199999999999,-0.08000000000000002,4.087999999999999,0.4000000000000001,2.2439999999999998
M9001,0.001,1e-05,-0.5,-0.5,0.03,0.10015,0.2208,nSEG,1,LIDAR,-0.08115,-0.020799999999999985,4.271052631578947,0.10399999999999993,2.1875263157894738
M9002,0.001,1e-05,-0.5,-0.5,0.035,0.099682,0.2415,nSEG,1,LIDAR,-0.080682,-0.04149999999999998,4.246421052631579,0.2074999999999999,2.2269605263157892
M9003,0.001,1e-05,-0.5,-0.5,0.04,0.09925,0.261,nSEG,1,LIDAR,-0.08025,-0.061,4.223684210526316,0.305,2.264342105263158
M9004,0.001,1e-05,-0.5,-0.5,0.05,0.098459,0.2969,nSEG,1,LIDAR,-0.079459,-0.09689999999999999,4.182052631578948,0.48449999999999993,2.333276315789474
M9005,0.001,1e-05,-0.5,-0.5,0.08,0.096006,0.3877,nSEG,1,LIDAR,-0.07700599999999999,-0.18769999999999998,4.052947368421052,0.9384999999999999,2.4957236842105264
M9006,0.001,1e-05,-0.5,-0.25,0.03,0.10015,0.1955,nSEG,1,LIDAR,-0.08115,0.004500000000000004,4.271052631578947,0.02250000000000002,2.1467763157894737
M9007,0.001,1e-05,-0.5,-0.25,0.035,0.099679,0.2138,nSEG,1,LIDAR,-0.080679,-0.013799999999999979,4.246263157894737,0.0689999999999999,2.1576315789473686
M9008,0.001,1e-05,-0.5,-0.25,0.04,0.099247,0.2311,nSEG,1,LIDAR,-0.080247,-0.03109999999999999,4.223526315789473,0.15549999999999994,2.1895131578947367
M9009,0.001,1e-05,-0.5,-0.25,0.05,0.098455,0.2629,nSEG,1,LIDAR,-0.079455,-0.06290000000000001,4.181842105263158,0.31450000000000006,2.248171052631579
M9010,0.001,1e-05,-0.5,-0.25,0.08,0.096014,0.3433,nSEG,1,LIDAR,-0.077014,-0.14329999999999998,4.053368421052632,0.7164999999999999,2.384934210526316
M9011,0.001,1e-05,-0.5,0.0,0.03,0.10015,0.1793,nSEG,1,LIDAR,-0.08115,0.020700000000000024,4.271052631578947,0.10350000000000012,2.187276315789474
M9012,0.001,1e-05,-0.5,0.0,0.035,0.099677,0.1961,nSEG,1,LIDAR,-0.080677,0.0039000000000000146,4.246157894736842,0.019500000000000073,2.132828947368421
M9013,0.001,1e-05,-0.5,0.0,0.04,0.099245,0.212,nSEG,1,LIDAR,-0.080245,-0.011999999999999983,4.223421052631579,0.059999999999999915,2.1417105263157894
M9014,0.001,1e-05,-0.5,0.0,0.05,0.098453,0.2412,nSEG,1,LIDAR,-0.079453,-0.04119999999999999,4.181736842105263,0.20599999999999993,2.193868421052631
M9015,0.001,1e-05,-0.5,0.0,0.08,0.096018,0.3149,nSEG,1,LIDAR,-0.077018,-0.1149,4.053578947368421,0.5745,2.3140394736842103
M9016,0.001,1e-05,-0.5,0.25,0.03,0.10015,0.1677,nSEG,1,LIDAR,-0.08115,0.03230000000000002,4.271052631578947,0.16150000000000012,2.216276315789474
M9017,0.001,1e-05,-0.5,0.25,0.035,0.099676,0.1834,nSEG,1,LIDAR,-0.080676,0.016600000000000004,4.246105263157895,0.08300000000000002,2.1645526315789474
M9018,0.001,1e-05,-0.5,0.25,0.04,0.099244,0.1982,nSEG,1,LIDAR,-0.080244,0.0018000000000000238,4.223368421052632,0.009000000000000119,2.116184210526316
M9019,0.001,1e-05,-0.5,0.25,0.05,0.098451,0.2255,nSEG,1,LIDAR,-0.079451,-0.025499999999999995,4.181631578947369,0.12749999999999997,2.1545657894736845
M9020,0.001,1e-05,-0.5,0.25,0.08,0.096037,0.2946,nSEG,1,LIDAR,-0.077037,-0.09459999999999996,4.054578947368421,0.4729999999999998,2.2637894736842106
M9021,0.001,1e-05,-0.5,0.5,0.03,0.10014,0.1588,nSEG,1,LIDAR,-0.08114,0.041200000000000014,4.270526315789474,0.20600000000000007,2.238263157894737
M9022,0.001,1e-05,-0.5,0.5,0.035,0.099681,0.1737,nSEG,1,LIDAR,-0.080681,0.026300000000000018,4.246368421052632,0.1315000000000001,2.188934210526316
M9023,0.001,1e-05,-0.5,0.5,0.04,0.099242,0.1877,nSEG,1,LIDAR,-0.080242,0.012300000000000005,4.223263157894737,0.06150000000000003,2.142381578947368
M9024,0.001,1e-05,-0.5,0.5,0.05,0.098449,0.2135,nSEG,1,LIDAR,-0.07944899999999999,-0.013499999999999984,4.1815263157894735,0.06749999999999992,2.1245131578947367
M9025,0.001,1e-05,-0.5,0.5,0.08,0.096039,0.2789,nSEG,1,LIDAR,-0.077039,-0.07889999999999997,4.0546842105263154,0.39449999999999985,2.2245921052631576
M9026,0.001,1e-05,-0.25,-0.5,0.03,0.1007,0.2215,nSEG,1,LIDAR,-0.0817,-0.02149999999999999,4.3,0.10749999999999996,2.20375
M9027,0.001,1e-05,-0.25,-0.5,0.035,0.10029,0.2424,nSEG,1,LIDAR,-0.08129,-0.04239999999999999,4.278421052631579,0.21199999999999997,2.2452105263157893
M9028,0.001,1e-05,-0.25,-0.5,0.04,0.099897,0.262,nSEG,1,LIDAR,-0.080897,-0.062,4.257736842105263,0.31,2.2838684210526314
M9029,0.001,1e-05,-0.25,-0.5,0.05,0.099185,0.2982,nSEG,1,LIDAR,-0.08018499999999999,-0.09820000000000001,4.2202631578947365,0.49100000000000005,2.355631578947368
M9030,0.001,1e-05,-0.25,-0.5,0.08,0.097033,0.3902,nSEG,1,LIDAR,-0.07803299999999999,-0.19019999999999998,4.106999999999999,0.9509999999999998,2.5289999999999995
M9031,0.001,1e-05,-0.25,-0.25,0.03,0.1007,0.1961,nSEG,1,LIDAR,-0.0817,0.0039000000000000146,4.3,0.019500000000000073,2.15975
M9032,0.001,1e-05,-0.25,-0.25,0.035,0.10029,0.2146,nSEG,1,LIDAR,-0.08129,-0.014600000000000002,4.278421052631579,0.07300000000000001,2.1757105263157897
M9033,0.001,1e-05,-0.25,-0.25,0.04,0.099894,0.232,nSEG,1,LIDAR,-0.080894,-0.032,4.257578947368421,0.16,2.2087894736842104
M9034,0.001,1e-05,-0.25,-0.25,0.05,0.099182,0.2641,nSEG,1,LIDAR,-0.080182,-0.06409999999999999,4.220105263157895,0.32049999999999995,2.2703026315789474
M9035,0.001,1e-05,-0.25,-0.25,0.08,0.097039,0.3455,nSEG,1,LIDAR,-0.078039,-0.14549999999999996,4.1073157894736845,0.7274999999999998,2.4174078947368423
M9036,0.001,1e-05,-0.25,0.0,0.03,0.1007,0.1799,nSEG,1,LIDAR,-0.0817,0.020100000000000007,4.3,0.10050000000000003,2.20025
M9037,0.001,1e-05,-0.25,0.0,0.035,0.10029,0.1969,nSEG,1,LIDAR,-0.08129,0.0031000000000000194,4.278421052631579,0.015500000000000097,2.1469605263157896
M9038,0.001,1e-05,-0.25,0.0,0.04,0.099892,0.2128,nSEG,1,LIDAR,-0.08089199999999999,-0.012799999999999978,4.257473684210526,0.06399999999999989,2.160736842105263
M9039,0.001,1e-05,-0.25,0.0,0.05,0.09918,0.2422,nSEG,1,LIDAR,-0.08018,-0.04219999999999999,4.22,0.21099999999999994,2.2155
M9040,0.001,1e-05,-0.25,0.0,0.08,0.097042,0.317,nSEG,1,LIDAR,-0.078042,-0.11699999999999999,4.107473684210526,0.585,2.346236842105263
M9041,0.001,1e-05,-0.25,0.25,0.03,0.1007,0.1683,nSEG,1,LIDAR,-0.0817,0.031700000000000006,4.3,0.15850000000000003,2.22925
M9042,0.001,1e-05,-0.25,0.25,0.035,0.10029,0.1841,nSEG,1,LIDAR,-0.08129,0.015899999999999997,4.278421052631579,0.07949999999999999,2.1789605263157896
M9043,0.001,1e-05,-0.25,0.25,0.04,0.099898,0.199,nSEG,1,LIDAR,-0.080898,0.0010000000000000009,4.257789473684211,0.0050000000000000044,2.1313947368421053
M9044,0.001,1e-05,-0.25,0.25,0.05,0.099178,0.2265,nSEG,1,LIDAR,-0.080178,-0.026499999999999996,4.219894736842106,0.13249999999999998,2.176197368421053
M9045,0.001,1e-05,-0.25,0.25,0.08,0.097044,0.2964,nSEG,1,LIDAR,-0.078044,-0.09639999999999999,4.107578947368421,0.48199999999999993,2.2947894736842107
M9046,0.001,1e-05,-0.25,0.5,0.03,0.1007,0.1593,nSEG,1,LIDAR,-0.0817,0.040700000000000014,4.3,0.20350000000000007,2.25175
M9047,0.001,1e-05,-0.25,0.5,0.035,0.10028,0.1743,nSEG,1,LIDAR,-0.08127999999999999,0.0257,4.2778947368421045,0.1285,2.203197368421052
M9048,0.001,1e-05,-0.25,0.5,0.04,0.099897,0.1884,nSEG,1,LIDAR,-0.080897,0.0116,4.257736842105263,0.057999999999999996,2.1578684210526315
M9049,0.001,1e-05,-0.25,0.5,0.05,0.099176,0.2145,nSEG,1,LIDAR,-0.080176,-0.014499999999999985,4.2197894736842105,0.07249999999999993,2.146144736842105
M9050,0.001,1e-05,-0.25,0.5,0.08,0.097047,0.2807,nSEG,1,LIDAR,-0.07804699999999999,-0.0807,4.107736842105263,0.40349999999999997,2.2556184210526316
M9051,0.001,1e-05,0.0,-0.5,0.03,0.10106,0.222,nSEG,1,LIDAR,-0.08206,-0.021999999999999992,4.318947368421052,0.10999999999999996,2.2144736842105264
M9052,0.001,1e-05,0.0,-0.5,0.035,0.10068,0.2429,nSEG,1,LIDAR,-0.08168,-0.042899999999999994,4.298947368421053,0.21449999999999997,2.2567236842105265
M9053,0.001,1e-05,0.0,-0.5,0.04,0.10032,0.2626,nSEG,1,LIDAR,-0.08132,-0.06259999999999999,4.28,0.31299999999999994,2.2965
M9054,0.001,1e-05,0.0,-0.5,0.05,0.099656,0.2991,nSEG,1,LIDAR,-0.08065599999999999,-0.09909999999999997,4.245052631578947,0.49549999999999983,2.3702763157894733
M9055,0.001,1e-05,0.0,-0.5,0.08,0.097683,0.3918,nSEG,1,LIDAR,-0.078683,-0.19179999999999997,4.14121052631579,0.9589999999999999,2.550105263157895
M9056,0.001,1e-05,0.0,-0.25,0.03,0.10106,0.1965,nSEG,1,LIDAR,-0.08206,0.003500000000000003,4.318947368421052,0.017500000000000016,2.1682236842105262
M9057,0.001,1e-05,0.0,-0.25,0.035,0.10068,0.2151,nSEG,1,LIDAR,-0.08168,-0.015100000000000002,4.298947368421053,0.07550000000000001,2.1872236842105264
M9058,0.001,1e-05,0.0,-0.25,0.04,0.10032,0.2325,nSEG,1,LIDAR,-0.08132,-0.0325,4.28,0.1625,2.22125
M9059,0.001,1e-05,0.0,-0.25,0.05,0.099652,0.2648,nSEG,1,LIDAR,-0.080652,-0.06479999999999997,4.244842105263158,0.32399999999999984,2.284421052631579
M9060,0.001,1e-05,0.0,-0.25,0.08,0.097703,0.3469,nSEG,1,LIDAR,-0.078703,-0.14689999999999998,4.142263157894737,0.7344999999999998,2.4383815789473684
M9061,0.001,1e-05,0.0,0.0,0.03,0.10106,0.1803,nSEG,1,LIDAR,-0.08206,0.019700000000000023,4.318947368421052,0.09850000000000012,2.2087236842105265
M9062,0.001,1e-05,0.0,0.0,0.035,0.10068,0.1973,nSEG,1,LIDAR,-0.08168,0.002700000000000008,4.298947368421053,0.01350000000000004,2.1562236842105262
M9063,0.001,1e-05,0.0,0.0,0.04,0.10032,0.2133,nSEG,1,LIDAR,-0.08132,-0.013299999999999979,4.28,0.06649999999999989,2.17325
M9064,0.001,1e-05,0.0,0.0,0.05,0.09965,0.2429,nSEG,1,LIDAR,-0.08065,-0.042899999999999994,4.244736842105263,0.21449999999999997,2.2296184210526317
M9065,0.001,1e-05,0.0,0.0,0.08,0.0977,0.3182,nSEG,1,LIDAR,-0.07869999999999999,-0.11819999999999997,4.1421052631578945,0.5909999999999999,2.3665526315789474
M9066,0.001,1e-05,0.0,0.25,0.03,0.10106,0.1686,nSEG,1,LIDAR,-0.08206,0.03140000000000001,4.318947368421052,0.15700000000000006,2.2379736842105262
M9067,0.001,1e-05,0.0,0.25,0.035,0.10068,0.1845,nSEG,1,LIDAR,-0.08168,0.015500000000000014,4.298947368421053,0.07750000000000007,2.1882236842105263
M9068,0.001,1e-05,0.0,0.25,0.04,0.10032,0.1995,nSEG,1,LIDAR,-0.08132,0.0005000000000000004,4.28,0.0025000000000000022,2.1412500000000003
M9069,0.001,1e-05,0.0,0.25,0.05,0.099649,0.2272,nSEG,1,LIDAR,-0.080649,-0.027200000000000002,4.244684210526316,0.136,2.190342105263158
M9070,0.001,1e-05,0.0,0.25,0.08,0.097693,0.2976,nSEG,1,LIDAR,-0.078693,-0.09759999999999996,4.141736842105264,0.4879999999999998,2.3148684210526316
M9071,0.001,1e-05,0.0,0.5,0.03,0.10106,0.1596,nSEG,1,LIDAR,-0.08206,0.04040000000000002,4.318947368421052,0.2020000000000001,2.260473684210526
M9072,0.001,1e-05,0.0,0.5,0.035,0.10067,0.1747,nSEG,1,LIDAR,-0.08166999999999999,0.025300000000000017,4.2984210526315785,0.12650000000000008,2.2124605263157893
M9073,0.001,1e-05,0.0,0.5,0.04,0.10031,0.1889,nSEG,1,LIDAR,-0.08131,0.011099999999999999,4.279473684210526,0.055499999999999994,2.167486842105263
M9074,0.001,1e-05,0.0,0.5,0.05,0.099648,0.2151,nSEG,1,LIDAR,-0.080648,-0.015100000000000002,4.244631578947368,0.07550000000000001,2.160065789473684
M9075,0.001,1e-05,0.0,0.5,0.08,0.097973,0.2823,nSEG,1,LIDAR,-0.078973,-0.08229999999999998,4.1564736842105265,0.4114999999999999,2.2839868421052634
M9076,0.001,1e-05,0.25,-0.5,0.03,0.10132,0.2223,nSEG,1,LIDAR,-0.08231999999999999,-0.022299999999999986,4.332631578947368,0.11149999999999993,2.2220657894736844
M9077,0.001,1e-05,0.25,-0.5,0.035,0.10096,0.2433,nSEG,1,LIDAR,-0.08195999999999999,-0.04329999999999998,4.313684210526316,0.2164999999999999,2.265092105263158
M9078,0.001,1e-05,0.25,-0.5,0.04,0.10062,0.2631,nSEG,1,LIDAR,-0.08162,-0.06309999999999999,4.29578947368421,0.31549999999999995,2.305644736842105
M9079,0.001,1e-05,0.25,-0.5,0.05,0.099996,0.2997,nSEG,1,LIDAR,-0.080996,-0.09970000000000001,4.262947368421052,0.49850000000000005,2.380723684210526
M9080,0.001,1e-05,0.25,-0.5,0.08,0.098162,0.3929,nSEG,1,LIDAR,-0.079162,-0.19290000000000002,4.166421052631579,0.9645,2.5654605263157895
M9081,0.001,1e-05,0.25,-0.25,0.03,0.10132,0.1968,nSEG,1,LIDAR,-0.08231999999999999,0.0032000000000000084,4.332631578947368,0.016000000000000042,2.174315789473684
M9082,0.001,1e-05,0.25,-0.25,0.035,0.10096,0.2155,nSEG,1,LIDAR,-0.08195999999999999,-0.015499999999999986,4.313684210526316,0.07749999999999993,2.1955921052631577
M9083,0.001,1e-05,0.25,-0.25,0.04,0.10062,0.233,nSEG,1,LIDAR,-0.08162,-0.033,4.29578947368421,0.165,2.230394736842105
M9084,0.001,1e-05,0.25,-0.25,0.05,0.099994,0.2654,nSEG,1,LIDAR,-0.080994,-0.06540000000000001,4.262842105263158,0.32700000000000007,2.294921052631579
M9085,0.001,1e-05,0.25,-0.25,0.08,0.098186,0.348,nSEG,1,LIDAR,-0.07918599999999999,-0.14799999999999996,4.167684210526316,0.7399999999999998,2.453842105263158
M9086,0.001,1e-05,0.25,0.0,0.03,0.10133,0.1806,nSEG,1,LIDAR,-0.08233,0.0194,4.333157894736842,0.097,2.215078947368421
M9087,0.001,1e-05,0.25,0.0,0.035,0.10096,0.1976,nSEG,1,LIDAR,-0.08195999999999999,0.0024000000000000132,4.313684210526316,0.012000000000000066,2.162842105263158
M9088,0.001,1e-05,0.25,0.0,0.04,0.10062,0.2137,nSEG,1,LIDAR,-0.08162,-0.01369999999999999,4.29578947368421,0.06849999999999995,2.182144736842105
M9089,0.001,1e-05,0.25,0.0,0.05,0.099992,0.2434,nSEG,1,LIDAR,-0.080992,-0.043399999999999994,4.262736842105263,0.21699999999999997,2.2398684210526314
M9090,0.001,1e-05,0.25,0.0,0.08,0.09819,0.3192,nSEG,1,LIDAR,-0.07919,-0.11919999999999997,4.167894736842105,0.5959999999999999,2.3819473684210526
M9091,0.001,1e-05,0.25,0.25,0.03,0.10132,0.1689,nSEG,1,LIDAR,-0.08231999999999999,0.031100000000000017,4.332631578947368,0.15550000000000008,2.244065789473684
M9092,0.001,1e-05,0.25,0.25,0.035,0.10096,0.1848,nSEG,1,LIDAR,-0.08195999999999999,0.015200000000000019,4.313684210526316,0.0760000000000001,2.194842105263158
M9093,0.001,1e-05,0.25,0.25,0.04,0.10062,0.1999,nSEG,1,LIDAR,-0.08162,0.00010000000000001674,4.29578947368421,0.0005000000000000837,2.148144736842105
M9094,0.001,1e-05,0.25,0.25,0.05,0.09999,0.2276,nSEG,1,LIDAR,-0.08098999999999999,-0.027599999999999986,4.262631578947368,0.13799999999999993,2.200315789473684
M9095,0.001,1e-05,0.25,0.25,0.08,0.098415,0.299,nSEG,1,LIDAR,-0.079415,-0.09899999999999998,4.179736842105263,0.4949999999999999,2.3373684210526315
M9096,0.001,1e-05,0.25,0.5,0.03,0.10132,0.1599,nSEG,1,LIDAR,-0.08231999999999999,0.040100000000000025,4.332631578947368,0.20050000000000012,2.266565789473684
M9097,0.001,1e-05,0.25,0.5,0.035,0.10096,0.175,nSEG,1,LIDAR,-0.08195999999999999,0.025000000000000022,4.313684210526316,0.1250000000000001,2.219342105263158
M9098,0.001,1e-05,0.25,0.5,0.04,0.10062,0.1892,nSEG,1,LIDAR,-0.08162,0.010800000000000004,4.29578947368421,0.05400000000000002,2.174894736842105
M9099,0.001,1e-05,0.25,0.5,0.05,0.099996,0.2155,nSEG,1,LIDAR,-0.080996,-0.015499999999999986,4.262947368421052,0.07749999999999993,2.170223684210526
M9100,0.001,1e-05,0.25,0.5,0.08,0.098412,0.283,nSEG,1,LIDAR,-0.079412,-0.08299999999999996,4.179578947368421,0.4149999999999998,2.2972894736842107
M9101,0.001,1e-05,0.5,-0.5,0.03,0.10153,0.2226,nSEG,1,LIDAR,-0.08252999999999999,-0.02259999999999998,4.343684210526315,0.1129999999999999,2.2283421052631573
M9102,0.001,1e-05,0.5,-0.5,0.035,0.10118,0.2437,nSEG,1,LIDAR,-0.08218,-0.04369999999999999,4.325263157894737,0.21849999999999994,2.2718815789473683
M9103,0.001,1e-05,0.5,-0.5,0.04,0.10086,0.2635,nSEG,1,LIDAR,-0.08186,-0.0635,4.308421052631579,0.3175,2.3129605263157895
M9104,0.001,1e-05,0.5,-0.5,0.05,0.10026,0.3002,nSEG,1,LIDAR,-0.08126,-0.10020000000000001,4.276842105263158,0.501,2.388921052631579
M9105,0.001,1e-05,0.5,-0.5,0.08,0.098543,0.3938,nSEG,1,LIDAR,-0.079543,-0.19379999999999997,4.186473684210527,0.9689999999999999,2.5777368421052635
M9106,0.001,1e-05,0.5,-0.25,0.03,0.10153,0.1971,nSEG,1,LIDAR,-0.08252999999999999,0.0029000000000000137,4.343684210526315,0.014500000000000068,2.1790921052631576
M9107,0.001,1e-05,0.5,-0.25,0.035,0.10118,0.2157,nSEG,1,LIDAR,-0.08218,-0.015699999999999992,4.325263157894737,0.07849999999999996,2.2018815789473685
M9108,0.001,1e-05,0.5,-0.25,0.04,0.10086,0.2333,nSEG,1,LIDAR,-0.08186,-0.033299999999999996,4.308421052631579,0.16649999999999998,2.2374605263157896
M9109,0.001,1e-05,0.5,-0.25,0.05,0.10026,0.2658,nSEG,1,LIDAR,-0.08126,-0.06579999999999997,4.276842105263158,0.32899999999999985,2.3029210526315786
M9110,0.001,1e-05,0.5,-0.25,0.08,0.098547,0.3487,nSEG,1,LIDAR,-0.07954699999999999,-0.1487,4.186684210526315,0.7434999999999999,2.4650921052631576
M9111,0.001,1e-05,0.5,0.0,0.03,0.10152,0.1808,nSEG,1,LIDAR,-0.08252,0.019200000000000023,4.343157894736842,0.09600000000000011,2.219578947368421
M9112,0.001,1e-05,0.5,0.0,0.035,0.10118,0.1979,nSEG,1,LIDAR,-0.08218,0.0021000000000000185,4.325263157894737,0.010500000000000093,2.1678815789473687
M9113,0.001,1e-05,0.5,0.0,0.04,0.10085,0.214,nSEG,1,LIDAR,-0.08184999999999999,-0.013999999999999985,4.307894736842105,0.06999999999999992,2.1889473684210525
M9114,0.001,1e-05,0.5,0.0,0.05,0.10026,0.2438,nSEG,1,LIDAR,-0.08126,-0.04379999999999998,4.276842105263158,0.2189999999999999,2.247921052631579
M9115,0.001,1e-05,0.5,0.0,0.08,0.098754,0.3203,nSEG,1,LIDAR,-0.07975399999999999,-0.12029999999999996,4.197578947368421,0.6014999999999998,2.3995394736842104
M9116,0.001,1e-05,0.5,0.25,0.03,0.10152,0.1691,nSEG,1,LIDAR,-0.08252,0.03090000000000001,4.343157894736842,0.15450000000000005,2.2488289473684206
M9117,0.001,1e-05,0.5,0.25,0.035,0.10117,0.1851,nSEG,1,LIDAR,-0.08216999999999999,0.014900000000000024,4.3247368421052625,0.07450000000000012,2.1996184210526315
M9118,0.001,1e-05,0.5,0.25,0.04,0.10085,0.2001,nSEG,1,LIDAR,-0.08184999999999999,-9.999999999998899e-05,4.307894736842105,0.0004999999999999449,2.1541973684210522
M9119,0.001,1e-05,0.5,0.25,0.05,0.10026,0.228,nSEG,1,LIDAR,-0.08126,-0.027999999999999997,4.276842105263158,0.13999999999999999,2.2084210526315786
M9120,0.001,1e-05,0.5,0.25,0.08,0.098752,0.2996,nSEG,1,LIDAR,-0.079752,-0.09959999999999997,4.197473684210527,0.49799999999999983,2.3477368421052636
M9121,0.001,1e-05,0.5,0.5,0.03,0.10152,0.1601,nSEG,1,LIDAR,-0.08252,0.03990000000000002,4.343157894736842,0.1995000000000001,2.271328947368421
M9122,0.001,1e-05,0.5,0.5,0.035,0.10117,0.1752,nSEG,1,LIDAR,-0.08216999999999999,0.024800000000000016,4.3247368421052625,0.12400000000000008,2.224368421052631
M9123,0.001,1e-05,0.5,0.5,0.04,0.10085,0.1895,nSEG,1,LIDAR,-0.08184999999999999,0.01050000000000001,4.307894736842105,0.05250000000000005,2.1801973684210525
M9124,0.001,1e-05,0.5,0.5,0.05,0.10026,0.2159,nSEG,1,LIDAR,-0.08126,-0.015899999999999997,4.276842105263158,0.07949999999999999,2.178171052631579
M9125,0.001,1e-05,0.5,0.5,0.08,0.098751,0.2836,nSEG,1,LIDAR,-0.079751,-0.08360000000000001,4.197421052631579,0.41800000000000004,2.3077105263157898
M9126,0.001,5.5e-05,-0.5,-0.5,0.03,0.11807,0.2437,nSEG,1,LIDAR,-0.09906999999999999,-0.04369999999999999,5.214210526315789,0.21849999999999994,2.716355263157894
M9127,0.001,5.5e-05,-0.5,-0.5,0.035,0.11766,0.2667,nSEG,1,LIDAR,-0.09866,-0.06669999999999998,5.192631578947369,0.3334999999999999,2.7630657894736843
M9128,0.001,5.5e-05,-0.5,-0.5,0.04,0.11732,0.2885,nSEG,1,LIDAR,-0.09831999999999999,-0.08849999999999997,5.174736842105263,0.44249999999999984,2.8086184210526315
M9129,0.001,5.5e-05,-0.5,-0.5,0.05,0.11663,0.3286,nSEG,1,LIDAR,-0.09763,-0.1286,5.138421052631579,0.6429999999999999,2.8907105263157895
M9130,0.001,5.5e-05,-0.5,-0.5,0.08,0.11478,0.4316,nSEG,1,LIDAR,-0.09577999999999999,-0.23159999999999997,5.041052631578947,1.1579999999999997,3.0995263157894732
M9131,0.001,5.5e-05,-0.5,-0.25,0.03,0.11802,0.2157,nSEG,1,LIDAR,-0.09902,-0.015699999999999992,5.211578947368421,0.07849999999999996,2.6450394736842107
M9132,0.001,5.5e-05,-0.5,-0.25,0.035,0.11754,0.236,nSEG,1,LIDAR,-0.09854,-0.035999999999999976,5.186315789473684,0.17999999999999988,2.683157894736842
M9133,0.001,5.5e-05,-0.5,-0.25,0.04,0.11724,0.2553,nSEG,1,LIDAR,-0.09824,-0.055300000000000016,5.170526315789473,0.2765000000000001,2.723513157894737
M9134,0.001,5.5e-05,-0.5,-0.25,0.05,0.11658,0.2909,nSEG,1,LIDAR,-0.09758,-0.09089999999999998,5.135789473684211,0.4544999999999999,2.795144736842105
M9135,0.001,5.5e-05,-0.5,-0.25,0.08,0.11476,0.3821,nSEG,1,LIDAR,-0.09576,-0.18209999999999998,5.04,0.9104999999999999,2.97525
M9136,0.001,5.5e-05,-0.5,0.0,0.03,0.11796,0.1978,nSEG,1,LIDAR,-0.09895999999999999,0.0022000000000000075,5.208421052631579,0.011000000000000038,2.6097105263157894
M9137,0.001,5.5e-05,-0.5,0.0,0.035,0.11758,0.2165,nSEG,1,LIDAR,-0.09858,-0.016499999999999987,5.188421052631579,0.08249999999999993,2.6354605263157893
M9138,0.001,5.5e-05,-0.5,0.0,0.04,0.1172,0.2342,nSEG,1,LIDAR,-0.0982,-0.03419999999999998,5.168421052631579,0.1709999999999999,2.6697105263157894
M9139,0.001,5.5e-05,-0.5,0.0,0.05,0.11654,0.2668,nSEG,1,LIDAR,-0.09754,-0.06679999999999997,5.133684210526316,0.33399999999999985,2.733842105263158
M9140,0.001,5.5e-05,-0.5,0.0,0.08,0.11472,0.3504,nSEG,1,LIDAR,-0.09572,-0.15039999999999998,5.037894736842105,0.7519999999999999,2.8949473684210525
M9141,0.001,5.5e-05,-0.5,0.25,0.03,0.11792,0.1849,nSEG,1,LIDAR,-0.09892,0.015100000000000002,5.206315789473684,0.07550000000000001,2.640907894736842
M9142,0.001,5.5e-05,-0.5,0.25,0.035,0.11757,0.2025,nSEG,1,LIDAR,-0.09856999999999999,-0.0025000000000000022,5.187894736842105,0.012500000000000011,2.6001973684210524
M9143,0.001,5.5e-05,-0.5,0.25,0.04,0.11711,0.2189,nSEG,1,LIDAR,-0.09811,-0.0189,5.163684210526316,0.0945,2.629092105263158
M9144,0.001,5.5e-05,-0.5,0.25,0.05,0.1165,0.2495,nSEG,1,LIDAR,-0.0975,-0.04949999999999999,5.131578947368421,0.24749999999999994,2.6895394736842104
M9145,0.001,5.5e-05,-0.5,0.25,0.08,0.11469,0.3277,nSEG,1,LIDAR,-0.09569,-0.12769999999999998,5.036315789473684,0.6384999999999998,2.8374078947368417
M9146,0.001,5.5e-05,-0.5,0.5,0.03,0.11789,0.1751,nSEG,1,LIDAR,-0.09888999999999999,0.024900000000000005,5.204736842105262,0.12450000000000003,2.6646184210526314
M9147,0.001,5.5e-05,-0.5,0.5,0.035,0.11753,0.1917,nSEG,1,LIDAR,-0.09852999999999999,0.008300000000000002,5.18578947368421,0.04150000000000001,2.613644736842105
M9148,0.001,5.5e-05,-0.5,0.5,0.04,0.11716,0.2073,nSEG,1,LIDAR,-0.09816,-0.007300000000000001,5.166315789473684,0.036500000000000005,2.601407894736842
M9149,0.001,5.5e-05,-0.5,0.5,0.05,0.11647,0.2361,nSEG,1,LIDAR,-0.09747,-0.03609999999999999,5.13,0.18049999999999997,2.65525
M9150,0.001,5.5e-05,-0.5,0.5,0.08,0.11471,0.3103,nSEG,1,LIDAR,-0.09571,-0.11030000000000001,5.037368421052632,0.5515,2.794434210526316
M9151,0.001,5.5e-05,-0.25,-0.5,0.03,0.11859,0.2443,nSEG,1,LIDAR,-0.09959,-0.04429999999999998,5.241578947368421,0.2214999999999999,2.7315394736842102
M9152,0.001,5.5e-05,-0.25,-0.5,0.035,0.11823,0.2675,nSEG,1,LIDAR,-0.09923,-0.0675,5.222631578947368,0.3375,2.780065789473684
M9153,0.001,5.5e-05,-0.25,-0.5,0.04,0.1179,0.2893,nSEG,1,LIDAR,-0.0989,-0.08929999999999999,5.205263157894737,0.44649999999999995,2.8258815789473686
M9154,0.001,5.5e-05,-0.25,-0.5,0.05,0.11729,0.3298,nSEG,1,LIDAR,-0.09829,-0.12979999999999997,5.173157894736843,0.6489999999999998,2.9110789473684213
M9155,0.001,5.5e-05,-0.25,-0.5,0.08,0.11567,0.4336,nSEG,1,LIDAR,-0.09666999999999999,-0.23359999999999997,5.087894736842105,1.1679999999999997,3.1279473684210526
M9156,0.001,5.5e-05,-0.25,-0.25,0.03,0.11851,0.2162,nSEG,1,LIDAR,-0.09951,-0.016199999999999992,5.237368421052632,0.08099999999999996,2.659184210526316
M9157,0.001,5.5e-05,-0.25,-0.25,0.035,0.11818,0.2368,nSEG,1,LIDAR,-0.09917999999999999,-0.0368,5.22,0.184,2.702
M9158,0.001,5.5e-05,-0.25,-0.25,0.04,0.11786,0.2561,nSEG,1,LIDAR,-0.09886,-0.05609999999999998,5.203157894736842,0.2804999999999999,2.741828947368421
M9159,0.001,5.5e-05,-0.25,-0.25,0.05,0.11726,0.2919,nSEG,1,LIDAR,-0.09826,-0.09189999999999998,5.171578947368421,0.4594999999999999,2.8155394736842108
M9160,0.001,5.5e-05,-0.25,-0.25,0.08,0.11563,0.3838,nSEG,1,LIDAR,-0.09663,-0.18379999999999996,5.08578947368421,0.9189999999999998,3.002394736842105
M9161,0.001,5.5e-05,-0.25,0.0,0.03,0.11846,0.1983,nSEG,1,LIDAR,-0.09945999999999999,0.001700000000000007,5.234736842105263,0.008500000000000035,2.621618421052631
M9162,0.001,5.5e-05,-0.25,0.0,0.035,0.11815,0.2172,nSEG,1,LIDAR,-0.09915,-0.017199999999999993,5.218421052631579,0.08599999999999997,2.65221052631579
M9163,0.001,5.5e-05,-0.25,0.0,0.04,0.11783,0.2349,nSEG,1,LIDAR,-0.09883,-0.03489999999999999,5.2015789473684215,0.17449999999999993,2.688039473684211
M9164,0.001,5.5e-05,-0.25,0.0,0.05,0.11721,0.2677,nSEG,1,LIDAR,-0.09820999999999999,-0.06769999999999998,5.168947368421052,0.3384999999999999,2.753723684210526
M9165,0.001,5.5e-05,-0.25,0.0,0.08,0.11564,0.3521,nSEG,1,LIDAR,-0.09664,-0.1521,5.086315789473685,0.7605000000000001,2.9234078947368425
M9166,0.001,5.5e-05,-0.25,0.25,0.03,0.11844,0.1854,nSEG,1,LIDAR,-0.09944,0.014600000000000002,5.233684210526316,0.07300000000000001,2.653342105263158
M9167,0.001,5.5e-05,-0.25,0.25,0.035,0.1181,0.2031,nSEG,1,LIDAR,-0.0991,-0.0030999999999999917,5.21578947368421,0.015499999999999958,2.615644736842105
M9168,0.001,5.5e-05,-0.25,0.25,0.04,0.11781,0.2197,nSEG,1,LIDAR,-0.09881,-0.019699999999999995,5.200526315789474,0.09849999999999998,2.6495131578947366
M9169,0.001,5.5e-05,-0.25,0.25,0.05,0.11716,0.2503,nSEG,1,LIDAR,-0.09816,-0.05030000000000001,5.166315789473684,0.25150000000000006,2.708907894736842
M9170,0.001,5.5e-05,-0.25,0.25,0.08,0.11561,0.3292,nSEG,1,LIDAR,-0.09661,-0.12919999999999998,5.084736842105263,0.6459999999999999,2.8653684210526316
M9171,0.001,5.5e-05,-0.25,0.5,0.03,0.11858,0.1757,nSEG,1,LIDAR,-0.09958,0.024300000000000016,5.241052631578947,0.12150000000000008,2.6812763157894737
M9172,0.001,5.5e-05,-0.25,0.5,0.035,0.11807,0.1922,nSEG,1,LIDAR,-0.09906999999999999,0.007800000000000001,5.214210526315789,0.03900000000000001,2.626605263157894
M9173,0.001,5.5e-05,-0.25,0.5,0.04,0.11777,0.2079,nSEG,1,LIDAR,-0.09877,-0.00789999999999999,5.198421052631579,0.03949999999999995,2.6189605263157896
M9174,0.001,5.5e-05,-0.25,0.5,0.05,0.11713,0.237,nSEG,1,LIDAR,-0.09813,-0.03699999999999998,5.164736842105263,0.1849999999999999,2.6748684210526315
M9175,0.001,5.5e-05,-0.25,0.5,0.08,0.11558,0.3117,nSEG,1,LIDAR,-0.09658,-0.11169999999999997,5.083157894736842,0.5584999999999998,2.8208289473684207
M9176,0.001,5.5e-05,0.0,-0.5,0.03,0.11891,0.2447,nSEG,1,LIDAR,-0.09991,-0.04469999999999999,5.258421052631579,0.22349999999999995,2.7409605263157895
M9177,0.001,5.5e-05,0.0,-0.5,0.035,0.11861,0.268,nSEG,1,LIDAR,-0.09960999999999999,-0.068,5.242631578947368,0.34,2.7913157894736838
M9178,0.001,5.5e-05,0.0,-0.5,0.04,0.11828,0.2899,nSEG,1,LIDAR,-0.09928,-0.08989999999999998,5.225263157894736,0.4494999999999999,2.837381578947368
M9179,0.001,5.5e-05,0.0,-0.5,0.05,0.11775,0.3305,nSEG,1,LIDAR,-0.09874999999999999,-0.1305,5.197368421052631,0.6525,2.9249342105263154
M9180,0.001,5.5e-05,0.0,-0.5,0.08,0.11623,0.4348,nSEG,1,LIDAR,-0.09723,-0.2348,5.117368421052632,1.174,3.1456842105263156
M9181,0.001,5.5e-05,0.0,-0.25,0.03,0.11883,0.2166,nSEG,1,LIDAR,-0.09983,-0.016599999999999976,5.25421052631579,0.08299999999999988,2.668605263157895
M9182,0.001,5.5e-05,0.0,-0.25,0.035,0.11855,0.2372,nSEG,1,LIDAR,-0.09955,-0.03719999999999998,5.239473684210527,0.18599999999999992,2.7127368421052633
M9183,0.001,5.5e-05,0.0,-0.25,0.04,0.11826,0.2566,nSEG,1,LIDAR,-0.09926,-0.056599999999999984,5.224210526315789,0.2829999999999999,2.753605263157895
M9184,0.001,5.5e-05,0.0,-0.25,0.05,0.11769,0.2926,nSEG,1,LIDAR,-0.09869,-0.09260000000000002,5.194210526315789,0.4630000000000001,2.8286052631578946
M9185,0.001,5.5e-05,0.0,-0.25,0.08,0.11624,0.385,nSEG,1,LIDAR,-0.09724,-0.185,5.117894736842105,0.9249999999999999,3.0214473684210525
M9186,0.001,5.5e-05,0.0,0.0,0.03,0.1188,0.1986,nSEG,1,LIDAR,-0.0998,0.0014000000000000123,5.252631578947368,0.007000000000000062,2.629815789473684
M9187,0.001,5.5e-05,0.0,0.0,0.035,0.11849,0.2176,nSEG,1,LIDAR,-0.09949,-0.017599999999999977,5.236315789473684,0.08799999999999988,2.662157894736842
M9188,0.001,5.5e-05,0.0,0.0,0.04,0.11823,0.2354,nSEG,1,LIDAR,-0.09923,-0.03539999999999999,5.222631578947368,0.17699999999999994,2.699815789473684
M9189,0.001,5.5e-05,0.0,0.0,0.05,0.11763,0.2683,nSEG,1,LIDAR,-0.09863,-0.06829999999999997,5.191052631578947,0.34149999999999986,2.7662763157894736
M9190,0.001,5.5e-05,0.0,0.0,0.08,0.1162,0.3531,nSEG,1,LIDAR,-0.0972,-0.1531,5.11578947368421,0.7655000000000001,2.9406447368421054
M9191,0.001,5.5e-05,0.0,0.25,0.03,0.11892,0.1859,nSEG,1,LIDAR,-0.09992,0.014100000000000001,5.258947368421053,0.07050000000000001,2.6647236842105264
M9192,0.001,5.5e-05,0.0,0.25,0.035,0.11845,0.2034,nSEG,1,LIDAR,-0.09945,-0.0033999999999999864,5.234210526315789,0.016999999999999932,2.6256052631578948
M9193,0.001,5.5e-05,0.0,0.25,0.04,0.11818,0.2201,nSEG,1,LIDAR,-0.09917999999999999,-0.02009999999999998,5.22,0.1004999999999999,2.66025
M9194,0.001,5.5e-05,0.0,0.25,0.05,0.11759,0.2509,nSEG,1,LIDAR,-0.09859,-0.0509,5.1889473684210525,0.2545,2.7217236842105264
M9195,0.001,5.5e-05,0.0,0.25,0.08,0.11617,0.3302,nSEG,1,LIDAR,-0.09716999999999999,-0.13019999999999998,5.114210526315789,0.6509999999999999,2.8826052631578944
M9196,0.001,5.5e-05,0.0,0.5,0.03,0.11888,0.176,nSEG,1,LIDAR,-0.09988,0.02400000000000002,5.256842105263158,0.1200000000000001,2.688421052631579
M9197,0.001,5.5e-05,0.0,0.5,0.035,0.11842,0.1926,nSEG,1,LIDAR,-0.09942,0.007400000000000018,5.232631578947368,0.03700000000000009,2.634815789473684
M9198,0.001,5.5e-05,0.0,0.5,0.04,0.11815,0.2083,nSEG,1,LIDAR,-0.09915,-0.008300000000000002,5.218421052631579,0.04150000000000001,2.6299605263157897
M9199,0.001,5.5e-05,0.0,0.5,0.05,0.11759,0.2375,nSEG,1,LIDAR,-0.09859,-0.03749999999999998,5.1889473684210525,0.1874999999999999,2.6882236842105263
M9200,0.001,5.5e-05,0.0,0.5,0.08,0.11616,0.3126,nSEG,1,LIDAR,-0.09716,-0.11259999999999998,5.113684210526316,0.5629999999999998,2.8383421052631577
M9201,0.001,5.5e-05,0.25,-0.5,0.03,0.11914,0.245,nSEG,1,LIDAR,-0.10013999999999999,-0.044999999999999984,5.270526315789473,0.22499999999999992,2.7477631578947364
M9202,0.001,5.5e-05,0.25,-0.5,0.035,0.11886,0.2683,nSEG,1,LIDAR,-0.09985999999999999,-0.06829999999999997,5.25578947368421,0.34149999999999986,2.798644736842105
M9203,0.001,5.5e-05,0.25,-0.5,0.04,0.11858,0.2903,nSEG,1,LIDAR,-0.09958,-0.09029999999999999,5.241052631578947,0.45149999999999996,2.8462763157894737
M9204,0.001,5.5e-05,0.25,-0.5,0.05,0.11807,0.3311,nSEG,1,LIDAR,-0.09906999999999999,-0.1311,5.214210526315789,0.6555,2.9348552631578944
M9205,0.001,5.5e-05,0.25,-0.5,0.08,0.11664,0.4358,nSEG,1,LIDAR,-0.09763999999999999,-0.2358,5.138947368421053,1.179,3.1589736842105265
M9206,0.001,5.5e-05,0.25,-0.25,0.03,0.11908,0.2169,nSEG,1,LIDAR,-0.10008,-0.0169,5.267368421052632,0.08449999999999999,2.675934210526316
M9207,0.001,5.5e-05,0.25,-0.25,0.035,0.1188,0.2375,nSEG,1,LIDAR,-0.0998,-0.03749999999999998,5.252631578947368,0.1874999999999999,2.720065789473684
M9208,0.001,5.5e-05,0.25,-0.25,0.04,0.11853,0.257,nSEG,1,LIDAR,-0.09953,-0.056999999999999995,5.238421052631579,0.285,2.7617105263157895
M9209,0.001,5.5e-05,0.25,-0.25,0.05,0.118,0.293,nSEG,1,LIDAR,-0.09899999999999999,-0.09299999999999997,5.2105263157894735,0.46499999999999986,2.8377631578947367
M9210,0.001,5.5e-05,0.25,-0.25,0.08,0.11665,0.3858,nSEG,1,LIDAR,-0.09765,-0.18579999999999997,5.139473684210526,0.9289999999999998,3.034236842105263
M9211,0.001,5.5e-05,0.25,0.0,0.03,0.11902,0.1989,nSEG,1,LIDAR,-0.10002,0.0011000000000000176,5.2642105263157895,0.005500000000000088,2.634855263157895
M9212,0.001,5.5e-05,0.25,0.0,0.035,0.11874,0.2178,nSEG,1,LIDAR,-0.09974,-0.017799999999999983,5.2494736842105265,0.08899999999999991,2.669236842105263
M9213,0.001,5.5e-05,0.25,0.0,0.04,0.1185,0.2357,nSEG,1,LIDAR,-0.09949999999999999,-0.03569999999999998,5.2368421052631575,0.1784999999999999,2.7076710526315786
M9214,0.001,5.5e-05,0.25,0.0,0.05,0.11794,0.2687,nSEG,1,LIDAR,-0.09894,-0.06869999999999998,5.207368421052632,0.3434999999999999,2.7754342105263157
M9215,0.001,5.5e-05,0.25,0.0,0.08,0.1166,0.3539,nSEG,1,LIDAR,-0.09759999999999999,-0.15389999999999998,5.136842105263158,0.7694999999999999,2.953171052631579
M9216,0.001,5.5e-05,0.25,0.25,0.03,0.11913,0.1861,nSEG,1,LIDAR,-0.10013,0.013900000000000023,5.27,0.06950000000000012,2.6697499999999996
M9217,0.001,5.5e-05,0.25,0.25,0.035,0.11872,0.2037,nSEG,1,LIDAR,-0.09972,-0.003699999999999981,5.2484210526315795,0.018499999999999905,2.6334605263157895
M9218,0.001,5.5e-05,0.25,0.25,0.04,0.11845,0.2204,nSEG,1,LIDAR,-0.09945,-0.0204,5.234210526315789,0.10200000000000001,2.6681052631578948
M9219,0.001,5.5e-05,0.25,0.25,0.05,0.11793,0.2513,nSEG,1,LIDAR,-0.09892999999999999,-0.05130000000000001,5.206842105263157,0.25650000000000006,2.7316710526315786
M9220,0.001,5.5e-05,0.25,0.25,0.08,0.11657,0.3309,nSEG,1,LIDAR,-0.09756999999999999,-0.13090000000000002,5.1352631578947365,0.6545000000000001,2.894881578947368
M9221,0.001,5.5e-05,0.25,0.5,0.03,0.11909,0.1761,nSEG,1,LIDAR,-0.10009,0.023900000000000005,5.267894736842106,0.11950000000000002,2.693697368421053
M9222,0.001,5.5e-05,0.25,0.5,0.035,0.11869,0.1928,nSEG,1,LIDAR,-0.09969,0.007200000000000012,5.246842105263158,0.03600000000000006,2.6414210526315793
M9223,0.001,5.5e-05,0.25,0.5,0.04,0.11842,0.2086,nSEG,1,LIDAR,-0.09942,-0.008599999999999997,5.232631578947368,0.04299999999999998,2.637815789473684
M9224,0.001,5.5e-05,0.25,0.5,0.05,0.11792,0.2379,nSEG,1,LIDAR,-0.09892,-0.03789999999999999,5.206315789473684,0.18949999999999995,2.697907894736842
M9225,0.001,5.5e-05,0.25,0.5,0.08,0.11656,0.3132,nSEG,1,LIDAR,-0.09756,-0.11319999999999997,5.134736842105263,0.5659999999999998,2.8503684210526314
M9226,0.001,5.5e-05,0.5,-0.5,0.03,0.11932,0.2452,nSEG,1,LIDAR,-0.10031999999999999,-0.04519999999999999,5.279999999999999,0.22599999999999995,2.7529999999999997
M9227,0.001,5.5e-05,0.5,-0.5,0.035,0.11905,0.2686,nSEG,1,LIDAR,-0.10005,-0.0686,5.265789473684211,0.34299999999999997,2.8043947368421054
M9228,0.001,5.5e-05,0.5,-0.5,0.04,0.11879,0.2906,nSEG,1,LIDAR,-0.09979,-0.09060000000000001,5.252105263157895,0.45300000000000007,2.8525526315789476
M9229,0.001,5.5e-05,0.5,-0.5,0.05,0.11831,0.3315,nSEG,1,LIDAR,-0.09931,-0.1315,5.226842105263158,0.6575,2.9421710526315787
M9230,0.001,5.5e-05,0.5,-0.5,0.08,0.11695,0.4365,nSEG,1,LIDAR,-0.09795,-0.2365,5.155263157894737,1.1824999999999999,3.1688815789473685
M9231,0.001,5.5e-05,0.5,-0.25,0.03,0.11926,0.217,nSEG,1,LIDAR,-0.10026,-0.016999999999999987,5.2768421052631584,0.08499999999999994,2.680921052631579
M9232,0.001,5.5e-05,0.5,-0.25,0.035,0.11899,0.2378,nSEG,1,LIDAR,-0.09999,-0.0378,5.262631578947368,0.189,2.725815789473684
M9233,0.001,5.5e-05,0.5,-0.25,0.04,0.11874,0.2573,nSEG,1,LIDAR,-0.09974,-0.05729999999999996,5.2494736842105265,0.2864999999999998,2.7679868421052634
M9234,0.001,5.5e-05,0.5,-0.25,0.05,0.11824,0.2934,nSEG,1,LIDAR,-0.09924,-0.09339999999999998,5.2231578947368416,0.4669999999999999,2.8450789473684206
M9235,0.001,5.5e-05,0.5,-0.25,0.08,0.11696,0.3865,nSEG,1,LIDAR,-0.09795999999999999,-0.1865,5.1557894736842105,0.9325,3.0441447368421053
M9236,0.001,5.5e-05,0.5,0.0,0.03,0.1192,0.199,nSEG,1,LIDAR,-0.1002,0.0010000000000000009,5.273684210526316,0.0050000000000000044,2.639342105263158
M9237,0.001,5.5e-05,0.5,0.0,0.035,0.11896,0.2181,nSEG,1,LIDAR,-0.09996,-0.018099999999999977,5.261052631578947,0.09049999999999989,2.675776315789473
M9238,0.001,5.5e-05,0.5,0.0,0.04,0.1187,0.236,nSEG,1,LIDAR,-0.0997,-0.035999999999999976,5.247368421052632,0.17999999999999988,2.7136842105263157
M9239,0.001,5.5e-05,0.5,0.0,0.05,0.11821,0.2691,nSEG,1,LIDAR,-0.09920999999999999,-0.0691,5.221578947368421,0.3455,2.7835394736842107
M9240,0.001,5.5e-05,0.5,0.0,0.08,0.11692,0.3544,nSEG,1,LIDAR,-0.09792,-0.15439999999999998,5.153684210526316,0.7719999999999999,2.962842105263158
M9241,0.001,5.5e-05,0.5,0.25,0.03,0.1193,0.1862,nSEG,1,LIDAR,-0.1003,0.013800000000000007,5.278947368421052,0.06900000000000003,2.673973684210526
M9242,0.001,5.5e-05,0.5,0.25,0.035,0.11891,0.2039,nSEG,1,LIDAR,-0.09991,-0.003899999999999987,5.258421052631579,0.019499999999999934,2.6389605263157896
M9243,0.001,5.5e-05,0.5,0.25,0.04,0.11866,0.2206,nSEG,1,LIDAR,-0.09966,-0.02059999999999998,5.245263157894737,0.1029999999999999,2.6741315789473683
M9244,0.001,5.5e-05,0.5,0.25,0.05,0.1182,0.2516,nSEG,1,LIDAR,-0.0992,-0.05159999999999998,5.221052631578948,0.2579999999999999,2.739526315789474
M9245,0.001,5.5e-05,0.5,0.25,0.08,0.1169,0.3314,nSEG,1,LIDAR,-0.0979,-0.13139999999999996,5.152631578947369,0.6569999999999998,2.9048157894736844
M9246,0.001,5.5e-05,0.5,0.5,0.03,0.11926,0.1763,nSEG,1,LIDAR,-0.10026,0.0237,5.2768421052631584,0.1185,2.6976710526315792
M9247,0.001,5.5e-05,0.5,0.5,0.035,0.11888,0.193,nSEG,1,LIDAR,-0.09988,0.007000000000000006,5.256842105263158,0.03500000000000003,2.645921052631579
M9248,0.001,5.5e-05,0.5,0.5,0.04,0.11862,0.2088,nSEG,1,LIDAR,-0.09962,-0.008800000000000002,5.243157894736842,0.04400000000000001,2.643578947368421
M9249,0.001,5.5e-05,0.5,0.5,0.05,0.11816,0.2382,nSEG,1,LIDAR,-0.09916,-0.038199999999999984,5.218947368421053,0.19099999999999992,2.7049736842105263
M9250,0.001,5.5e-05,0.5,0.5,0.08,0.11687,0.3137,nSEG,1,LIDAR,-0.09787,-0.11369999999999997,5.151052631578947,0.5684999999999998,2.8597763157894738
M9251,0.001,0.0001,-0.5,-0.5,0.03,0.13268,0.2613,nSEG,1,LIDAR,-0.11367999999999999,-0.061299999999999966,5.983157894736841,0.30649999999999983,3.1448289473684206
M9252,0.001,0.0001,-0.5,-0.5,0.035,0.13247,0.2864,nSEG,1,LIDAR,-0.11347,-0.08639999999999998,5.972105263157895,0.4319999999999999,3.202052631578947
M9253,0.001,0.0001,-0.5,-0.5,0.04,0.13227,0.31,nSEG,1,LIDAR,-0.11327,-0.10999999999999999,5.961578947368421,0.5499999999999999,3.2557894736842106
M9254,0.001,0.0001,-0.5,-0.5,0.05,0.13155,0.3532,nSEG,1,LIDAR,-0.11255,-0.1532,5.923684210526316,0.766,3.344842105263158
M9255,0.001,0.0001,-0.5,-0.5,0.08,0.1301,0.4653,nSEG,1,LIDAR,-0.11109999999999999,-0.2653,5.847368421052631,1.3264999999999998,3.586934210526316
M9256,0.001,0.0001,-0.5,-0.25,0.03,0.13247,0.2312,nSEG,1,LIDAR,-0.11347,-0.031199999999999978,5.972105263157895,0.1559999999999999,3.064052631578947
M9257,0.001,0.0001,-0.5,-0.25,0.035,0.13229,0.2533,nSEG,1,LIDAR,-0.11328999999999999,-0.053300000000000014,5.962631578947368,0.26650000000000007,3.114565789473684
M9258,0.001,0.0001,-0.5,-0.25,0.04,0.13204,0.2742,nSEG,1,LIDAR,-0.11303999999999999,-0.07419999999999999,5.949473684210526,0.37099999999999994,3.1602368421052627
M9259,0.001,0.0001,-0.5,-0.25,0.05,0.13165,0.3129,nSEG,1,LIDAR,-0.11264999999999999,-0.1129,5.928947368421052,0.5645,3.246723684210526
M9260,0.001,0.0001,-0.5,-0.25,0.08,0.13001,0.4118,nSEG,1,LIDAR,-0.11100999999999998,-0.2118,5.842631578947367,1.059,3.4508157894736837
M9261,0.001,0.0001,-0.5,0.0,0.03,0.13239,0.212,nSEG,1,LIDAR,-0.11339,-0.011999999999999983,5.967894736842106,0.059999999999999915,3.0139473684210527
M9262,0.001,0.0001,-0.5,0.0,0.035,0.13211,0.2322,nSEG,1,LIDAR,-0.11311,-0.03219999999999998,5.953157894736842,0.1609999999999999,3.057078947368421
M9263,0.001,0.0001,-0.5,0.0,0.04,0.13193,0.2514,nSEG,1,LIDAR,-0.11292999999999999,-0.0514,5.943684210526316,0.257,3.1003421052631577
M9264,0.001,0.0001,-0.5,0.0,0.05,0.13149,0.2868,nSEG,1,LIDAR,-0.11248999999999999,-0.08679999999999999,5.920526315789473,0.43399999999999994,3.177263157894737
M9265,0.001,0.0001,-0.5,0.0,0.08,0.12992,0.3776,nSEG,1,LIDAR,-0.11092,-0.17759999999999998,5.837894736842106,0.8879999999999999,3.362947368421053
M9266,0.001,0.0001,-0.5,0.25,0.03,0.13229,0.1981,nSEG,1,LIDAR,-0.11328999999999999,0.0019000000000000128,5.962631578947368,0.009500000000000064,2.986065789473684
M9267,0.001,0.0001,-0.5,0.25,0.035,0.13207,0.2171,nSEG,1,LIDAR,-0.11306999999999999,-0.017099999999999976,5.951052631578947,0.08549999999999988,3.0182763157894734
M9268,0.001,0.0001,-0.5,0.25,0.04,0.13178,0.2349,nSEG,1,LIDAR,-0.11278,-0.03489999999999999,5.935789473684211,0.17449999999999993,3.0551447368421054
M9269,0.001,0.0001,-0.5,0.25,0.05,0.13138,0.2681,nSEG,1,LIDAR,-0.11238,-0.0681,5.914736842105263,0.34049999999999997,3.1276184210526314
M9270,0.001,0.0001,-0.5,0.25,0.08,0.12983,0.353,nSEG,1,LIDAR,-0.11083,-0.15299999999999997,5.833157894736842,0.7649999999999998,3.2990789473684208
M9271,0.001,0.0001,-0.5,0.5,0.03,0.13214,0.1875,nSEG,1,LIDAR,-0.11314,0.012500000000000011,5.954736842105263,0.06250000000000006,3.0086184210526317
M9272,0.001,0.0001,-0.5,0.5,0.035,0.13198,0.2055,nSEG,1,LIDAR,-0.11297999999999998,-0.005499999999999977,5.946315789473683,0.027499999999999886,2.9869078947368415
M9273,0.001,0.0001,-0.5,0.5,0.04,0.13169,0.2223,nSEG,1,LIDAR,-0.11269,-0.022299999999999986,5.931052631578948,0.11149999999999993,3.021276315789474
M9274,0.001,0.0001,-0.5,0.5,0.05,0.13128,0.2537,nSEG,1,LIDAR,-0.11228,-0.05369999999999997,5.909473684210527,0.26849999999999985,3.088986842105263
M9275,0.001,0.0001,-0.5,0.5,0.08,0.12976,0.3341,nSEG,1,LIDAR,-0.11075999999999998,-0.1341,5.829473684210526,0.6705,3.2499868421052627
M9276,0.001,0.0001,-0.25,-0.5,0.03,0.13315,0.2619,nSEG,1,LIDAR,-0.11414999999999999,-0.06190000000000001,6.007894736842105,0.30950000000000005,3.1586973684210524
M9277,0.001,0.0001,-0.25,-0.5,0.035,0.13295,0.287,nSEG,1,LIDAR,-0.11395000000000001,-0.08699999999999997,5.997368421052633,0.43499999999999983,3.216184210526316
M9278,0.001,0.0001,-0.25,-0.5,0.04,0.13279,0.3107,nSEG,1,LIDAR,-0.11378999999999999,-0.11069999999999997,5.988947368421052,0.5534999999999998,3.271223684210526
M9279,0.001,0.0001,-0.25,-0.5,0.05,0.13246,0.3547,nSEG,1,LIDAR,-0.11345999999999999,-0.1547,5.971578947368421,0.7735,3.3725394736842107
M9280,0.001,0.0001,-0.25,-0.5,0.08,0.13091,0.467,nSEG,1,LIDAR,-0.11191,-0.267,5.89,1.335,3.6125
M9281,0.001,0.0001,-0.25,-0.25,0.03,0.13299,0.2317,nSEG,1,LIDAR,-0.11399,-0.03169999999999998,5.9994736842105265,0.1584999999999999,3.0789868421052633
M9282,0.001,0.0001,-0.25,-0.25,0.035,0.13274,0.2539,nSEG,1,LIDAR,-0.11374,-0.0539,5.986315789473684,0.2695,3.127907894736842
M9283,0.001,0.0001,-0.25,-0.25,0.04,0.13256,0.2748,nSEG,1,LIDAR,-0.11356000000000001,-0.07479999999999998,5.976842105263159,0.3739999999999999,3.175421052631579
M9284,0.001,0.0001,-0.25,-0.25,0.05,0.13224,0.3138,nSEG,1,LIDAR,-0.11324,-0.11380000000000001,5.96,0.5690000000000001,3.2645
M9285,0.001,0.0001,-0.25,-0.25,0.08,0.13081,0.4133,nSEG,1,LIDAR,-0.11181,-0.2133,5.884736842105264,1.0664999999999998,3.4756184210526317
M9286,0.001,0.0001,-0.25,0.0,0.03,0.13284,0.2124,nSEG,1,LIDAR,-0.11384000000000001,-0.012399999999999994,5.991578947368422,0.06199999999999997,3.026789473684211
M9287,0.001,0.0001,-0.25,0.0,0.035,0.13259,0.2327,nSEG,1,LIDAR,-0.11359000000000001,-0.03269999999999998,5.97842105263158,0.1634999999999999,3.07096052631579
M9288,0.001,0.0001,-0.25,0.0,0.04,0.13244,0.252,nSEG,1,LIDAR,-0.11344,-0.05199999999999999,5.970526315789474,0.25999999999999995,3.115263157894737
M9289,0.001,0.0001,-0.25,0.0,0.05,0.13208,0.2876,nSEG,1,LIDAR,-0.11308,-0.08760000000000001,5.9515789473684215,0.43800000000000006,3.1947894736842106
M9290,0.001,0.0001,-0.25,0.0,0.08,0.13072,0.379,nSEG,1,LIDAR,-0.11172,-0.179,5.88,0.8949999999999999,3.3874999999999997
M9291,0.001,0.0001,-0.25,0.25,0.03,0.13273,0.1985,nSEG,1,LIDAR,-0.11372999999999998,0.0015000000000000013,5.98578947368421,0.007500000000000007,2.996644736842105
M9292,0.001,0.0001,-0.25,0.25,0.035,0.13255,0.2176,nSEG,1,LIDAR,-0.11355,-0.017599999999999977,5.976315789473684,0.08799999999999988,3.032157894736842
M9293,0.001,0.0001,-0.25,0.25,0.04,0.1323,0.2355,nSEG,1,LIDAR,-0.1133,-0.035499999999999976,5.963157894736842,0.17749999999999988,3.070328947368421
M9294,0.001,0.0001,-0.25,0.25,0.05,0.13195,0.2688,nSEG,1,LIDAR,-0.11295000000000001,-0.06879999999999997,5.9447368421052635,0.34399999999999986,3.144368421052632
M9295,0.001,0.0001,-0.25,0.25,0.08,0.13063,0.3543,nSEG,1,LIDAR,-0.11163,-0.1543,5.875263157894737,0.7715,3.323381578947368
M9296,0.001,0.0001,-0.25,0.5,0.03,0.13259,0.1878,nSEG,1,LIDAR,-0.11359000000000001,0.012200000000000016,5.97842105263158,0.06100000000000008,3.01971052631579
M9297,0.001,0.0001,-0.25,0.5,0.035,0.13246,0.2059,nSEG,1,LIDAR,-0.11345999999999999,-0.005899999999999989,5.971578947368421,0.029499999999999943,3.0005394736842104
M9298,0.001,0.0001,-0.25,0.5,0.04,0.13229,0.2229,nSEG,1,LIDAR,-0.11328999999999999,-0.022899999999999976,5.962631578947368,0.11449999999999988,3.038565789473684
M9299,0.001,0.0001,-0.25,0.5,0.05,0.13186,0.2544,nSEG,1,LIDAR,-0.11286,-0.054400000000000004,5.94,0.272,3.1060000000000003
M9300,0.001,0.0001,-0.25,0.5,0.08,0.13056,0.3353,nSEG,1,LIDAR,-0.11156,-0.13529999999999998,5.8715789473684215,0.6764999999999999,3.2740394736842107
M9301,0.001,0.0001,0.0,-0.5,0.03,0.13341,0.2622,nSEG,1,LIDAR,-0.11441,-0.06219999999999998,6.021578947368421,0.3109999999999999,3.1662894736842104
M9302,0.001,0.0001,0.0,-0.5,0.035,0.13326,0.2874,nSEG,1,LIDAR,-0.11425999999999999,-0.08739999999999998,6.013684210526315,0.4369999999999999,3.2253421052631577
M9303,0.001,0.0001,0.0,-0.5,0.04,0.13311,0.3112,nSEG,1,LIDAR,-0.11411,-0.11119999999999997,6.005789473684211,0.5559999999999998,3.2808947368421055
M9304,0.001,0.0001,0.0,-0.5,0.05,0.13284,0.3553,nSEG,1,LIDAR,-0.11384000000000001,-0.1553,5.991578947368422,0.7765,3.3840394736842105
M9305,0.001,0.0001,0.0,-0.5,0.08,0.13144,0.4681,nSEG,1,LIDAR,-0.11244,-0.2681,5.917894736842105,1.3405,3.6291973684210523
M9306,0.001,0.0001,0.0,-0.25,0.03,0.13327,0.232,nSEG,1,LIDAR,-0.11427,-0.032,6.0142105263157895,0.16,3.087105263157895
M9307,0.001,0.0001,0.0,-0.25,0.035,0.13305,0.2542,nSEG,1,LIDAR,-0.11405,-0.05419999999999997,6.002631578947368,0.27099999999999985,3.136815789473684
M9308,0.001,0.0001,0.0,-0.25,0.04,0.1329,0.2752,nSEG,1,LIDAR,-0.11389999999999999,-0.07519999999999999,5.9947368421052625,0.37599999999999995,3.1853684210526314
M9309,0.001,0.0001,0.0,-0.25,0.05,0.13262,0.3143,nSEG,1,LIDAR,-0.11361999999999998,-0.11430000000000001,5.9799999999999995,0.5715,3.27575
M9310,0.001,0.0001,0.0,-0.25,0.08,0.13133,0.4143,nSEG,1,LIDAR,-0.11233,-0.2143,5.912105263157895,1.0715,3.491802631578947
M9311,0.001,0.0001,0.0,0.0,0.03,0.13312,0.2127,nSEG,1,LIDAR,-0.11411999999999999,-0.012699999999999989,6.006315789473684,0.06349999999999995,3.034907894736842
M9312,0.001,0.0001,0.0,0.0,0.035,0.13298,0.2331,nSEG,1,LIDAR,-0.11397999999999998,-0.03309999999999999,5.998947368421052,0.16549999999999995,3.082223684210526
M9313,0.001,0.0001,0.0,0.0,0.04,0.13276,0.2523,nSEG,1,LIDAR,-0.11375999999999999,-0.05230000000000001,5.987368421052631,0.26150000000000007,3.1244342105263154
M9314,0.001,0.0001,0.0,0.0,0.05,0.13245,0.2881,nSEG,1,LIDAR,-0.11345000000000001,-0.08810000000000001,5.971052631578948,0.44050000000000006,3.205776315789474
M9315,0.001,0.0001,0.0,0.0,0.08,0.13123,0.3799,nSEG,1,LIDAR,-0.11223000000000001,-0.1799,5.906842105263158,0.8995,3.403171052631579
M9316,0.001,0.0001,0.0,0.25,0.03,0.13296,0.1987,nSEG,1,LIDAR,-0.11395999999999999,0.0013000000000000234,5.997894736842105,0.006500000000000117,3.0021973684210526
M9317,0.001,0.0001,0.0,0.25,0.035,0.13286,0.2179,nSEG,1,LIDAR,-0.11386,-0.0179,5.9926315789473685,0.0895,3.0410657894736843
M9318,0.001,0.0001,0.0,0.25,0.04,0.13264,0.2359,nSEG,1,LIDAR,-0.11364,-0.03589999999999999,5.981052631578947,0.17949999999999994,3.0802763157894737
M9319,0.001,0.0001,0.0,0.25,0.05,0.13233,0.2693,nSEG,1,LIDAR,-0.11333,-0.06929999999999997,5.964736842105263,0.34649999999999986,3.1556184210526315
M9320,0.001,0.0001,0.0,0.25,0.08,0.13115,0.3551,nSEG,1,LIDAR,-0.11214999999999999,-0.15510000000000002,5.902631578947368,0.7755000000000001,3.339065789473684
M9321,0.001,0.0001,0.0,0.5,0.03,0.13287,0.1881,nSEG,1,LIDAR,-0.11386999999999999,0.011900000000000022,5.993157894736841,0.05950000000000011,3.0263289473684205
M9322,0.001,0.0001,0.0,0.5,0.035,0.13277,0.2062,nSEG,1,LIDAR,-0.11377,-0.006199999999999983,5.987894736842105,0.030999999999999917,3.0094473684210525
M9323,0.001,0.0001,0.0,0.5,0.04,0.13262,0.2233,nSEG,1,LIDAR,-0.11361999999999998,-0.023299999999999987,5.9799999999999995,0.11649999999999994,3.04825
M9324,0.001,0.0001,0.0,0.5,0.05,0.13227,0.2549,nSEG,1,LIDAR,-0.11327,-0.054900000000000004,5.961578947368421,0.2745,3.1180394736842105
M9325,0.001,0.0001,0.0,0.5,0.08,0.13139,0.3366,nSEG,1,LIDAR,-0.11239,-0.1366,5.915263157894737,0.6829999999999999,3.2991315789473683
M9326,0.001,0.0001,0.25,-0.5,0.03,0.13362,0.2624,nSEG,1,LIDAR,-0.11461999999999999,-0.06240000000000001,6.032631578947368,0.31200000000000006,3.172315789473684
M9327,0.001,0.0001,0.25,-0.5,0.035,0.13349,0.2877,nSEG,1,LIDAR,-0.11449,-0.0877,6.025789473684211,0.4385,3.2321447368421055
M9328,0.001,0.0001,0.25,-0.5,0.04,0.13337,0.3115,nSEG,1,LIDAR,-0.11436999999999999,-0.11149999999999999,6.019473684210526,0.5574999999999999,3.288486842105263
M9329,0.001,0.0001,0.25,-0.5,0.05,0.13311,0.3558,nSEG,1,LIDAR,-0.11411,-0.1558,6.005789473684211,0.7789999999999999,3.3923947368421055
M9330,0.001,0.0001,0.25,-0.5,0.08,0.13181,0.4689,nSEG,1,LIDAR,-0.11281000000000001,-0.2689,5.937368421052632,1.3444999999999998,3.640934210526316
M9331,0.001,0.0001,0.25,-0.25,0.03,0.13347,0.2322,nSEG,1,LIDAR,-0.11447,-0.03219999999999998,6.024736842105264,0.1609999999999999,3.0928684210526316
M9332,0.001,0.0001,0.25,-0.25,0.035,0.13328,0.2545,nSEG,1,LIDAR,-0.11428,-0.05449999999999999,6.014736842105264,0.27249999999999996,3.143618421052632
M9333,0.001,0.0001,0.25,-0.25,0.04,0.13314,0.2755,nSEG,1,LIDAR,-0.11414,-0.07550000000000001,6.007368421052632,0.37750000000000006,3.1924342105263164
M9334,0.001,0.0001,0.25,-0.25,0.05,0.13289,0.3147,nSEG,1,LIDAR,-0.11389,-0.11469999999999997,5.99421052631579,0.5734999999999998,3.283855263157895
M9335,0.001,0.0001,0.25,-0.25,0.08,0.13171,0.415,nSEG,1,LIDAR,-0.11270999999999999,-0.21499999999999997,5.9321052631578945,1.0749999999999997,3.5035526315789474
M9336,0.001,0.0001,0.25,0.0,0.03,0.13333,0.2129,nSEG,1,LIDAR,-0.11433,-0.012899999999999995,6.017368421052632,0.06449999999999997,3.040934210526316
M9337,0.001,0.0001,0.25,0.0,0.035,0.1332,0.2334,nSEG,1,LIDAR,-0.11420000000000001,-0.033399999999999985,6.010526315789474,0.16699999999999993,3.088763157894737
M9338,0.001,0.0001,0.25,0.0,0.04,0.133,0.2526,nSEG,1,LIDAR,-0.114,-0.05259999999999998,6.0,0.2629999999999999,3.1315
M9339,0.001,0.0001,0.25,0.0,0.05,0.13273,0.2884,nSEG,1,LIDAR,-0.11372999999999998,-0.08839999999999998,5.98578947368421,0.4419999999999999,3.213894736842105
M9340,0.001,0.0001,0.25,0.0,0.08,0.13161,0.3805,nSEG,1,LIDAR,-0.11261,-0.1805,5.926842105263158,0.9025,3.414671052631579
M9341,0.001,0.0001,0.25,0.25,0.03,0.13316,0.1989,nSEG,1,LIDAR,-0.11416,0.0011000000000000176,6.008421052631579,0.005500000000000088,3.00696052631579
M9342,0.001,0.0001,0.25,0.25,0.035,0.13308,0.2181,nSEG,1,LIDAR,-0.11408,-0.018099999999999977,6.00421052631579,0.09049999999999989,3.0473552631578946
M9343,0.001,0.0001,0.25,0.25,0.04,0.13288,0.2361,nSEG,1,LIDAR,-0.11388,-0.03609999999999999,5.9936842105263155,0.18049999999999997,3.087092105263158
M9344,0.001,0.0001,0.25,0.25,0.05,0.13262,0.2696,nSEG,1,LIDAR,-0.11361999999999998,-0.0696,5.9799999999999995,0.348,3.1639999999999997
M9345,0.001,0.0001,0.25,0.25,0.08,0.13152,0.3557,nSEG,1,LIDAR,-0.11252,-0.1557,5.922105263157895,0.7785,3.3503026315789475
M9346,0.001,0.0001,0.25,0.5,0.03,0.13308,0.1883,nSEG,1,LIDAR,-0.11408,0.011700000000000016,6.00421052631579,0.05850000000000008,3.031355263157895
M9347,0.001,0.0001,0.25,0.5,0.035,0.13299,0.2064,nSEG,1,LIDAR,-0.11399,-0.006399999999999989,5.9994736842105265,0.031999999999999945,3.0157368421052633
M9348,0.001,0.0001,0.25,0.5,0.04,0.13286,0.2235,nSEG,1,LIDAR,-0.11386,-0.023499999999999993,5.9926315789473685,0.11749999999999997,3.055065789473684
M9349,0.001,0.0001,0.25,0.5,0.05,0.13254,0.2552,nSEG,1,LIDAR,-0.11353999999999999,-0.05519999999999997,5.97578947368421,0.27599999999999986,3.125894736842105
M9350,0.001,0.0001,0.25,0.5,0.08,0.13146,0.3367,nSEG,1,LIDAR,-0.11245999999999999,-0.1367,5.918947368421052,0.6834999999999999,3.301223684210526
M9351,0.001,0.0001,0.5,-0.5,0.03,0.13378,0.2626,nSEG,1,LIDAR,-0.11478000000000001,-0.06259999999999999,6.041052631578948,0.31299999999999994,3.177026315789474
M9352,0.001,0.0001,0.5,-0.5,0.035,0.13366,0.2879,nSEG,1,LIDAR,-0.11466,-0.08789999999999998,6.034736842105263,0.4394999999999999,3.2371184210526316
M9353,0.001,0.0001,0.5,-0.5,0.04,0.13355,0.3118,nSEG,1,LIDAR,-0.11455,-0.11180000000000001,6.028947368421052,0.559,3.2939736842105263
M9354,0.001,0.0001,0.5,-0.5,0.05,0.13332,0.3561,nSEG,1,LIDAR,-0.11431999999999999,-0.15610000000000002,6.016842105263158,0.7805000000000001,3.398671052631579
M9355,0.001,0.0001,0.5,-0.5,0.08,0.1321,0.4696,nSEG,1,LIDAR,-0.11309999999999999,-0.2696,5.9526315789473685,1.3479999999999999,3.650315789473684
M9356,0.001,0.0001,0.5,-0.25,0.03,0.13363,0.2324,nSEG,1,LIDAR,-0.11463,-0.032399999999999984,6.033157894736842,0.16199999999999992,3.097578947368421
M9357,0.001,0.0001,0.5,-0.25,0.035,0.13345,0.2547,nSEG,1,LIDAR,-0.11445000000000001,-0.05469999999999997,6.023684210526317,0.27349999999999985,3.148592105263158
M9358,0.001,0.0001,0.5,-0.25,0.04,0.13334,0.2758,nSEG,1,LIDAR,-0.11433999999999998,-0.07579999999999998,6.017894736842105,0.3789999999999999,3.198447368421052
M9359,0.001,0.0001,0.5,-0.25,0.05,0.1331,0.315,nSEG,1,LIDAR,-0.1141,-0.11499999999999999,6.005263157894737,0.575,3.2901315789473684
M9360,0.001,0.0001,0.5,-0.25,0.08,0.132,0.4156,nSEG,1,LIDAR,-0.113,-0.2156,5.947368421052632,1.078,3.512684210526316
M9361,0.001,0.0001,0.5,0.0,0.03,0.13348,0.213,nSEG,1,LIDAR,-0.11447999999999998,-0.012999999999999984,6.025263157894736,0.06499999999999992,3.045131578947368
M9362,0.001,0.0001,0.5,0.0,0.035,0.13337,0.2335,nSEG,1,LIDAR,-0.11436999999999999,-0.0335,6.019473684210526,0.1675,3.0934868421052633
M9363,0.001,0.0001,0.5,0.0,0.04,0.13318,0.2528,nSEG,1,LIDAR,-0.11417999999999999,-0.052800000000000014,6.009473684210526,0.26400000000000007,3.1367368421052633
M9364,0.001,0.0001,0.5,0.0,0.05,0.13294,0.2887,nSEG,1,LIDAR,-0.11394,-0.0887,5.996842105263158,0.4435,3.220171052631579
M9365,0.001,0.0001,0.5,0.0,0.08,0.1319,0.381,nSEG,1,LIDAR,-0.11289999999999999,-0.181,5.942105263157894,0.9049999999999999,3.4235526315789473
M9366,0.001,0.0001,0.5,0.25,0.03,0.13332,0.1991,nSEG,1,LIDAR,-0.11431999999999999,0.0009000000000000119,6.016842105263158,0.0045000000000000595,3.010671052631579
M9367,0.001,0.0001,0.5,0.25,0.035,0.13325,0.2183,nSEG,1,LIDAR,-0.11425,-0.018299999999999983,6.0131578947368425,0.09149999999999991,3.052328947368421
M9368,0.001,0.0001,0.5,0.25,0.04,0.13314,0.2364,nSEG,1,LIDAR,-0.11414,-0.03639999999999999,6.007368421052632,0.18199999999999994,3.0946842105263164
M9369,0.001,0.0001,0.5,0.25,0.05,0.13283,0.2699,nSEG,1,LIDAR,-0.11383,-0.06989999999999996,5.991052631578947,0.3494999999999998,3.1702763157894736
M9370,0.001,0.0001,0.5,0.25,0.08,0.13181,0.3562,nSEG,1,LIDAR,-0.11281000000000001,-0.1562,5.937368421052632,0.781,3.359184210526316
M9371,0.001,0.0001,0.5,0.5,0.03,0.13324,0.1884,nSEG,1,LIDAR,-0.11424,0.0116,6.012631578947368,0.057999999999999996,3.035315789473684
M9372,0.001,0.0001,0.5,0.5,0.035,0.13316,0.2066,nSEG,1,LIDAR,-0.11416,-0.006599999999999995,6.008421052631579,0.032999999999999974,3.02071052631579
M9373,0.001,0.0001,0.5,0.5,0.04,0.13304,0.2237,nSEG,1,LIDAR,-0.11403999999999999,-0.0237,6.002105263157894,0.1185,3.060302631578947
M9374,0.001,0.0001,0.5,0.5,0.05,0.13275,0.2554,nSEG,1,LIDAR,-0.11375,-0.055400000000000005,5.986842105263158,0.277,3.1319210526315793
M9375,0.001,0.0001,0.5,0.5,0.08,0.13175,0.3371,nSEG,1,LIDAR,-0.11275,-0.1371,5.934210526315789,0.6855,3.309855263157895
