model,kt,ka,st_coeff,sa_coeff,n,flow_out_reach,stream_depth,geom,icalc,elev,flow_diff,depth_diff,flow_perc_err,depth_perc_err,combined_perc_err
M3126,1e-05,1e-06,-0.5,-0.5,0.03,0.0035343,0.01945,2SEG,1,LIDAR,0.015465699999999999,0.18055000000000002,0.8139842105263158,0.90275,0.8583671052631578
M3127,1e-05,1e-06,-0.5,-0.5,0.035,0.0035313,0.02132,2SEG,1,LIDAR,0.0154687,0.17868,0.8141421052631579,0.8934,0.8537710526315789
M3128,1e-05,1e-06,-0.5,-0.5,0.04,0.0035285,0.02309,2SEG,1,LIDAR,0.0154715,0.17691,0.8142894736842105,0.8845500000000001,0.8494197368421053
M3129,1e-05,1e-06,-0.5,-0.5,0.05,0.0035234,0.02638,2SEG,1,LIDAR,0.0154766,0.17362,0.8145578947368421,0.8681,0.8413289473684211
M3130,1e-05,1e-06,-0.5,-0.5,0.08,0.00351,0.03489,2SEG,1,LIDAR,0.01549,0.16511,0.8152631578947369,0.82555,0.8204065789473685
M3131,1e-05,1e-06,-0.5,-0.25,0.03,0.0035356,0.01723,2SEG,1,LIDAR,0.0154644,0.18277000000000002,0.8139157894736843,0.91385,0.8638828947368422
M3132,1e-05,1e-06,-0.5,-0.25,0.035,0.0035328,0.01889,2SEG,1,LIDAR,0.0154672,0.18111000000000002,0.8140631578947369,0.9055500000000001,0.8598065789473686
M3133,1e-05,1e-06,-0.5,-0.25,0.04,0.0035301,0.02045,2SEG,1,LIDAR,0.0154699,0.17955000000000002,0.8142052631578948,0.89775,0.8559776315789474
M3134,1e-05,1e-06,-0.5,-0.25,0.05,0.0035252,0.02336,2SEG,1,LIDAR,0.0154748,0.17664000000000002,0.8144631578947369,0.8832000000000001,0.8488315789473685
M3135,1e-05,1e-06,-0.5,-0.25,0.08,0.0035124,0.03091,2SEG,1,LIDAR,0.015487599999999999,0.16909000000000002,0.8151368421052632,0.84545,0.8302934210526316
M3136,1e-05,1e-06,-0.5,0.0,0.03,0.0035364,0.0158,2SEG,1,LIDAR,0.0154636,0.1842,0.8138736842105263,0.9209999999999999,0.8674368421052632
M3137,1e-05,1e-06,-0.5,0.0,0.035,0.0035337,0.01733,2SEG,1,LIDAR,0.015466299999999999,0.18267,0.8140157894736841,0.91335,0.863682894736842
M3138,1e-05,1e-06,-0.5,0.0,0.04,0.0035311,0.01876,2SEG,1,LIDAR,0.015468899999999999,0.18124,0.8141526315789474,0.9062,0.8601763157894737
M3139,1e-05,1e-06,-0.5,0.0,0.05,0.0035263,0.02144,2SEG,1,LIDAR,0.0154737,0.17856,0.8144052631578947,0.8927999999999999,0.8536026315789473
M3140,1e-05,1e-06,-0.5,0.0,0.08,0.0035139,0.02836,2SEG,1,LIDAR,0.0154861,0.17164000000000001,0.8150578947368421,0.8582000000000001,0.8366289473684211
M3141,1e-05,1e-06,-0.5,0.25,0.03,0.003537,0.01478,2SEG,1,LIDAR,0.015463,0.18522000000000002,0.8138421052631579,0.9261,0.8699710526315789
M3142,1e-05,1e-06,-0.5,0.25,0.035,0.0035344,0.01621,2SEG,1,LIDAR,0.0154656,0.18379,0.813978947368421,0.91895,0.8664644736842105
M3143,1e-05,1e-06,-0.5,0.25,0.04,0.0035318,0.01755,2SEG,1,LIDAR,0.0154682,0.18245,0.8141157894736842,0.91225,0.8631828947368421
M3144,1e-05,1e-06,-0.5,0.25,0.05,0.0035271,0.02005,2SEG,1,LIDAR,0.0154729,0.17995,0.8143631578947368,0.8997499999999999,0.8570565789473683
M3145,1e-05,1e-06,-0.5,0.25,0.08,0.003515,0.02653,2SEG,1,LIDAR,0.015484999999999999,0.17347,0.815,0.8673500000000001,0.841175
M3146,1e-05,1e-06,-0.5,0.5,0.03,0.0035375,0.014,2SEG,1,LIDAR,0.0154625,0.186,0.8138157894736843,0.9299999999999999,0.8719078947368422
M3147,1e-05,1e-06,-0.5,0.5,0.035,0.0035349,0.01535,2SEG,1,LIDAR,0.015465099999999999,0.18465,0.8139526315789474,0.92325,0.8686013157894736
M3148,1e-05,1e-06,-0.5,0.5,0.04,0.0035324,0.01662,2SEG,1,LIDAR,0.0154676,0.18338000000000002,0.8140842105263157,0.9169,0.8654921052631579
M3149,1e-05,1e-06,-0.5,0.5,0.05,0.0035278,0.01899,2SEG,1,LIDAR,0.015472199999999998,0.18101,0.8143263157894737,0.90505,0.8596881578947368
M3150,1e-05,1e-06,-0.5,0.5,0.08,0.0035158,0.02512,2SEG,1,LIDAR,0.0154842,0.17488,0.8149578947368421,0.8744,0.8446789473684211
M3151,1e-05,1e-06,-0.25,-0.5,0.03,0.0035364,0.01946,2SEG,1,LIDAR,0.0154636,0.18054,0.8138736842105263,0.9027,0.8582868421052632
M3152,1e-05,1e-06,-0.25,-0.5,0.035,0.0035337,0.02133,2SEG,1,LIDAR,0.015466299999999999,0.17867000000000002,0.8140157894736841,0.8933500000000001,0.8536828947368421
M3153,1e-05,1e-06,-0.25,-0.5,0.04,0.0035311,0.0231,2SEG,1,LIDAR,0.015468899999999999,0.1769,0.8141526315789474,0.8845,0.8493263157894737
M3154,1e-05,1e-06,-0.25,-0.5,0.05,0.0035263,0.02639,2SEG,1,LIDAR,0.0154737,0.17361000000000001,0.8144052631578947,0.86805,0.8412276315789473
M3155,1e-05,1e-06,-0.25,-0.5,0.08,0.0035139,0.03491,2SEG,1,LIDAR,0.0154861,0.16509000000000001,0.8150578947368421,0.82545,0.820253947368421
M3156,1e-05,1e-06,-0.25,-0.25,0.03,0.0035377,0.01723,2SEG,1,LIDAR,0.0154623,0.18277000000000002,0.8138052631578948,0.91385,0.8638276315789475
M3157,1e-05,1e-06,-0.25,-0.25,0.035,0.0035351,0.01889,2SEG,1,LIDAR,0.0154649,0.18111000000000002,0.8139421052631579,0.9055500000000001,0.859746052631579
M3158,1e-05,1e-06,-0.25,-0.25,0.04,0.0035327,0.02046,2SEG,1,LIDAR,0.0154673,0.17954,0.8140684210526316,0.8976999999999999,0.8558842105263158
M3159,1e-05,1e-06,-0.25,-0.25,0.05,0.0035281,0.02337,2SEG,1,LIDAR,0.0154719,0.17663,0.8143105263157895,0.88315,0.8487302631578948
M3160,1e-05,1e-06,-0.25,-0.25,0.08,0.0035162,0.03093,2SEG,1,LIDAR,0.015483799999999999,0.16907,0.8149368421052631,0.8453499999999999,0.8301434210526315
M3161,1e-05,1e-06,-0.25,0.0,0.03,0.0035386,0.01581,2SEG,1,LIDAR,0.0154614,0.18419000000000002,0.8137578947368421,0.92095,0.8673539473684211
M3162,1e-05,1e-06,-0.25,0.0,0.035,0.0035361,0.01733,2SEG,1,LIDAR,0.0154639,0.18267,0.8138894736842105,0.91335,0.8636197368421052
M3163,1e-05,1e-06,-0.25,0.0,0.04,0.0035337,0.01877,2SEG,1,LIDAR,0.015466299999999999,0.18123,0.8140157894736841,0.90615,0.8600828947368421
M3164,1e-05,1e-06,-0.25,0.0,0.05,0.0035292,0.02145,2SEG,1,LIDAR,0.0154708,0.17855000000000001,0.8142526315789473,0.89275,0.8535013157894737
M3165,1e-05,1e-06,-0.25,0.0,0.08,0.0035177,0.02838,2SEG,1,LIDAR,0.0154823,0.17162000000000002,0.8148578947368421,0.8581000000000001,0.8364789473684211
M3166,1e-05,1e-06,-0.25,0.25,0.03,0.0035392,0.01479,2SEG,1,LIDAR,0.0154608,0.18521,0.8137263157894737,0.92605,0.8698881578947368
M3167,1e-05,1e-06,-0.25,0.25,0.035,0.0035367,0.01621,2SEG,1,LIDAR,0.0154633,0.18379,0.8138578947368421,0.91895,0.8664039473684211
M3168,1e-05,1e-06,-0.25,0.25,0.04,0.0035344,0.01756,2SEG,1,LIDAR,0.0154656,0.18244000000000002,0.813978947368421,0.9122,0.8630894736842105
M3169,1e-05,1e-06,-0.25,0.25,0.05,0.0035301,0.02006,2SEG,1,LIDAR,0.0154699,0.17994000000000002,0.8142052631578948,0.8997,0.8569526315789474
M3170,1e-05,1e-06,-0.25,0.25,0.08,0.0035188,0.02654,2SEG,1,LIDAR,0.0154812,0.17346,0.8148000000000001,0.8673,0.8410500000000001
M3171,1e-05,1e-06,-0.25,0.5,0.03,0.0035397,0.014,2SEG,1,LIDAR,0.0154603,0.186,0.8137,0.9299999999999999,0.87185
M3172,1e-05,1e-06,-0.25,0.5,0.035,0.0035372,0.01535,2SEG,1,LIDAR,0.015462799999999999,0.18465,0.8138315789473684,0.92325,0.8685407894736842
M3173,1e-05,1e-06,-0.25,0.5,0.04,0.003535,0.01663,2SEG,1,LIDAR,0.015465,0.18337,0.8139473684210526,0.9168499999999999,0.8653986842105263
M3174,1e-05,1e-06,-0.25,0.5,0.05,0.0035307,0.01899,2SEG,1,LIDAR,0.0154693,0.18101,0.8141736842105264,0.90505,0.8596118421052632
M3175,1e-05,1e-06,-0.25,0.5,0.08,0.0035197,0.02514,2SEG,1,LIDAR,0.015480299999999999,0.17486000000000002,0.8147526315789473,0.8743000000000001,0.8445263157894737
M3176,1e-05,1e-06,0.0,-0.5,0.03,0.0035378,0.01946,2SEG,1,LIDAR,0.015462199999999999,0.18054,0.8138,0.9027,0.85825
M3177,1e-05,1e-06,0.0,-0.5,0.035,0.0035352,0.02134,2SEG,1,LIDAR,0.015464799999999999,0.17866,0.8139368421052632,0.8933,0.8536184210526316
M3178,1e-05,1e-06,0.0,-0.5,0.04,0.0035327,0.02311,2SEG,1,LIDAR,0.0154673,0.17689000000000002,0.8140684210526316,0.8844500000000001,0.8492592105263158
M3179,1e-05,1e-06,0.0,-0.5,0.05,0.0035282,0.0264,2SEG,1,LIDAR,0.015471799999999999,0.1736,0.8143052631578948,0.868,0.8411526315789474
M3180,1e-05,1e-06,0.0,-0.5,0.08,0.0035163,0.03493,2SEG,1,LIDAR,0.0154837,0.16507,0.8149315789473685,0.8253499999999999,0.8201407894736842
M3181,1e-05,1e-06,0.0,-0.25,0.03,0.0035391,0.01724,2SEG,1,LIDAR,0.0154609,0.18276,0.8137315789473685,0.9138,0.8637657894736842
M3182,1e-05,1e-06,0.0,-0.25,0.035,0.0035366,0.0189,2SEG,1,LIDAR,0.015463399999999999,0.1811,0.8138631578947368,0.9055,0.8596815789473684
M3183,1e-05,1e-06,0.0,-0.25,0.04,0.0035343,0.02047,2SEG,1,LIDAR,0.015465699999999999,0.17953000000000002,0.8139842105263158,0.8976500000000001,0.8558171052631579
M3184,1e-05,1e-06,0.0,-0.25,0.05,0.00353,0.02338,2SEG,1,LIDAR,0.01547,0.17662,0.8142105263157895,0.8831,0.8486552631578947
M3185,1e-05,1e-06,0.0,-0.25,0.08,0.0035187,0.03094,2SEG,1,LIDAR,0.0154813,0.16906000000000002,0.8148052631578947,0.8453,0.8300526315789474
M3186,1e-05,1e-06,0.0,0.0,0.03,0.00354,0.01581,2SEG,1,LIDAR,0.01546,0.18419000000000002,0.8136842105263158,0.92095,0.8673171052631579
M3187,1e-05,1e-06,0.0,0.0,0.035,0.0035376,0.01734,2SEG,1,LIDAR,0.0154624,0.18266000000000002,0.8138105263157894,0.9133,0.8635552631578947
M3188,1e-05,1e-06,0.0,0.0,0.04,0.0035353,0.01878,2SEG,1,LIDAR,0.0154647,0.18122000000000002,0.8139315789473685,0.9061,0.8600157894736842
M3189,1e-05,1e-06,0.0,0.0,0.05,0.0035311,0.02145,2SEG,1,LIDAR,0.015468899999999999,0.17855000000000001,0.8141526315789474,0.89275,0.8534513157894736
M3190,1e-05,1e-06,0.0,0.0,0.08,0.0035202,0.02839,2SEG,1,LIDAR,0.0154798,0.17161,0.8147263157894737,0.85805,0.8363881578947369
M3191,1e-05,1e-06,0.0,0.25,0.03,0.0035406,0.01479,2SEG,1,LIDAR,0.0154594,0.18521,0.8136526315789474,0.92605,0.8698513157894737
M3192,1e-05,1e-06,0.0,0.25,0.035,0.0035382,0.01622,2SEG,1,LIDAR,0.0154618,0.18378,0.813778947368421,0.9188999999999999,0.8663394736842105
M3193,1e-05,1e-06,0.0,0.25,0.04,0.003536,0.01756,2SEG,1,LIDAR,0.015463999999999999,0.18244000000000002,0.8138947368421052,0.9122,0.8630473684210527
M3194,1e-05,1e-06,0.0,0.25,0.05,0.0035319,0.02007,2SEG,1,LIDAR,0.015468099999999999,0.17993,0.8141105263157894,0.89965,0.8568802631578947
M3195,1e-05,1e-06,0.0,0.25,0.08,0.0035213,0.02656,2SEG,1,LIDAR,0.0154787,0.17344,0.8146684210526316,0.8672,0.8409342105263158
M3196,1e-05,1e-06,0.0,0.5,0.03,0.003541,0.01401,2SEG,1,LIDAR,0.015459,0.18599000000000002,0.8136315789473685,0.92995,0.8717907894736843
M3197,1e-05,1e-06,0.0,0.5,0.035,0.0035387,0.01536,2SEG,1,LIDAR,0.015461299999999999,0.18464,0.8137526315789473,0.9231999999999999,0.8684763157894736
M3198,1e-05,1e-06,0.0,0.5,0.04,0.0035366,0.01663,2SEG,1,LIDAR,0.015463399999999999,0.18337,0.8138631578947368,0.9168499999999999,0.8653565789473684
M3199,1e-05,1e-06,0.0,0.5,0.05,0.0035326,0.019,2SEG,1,LIDAR,0.0154674,0.18100000000000002,0.8140736842105263,0.905,0.8595368421052632
M3200,1e-05,1e-06,0.0,0.5,0.08,0.0035222,0.02515,2SEG,1,LIDAR,0.0154778,0.17485,0.8146210526315789,0.87425,0.8444355263157894
M3201,1e-05,1e-06,0.25,-0.5,0.03,0.0035388,0.01946,2SEG,1,LIDAR,0.0154612,0.18054,0.8137473684210527,0.9027,0.8582236842105263
M3202,1e-05,1e-06,0.25,-0.5,0.035,0.0035363,0.02134,2SEG,1,LIDAR,0.0154637,0.17866,0.8138789473684211,0.8933,0.8535894736842106
M3203,1e-05,1e-06,0.25,-0.5,0.04,0.0035339,0.02311,2SEG,1,LIDAR,0.0154661,0.17689000000000002,0.8140052631578948,0.8844500000000001,0.8492276315789474
M3204,1e-05,1e-06,0.25,-0.5,0.05,0.0035295,0.0264,2SEG,1,LIDAR,0.0154705,0.1736,0.8142368421052631,0.868,0.8411184210526316
M3205,1e-05,1e-06,0.25,-0.5,0.08,0.0035181,0.03494,2SEG,1,LIDAR,0.0154819,0.16506,0.8148368421052632,0.8253,0.8200684210526317
M3206,1e-05,1e-06,0.25,-0.25,0.03,0.0035401,0.01724,2SEG,1,LIDAR,0.015459899999999999,0.18276,0.813678947368421,0.9138,0.8637394736842104
M3207,1e-05,1e-06,0.25,-0.25,0.035,0.0035377,0.0189,2SEG,1,LIDAR,0.0154623,0.1811,0.8138052631578948,0.9055,0.8596526315789474
M3208,1e-05,1e-06,0.25,-0.25,0.04,0.0035355,0.02047,2SEG,1,LIDAR,0.015464499999999999,0.17953000000000002,0.8139210526315789,0.8976500000000001,0.8557855263157894
M3209,1e-05,1e-06,0.25,-0.25,0.05,0.0035313,0.02339,2SEG,1,LIDAR,0.0154687,0.17661000000000002,0.8141421052631579,0.88305,0.848596052631579
M3210,1e-05,1e-06,0.25,-0.25,0.08,0.0035205,0.03095,2SEG,1,LIDAR,0.0154795,0.16905,0.8147105263157896,0.84525,0.8299802631578947
M3211,1e-05,1e-06,0.25,0.0,0.03,0.003541,0.01582,2SEG,1,LIDAR,0.015459,0.18418,0.8136315789473685,0.9209,0.8672657894736843
M3212,1e-05,1e-06,0.25,0.0,0.035,0.0035387,0.01734,2SEG,1,LIDAR,0.015461299999999999,0.18266000000000002,0.8137526315789473,0.9133,0.8635263157894737
M3213,1e-05,1e-06,0.25,0.0,0.04,0.0035365,0.01878,2SEG,1,LIDAR,0.0154635,0.18122000000000002,0.8138684210526316,0.9061,0.8599842105263158
M3214,1e-05,1e-06,0.25,0.0,0.05,0.0035325,0.02146,2SEG,1,LIDAR,0.015467499999999999,0.17854,0.814078947368421,0.8926999999999999,0.8533894736842105
M3215,1e-05,1e-06,0.25,0.0,0.08,0.003522,0.0284,2SEG,1,LIDAR,0.015477999999999999,0.1716,0.8146315789473684,0.858,0.8363157894736841
M3216,1e-05,1e-06,0.25,0.25,0.03,0.0035416,0.01479,2SEG,1,LIDAR,0.015458399999999999,0.18521,0.8136,0.92605,0.8698250000000001
M3217,1e-05,1e-06,0.25,0.25,0.035,0.0035393,0.01622,2SEG,1,LIDAR,0.015460699999999999,0.18378,0.8137210526315789,0.9188999999999999,0.8663105263157894
M3218,1e-05,1e-06,0.25,0.25,0.04,0.0035372,0.01757,2SEG,1,LIDAR,0.015462799999999999,0.18243,0.8138315789473684,0.91215,0.8629907894736841
M3219,1e-05,1e-06,0.25,0.25,0.05,0.0035333,0.02007,2SEG,1,LIDAR,0.0154667,0.17993,0.8140368421052632,0.89965,0.8568434210526316
M3220,1e-05,1e-06,0.25,0.25,0.08,0.0035231,0.02656,2SEG,1,LIDAR,0.0154769,0.17344,0.8145736842105263,0.8672,0.8408868421052631
M3221,1e-05,1e-06,0.25,0.5,0.03,0.003542,0.01401,2SEG,1,LIDAR,0.015458,0.18599000000000002,0.8135789473684211,0.92995,0.8717644736842105
M3222,1e-05,1e-06,0.25,0.5,0.035,0.0035398,0.01536,2SEG,1,LIDAR,0.0154602,0.18464,0.8136947368421052,0.9231999999999999,0.8684473684210525
M3223,1e-05,1e-06,0.25,0.5,0.04,0.0035378,0.01663,2SEG,1,LIDAR,0.015462199999999999,0.18337,0.8138,0.9168499999999999,0.8653249999999999
M3224,1e-05,1e-06,0.25,0.5,0.05,0.0035339,0.019,2SEG,1,LIDAR,0.0154661,0.18100000000000002,0.8140052631578948,0.905,0.8595026315789474
M3225,1e-05,1e-06,0.25,0.5,0.08,0.0035239,0.02515,2SEG,1,LIDAR,0.0154761,0.17485,0.8145315789473684,0.87425,0.8443907894736842
M3226,1e-05,1e-06,0.5,-0.5,0.03,0.0035395,0.01947,2SEG,1,LIDAR,0.015460499999999999,0.18053000000000002,0.8137105263157894,0.9026500000000001,0.8581802631578948
M3227,1e-05,1e-06,0.5,-0.5,0.035,0.0035371,0.02135,2SEG,1,LIDAR,0.0154629,0.17865,0.8138368421052632,0.89325,0.8535434210526316
M3228,1e-05,1e-06,0.5,-0.5,0.04,0.0035348,0.02312,2SEG,1,LIDAR,0.0154652,0.17688,0.8139578947368421,0.8844,0.849178947368421
M3229,1e-05,1e-06,0.5,-0.5,0.05,0.0035305,0.02641,2SEG,1,LIDAR,0.0154695,0.17359000000000002,0.8141842105263158,0.8679500000000001,0.841067105263158
M3230,1e-05,1e-06,0.5,-0.5,0.08,0.0035195,0.03495,2SEG,1,LIDAR,0.0154805,0.16505,0.8147631578947369,0.8252499999999999,0.8200065789473684
M3231,1e-05,1e-06,0.5,-0.25,0.03,0.0035409,0.01724,2SEG,1,LIDAR,0.0154591,0.18276,0.8136368421052632,0.9138,0.8637184210526316
M3232,1e-05,1e-06,0.5,-0.25,0.035,0.0035386,0.01891,2SEG,1,LIDAR,0.0154614,0.18109,0.8137578947368421,0.90545,0.859603947368421
M3233,1e-05,1e-06,0.5,-0.25,0.04,0.0035364,0.02047,2SEG,1,LIDAR,0.0154636,0.17953000000000002,0.8138736842105263,0.8976500000000001,0.8557618421052632
M3234,1e-05,1e-06,0.5,-0.25,0.05,0.0035323,0.02339,2SEG,1,LIDAR,0.0154677,0.17661000000000002,0.8140894736842105,0.88305,0.8485697368421052
M3235,1e-05,1e-06,0.5,-0.25,0.08,0.0035218,0.03096,2SEG,1,LIDAR,0.0154782,0.16904000000000002,0.8146421052631578,0.8452000000000001,0.829921052631579
M3236,1e-05,1e-06,0.5,0.0,0.03,0.0035417,0.01582,2SEG,1,LIDAR,0.0154583,0.18418,0.8135947368421053,0.9209,0.8672473684210527
M3237,1e-05,1e-06,0.5,0.0,0.035,0.0035395,0.01734,2SEG,1,LIDAR,0.015460499999999999,0.18266000000000002,0.8137105263157894,0.9133,0.8635052631578948
M3238,1e-05,1e-06,0.5,0.0,0.04,0.0035374,0.01878,2SEG,1,LIDAR,0.0154626,0.18122000000000002,0.813821052631579,0.9061,0.8599605263157895
M3239,1e-05,1e-06,0.5,0.0,0.05,0.0035335,0.02146,2SEG,1,LIDAR,0.0154665,0.17854,0.8140263157894737,0.8926999999999999,0.8533631578947368
M3240,1e-05,1e-06,0.5,0.0,0.08,0.0035234,0.0284,2SEG,1,LIDAR,0.0154766,0.1716,0.8145578947368421,0.858,0.8362789473684211
M3241,1e-05,1e-06,0.5,0.25,0.03,0.0035423,0.0148,2SEG,1,LIDAR,0.0154577,0.1852,0.8135631578947369,0.9259999999999999,0.8697815789473684
M3242,1e-05,1e-06,0.5,0.25,0.035,0.0035402,0.01622,2SEG,1,LIDAR,0.0154598,0.18378,0.8136736842105263,0.9188999999999999,0.8662868421052632
M3243,1e-05,1e-06,0.5,0.25,0.04,0.0035381,0.01757,2SEG,1,LIDAR,0.015461899999999999,0.18243,0.8137842105263158,0.91215,0.8629671052631579
M3244,1e-05,1e-06,0.5,0.25,0.05,0.0035343,0.02007,2SEG,1,LIDAR,0.015465699999999999,0.17993,0.8139842105263158,0.89965,0.8568171052631579
M3245,1e-05,1e-06,0.5,0.25,0.08,0.0035245,0.02657,2SEG,1,LIDAR,0.0154755,0.17343,0.8145,0.86715,0.8408249999999999
M3246,1e-05,1e-06,0.5,0.5,0.03,0.0035428,0.01401,2SEG,1,LIDAR,0.015457199999999999,0.18599000000000002,0.8135368421052631,0.92995,0.8717434210526316
M3247,1e-05,1e-06,0.5,0.5,0.035,0.0035407,0.01536,2SEG,1,LIDAR,0.015459299999999999,0.18464,0.8136473684210526,0.9231999999999999,0.8684236842105262
M3248,1e-05,1e-06,0.5,0.5,0.04,0.0035387,0.01664,2SEG,1,LIDAR,0.015461299999999999,0.18336000000000002,0.8137526315789473,0.9168000000000001,0.8652763157894736
M3249,1e-05,1e-06,0.5,0.5,0.05,0.003535,0.01901,2SEG,1,LIDAR,0.015465,0.18099,0.8139473684210526,0.90495,0.8594486842105263
M3250,1e-05,1e-06,0.5,0.5,0.08,0.0035253,0.02516,2SEG,1,LIDAR,0.0154747,0.17484000000000002,0.814457894736842,0.8742000000000001,0.844328947368421
M3251,1e-05,5.5e-06,-0.5,-0.5,0.03,0.0055079,0.02534,2SEG,1,LIDAR,0.0134921,0.17466,0.7101105263157895,0.8733,0.7917052631578947
M3252,1e-05,5.5e-06,-0.5,-0.5,0.035,0.0054992,0.02777,2SEG,1,LIDAR,0.0135008,0.17223000000000002,0.7105684210526316,0.8611500000000001,0.7858592105263158
M3253,1e-05,5.5e-06,-0.5,-0.5,0.04,0.0054911,0.03006,2SEG,1,LIDAR,0.0135089,0.16994,0.7109947368421053,0.8497,0.7803473684210527
M3254,1e-05,5.5e-06,-0.5,-0.5,0.05,0.0054759,0.03431,2SEG,1,LIDAR,0.0135241,0.16569,0.7117947368421054,0.82845,0.7701223684210527
M3255,1e-05,5.5e-06,-0.5,-0.5,0.08,0.0054367,0.04529,2SEG,1,LIDAR,0.0135633,0.15471000000000001,0.7138578947368421,0.7735500000000001,0.743703947368421
M3256,1e-05,5.5e-06,-0.5,-0.25,0.03,0.005516,0.02246,2SEG,1,LIDAR,0.013484,0.17754,0.7096842105263158,0.8876999999999999,0.7986921052631579
M3257,1e-05,5.5e-06,-0.5,-0.25,0.035,0.0055081,0.02461,2SEG,1,LIDAR,0.0134919,0.17539000000000002,0.7101,0.87695,0.793525
M3258,1e-05,5.5e-06,-0.5,-0.25,0.04,0.0055007,0.02664,2SEG,1,LIDAR,0.013499299999999999,0.17336000000000001,0.7104894736842104,0.8668,0.7886447368421052
M3259,1e-05,5.5e-06,-0.5,-0.25,0.05,0.0054869,0.03042,2SEG,1,LIDAR,0.0135131,0.16958,0.7112157894736842,0.8479,0.7795578947368421
M3260,1e-05,5.5e-06,-0.5,-0.25,0.08,0.0054512,0.04017,2SEG,1,LIDAR,0.0135488,0.15983000000000003,0.7130947368421052,0.7991500000000001,0.7561223684210527
M3261,1e-05,5.5e-06,-0.5,0.0,0.03,0.0055212,0.02061,2SEG,1,LIDAR,0.013478799999999999,0.17939000000000002,0.7094105263157895,0.89695,0.8031802631578948
M3262,1e-05,5.5e-06,-0.5,0.0,0.035,0.0055138,0.02259,2SEG,1,LIDAR,0.0134862,0.17741,0.7098,0.88705,0.7984249999999999
M3263,1e-05,5.5e-06,-0.5,0.0,0.04,0.0055069,0.02446,2SEG,1,LIDAR,0.0134931,0.17554,0.7101631578947368,0.8776999999999999,0.7939315789473684
M3264,1e-05,5.5e-06,-0.5,0.0,0.05,0.005494,0.02792,2SEG,1,LIDAR,0.013506,0.17208,0.7108421052631579,0.8604,0.785621052631579
M3265,1e-05,5.5e-06,-0.5,0.0,0.08,0.0054605,0.03688,2SEG,1,LIDAR,0.0135395,0.16312000000000001,0.7126052631578947,0.8156,0.7641026315789474
M3266,1e-05,5.5e-06,-0.5,0.25,0.03,0.0055249,0.01929,2SEG,1,LIDAR,0.0134751,0.18071,0.7092157894736842,0.90355,0.8063828947368421
M3267,1e-05,5.5e-06,-0.5,0.25,0.035,0.0055179,0.02114,2SEG,1,LIDAR,0.0134821,0.17886000000000002,0.7095842105263158,0.8943000000000001,0.8019421052631579
M3268,1e-05,5.5e-06,-0.5,0.25,0.04,0.0055113,0.02289,2SEG,1,LIDAR,0.0134887,0.17711000000000002,0.7099315789473684,0.8855500000000001,0.7977407894736842
M3269,1e-05,5.5e-06,-0.5,0.25,0.05,0.005499,0.02613,2SEG,1,LIDAR,0.013500999999999999,0.17387000000000002,0.710578947368421,0.8693500000000001,0.7899644736842105
M3270,1e-05,5.5e-06,-0.5,0.25,0.08,0.0054672,0.03452,2SEG,1,LIDAR,0.0135328,0.16548000000000002,0.7122526315789474,0.8274,0.7698263157894737
M3271,1e-05,5.5e-06,-0.5,0.5,0.03,0.0055278,0.01826,2SEG,1,LIDAR,0.0134722,0.18174,0.7090631578947368,0.9087000000000001,0.8088815789473685
M3272,1e-05,5.5e-06,-0.5,0.5,0.035,0.0055211,0.02002,2SEG,1,LIDAR,0.013478899999999999,0.17998,0.7094157894736841,0.8998999999999999,0.804657894736842
M3273,1e-05,5.5e-06,-0.5,0.5,0.04,0.0055147,0.02168,2SEG,1,LIDAR,0.013485299999999999,0.17832,0.7097526315789473,0.8916,0.8006763157894736
M3274,1e-05,5.5e-06,-0.5,0.5,0.05,0.0055029,0.02475,2SEG,1,LIDAR,0.0134971,0.17525000000000002,0.7103736842105263,0.8762500000000001,0.7933118421052632
M3275,1e-05,5.5e-06,-0.5,0.5,0.08,0.0054723,0.0327,2SEG,1,LIDAR,0.0135277,0.1673,0.7119842105263158,0.8365,0.7742421052631578
M3276,1e-05,5.5e-06,-0.25,-0.5,0.03,0.00551,0.02535,2SEG,1,LIDAR,0.013489999999999999,0.17465,0.71,0.87325,0.791625
M3277,1e-05,5.5e-06,-0.25,-0.5,0.035,0.0055016,0.02778,2SEG,1,LIDAR,0.0134984,0.17222,0.710442105263158,0.8611,0.785771052631579
M3278,1e-05,5.5e-06,-0.25,-0.5,0.04,0.0054936,0.03007,2SEG,1,LIDAR,0.013506399999999998,0.16993000000000003,0.7108631578947368,0.8496500000000001,0.7802565789473684
M3279,1e-05,5.5e-06,-0.25,-0.5,0.05,0.0054788,0.03432,2SEG,1,LIDAR,0.0135212,0.16568,0.711642105263158,0.8283999999999999,0.7700210526315789
M3280,1e-05,5.5e-06,-0.25,-0.5,0.08,0.0054404,0.04531,2SEG,1,LIDAR,0.0135596,0.15469,0.7136631578947369,0.77345,0.7435565789473684
M3281,1e-05,5.5e-06,-0.25,-0.25,0.03,0.0055181,0.02246,2SEG,1,LIDAR,0.0134819,0.17754,0.7095736842105264,0.8876999999999999,0.7986368421052632
M3282,1e-05,5.5e-06,-0.25,-0.25,0.035,0.0055105,0.02462,2SEG,1,LIDAR,0.0134895,0.17538,0.7099736842105263,0.8769,0.7934368421052631
M3283,1e-05,5.5e-06,-0.25,-0.25,0.04,0.0055032,0.02665,2SEG,1,LIDAR,0.0134968,0.17335,0.7103578947368421,0.86675,0.7885539473684211
M3284,1e-05,5.5e-06,-0.25,-0.25,0.05,0.0054898,0.03043,2SEG,1,LIDAR,0.0135102,0.16957,0.7110631578947368,0.84785,0.7794565789473684
M3285,1e-05,5.5e-06,-0.25,-0.25,0.08,0.005455,0.04019,2SEG,1,LIDAR,0.013545,0.15981,0.7128947368421052,0.79905,0.7559723684210526
M3286,1e-05,5.5e-06,-0.25,0.0,0.03,0.0055233,0.02062,2SEG,1,LIDAR,0.0134767,0.17938,0.7093,0.8969,0.8031
M3287,1e-05,5.5e-06,-0.25,0.0,0.035,0.0055162,0.0226,2SEG,1,LIDAR,0.0134838,0.1774,0.7096736842105263,0.887,0.7983368421052632
M3288,1e-05,5.5e-06,-0.25,0.0,0.04,0.0055094,0.02446,2SEG,1,LIDAR,0.013490599999999998,0.17554,0.7100315789473683,0.8776999999999999,0.7938657894736841
M3289,1e-05,5.5e-06,-0.25,0.0,0.05,0.0054968,0.02793,2SEG,1,LIDAR,0.0135032,0.17207,0.7106947368421053,0.86035,0.7855223684210526
M3290,1e-05,5.5e-06,-0.25,0.0,0.08,0.0054643,0.0369,2SEG,1,LIDAR,0.0135357,0.16310000000000002,0.7124052631578948,0.8155000000000001,0.7639526315789474
M3291,1e-05,5.5e-06,-0.25,0.25,0.03,0.005527,0.01929,2SEG,1,LIDAR,0.013472999999999999,0.18071,0.7091052631578947,0.90355,0.8063276315789474
M3292,1e-05,5.5e-06,-0.25,0.25,0.035,0.0055202,0.02114,2SEG,1,LIDAR,0.0134798,0.17886000000000002,0.7094631578947369,0.8943000000000001,0.8018815789473686
M3293,1e-05,5.5e-06,-0.25,0.25,0.04,0.0055138,0.02289,2SEG,1,LIDAR,0.0134862,0.17711000000000002,0.7098,0.8855500000000001,0.797675
M3294,1e-05,5.5e-06,-0.25,0.25,0.05,0.0055019,0.02614,2SEG,1,LIDAR,0.013498099999999999,0.17386000000000001,0.7104263157894737,0.8693000000000001,0.7898631578947368
M3295,1e-05,5.5e-06,-0.25,0.25,0.08,0.0054709,0.03454,2SEG,1,LIDAR,0.013529099999999999,0.16546,0.7120578947368421,0.8272999999999999,0.769678947368421
M3296,1e-05,5.5e-06,-0.25,0.5,0.03,0.0055299,0.01827,2SEG,1,LIDAR,0.013470099999999999,0.18173,0.7089526315789473,0.90865,0.8088013157894736
M3297,1e-05,5.5e-06,-0.25,0.5,0.035,0.0055234,0.02003,2SEG,1,LIDAR,0.013476599999999998,0.17997000000000002,0.7092947368421052,0.89985,0.8045723684210526
M3298,1e-05,5.5e-06,-0.25,0.5,0.04,0.0055172,0.02168,2SEG,1,LIDAR,0.0134828,0.17832,0.7096210526315789,0.8916,0.8006105263157894
M3299,1e-05,5.5e-06,-0.25,0.5,0.05,0.0055058,0.02476,2SEG,1,LIDAR,0.0134942,0.17524,0.710221052631579,0.8762,0.7932105263157895
M3300,1e-05,5.5e-06,-0.25,0.5,0.08,0.0054761,0.03272,2SEG,1,LIDAR,0.013523899999999998,0.16728,0.7117842105263157,0.8364,0.7740921052631579
M3301,1e-05,5.5e-06,0.0,-0.5,0.03,0.0055113,0.02535,2SEG,1,LIDAR,0.0134887,0.17465,0.7099315789473684,0.87325,0.7915907894736842
M3302,1e-05,5.5e-06,0.0,-0.5,0.035,0.005503,0.02778,2SEG,1,LIDAR,0.013496999999999999,0.17222,0.7103684210526315,0.8611,0.7857342105263158
M3303,1e-05,5.5e-06,0.0,-0.5,0.04,0.0054952,0.03007,2SEG,1,LIDAR,0.013504799999999999,0.16993000000000003,0.7107789473684211,0.8496500000000001,0.7802144736842106
M3304,1e-05,5.5e-06,0.0,-0.5,0.05,0.0054806,0.03433,2SEG,1,LIDAR,0.013519399999999999,0.16567,0.7115473684210526,0.82835,0.7699486842105263
M3305,1e-05,5.5e-06,0.0,-0.5,0.08,0.0054428,0.04532,2SEG,1,LIDAR,0.013557199999999998,0.15468,0.7135368421052631,0.7734,0.7434684210526316
M3306,1e-05,5.5e-06,0.0,-0.25,0.03,0.0055195,0.02247,2SEG,1,LIDAR,0.0134805,0.17753000000000002,0.7095,0.88765,0.798575
M3307,1e-05,5.5e-06,0.0,-0.25,0.035,0.0055119,0.02462,2SEG,1,LIDAR,0.0134881,0.17538,0.7099,0.8769,0.7934
M3308,1e-05,5.5e-06,0.0,-0.25,0.04,0.0055048,0.02666,2SEG,1,LIDAR,0.013495199999999999,0.17334000000000002,0.7102736842105263,0.8667,0.7884868421052631
M3309,1e-05,5.5e-06,0.0,-0.25,0.05,0.0054916,0.03043,2SEG,1,LIDAR,0.0135084,0.16957,0.7109684210526316,0.84785,0.7794092105263157
M3310,1e-05,5.5e-06,0.0,-0.25,0.08,0.0054574,0.0402,2SEG,1,LIDAR,0.013542599999999998,0.1598,0.7127684210526315,0.7989999999999999,0.7558842105263157
M3311,1e-05,5.5e-06,0.0,0.0,0.03,0.0055247,0.02062,2SEG,1,LIDAR,0.013475299999999999,0.17938,0.7092263157894737,0.8969,0.8030631578947369
M3312,1e-05,5.5e-06,0.0,0.0,0.035,0.0055176,0.0226,2SEG,1,LIDAR,0.013482399999999999,0.1774,0.7095999999999999,0.887,0.7983
M3313,1e-05,5.5e-06,0.0,0.0,0.04,0.005511,0.02447,2SEG,1,LIDAR,0.013489,0.17553000000000002,0.7099473684210527,0.87765,0.7937986842105264
M3314,1e-05,5.5e-06,0.0,0.0,0.05,0.0054987,0.02794,2SEG,1,LIDAR,0.0135013,0.17206000000000002,0.7105947368421053,0.8603000000000001,0.7854473684210527
M3315,1e-05,5.5e-06,0.0,0.0,0.08,0.0054667,0.03691,2SEG,1,LIDAR,0.0135333,0.16309,0.712278947368421,0.81545,0.7638644736842105
M3316,1e-05,5.5e-06,0.0,0.25,0.03,0.0055284,0.01929,2SEG,1,LIDAR,0.0134716,0.18071,0.7090315789473685,0.90355,0.8062907894736842
M3317,1e-05,5.5e-06,0.0,0.25,0.035,0.0055217,0.02115,2SEG,1,LIDAR,0.013478299999999999,0.17885,0.7093842105263157,0.89425,0.8018171052631579
M3318,1e-05,5.5e-06,0.0,0.25,0.04,0.0055154,0.0229,2SEG,1,LIDAR,0.0134846,0.1771,0.7097157894736842,0.8855,0.7976078947368421
M3319,1e-05,5.5e-06,0.0,0.25,0.05,0.0055037,0.02614,2SEG,1,LIDAR,0.0134963,0.17386000000000001,0.7103315789473684,0.8693000000000001,0.7898157894736842
M3320,1e-05,5.5e-06,0.0,0.25,0.08,0.0054733,0.03454,2SEG,1,LIDAR,0.0135267,0.16546,0.7119315789473684,0.8272999999999999,0.7696157894736841
M3321,1e-05,5.5e-06,0.0,0.5,0.03,0.0055313,0.01827,2SEG,1,LIDAR,0.0134687,0.18173,0.708878947368421,0.90865,0.8087644736842106
M3322,1e-05,5.5e-06,0.0,0.5,0.035,0.0055249,0.02003,2SEG,1,LIDAR,0.0134751,0.17997000000000002,0.7092157894736842,0.89985,0.8045328947368422
M3323,1e-05,5.5e-06,0.0,0.5,0.04,0.0055188,0.02168,2SEG,1,LIDAR,0.013481199999999999,0.17832,0.7095368421052631,0.8916,0.8005684210526316
M3324,1e-05,5.5e-06,0.0,0.5,0.05,0.0055076,0.02476,2SEG,1,LIDAR,0.0134924,0.17524,0.7101263157894737,0.8762,0.7931631578947369
M3325,1e-05,5.5e-06,0.0,0.5,0.08,0.0054785,0.03272,2SEG,1,LIDAR,0.013521499999999999,0.16728,0.711657894736842,0.8364,0.774028947368421
M3326,1e-05,5.5e-06,0.25,-0.5,0.03,0.0055123,0.02535,2SEG,1,LIDAR,0.013487699999999998,0.17465,0.7098789473684209,0.87325,0.7915644736842105
M3327,1e-05,5.5e-06,0.25,-0.5,0.035,0.0055041,0.02778,2SEG,1,LIDAR,0.0134959,0.17222,0.7103105263157895,0.8611,0.7857052631578947
M3328,1e-05,5.5e-06,0.25,-0.5,0.04,0.0054963,0.03008,2SEG,1,LIDAR,0.0135037,0.16992000000000002,0.710721052631579,0.8496,0.7801605263157896
M3329,1e-05,5.5e-06,0.25,-0.5,0.05,0.0054819,0.03433,2SEG,1,LIDAR,0.0135181,0.16567,0.7114789473684211,0.82835,0.7699144736842105
M3330,1e-05,5.5e-06,0.25,-0.5,0.08,0.0054445,0.04533,2SEG,1,LIDAR,0.0135555,0.15467,0.7134473684210526,0.77335,0.7433986842105262
M3331,1e-05,5.5e-06,0.25,-0.25,0.03,0.0055204,0.02247,2SEG,1,LIDAR,0.0134796,0.17753000000000002,0.7094526315789473,0.88765,0.7985513157894737
M3332,1e-05,5.5e-06,0.25,-0.25,0.035,0.005513,0.02463,2SEG,1,LIDAR,0.013486999999999999,0.17537000000000003,0.7098421052631578,0.8768500000000001,0.793346052631579
M3333,1e-05,5.5e-06,0.25,-0.25,0.04,0.005506,0.02666,2SEG,1,LIDAR,0.013493999999999999,0.17334000000000002,0.7102105263157894,0.8667,0.7884552631578947
M3334,1e-05,5.5e-06,0.25,-0.25,0.05,0.0054929,0.03044,2SEG,1,LIDAR,0.0135071,0.16956000000000002,0.7109,0.8478,0.77935
M3335,1e-05,5.5e-06,0.25,-0.25,0.08,0.0054591,0.0402,2SEG,1,LIDAR,0.0135409,0.1598,0.7126789473684211,0.7989999999999999,0.7558394736842104
M3336,1e-05,5.5e-06,0.25,0.0,0.03,0.0055256,0.02062,2SEG,1,LIDAR,0.0134744,0.17938,0.709178947368421,0.8969,0.8030394736842106
M3337,1e-05,5.5e-06,0.25,0.0,0.035,0.0055187,0.0226,2SEG,1,LIDAR,0.0134813,0.1774,0.7095421052631579,0.887,0.7982710526315789
M3338,1e-05,5.5e-06,0.25,0.0,0.04,0.0055121,0.02447,2SEG,1,LIDAR,0.0134879,0.17553000000000002,0.7098894736842106,0.87765,0.7937697368421053
M3339,1e-05,5.5e-06,0.25,0.0,0.05,0.0055,0.02794,2SEG,1,LIDAR,0.0135,0.17206000000000002,0.7105263157894737,0.8603000000000001,0.7854131578947369
M3340,1e-05,5.5e-06,0.25,0.0,0.08,0.0054684,0.03692,2SEG,1,LIDAR,0.0135316,0.16308,0.7121894736842105,0.8154,0.7637947368421052
M3341,1e-05,5.5e-06,0.25,0.25,0.03,0.0055294,0.01929,2SEG,1,LIDAR,0.0134706,0.18071,0.708978947368421,0.90355,0.8062644736842105
M3342,1e-05,5.5e-06,0.25,0.25,0.035,0.0055228,0.02115,2SEG,1,LIDAR,0.0134772,0.17885,0.7093263157894737,0.89425,0.8017881578947368
M3343,1e-05,5.5e-06,0.25,0.25,0.04,0.0055166,0.0229,2SEG,1,LIDAR,0.0134834,0.1771,0.7096526315789473,0.8855,0.7975763157894736
M3344,1e-05,5.5e-06,0.25,0.25,0.05,0.005505,0.02615,2SEG,1,LIDAR,0.013495,0.17385,0.7102631578947368,0.86925,0.7897565789473684
M3345,1e-05,5.5e-06,0.25,0.25,0.08,0.0054751,0.03455,2SEG,1,LIDAR,0.0135249,0.16545,0.7118368421052631,0.82725,0.7695434210526315
M3346,1e-05,5.5e-06,0.25,0.5,0.03,0.0055322,0.01827,2SEG,1,LIDAR,0.013467799999999999,0.18173,0.7088315789473684,0.90865,0.8087407894736842
M3347,1e-05,5.5e-06,0.25,0.5,0.035,0.0055259,0.02003,2SEG,1,LIDAR,0.0134741,0.17997000000000002,0.7091631578947368,0.89985,0.8045065789473684
M3348,1e-05,5.5e-06,0.25,0.5,0.04,0.00552,0.02169,2SEG,1,LIDAR,0.013479999999999999,0.17831000000000002,0.7094736842105263,0.8915500000000001,0.8005118421052632
M3349,1e-05,5.5e-06,0.25,0.5,0.05,0.0055089,0.02476,2SEG,1,LIDAR,0.013491099999999999,0.17524,0.7100578947368421,0.8762,0.7931289473684211
M3350,1e-05,5.5e-06,0.25,0.5,0.08,0.0054802,0.03273,2SEG,1,LIDAR,0.013519799999999998,0.16727,0.7115684210526315,0.8363499999999999,0.7739592105263158
M3351,1e-05,5.5e-06,0.5,-0.5,0.03,0.0055131,0.02535,2SEG,1,LIDAR,0.0134869,0.17465,0.7098368421052631,0.87325,0.7915434210526315
M3352,1e-05,5.5e-06,0.5,-0.5,0.035,0.0055049,0.02779,2SEG,1,LIDAR,0.0134951,0.17221,0.7102684210526315,0.86105,0.7856592105263158
M3353,1e-05,5.5e-06,0.5,-0.5,0.04,0.0054972,0.03008,2SEG,1,LIDAR,0.013502799999999999,0.16992000000000002,0.7106736842105262,0.8496,0.7801368421052631
M3354,1e-05,5.5e-06,0.5,-0.5,0.05,0.0054829,0.03434,2SEG,1,LIDAR,0.0135171,0.16566,0.7114263157894737,0.8282999999999999,0.7698631578947368
M3355,1e-05,5.5e-06,0.5,-0.5,0.08,0.0054459,0.04534,2SEG,1,LIDAR,0.0135541,0.15466000000000002,0.7133736842105263,0.7733000000000001,0.7433368421052632
M3356,1e-05,5.5e-06,0.5,-0.25,0.03,0.0055212,0.02247,2SEG,1,LIDAR,0.013478799999999999,0.17753000000000002,0.7094105263157895,0.88765,0.7985302631578948
M3357,1e-05,5.5e-06,0.5,-0.25,0.035,0.0055138,0.02463,2SEG,1,LIDAR,0.0134862,0.17537000000000003,0.7098,0.8768500000000001,0.7933250000000001
M3358,1e-05,5.5e-06,0.5,-0.25,0.04,0.0055069,0.02666,2SEG,1,LIDAR,0.0134931,0.17334000000000002,0.7101631578947368,0.8667,0.7884315789473684
M3359,1e-05,5.5e-06,0.5,-0.25,0.05,0.0054939,0.03044,2SEG,1,LIDAR,0.0135061,0.16956000000000002,0.7108473684210527,0.8478,0.7793236842105263
M3360,1e-05,5.5e-06,0.5,-0.25,0.08,0.0054604,0.04021,2SEG,1,LIDAR,0.013539599999999999,0.15979000000000002,0.7126105263157895,0.79895,0.7557802631578947
M3361,1e-05,5.5e-06,0.5,0.0,0.03,0.0055264,0.02062,2SEG,1,LIDAR,0.013473599999999999,0.17938,0.7091368421052631,0.8969,0.8030184210526315
M3362,1e-05,5.5e-06,0.5,0.0,0.035,0.0055195,0.02261,2SEG,1,LIDAR,0.0134805,0.17739000000000002,0.7095,0.88695,0.798225
M3363,1e-05,5.5e-06,0.5,0.0,0.04,0.005513,0.02447,2SEG,1,LIDAR,0.013486999999999999,0.17553000000000002,0.7098421052631578,0.87765,0.7937460526315789
M3364,1e-05,5.5e-06,0.5,0.0,0.05,0.005501,0.02794,2SEG,1,LIDAR,0.013499,0.17206000000000002,0.7104736842105264,0.8603000000000001,0.7853868421052632
M3365,1e-05,5.5e-06,0.5,0.0,0.08,0.0054697,0.03692,2SEG,1,LIDAR,0.013530299999999999,0.16308,0.7121210526315789,0.8154,0.7637605263157894
M3366,1e-05,5.5e-06,0.5,0.25,0.03,0.0055301,0.0193,2SEG,1,LIDAR,0.0134699,0.1807,0.7089421052631579,0.9035,0.806221052631579
M3367,1e-05,5.5e-06,0.5,0.25,0.035,0.0055236,0.02115,2SEG,1,LIDAR,0.0134764,0.17885,0.7092842105263157,0.89425,0.8017671052631579
M3368,1e-05,5.5e-06,0.5,0.25,0.04,0.0055175,0.0229,2SEG,1,LIDAR,0.0134825,0.1771,0.7096052631578947,0.8855,0.7975526315789474
M3369,1e-05,5.5e-06,0.5,0.25,0.05,0.005506,0.02615,2SEG,1,LIDAR,0.013493999999999999,0.17385,0.7102105263157894,0.86925,0.7897302631578946
M3370,1e-05,5.5e-06,0.5,0.25,0.08,0.0054764,0.03456,2SEG,1,LIDAR,0.0135236,0.16544,0.7117684210526316,0.8271999999999999,0.7694842105263158
M3371,1e-05,5.5e-06,0.5,0.5,0.03,0.005533,0.01828,2SEG,1,LIDAR,0.013467,0.18172000000000002,0.7087894736842105,0.9086000000000001,0.8086947368421054
M3372,1e-05,5.5e-06,0.5,0.5,0.035,0.0055267,0.02003,2SEG,1,LIDAR,0.0134733,0.17997000000000002,0.709121052631579,0.89985,0.8044855263157895
M3373,1e-05,5.5e-06,0.5,0.5,0.04,0.0055209,0.02169,2SEG,1,LIDAR,0.0134791,0.17831000000000002,0.7094263157894738,0.8915500000000001,0.8004881578947369
M3374,1e-05,5.5e-06,0.5,0.5,0.05,0.0055099,0.02477,2SEG,1,LIDAR,0.0134901,0.17523,0.7100052631578947,0.87615,0.7930776315789474
M3375,1e-05,5.5e-06,0.5,0.5,0.08,0.0054816,0.03274,2SEG,1,LIDAR,0.0135184,0.16726000000000002,0.7114947368421053,0.8363,0.7738973684210526
M3376,1e-05,1e-05,-0.5,-0.5,0.03,0.0074094,0.03025,2SEG,1,LIDAR,0.0115906,0.16975,0.6100315789473684,0.84875,0.7293907894736842
M3377,1e-05,1e-05,-0.5,-0.5,0.035,0.0073942,0.03314,2SEG,1,LIDAR,0.0116058,0.16686,0.6108315789473684,0.8343,0.7225657894736842
M3378,1e-05,1e-05,-0.5,-0.5,0.04,0.00738,0.03587,2SEG,1,LIDAR,0.011619999999999998,0.16413,0.611578947368421,0.82065,0.7161144736842104
M3379,1e-05,1e-05,-0.5,-0.5,0.05,0.0073534,0.04092,2SEG,1,LIDAR,0.0116466,0.15908,0.6129789473684211,0.7954,0.7041894736842105
M3380,1e-05,1e-05,-0.5,-0.5,0.08,0.0072847,0.05394,2SEG,1,LIDAR,0.0117153,0.14606000000000002,0.6165947368421053,0.7303000000000001,0.6734473684210527
M3381,1e-05,1e-05,-0.5,-0.25,0.03,0.0074252,0.02682,2SEG,1,LIDAR,0.0115748,0.17318,0.6092,0.8659,0.7375499999999999
M3382,1e-05,1e-05,-0.5,-0.25,0.035,0.0074116,0.02939,2SEG,1,LIDAR,0.011588399999999999,0.17061,0.6099157894736842,0.85305,0.7314828947368421
M3383,1e-05,1e-05,-0.5,-0.25,0.04,0.0073988,0.03181,2SEG,1,LIDAR,0.011601199999999999,0.16819,0.6105894736842105,0.84095,0.7257697368421052
M3384,1e-05,1e-05,-0.5,-0.25,0.05,0.0073749,0.03629,2SEG,1,LIDAR,0.0116251,0.16371000000000002,0.6118473684210526,0.8185500000000001,0.7151986842105263
M3385,1e-05,1e-05,-0.5,-0.25,0.08,0.007313,0.04788,2SEG,1,LIDAR,0.011687,0.15212,0.6151052631578947,0.7605999999999999,0.6878526315789473
M3386,1e-05,1e-05,-0.5,0.0,0.03,0.0074354,0.02462,2SEG,1,LIDAR,0.0115646,0.17538,0.6086631578947368,0.8769,0.7427815789473684
M3387,1e-05,1e-05,-0.5,0.0,0.035,0.0074227,0.02698,2SEG,1,LIDAR,0.011577299999999999,0.17302,0.6093315789473683,0.8651,0.7372157894736842
M3388,1e-05,1e-05,-0.5,0.0,0.04,0.0074108,0.02921,2SEG,1,LIDAR,0.0115892,0.17079,0.609957894736842,0.85395,0.731953947368421
M3389,1e-05,1e-05,-0.5,0.0,0.05,0.0073886,0.03333,2SEG,1,LIDAR,0.0116114,0.16667,0.6111263157894736,0.83335,0.7222381578947368
M3390,1e-05,1e-05,-0.5,0.0,0.08,0.0073312,0.04398,2SEG,1,LIDAR,0.0116688,0.15602000000000002,0.6141473684210527,0.7801,0.6971236842105264
M3391,1e-05,1e-05,-0.5,0.25,0.03,0.0074419,0.02304,2SEG,1,LIDAR,0.011558099999999998,0.17696,0.6083210526315789,0.8848,0.7465605263157895
M3392,1e-05,1e-05,-0.5,0.25,0.035,0.0074307,0.02525,2SEG,1,LIDAR,0.0115693,0.17475000000000002,0.6089105263157895,0.87375,0.7413302631578947
M3393,1e-05,1e-05,-0.5,0.25,0.04,0.0074194,0.02733,2SEG,1,LIDAR,0.0115806,0.17267000000000002,0.6095052631578948,0.8633500000000001,0.7364276315789474
M3394,1e-05,1e-05,-0.5,0.25,0.05,0.0073985,0.0312,2SEG,1,LIDAR,0.0116015,0.1688,0.6106052631578948,0.844,0.7273026315789474
M3395,1e-05,1e-05,-0.5,0.25,0.08,0.0073442,0.04118,2SEG,1,LIDAR,0.0116558,0.15882000000000002,0.6134631578947368,0.7941,0.7037815789473685
M3396,1e-05,1e-05,-0.5,0.5,0.03,0.0074475,0.02183,2SEG,1,LIDAR,0.0115525,0.17817000000000002,0.6080263157894737,0.89085,0.7494381578947369
M3397,1e-05,1e-05,-0.5,0.5,0.035,0.0074369,0.02392,2SEG,1,LIDAR,0.0115631,0.17608000000000001,0.6085842105263158,0.8804000000000001,0.7444921052631579
M3398,1e-05,1e-05,-0.5,0.5,0.04,0.0074261,0.02589,2SEG,1,LIDAR,0.0115739,0.17411000000000001,0.6091526315789474,0.87055,0.7398513157894737
M3399,1e-05,1e-05,-0.5,0.5,0.05,0.0074061,0.02955,2SEG,1,LIDAR,0.0115939,0.17045000000000002,0.6102052631578948,0.8522500000000001,0.7312276315789474
M3400,1e-05,1e-05,-0.5,0.5,0.08,0.0073542,0.03902,2SEG,1,LIDAR,0.0116458,0.16098,0.6129368421052631,0.8049000000000001,0.7089184210526316
M3401,1e-05,1e-05,-0.25,-0.5,0.03,0.0074114,0.03026,2SEG,1,LIDAR,0.0115886,0.16974,0.6099263157894736,0.8487,0.7293131578947368
M3402,1e-05,1e-05,-0.25,-0.5,0.035,0.0073965,0.03315,2SEG,1,LIDAR,0.0116035,0.16685,0.6107105263157895,0.8342499999999999,0.7224802631578947
M3403,1e-05,1e-05,-0.25,-0.5,0.04,0.0073824,0.03587,2SEG,1,LIDAR,0.011617599999999999,0.16413,0.6114526315789474,0.82065,0.7160513157894737
M3404,1e-05,1e-05,-0.25,-0.5,0.05,0.0073562,0.04093,2SEG,1,LIDAR,0.0116438,0.15907000000000002,0.6128315789473684,0.79535,0.7040907894736842
M3405,1e-05,1e-05,-0.25,-0.5,0.08,0.0072884,0.05396,2SEG,1,LIDAR,0.011711599999999999,0.14604,0.6164,0.7302,0.6733
M3406,1e-05,1e-05,-0.25,-0.25,0.03,0.0074273,0.02683,2SEG,1,LIDAR,0.011572699999999998,0.17317000000000002,0.6090894736842104,0.86585,0.7374697368421053
M3407,1e-05,1e-05,-0.25,-0.25,0.035,0.0074139,0.02939,2SEG,1,LIDAR,0.011586099999999998,0.17061,0.6097947368421052,0.85305,0.7314223684210526
M3408,1e-05,1e-05,-0.25,-0.25,0.04,0.0074012,0.03181,2SEG,1,LIDAR,0.0115988,0.16819,0.6104631578947368,0.84095,0.7257065789473685
M3409,1e-05,1e-05,-0.25,-0.25,0.05,0.0073777,0.0363,2SEG,1,LIDAR,0.011622299999999999,0.1637,0.6116999999999999,0.8185,0.7151
M3410,1e-05,1e-05,-0.25,-0.25,0.08,0.0073167,0.04789,2SEG,1,LIDAR,0.0116833,0.15211000000000002,0.6149105263157896,0.7605500000000001,0.6877302631578948
M3411,1e-05,1e-05,-0.25,0.0,0.03,0.0074374,0.02463,2SEG,1,LIDAR,0.0115626,0.17537000000000003,0.6085578947368421,0.8768500000000001,0.7427039473684212
M3412,1e-05,1e-05,-0.25,0.0,0.035,0.007425,0.02699,2SEG,1,LIDAR,0.011574999999999998,0.17301,0.6092105263157894,0.86505,0.7371302631578946
M3413,1e-05,1e-05,-0.25,0.0,0.04,0.0074132,0.02921,2SEG,1,LIDAR,0.0115868,0.17079,0.6098315789473684,0.85395,0.7318907894736841
M3414,1e-05,1e-05,-0.25,0.0,0.05,0.0073914,0.03334,2SEG,1,LIDAR,0.0116086,0.16666,0.6109789473684211,0.8332999999999999,0.7221394736842105
M3415,1e-05,1e-05,-0.25,0.0,0.08,0.0073348,0.044,2SEG,1,LIDAR,0.0116652,0.15600000000000003,0.6139578947368421,0.7800000000000001,0.6969789473684211
M3416,1e-05,1e-05,-0.25,0.25,0.03,0.0074447,0.02305,2SEG,1,LIDAR,0.0115553,0.17695,0.6081736842105263,0.8847499999999999,0.7464618421052631
M3417,1e-05,1e-05,-0.25,0.25,0.035,0.007433,0.02526,2SEG,1,LIDAR,0.011567,0.17474,0.6087894736842105,0.8737,0.7412447368421053
M3418,1e-05,1e-05,-0.25,0.25,0.04,0.0074219,0.02734,2SEG,1,LIDAR,0.0115781,0.17266,0.6093736842105263,0.8633,0.7363368421052632
M3419,1e-05,1e-05,-0.25,0.25,0.05,0.0074013,0.0312,2SEG,1,LIDAR,0.0115987,0.1688,0.6104578947368421,0.844,0.727228947368421
M3420,1e-05,1e-05,-0.25,0.25,0.08,0.0073479,0.04119,2SEG,1,LIDAR,0.011652099999999999,0.15881,0.6132684210526316,0.79405,0.7036592105263157
M3421,1e-05,1e-05,-0.25,0.5,0.03,0.0074496,0.02183,2SEG,1,LIDAR,0.011550399999999999,0.17817000000000002,0.6079157894736842,0.89085,0.7493828947368422
M3422,1e-05,1e-05,-0.25,0.5,0.035,0.0074391,0.02392,2SEG,1,LIDAR,0.011560899999999999,0.17608000000000001,0.6084684210526315,0.8804000000000001,0.7444342105263158
M3423,1e-05,1e-05,-0.25,0.5,0.04,0.0074285,0.0259,2SEG,1,LIDAR,0.011571499999999998,0.1741,0.6090263157894736,0.8704999999999999,0.7397631578947368
M3424,1e-05,1e-05,-0.25,0.5,0.05,0.0074089,0.02956,2SEG,1,LIDAR,0.0115911,0.17044,0.6100578947368421,0.8522,0.731128947368421
M3425,1e-05,1e-05,-0.25,0.5,0.08,0.0073579,0.03903,2SEG,1,LIDAR,0.011642099999999999,0.16097,0.6127421052631579,0.80485,0.7087960526315789
M3426,1e-05,1e-05,0.0,-0.5,0.03,0.0074128,0.03026,2SEG,1,LIDAR,0.011587199999999999,0.16974,0.6098526315789473,0.8487,0.7292763157894737
M3427,1e-05,1e-05,0.0,-0.5,0.035,0.0073979,0.03315,2SEG,1,LIDAR,0.0116021,0.16685,0.6106368421052633,0.8342499999999999,0.7224434210526316
M3428,1e-05,1e-05,0.0,-0.5,0.04,0.007384,0.03588,2SEG,1,LIDAR,0.011616,0.16412000000000002,0.6113684210526316,0.8206,0.7159842105263158
M3429,1e-05,1e-05,0.0,-0.5,0.05,0.007358,0.04093,2SEG,1,LIDAR,0.011642,0.15907000000000002,0.6127368421052631,0.79535,0.7040434210526316
M3430,1e-05,1e-05,0.0,-0.5,0.08,0.0072907,0.05397,2SEG,1,LIDAR,0.011709299999999999,0.14603000000000002,0.616278947368421,0.7301500000000001,0.6732144736842105
M3431,1e-05,1e-05,0.0,-0.25,0.03,0.0074286,0.02683,2SEG,1,LIDAR,0.011571399999999999,0.17317000000000002,0.6090210526315789,0.86585,0.7374355263157895
M3432,1e-05,1e-05,0.0,-0.25,0.035,0.0074153,0.0294,2SEG,1,LIDAR,0.0115847,0.1706,0.6097210526315789,0.853,0.7313605263157894
M3433,1e-05,1e-05,0.0,-0.25,0.04,0.0074028,0.03182,2SEG,1,LIDAR,0.011597199999999998,0.16818,0.610378947368421,0.8409,0.7256394736842104
M3434,1e-05,1e-05,0.0,-0.25,0.05,0.0073795,0.03631,2SEG,1,LIDAR,0.011620499999999999,0.16369,0.6116052631578947,0.81845,0.7150276315789473
M3435,1e-05,1e-05,0.0,-0.25,0.08,0.007319,0.0479,2SEG,1,LIDAR,0.011681,0.1521,0.6147894736842106,0.7605000000000001,0.6876447368421053
M3436,1e-05,1e-05,0.0,0.0,0.03,0.0074388,0.02463,2SEG,1,LIDAR,0.0115612,0.17537000000000003,0.6084842105263158,0.8768500000000001,0.7426671052631579
M3437,1e-05,1e-05,0.0,0.0,0.035,0.0074264,0.02699,2SEG,1,LIDAR,0.0115736,0.17301,0.6091368421052632,0.86505,0.7370934210526316
M3438,1e-05,1e-05,0.0,0.0,0.04,0.0074148,0.02921,2SEG,1,LIDAR,0.0115852,0.17079,0.6097473684210527,0.85395,0.7318486842105263
M3439,1e-05,1e-05,0.0,0.0,0.05,0.0073932,0.03334,2SEG,1,LIDAR,0.0116068,0.16666,0.6108842105263158,0.8332999999999999,0.7220921052631579
M3440,1e-05,1e-05,0.0,0.0,0.08,0.0073372,0.044,2SEG,1,LIDAR,0.0116628,0.15600000000000003,0.6138315789473684,0.7800000000000001,0.6969157894736843
M3441,1e-05,1e-05,0.0,0.25,0.03,0.0074461,0.02305,2SEG,1,LIDAR,0.011553899999999999,0.17695,0.6081,0.8847499999999999,0.7464249999999999
M3442,1e-05,1e-05,0.0,0.25,0.035,0.0074344,0.02526,2SEG,1,LIDAR,0.011565599999999999,0.17474,0.6087157894736842,0.8737,0.7412078947368421
M3443,1e-05,1e-05,0.0,0.25,0.04,0.0074235,0.02734,2SEG,1,LIDAR,0.0115765,0.17266,0.6092894736842105,0.8633,0.7362947368421052
M3444,1e-05,1e-05,0.0,0.25,0.05,0.0074031,0.03121,2SEG,1,LIDAR,0.0115969,0.16879,0.6103631578947368,0.84395,0.7271565789473684
M3445,1e-05,1e-05,0.0,0.25,0.08,0.0073502,0.0412,2SEG,1,LIDAR,0.011649799999999998,0.1588,0.6131473684210526,0.7939999999999999,0.7035736842105262
M3446,1e-05,1e-05,0.0,0.5,0.03,0.0074517,0.02183,2SEG,1,LIDAR,0.0115483,0.17817000000000002,0.6078052631578947,0.89085,0.7493276315789474
M3447,1e-05,1e-05,0.0,0.5,0.035,0.0074406,0.02393,2SEG,1,LIDAR,0.0115594,0.17607,0.6083894736842105,0.88035,0.7443697368421052
M3448,1e-05,1e-05,0.0,0.5,0.04,0.0074301,0.0259,2SEG,1,LIDAR,0.0115699,0.1741,0.6089421052631578,0.8704999999999999,0.739721052631579
M3449,1e-05,1e-05,0.0,0.5,0.05,0.0074107,0.02957,2SEG,1,LIDAR,0.0115893,0.17043000000000003,0.6099631578947369,0.8521500000000001,0.7310565789473684
M3450,1e-05,1e-05,0.0,0.5,0.08,0.0073603,0.03904,2SEG,1,LIDAR,0.0116397,0.16096000000000002,0.6126157894736842,0.8048000000000001,0.7087078947368421
M3451,1e-05,1e-05,0.25,-0.5,0.03,0.0074137,0.03026,2SEG,1,LIDAR,0.0115863,0.16974,0.6098052631578947,0.8487,0.7292526315789474
M3452,1e-05,1e-05,0.25,-0.5,0.035,0.007399,0.03316,2SEG,1,LIDAR,0.011601,0.16684000000000002,0.6105789473684211,0.8342,0.7223894736842106
M3453,1e-05,1e-05,0.25,-0.5,0.04,0.0073851,0.03588,2SEG,1,LIDAR,0.0116149,0.16412000000000002,0.6113105263157894,0.8206,0.7159552631578947
M3454,1e-05,1e-05,0.25,-0.5,0.05,0.0073593,0.04094,2SEG,1,LIDAR,0.0116407,0.15906,0.6126684210526316,0.7953,0.7039842105263159
M3455,1e-05,1e-05,0.25,-0.5,0.08,0.0072924,0.05398,2SEG,1,LIDAR,0.011707599999999999,0.14602,0.6161894736842105,0.7301,0.6731447368421053
M3456,1e-05,1e-05,0.25,-0.25,0.03,0.0074296,0.02683,2SEG,1,LIDAR,0.0115704,0.17317000000000002,0.6089684210526316,0.86585,0.7374092105263158
M3457,1e-05,1e-05,0.25,-0.25,0.035,0.0074164,0.0294,2SEG,1,LIDAR,0.0115836,0.1706,0.6096631578947368,0.853,0.7313315789473684
M3458,1e-05,1e-05,0.25,-0.25,0.04,0.0074039,0.03182,2SEG,1,LIDAR,0.0115961,0.16818,0.610321052631579,0.8409,0.7256105263157895
M3459,1e-05,1e-05,0.25,-0.25,0.05,0.0073807,0.03631,2SEG,1,LIDAR,0.011619299999999999,0.16369,0.6115421052631579,0.81845,0.714996052631579
M3460,1e-05,1e-05,0.25,-0.25,0.08,0.0073207,0.04791,2SEG,1,LIDAR,0.0116793,0.15209,0.6147,0.76045,0.687575
M3461,1e-05,1e-05,0.25,0.0,0.03,0.0074397,0.02463,2SEG,1,LIDAR,0.011560299999999999,0.17537000000000003,0.6084368421052632,0.8768500000000001,0.7426434210526316
M3462,1e-05,1e-05,0.25,0.0,0.035,0.0074275,0.02699,2SEG,1,LIDAR,0.0115725,0.17301,0.609078947368421,0.86505,0.7370644736842105
M3463,1e-05,1e-05,0.25,0.0,0.04,0.0074159,0.02922,2SEG,1,LIDAR,0.0115841,0.17078000000000002,0.6096894736842106,0.8539,0.7317947368421053
M3464,1e-05,1e-05,0.25,0.0,0.05,0.0073945,0.03335,2SEG,1,LIDAR,0.0116055,0.16665000000000002,0.6108157894736842,0.83325,0.7220328947368422
M3465,1e-05,1e-05,0.25,0.0,0.08,0.0073389,0.04401,2SEG,1,LIDAR,0.0116611,0.15599000000000002,0.613742105263158,0.77995,0.696846052631579
M3466,1e-05,1e-05,0.25,0.25,0.03,0.007447,0.02305,2SEG,1,LIDAR,0.011553,0.17695,0.6080526315789474,0.8847499999999999,0.7464013157894737
M3467,1e-05,1e-05,0.25,0.25,0.035,0.0074355,0.02526,2SEG,1,LIDAR,0.011564499999999998,0.17474,0.6086578947368421,0.8737,0.741178947368421
M3468,1e-05,1e-05,0.25,0.25,0.04,0.0074246,0.02734,2SEG,1,LIDAR,0.0115754,0.17266,0.6092315789473685,0.8633,0.7362657894736842
M3469,1e-05,1e-05,0.25,0.25,0.05,0.0074044,0.03121,2SEG,1,LIDAR,0.0115956,0.16879,0.6102947368421052,0.84395,0.7271223684210526
M3470,1e-05,1e-05,0.25,0.25,0.08,0.0073519,0.0412,2SEG,1,LIDAR,0.0116481,0.1588,0.6130578947368421,0.7939999999999999,0.703528947368421
M3471,1e-05,1e-05,0.25,0.5,0.03,0.0074518,0.02183,2SEG,1,LIDAR,0.0115482,0.17817000000000002,0.6078,0.89085,0.749325
M3472,1e-05,1e-05,0.25,0.5,0.035,0.0074416,0.02393,2SEG,1,LIDAR,0.0115584,0.17607,0.6083368421052632,0.88035,0.7443434210526316
M3473,1e-05,1e-05,0.25,0.5,0.04,0.0074312,0.0259,2SEG,1,LIDAR,0.0115688,0.1741,0.6088842105263158,0.8704999999999999,0.7396921052631579
M3474,1e-05,1e-05,0.25,0.5,0.05,0.007412,0.02957,2SEG,1,LIDAR,0.011588,0.17043000000000003,0.6098947368421053,0.8521500000000001,0.7310223684210526
M3475,1e-05,1e-05,0.25,0.5,0.08,0.007362,0.03904,2SEG,1,LIDAR,0.011637999999999999,0.16096000000000002,0.6125263157894737,0.8048000000000001,0.7086631578947369
M3476,1e-05,1e-05,0.5,-0.5,0.03,0.0074144,0.03026,2SEG,1,LIDAR,0.0115856,0.16974,0.6097684210526316,0.8487,0.7292342105263159
M3477,1e-05,1e-05,0.5,-0.5,0.035,0.0073998,0.03316,2SEG,1,LIDAR,0.0116002,0.16684000000000002,0.6105368421052632,0.8342,0.7223684210526315
M3478,1e-05,1e-05,0.5,-0.5,0.04,0.007386,0.03588,2SEG,1,LIDAR,0.011614,0.16412000000000002,0.6112631578947368,0.8206,0.7159315789473684
M3479,1e-05,1e-05,0.5,-0.5,0.05,0.0073603,0.04094,2SEG,1,LIDAR,0.0116397,0.15906,0.6126157894736842,0.7953,0.7039578947368421
M3480,1e-05,1e-05,0.5,-0.5,0.08,0.0072937,0.05399,2SEG,1,LIDAR,0.0117063,0.14601,0.6161210526315789,0.73005,0.6730855263157894
M3481,1e-05,1e-05,0.5,-0.25,0.03,0.0074303,0.02683,2SEG,1,LIDAR,0.011569699999999999,0.17317000000000002,0.6089315789473684,0.86585,0.7373907894736842
M3482,1e-05,1e-05,0.5,-0.25,0.035,0.0074172,0.0294,2SEG,1,LIDAR,0.0115828,0.1706,0.609621052631579,0.853,0.7313105263157895
M3483,1e-05,1e-05,0.5,-0.25,0.04,0.0074048,0.03182,2SEG,1,LIDAR,0.0115952,0.16818,0.6102736842105263,0.8409,0.7255868421052631
M3484,1e-05,1e-05,0.5,-0.25,0.05,0.0073817,0.03631,2SEG,1,LIDAR,0.0116183,0.16369,0.6114894736842106,0.81845,0.7149697368421053
M3485,1e-05,1e-05,0.5,-0.25,0.08,0.007322,0.04791,2SEG,1,LIDAR,0.011678,0.15209,0.6146315789473684,0.76045,0.6875407894736842
M3486,1e-05,1e-05,0.5,0.0,0.03,0.0074404,0.02463,2SEG,1,LIDAR,0.0115596,0.17537000000000003,0.6084,0.8768500000000001,0.7426250000000001
M3487,1e-05,1e-05,0.5,0.0,0.035,0.0074283,0.02699,2SEG,1,LIDAR,0.0115717,0.17301,0.6090368421052632,0.86505,0.7370434210526315
M3488,1e-05,1e-05,0.5,0.0,0.04,0.0074168,0.02922,2SEG,1,LIDAR,0.011583199999999998,0.17078000000000002,0.6096421052631579,0.8539,0.7317710526315789
M3489,1e-05,1e-05,0.5,0.0,0.05,0.0073955,0.03335,2SEG,1,LIDAR,0.0116045,0.16665000000000002,0.6107631578947369,0.83325,0.7220065789473684
M3490,1e-05,1e-05,0.5,0.0,0.08,0.0073402,0.04402,2SEG,1,LIDAR,0.0116598,0.15598,0.6136736842105263,0.7799,0.6967868421052632
M3491,1e-05,1e-05,0.5,0.25,0.03,0.0074477,0.02305,2SEG,1,LIDAR,0.0115523,0.17695,0.6080157894736842,0.8847499999999999,0.746382894736842
M3492,1e-05,1e-05,0.5,0.25,0.035,0.0074363,0.02526,2SEG,1,LIDAR,0.0115637,0.17474,0.6086157894736842,0.8737,0.7411578947368421
M3493,1e-05,1e-05,0.5,0.25,0.04,0.0074255,0.02735,2SEG,1,LIDAR,0.0115745,0.17265000000000003,0.6091842105263158,0.8632500000000001,0.7362171052631579
M3494,1e-05,1e-05,0.5,0.25,0.05,0.0074054,0.03121,2SEG,1,LIDAR,0.0115946,0.16879,0.6102421052631579,0.84395,0.727096052631579
M3495,1e-05,1e-05,0.5,0.25,0.08,0.0073532,0.04121,2SEG,1,LIDAR,0.011646799999999999,0.15879000000000001,0.6129894736842105,0.79395,0.7034697368421052
M3496,1e-05,1e-05,0.5,0.5,0.03,0.0074533,0.02184,2SEG,1,LIDAR,0.0115467,0.17816,0.6077210526315789,0.8908,0.7492605263157894
M3497,1e-05,1e-05,0.5,0.5,0.035,0.0074424,0.02393,2SEG,1,LIDAR,0.0115576,0.17607,0.6082947368421052,0.88035,0.7443223684210526
M3498,1e-05,1e-05,0.5,0.5,0.04,0.0074321,0.0259,2SEG,1,LIDAR,0.011567899999999999,0.1741,0.6088368421052631,0.8704999999999999,0.7396684210526315
M3499,1e-05,1e-05,0.5,0.5,0.05,0.007413,0.02957,2SEG,1,LIDAR,0.011587,0.17043000000000003,0.609842105263158,0.8521500000000001,0.7309960526315791
M3500,1e-05,1e-05,0.5,0.5,0.08,0.0073633,0.03905,2SEG,1,LIDAR,0.0116367,0.16095,0.6124578947368421,0.80475,0.708603947368421
M3501,1e-05,5.5e-05,-0.5,-0.5,0.03,0.023594,0.06054,2SEG,1,LIDAR,-0.004594000000000001,0.13946000000000003,0.24178947368421058,0.6973000000000001,0.46954473684210535
M3502,1e-05,5.5e-05,-0.5,-0.5,0.035,0.023507,0.06626,2SEG,1,LIDAR,-0.004507000000000001,0.13374000000000003,0.2372105263157895,0.6687000000000001,0.4529552631578948
M3503,1e-05,5.5e-05,-0.5,-0.5,0.04,0.023425,0.07164,2SEG,1,LIDAR,-0.004425000000000002,0.12836000000000003,0.23289473684210538,0.6418000000000001,0.43734736842105276
M3504,1e-05,5.5e-05,-0.5,-0.5,0.05,0.023272,0.08158,2SEG,1,LIDAR,-0.0042720000000000015,0.11842000000000001,0.22484210526315798,0.5921000000000001,0.408471052631579
M3505,1e-05,5.5e-05,-0.5,-0.5,0.08,0.022871,0.107,2SEG,1,LIDAR,-0.0038709999999999994,0.09300000000000001,0.20373684210526313,0.465,0.3343684210526316
M3506,1e-05,5.5e-05,-0.5,-0.25,0.03,0.023694,0.05374,2SEG,1,LIDAR,-0.004694,0.14626,0.24705263157894738,0.7313,0.4891763157894737
M3507,1e-05,5.5e-05,-0.5,-0.25,0.035,0.023617,0.05883,2SEG,1,LIDAR,-0.004617,0.14117000000000002,0.243,0.7058500000000001,0.47442500000000004
M3508,1e-05,5.5e-05,-0.5,-0.25,0.04,0.023545,0.06362,2SEG,1,LIDAR,-0.004545,0.13638,0.2392105263157895,0.6819,0.46055526315789475
M3509,1e-05,5.5e-05,-0.5,-0.25,0.05,0.023409,0.07249,2SEG,1,LIDAR,-0.004409,0.12751,0.23205263157894737,0.6375500000000001,0.43480131578947373
M3510,1e-05,5.5e-05,-0.5,-0.25,0.08,0.023055,0.09524,2SEG,1,LIDAR,-0.004055,0.10476,0.21342105263157893,0.5238,0.3686105263157895
M3511,1e-05,5.5e-05,-0.5,0.0,0.03,0.023758,0.04938,2SEG,1,LIDAR,-0.004758000000000002,0.15062,0.25042105263157904,0.7531,0.5017605263157895
M3512,1e-05,5.5e-05,-0.5,0.0,0.035,0.023688,0.05406,2SEG,1,LIDAR,-0.004688000000000001,0.14594000000000001,0.24673684210526323,0.7297,0.48821842105263163
M3513,1e-05,5.5e-05,-0.5,0.0,0.04,0.023621,0.05848,2SEG,1,LIDAR,-0.004621,0.14152,0.2432105263157895,0.7076,0.4754052631578948
M3514,1e-05,5.5e-05,-0.5,0.0,0.05,0.023497,0.06665,2SEG,1,LIDAR,-0.004497000000000001,0.13335000000000002,0.23668421052631586,0.6667500000000001,0.45171710526315795
M3515,1e-05,5.5e-05,-0.5,0.0,0.08,0.023172,0.08763,2SEG,1,LIDAR,-0.004172000000000002,0.11237000000000001,0.21957894736842118,0.5618500000000001,0.39071447368421064
M3516,1e-05,5.5e-05,-0.5,0.25,0.03,0.023804,0.04623,2SEG,1,LIDAR,-0.004803999999999999,0.15377000000000002,0.25284210526315787,0.76885,0.510846052631579
M3517,1e-05,5.5e-05,-0.5,0.25,0.035,0.023738,0.05063,2SEG,1,LIDAR,-0.004737999999999999,0.14937,0.24936842105263154,0.74685,0.4981092105263158
M3518,1e-05,5.5e-05,-0.5,0.25,0.04,0.023676,0.05477,2SEG,1,LIDAR,-0.004676,0.14523000000000003,0.24610526315789472,0.7261500000000001,0.4861276315789474
M3519,1e-05,5.5e-05,-0.5,0.25,0.05,0.02356,0.06243,2SEG,1,LIDAR,-0.0045600000000000016,0.13757000000000003,0.24000000000000007,0.6878500000000001,0.4639250000000001
M3520,1e-05,5.5e-05,-0.5,0.25,0.08,0.023256,0.08213,2SEG,1,LIDAR,-0.004255999999999999,0.11787000000000002,0.22399999999999998,0.58935,0.406675
M3521,1e-05,5.5e-05,-0.5,0.5,0.03,0.023839,0.04381,2SEG,1,LIDAR,-0.0048389999999999996,0.15619,0.2546842105263158,0.7809499999999999,0.5178171052631578
M3522,1e-05,5.5e-05,-0.5,0.5,0.035,0.023777,0.04798,2SEG,1,LIDAR,-0.004777,0.15202000000000002,0.25142105263157893,0.7601,0.5057605263157895
M3523,1e-05,5.5e-05,-0.5,0.5,0.04,0.023718,0.05191,2SEG,1,LIDAR,-0.004718,0.14809,0.2483157894736842,0.7404499999999999,0.49438289473684205
M3524,1e-05,5.5e-05,-0.5,0.5,0.05,0.023608,0.05918,2SEG,1,LIDAR,-0.004608000000000001,0.14082,0.24252631578947373,0.7041,0.4733131578947368
M3525,1e-05,5.5e-05,-0.5,0.5,0.08,0.023321,0.07789,2SEG,1,LIDAR,-0.004321000000000002,0.12211000000000001,0.22742105263157905,0.61055,0.41898552631578956
M3526,1e-05,5.5e-05,-0.25,-0.5,0.03,0.023595,0.06054,2SEG,1,LIDAR,-0.004595000000000002,0.13946000000000003,0.241842105263158,0.6973000000000001,0.46957105263157906
M3527,1e-05,5.5e-05,-0.25,-0.5,0.035,0.023509,0.06626,2SEG,1,LIDAR,-0.004508999999999999,0.13374000000000003,0.23731578947368417,0.6687000000000001,0.4530078947368421
M3528,1e-05,5.5e-05,-0.25,-0.5,0.04,0.023427,0.07164,2SEG,1,LIDAR,-0.004427,0.12836000000000003,0.233,0.6418000000000001,0.43740000000000007
M3529,1e-05,5.5e-05,-0.25,-0.5,0.05,0.023274,0.08159,2SEG,1,LIDAR,-0.004274,0.11841000000000002,0.22494736842105265,0.5920500000000001,0.4084986842105264
M3530,1e-05,5.5e-05,-0.25,-0.5,0.08,0.022874,0.1071,2SEG,1,LIDAR,-0.003873999999999999,0.09290000000000001,0.2038947368421052,0.4645,0.33419736842105263
M3531,1e-05,5.5e-05,-0.25,-0.25,0.03,0.023696,0.05374,2SEG,1,LIDAR,-0.004695999999999999,0.14626,0.24715789473684205,0.7313,0.489228947368421
M3532,1e-05,5.5e-05,-0.25,-0.25,0.035,0.023619,0.05884,2SEG,1,LIDAR,-0.004619000000000002,0.14116,0.24310526315789482,0.7058,0.4744526315789474
M3533,1e-05,5.5e-05,-0.25,-0.25,0.04,0.023547,0.06363,2SEG,1,LIDAR,-0.004546999999999999,0.13637,0.23931578947368415,0.68185,0.46058289473684205
M3534,1e-05,5.5e-05,-0.25,-0.25,0.05,0.023412,0.0725,2SEG,1,LIDAR,-0.004411999999999999,0.1275,0.23221052631578945,0.6375,0.4348552631578947
M3535,1e-05,5.5e-05,-0.25,-0.25,0.08,0.023058,0.09525,2SEG,1,LIDAR,-0.004057999999999999,0.10475000000000001,0.213578947368421,0.52375,0.3686644736842105
M3536,1e-05,5.5e-05,-0.25,0.0,0.03,0.02376,0.04938,2SEG,1,LIDAR,-0.00476,0.15062,0.2505263157894737,0.7531,0.5018131578947369
M3537,1e-05,5.5e-05,-0.25,0.0,0.035,0.02369,0.05407,2SEG,1,LIDAR,-0.00469,0.14593,0.2468421052631579,0.72965,0.48824605263157894
M3538,1e-05,5.5e-05,-0.25,0.0,0.04,0.023623,0.05848,2SEG,1,LIDAR,-0.004623000000000002,0.14152,0.24331578947368432,0.7076,0.4754578947368422
M3539,1e-05,5.5e-05,-0.25,0.0,0.05,0.023499,0.06665,2SEG,1,LIDAR,-0.0044989999999999995,0.13335000000000002,0.2367894736842105,0.6667500000000001,0.4517697368421053
M3540,1e-05,5.5e-05,-0.25,0.0,0.08,0.023175,0.08764,2SEG,1,LIDAR,-0.004175000000000002,0.11236000000000002,0.21973684210526326,0.5618000000000001,0.39076842105263165
M3541,1e-05,5.5e-05,-0.25,0.25,0.03,0.023806,0.04623,2SEG,1,LIDAR,-0.004806000000000001,0.15377000000000002,0.2529473684210527,0.76885,0.5108986842105263
M3542,1e-05,5.5e-05,-0.25,0.25,0.035,0.02374,0.05063,2SEG,1,LIDAR,-0.004740000000000001,0.14937,0.24947368421052638,0.74685,0.4981618421052632
M3543,1e-05,5.5e-05,-0.25,0.25,0.04,0.023678,0.05477,2SEG,1,LIDAR,-0.004678000000000002,0.14523000000000003,0.24621052631578957,0.7261500000000001,0.4861802631578948
M3544,1e-05,5.5e-05,-0.25,0.25,0.05,0.023562,0.06243,2SEG,1,LIDAR,-0.004562,0.13757000000000003,0.24010526315789474,0.6878500000000001,0.4639776315789474
M3545,1e-05,5.5e-05,-0.25,0.25,0.08,0.02326,0.08214,2SEG,1,LIDAR,-0.00426,0.11786,0.22421052631578947,0.5893,0.4067552631578948
M3546,1e-05,5.5e-05,-0.25,0.5,0.03,0.023841,0.04381,2SEG,1,LIDAR,-0.0048410000000000016,0.15619,0.2547894736842106,0.7809499999999999,0.5178697368421052
M3547,1e-05,5.5e-05,-0.25,0.5,0.035,0.023779,0.04798,2SEG,1,LIDAR,-0.004779000000000002,0.15202000000000002,0.2515263157894738,0.7601,0.5058131578947369
M3548,1e-05,5.5e-05,-0.25,0.5,0.04,0.02372,0.05191,2SEG,1,LIDAR,-0.004720000000000002,0.14809,0.24842105263157907,0.7404499999999999,0.4944355263157895
M3549,1e-05,5.5e-05,-0.25,0.5,0.05,0.023611,0.05918,2SEG,1,LIDAR,-0.0046110000000000005,0.14082,0.24268421052631584,0.7041,0.4733921052631579
M3550,1e-05,5.5e-05,-0.25,0.5,0.08,0.023324,0.07789,2SEG,1,LIDAR,-0.0043240000000000015,0.12211000000000001,0.22757894736842113,0.61055,0.41906447368421057
M3551,1e-05,5.5e-05,0.0,-0.5,0.03,0.023596,0.06054,2SEG,1,LIDAR,-0.004595999999999999,0.13946000000000003,0.24189473684210525,0.6973000000000001,0.4695973684210527
M3552,1e-05,5.5e-05,0.0,-0.5,0.035,0.02351,0.06626,2SEG,1,LIDAR,-0.00451,0.13374000000000003,0.2373684210526316,0.6687000000000001,0.4530342105263158
M3553,1e-05,5.5e-05,0.0,-0.5,0.04,0.023428,0.07164,2SEG,1,LIDAR,-0.004428000000000001,0.12836000000000003,0.23305263157894746,0.6418000000000001,0.4374263157894738
M3554,1e-05,5.5e-05,0.0,-0.5,0.05,0.023276,0.08159,2SEG,1,LIDAR,-0.004276000000000002,0.11841000000000002,0.22505263157894748,0.5920500000000001,0.4085513157894738
M3555,1e-05,5.5e-05,0.0,-0.5,0.08,0.022876,0.1071,2SEG,1,LIDAR,-0.003876000000000001,0.09290000000000001,0.20400000000000004,0.4645,0.33425000000000005
M3556,1e-05,5.5e-05,0.0,-0.25,0.03,0.023697,0.05374,2SEG,1,LIDAR,-0.004697,0.14626,0.24721052631578946,0.7313,0.4892552631578947
M3557,1e-05,5.5e-05,0.0,-0.25,0.035,0.02362,0.05884,2SEG,1,LIDAR,-0.004619999999999999,0.14116,0.24315789473684207,0.7058,0.474478947368421
M3558,1e-05,5.5e-05,0.0,-0.25,0.04,0.023548,0.06363,2SEG,1,LIDAR,-0.004548,0.13637,0.2393684210526316,0.68185,0.46060921052631576
M3559,1e-05,5.5e-05,0.0,-0.25,0.05,0.023413,0.0725,2SEG,1,LIDAR,-0.004413,0.1275,0.23226315789473687,0.6375,0.4348815789473684
M3560,1e-05,5.5e-05,0.0,-0.25,0.08,0.02306,0.09525,2SEG,1,LIDAR,-0.004060000000000001,0.10475000000000001,0.21368421052631587,0.52375,0.36871710526315793
M3561,1e-05,5.5e-05,0.0,0.0,0.03,0.023761,0.04938,2SEG,1,LIDAR,-0.004761000000000001,0.15062,0.2505789473684211,0.7531,0.5018394736842106
M3562,1e-05,5.5e-05,0.0,0.0,0.035,0.023691,0.05407,2SEG,1,LIDAR,-0.004691000000000001,0.14593,0.2468947368421053,0.72965,0.48827236842105265
M3563,1e-05,5.5e-05,0.0,0.0,0.04,0.023625,0.05848,2SEG,1,LIDAR,-0.004625000000000001,0.14152,0.24342105263157898,0.7076,0.4755105263157895
M3564,1e-05,5.5e-05,0.0,0.0,0.05,0.023501,0.06665,2SEG,1,LIDAR,-0.0045010000000000015,0.13335000000000002,0.23689473684210535,0.6667500000000001,0.4518223684210527
M3565,1e-05,5.5e-05,0.0,0.0,0.08,0.023177,0.08764,2SEG,1,LIDAR,-0.004177,0.11236000000000002,0.21984210526315792,0.5618000000000001,0.390821052631579
M3566,1e-05,5.5e-05,0.0,0.25,0.03,0.023807,0.04623,2SEG,1,LIDAR,-0.004806999999999999,0.15377000000000002,0.25299999999999995,0.76885,0.510925
M3567,1e-05,5.5e-05,0.0,0.25,0.035,0.023741,0.05063,2SEG,1,LIDAR,-0.004741000000000002,0.14937,0.2495263157894738,0.74685,0.4981881578947369
M3568,1e-05,5.5e-05,0.0,0.25,0.04,0.023679,0.05477,2SEG,1,LIDAR,-0.004678999999999999,0.14523000000000003,0.2462631578947368,0.7261500000000001,0.4862065789473684
M3569,1e-05,5.5e-05,0.0,0.25,0.05,0.023564,0.06243,2SEG,1,LIDAR,-0.004564000000000002,0.13757000000000003,0.2402105263157896,0.6878500000000001,0.46403026315789486
M3570,1e-05,5.5e-05,0.0,0.25,0.08,0.023261,0.08214,2SEG,1,LIDAR,-0.004261000000000001,0.11786,0.2242631578947369,0.5893,0.40678157894736844
M3571,1e-05,5.5e-05,0.0,0.5,0.03,0.023842,0.04381,2SEG,1,LIDAR,-0.004841999999999999,0.15619,0.25484210526315787,0.7809499999999999,0.5178960526315789
M3572,1e-05,5.5e-05,0.0,0.5,0.035,0.02378,0.04798,2SEG,1,LIDAR,-0.0047799999999999995,0.15202000000000002,0.251578947368421,0.7601,0.5058394736842104
M3573,1e-05,5.5e-05,0.0,0.5,0.04,0.023721,0.05191,2SEG,1,LIDAR,-0.0047209999999999995,0.14809,0.2484736842105263,0.7404499999999999,0.4944618421052631
M3574,1e-05,5.5e-05,0.0,0.5,0.05,0.023612,0.05918,2SEG,1,LIDAR,-0.0046120000000000015,0.14082,0.24273684210526325,0.7041,0.4734184210526316
M3575,1e-05,5.5e-05,0.0,0.5,0.08,0.023326,0.0779,2SEG,1,LIDAR,-0.004326,0.12210000000000001,0.2276842105263158,0.6105,0.41909210526315793
M3576,1e-05,5.5e-05,0.25,-0.5,0.03,0.023597,0.06054,2SEG,1,LIDAR,-0.004597,0.13946000000000003,0.24194736842105266,0.6973000000000001,0.4696236842105264
M3577,1e-05,5.5e-05,0.25,-0.5,0.035,0.023511,0.06627,2SEG,1,LIDAR,-0.004511000000000001,0.13373000000000002,0.237421052631579,0.6686500000000001,0.4530355263157895
M3578,1e-05,5.5e-05,0.25,-0.5,0.04,0.023429,0.07164,2SEG,1,LIDAR,-0.004428999999999999,0.12836000000000003,0.23310526315789468,0.6418000000000001,0.4374526315789474
M3579,1e-05,5.5e-05,0.25,-0.5,0.05,0.023277,0.08159,2SEG,1,LIDAR,-0.0042769999999999996,0.11841000000000002,0.22510526315789472,0.5920500000000001,0.4085776315789474
M3580,1e-05,5.5e-05,0.25,-0.5,0.08,0.022877,0.1071,2SEG,1,LIDAR,-0.003877000000000002,0.09290000000000001,0.20405263157894749,0.4645,0.33427631578947375
M3581,1e-05,5.5e-05,0.25,-0.25,0.03,0.023698,0.05374,2SEG,1,LIDAR,-0.004698000000000001,0.14626,0.24726315789473688,0.7313,0.4892815789473684
M3582,1e-05,5.5e-05,0.25,-0.25,0.035,0.023621,0.05884,2SEG,1,LIDAR,-0.004621,0.14116,0.2432105263157895,0.7058,0.47450526315789476
M3583,1e-05,5.5e-05,0.25,-0.25,0.04,0.023549,0.06363,2SEG,1,LIDAR,-0.004549000000000001,0.13637,0.239421052631579,0.68185,0.46063552631578947
M3584,1e-05,5.5e-05,0.25,-0.25,0.05,0.023414,0.0725,2SEG,1,LIDAR,-0.004414000000000001,0.1275,0.23231578947368428,0.6375,0.4349078947368421
M3585,1e-05,5.5e-05,0.25,-0.25,0.08,0.023061,0.09526,2SEG,1,LIDAR,-0.004061000000000002,0.10474000000000001,0.21373684210526328,0.5237,0.36871842105263164
M3586,1e-05,5.5e-05,0.25,0.0,0.03,0.023762,0.04938,2SEG,1,LIDAR,-0.004761999999999999,0.15062,0.25063157894736837,0.7531,0.5018657894736842
M3587,1e-05,5.5e-05,0.25,0.0,0.035,0.023692,0.05407,2SEG,1,LIDAR,-0.004692000000000002,0.14593,0.24694736842105272,0.72965,0.48829868421052636
M3588,1e-05,5.5e-05,0.25,0.0,0.04,0.023626,0.05848,2SEG,1,LIDAR,-0.004626000000000002,0.14152,0.2434736842105264,0.7076,0.4755368421052632
M3589,1e-05,5.5e-05,0.25,0.0,0.05,0.023502,0.06665,2SEG,1,LIDAR,-0.004501999999999999,0.13335000000000002,0.2369473684210526,0.6667500000000001,0.4518486842105263
M3590,1e-05,5.5e-05,0.25,0.0,0.08,0.023179,0.08764,2SEG,1,LIDAR,-0.004179000000000002,0.11236000000000002,0.21994736842105275,0.5618000000000001,0.39087368421052643
M3591,1e-05,5.5e-05,0.25,0.25,0.03,0.023808,0.04624,2SEG,1,LIDAR,-0.004808,0.15376,0.25305263157894736,0.7688,0.5109263157894737
M3592,1e-05,5.5e-05,0.25,0.25,0.035,0.023742,0.05063,2SEG,1,LIDAR,-0.004742,0.14937,0.24957894736842104,0.74685,0.4982144736842105
M3593,1e-05,5.5e-05,0.25,0.25,0.04,0.02368,0.05477,2SEG,1,LIDAR,-0.00468,0.14523000000000003,0.2463157894736842,0.7261500000000001,0.48623289473684217
M3594,1e-05,5.5e-05,0.25,0.25,0.05,0.023565,0.06244,2SEG,1,LIDAR,-0.004565,0.13756000000000002,0.24026315789473682,0.6878000000000001,0.46403157894736846
M3595,1e-05,5.5e-05,0.25,0.25,0.08,0.023263,0.08215,2SEG,1,LIDAR,-0.004262999999999999,0.11785000000000001,0.22436842105263155,0.58925,0.4068092105263158
M3596,1e-05,5.5e-05,0.25,0.5,0.03,0.023843,0.04381,2SEG,1,LIDAR,-0.004843,0.15619,0.2548947368421053,0.7809499999999999,0.5179223684210525
M3597,1e-05,5.5e-05,0.25,0.5,0.035,0.023781,0.04798,2SEG,1,LIDAR,-0.0047810000000000005,0.15202000000000002,0.25163157894736843,0.7601,0.5058657894736842
M3598,1e-05,5.5e-05,0.25,0.5,0.04,0.023722,0.05191,2SEG,1,LIDAR,-0.0047220000000000005,0.14809,0.2485263157894737,0.7404499999999999,0.4944881578947368
M3599,1e-05,5.5e-05,0.25,0.5,0.05,0.023613,0.05919,2SEG,1,LIDAR,-0.004612999999999999,0.14081000000000002,0.24278947368421047,0.7040500000000001,0.47341973684210525
M3600,1e-05,5.5e-05,0.25,0.5,0.08,0.023327,0.0779,2SEG,1,LIDAR,-0.004327000000000001,0.12210000000000001,0.2277368421052632,0.6105,0.41911842105263164
M3601,1e-05,5.5e-05,0.5,-0.5,0.03,0.023598,0.06054,2SEG,1,LIDAR,-0.004598000000000001,0.13946000000000003,0.24200000000000008,0.6973000000000001,0.4696500000000001
M3602,1e-05,5.5e-05,0.5,-0.5,0.035,0.023512,0.06627,2SEG,1,LIDAR,-0.004512000000000002,0.13373000000000002,0.23747368421052642,0.6686500000000001,0.45306184210526323
M3603,1e-05,5.5e-05,0.5,-0.5,0.04,0.02343,0.07165,2SEG,1,LIDAR,-0.00443,0.12835000000000002,0.23315789473684212,0.64175,0.4374539473684211
M3604,1e-05,5.5e-05,0.5,-0.5,0.05,0.023277,0.08159,2SEG,1,LIDAR,-0.0042769999999999996,0.11841000000000002,0.22510526315789472,0.5920500000000001,0.4085776315789474
M3605,1e-05,5.5e-05,0.5,-0.5,0.08,0.022878,0.1071,2SEG,1,LIDAR,-0.0038779999999999995,0.09290000000000001,0.2041052631578947,0.4645,0.33430263157894735
M3606,1e-05,5.5e-05,0.5,-0.25,0.03,0.023698,0.05375,2SEG,1,LIDAR,-0.004698000000000001,0.14625000000000002,0.24726315789473688,0.7312500000000001,0.48925657894736846
M3607,1e-05,5.5e-05,0.5,-0.25,0.035,0.023622,0.05884,2SEG,1,LIDAR,-0.004622000000000001,0.14116,0.2432631578947369,0.7058,0.4745315789473684
M3608,1e-05,5.5e-05,0.5,-0.25,0.04,0.02355,0.06363,2SEG,1,LIDAR,-0.004550000000000002,0.13637,0.23947368421052642,0.68185,0.4606618421052632
M3609,1e-05,5.5e-05,0.5,-0.25,0.05,0.023415,0.0725,2SEG,1,LIDAR,-0.004414999999999999,0.1275,0.23236842105263153,0.6375,0.43493421052631576
M3610,1e-05,5.5e-05,0.5,-0.25,0.08,0.023063,0.09526,2SEG,1,LIDAR,-0.004063000000000001,0.10474000000000001,0.21384210526315794,0.5237,0.368771052631579
M3611,1e-05,5.5e-05,0.5,0.0,0.03,0.023762,0.04938,2SEG,1,LIDAR,-0.004761999999999999,0.15062,0.25063157894736837,0.7531,0.5018657894736842
M3612,1e-05,5.5e-05,0.5,0.0,0.035,0.023692,0.05407,2SEG,1,LIDAR,-0.004692000000000002,0.14593,0.24694736842105272,0.72965,0.48829868421052636
M3613,1e-05,5.5e-05,0.5,0.0,0.04,0.023626,0.05848,2SEG,1,LIDAR,-0.004626000000000002,0.14152,0.2434736842105264,0.7076,0.4755368421052632
M3614,1e-05,5.5e-05,0.5,0.0,0.05,0.023503,0.06665,2SEG,1,LIDAR,-0.004503,0.13335000000000002,0.23700000000000002,0.6667500000000001,0.451875
M3615,1e-05,5.5e-05,0.5,0.0,0.08,0.02318,0.08765,2SEG,1,LIDAR,-0.00418,0.11235,0.22,0.56175,0.390875
M3616,1e-05,5.5e-05,0.5,0.25,0.03,0.023808,0.04624,2SEG,1,LIDAR,-0.004808,0.15376,0.25305263157894736,0.7688,0.5109263157894737
M3617,1e-05,5.5e-05,0.5,0.25,0.035,0.023743,0.05063,2SEG,1,LIDAR,-0.004743000000000001,0.14937,0.24963157894736845,0.74685,0.4982407894736842
M3618,1e-05,5.5e-05,0.5,0.25,0.04,0.023681,0.05477,2SEG,1,LIDAR,-0.004681000000000001,0.14523000000000003,0.24636842105263165,0.7261500000000001,0.4862592105263159
M3619,1e-05,5.5e-05,0.5,0.25,0.05,0.023566,0.06244,2SEG,1,LIDAR,-0.004566000000000001,0.13756000000000002,0.24031578947368426,0.6878000000000001,0.46405789473684217
M3620,1e-05,5.5e-05,0.5,0.25,0.08,0.023264,0.08215,2SEG,1,LIDAR,-0.004264,0.11785000000000001,0.22442105263157897,0.58925,0.4068355263157895
M3621,1e-05,5.5e-05,0.5,0.5,0.03,0.023843,0.04381,2SEG,1,LIDAR,-0.004843,0.15619,0.2548947368421053,0.7809499999999999,0.5179223684210525
M3622,1e-05,5.5e-05,0.5,0.5,0.035,0.023782,0.04799,2SEG,1,LIDAR,-0.0047820000000000015,0.15201,0.2516842105263159,0.76005,0.5058671052631579
M3623,1e-05,5.5e-05,0.5,0.5,0.04,0.023723,0.05191,2SEG,1,LIDAR,-0.0047230000000000015,0.14809,0.24857894736842115,0.7404499999999999,0.49451447368421053
M3624,1e-05,5.5e-05,0.5,0.5,0.05,0.023614,0.05919,2SEG,1,LIDAR,-0.004614,0.14081000000000002,0.24284210526315791,0.7040500000000001,0.473446052631579
M3625,1e-05,5.5e-05,0.5,0.5,0.08,0.023329,0.0779,2SEG,1,LIDAR,-0.0043289999999999995,0.12210000000000001,0.22784210526315787,0.6105,0.41917105263157894
M3626,1e-05,0.0001,-0.5,-0.5,0.03,0.036435,0.07857,2SEG,1,LIDAR,-0.017435000000000003,0.12143000000000001,0.9176315789473686,0.60715,0.7623907894736843
M3627,1e-05,0.0001,-0.5,-0.5,0.035,0.036292,0.08598,2SEG,1,LIDAR,-0.017292,0.11402000000000001,0.9101052631578946,0.5701,0.7401026315789474
M3628,1e-05,0.0001,-0.5,-0.5,0.04,0.036155,0.09295,2SEG,1,LIDAR,-0.017155,0.10705,0.9028947368421053,0.53525,0.7190723684210527
M3629,1e-05,0.0001,-0.5,-0.5,0.05,0.0359,0.1058,2SEG,1,LIDAR,-0.016900000000000002,0.0942,0.8894736842105264,0.47100000000000003,0.6802368421052633
M3630,1e-05,0.0001,-0.5,-0.5,0.08,0.035177,0.1386,2SEG,1,LIDAR,-0.016177,0.06140000000000001,0.851421052631579,0.30700000000000005,0.5792105263157895
M3631,1e-05,0.0001,-0.5,-0.25,0.03,0.036601,0.06976,2SEG,1,LIDAR,-0.017601000000000002,0.13024000000000002,0.9263684210526317,0.6512000000000001,0.7887842105263159
M3632,1e-05,0.0001,-0.5,-0.25,0.035,0.036476,0.07636,2SEG,1,LIDAR,-0.017476000000000002,0.12364000000000001,0.9197894736842106,0.6182000000000001,0.7689947368421053
M3633,1e-05,0.0001,-0.5,-0.25,0.04,0.036356,0.08257,2SEG,1,LIDAR,-0.017356,0.11743,0.9134736842105263,0.58715,0.7503118421052631
M3634,1e-05,0.0001,-0.5,-0.25,0.05,0.036131,0.09405,2SEG,1,LIDAR,-0.017131000000000004,0.10595000000000002,0.9016315789473687,0.52975,0.7156907894736844
M3635,1e-05,0.0001,-0.5,-0.25,0.08,0.035509,0.1234,2SEG,1,LIDAR,-0.016509,0.07660000000000002,0.8688947368421053,0.38300000000000006,0.6259473684210527
M3636,1e-05,0.0001,-0.5,0.0,0.03,0.036707,0.0641,2SEG,1,LIDAR,-0.017706999999999997,0.13590000000000002,0.9319473684210525,0.6795000000000001,0.8057236842105263
M3637,1e-05,0.0001,-0.5,0.0,0.035,0.036592,0.07018,2SEG,1,LIDAR,-0.017592,0.12982,0.9258947368421053,0.6490999999999999,0.7874973684210527
M3638,1e-05,0.0001,-0.5,0.0,0.04,0.036483,0.0759,2SEG,1,LIDAR,-0.017483000000000002,0.12410000000000002,0.9201578947368423,0.6205,0.7703289473684212
M3639,1e-05,0.0001,-0.5,0.0,0.05,0.036278,0.08648,2SEG,1,LIDAR,-0.017277999999999998,0.11352000000000001,0.9093684210526315,0.5676,0.7384842105263157
M3640,1e-05,0.0001,-0.5,0.0,0.08,0.035716,0.1136,2SEG,1,LIDAR,-0.016715999999999998,0.0864,0.8797894736842105,0.432,0.6558947368421052
M3641,1e-05,0.0001,-0.5,0.25,0.03,0.036783,0.06002,2SEG,1,LIDAR,-0.017783000000000004,0.13998000000000002,0.9359473684210529,0.6999000000000001,0.8179236842105264
M3642,1e-05,0.0001,-0.5,0.25,0.035,0.036675,0.06572,2SEG,1,LIDAR,-0.017675,0.13428,0.9302631578947369,0.6714,0.8008315789473684
M3643,1e-05,0.0001,-0.5,0.25,0.04,0.036574,0.07109,2SEG,1,LIDAR,-0.017574000000000003,0.12891000000000002,0.9249473684210529,0.6445500000000001,0.7847486842105265
M3644,1e-05,0.0001,-0.5,0.25,0.05,0.036383,0.08102,2SEG,1,LIDAR,-0.017383,0.11898000000000002,0.9148947368421052,0.5949000000000001,0.7548973684210527
M3645,1e-05,0.0001,-0.5,0.25,0.08,0.035879,0.1065,2SEG,1,LIDAR,-0.016879,0.09350000000000001,0.8883684210526317,0.4675,0.6779342105263159
M3646,1e-05,0.0001,-0.5,0.5,0.03,0.036841,0.05688,2SEG,1,LIDAR,-0.017841,0.14312000000000002,0.939,0.7156000000000001,0.8273
M3647,1e-05,0.0001,-0.5,0.5,0.035,0.03674,0.06229,2SEG,1,LIDAR,-0.017740000000000002,0.13771,0.9336842105263159,0.68855,0.811117105263158
M3648,1e-05,0.0001,-0.5,0.5,0.04,0.036643,0.06738,2SEG,1,LIDAR,-0.017643000000000002,0.13262000000000002,0.9285789473684212,0.6631,0.7958394736842106
M3649,1e-05,0.0001,-0.5,0.5,0.05,0.036463,0.07681,2SEG,1,LIDAR,-0.017463000000000003,0.12319000000000001,0.9191052631578949,0.61595,0.7675276315789474
M3650,1e-05,0.0001,-0.5,0.5,0.08,0.035988,0.101,2SEG,1,LIDAR,-0.016988,0.099,0.8941052631578947,0.495,0.6945526315789474
M3651,1e-05,0.0001,-0.25,-0.5,0.03,0.036437,0.07857,2SEG,1,LIDAR,-0.017436999999999998,0.12143000000000001,0.9177368421052631,0.60715,0.7624434210526315
M3652,1e-05,0.0001,-0.25,-0.5,0.035,0.036293,0.08598,2SEG,1,LIDAR,-0.017293,0.11402000000000001,0.910157894736842,0.5701,0.740128947368421
M3653,1e-05,0.0001,-0.25,-0.5,0.04,0.036157,0.09295,2SEG,1,LIDAR,-0.017157000000000002,0.10705,0.9030000000000001,0.53525,0.719125
M3654,1e-05,0.0001,-0.25,-0.5,0.05,0.035902,0.1058,2SEG,1,LIDAR,-0.016902000000000004,0.0942,0.8895789473684212,0.47100000000000003,0.6802894736842107
M3655,1e-05,0.0001,-0.25,-0.5,0.08,0.03518,0.1386,2SEG,1,LIDAR,-0.016180000000000003,0.06140000000000001,0.8515789473684212,0.30700000000000005,0.5792894736842107
M3656,1e-05,0.0001,-0.25,-0.25,0.03,0.036603,0.06976,2SEG,1,LIDAR,-0.017602999999999997,0.13024000000000002,0.9264736842105262,0.6512000000000001,0.7888368421052632
M3657,1e-05,0.0001,-0.25,-0.25,0.035,0.036477,0.07636,2SEG,1,LIDAR,-0.017477000000000003,0.12364000000000001,0.9198421052631581,0.6182000000000001,0.769021052631579
M3658,1e-05,0.0001,-0.25,-0.25,0.04,0.036358,0.08257,2SEG,1,LIDAR,-0.017358000000000002,0.11743,0.9135789473684212,0.58715,0.7503644736842106
M3659,1e-05,0.0001,-0.25,-0.25,0.05,0.036134,0.09406,2SEG,1,LIDAR,-0.017134,0.10594,0.9017894736842106,0.5297,0.7157447368421053
M3660,1e-05,0.0001,-0.25,-0.25,0.08,0.035511,0.1234,2SEG,1,LIDAR,-0.016511,0.07660000000000002,0.8690000000000001,0.38300000000000006,0.6260000000000001
M3661,1e-05,0.0001,-0.25,0.0,0.03,0.036709,0.0641,2SEG,1,LIDAR,-0.017709,0.13590000000000002,0.9320526315789474,0.6795000000000001,0.8057763157894737
M3662,1e-05,0.0001,-0.25,0.0,0.035,0.036594,0.07018,2SEG,1,LIDAR,-0.017594000000000002,0.12982,0.9260000000000002,0.6490999999999999,0.78755
M3663,1e-05,0.0001,-0.25,0.0,0.04,0.036485,0.0759,2SEG,1,LIDAR,-0.017484999999999997,0.12410000000000002,0.9202631578947367,0.6205,0.7703815789473684
M3664,1e-05,0.0001,-0.25,0.0,0.05,0.03628,0.08649,2SEG,1,LIDAR,-0.01728,0.11351000000000001,0.9094736842105263,0.56755,0.7385118421052632
M3665,1e-05,0.0001,-0.25,0.0,0.08,0.035718,0.1136,2SEG,1,LIDAR,-0.016718,0.0864,0.8798947368421053,0.432,0.6559473684210526
M3666,1e-05,0.0001,-0.25,0.25,0.03,0.036785,0.06002,2SEG,1,LIDAR,-0.017785,0.13998000000000002,0.9360526315789474,0.6999000000000001,0.8179763157894737
M3667,1e-05,0.0001,-0.25,0.25,0.035,0.036677,0.06573,2SEG,1,LIDAR,-0.017677000000000002,0.13427,0.9303684210526317,0.67135,0.8008592105263159
M3668,1e-05,0.0001,-0.25,0.25,0.04,0.036575,0.07109,2SEG,1,LIDAR,-0.017575000000000004,0.12891000000000002,0.9250000000000003,0.6445500000000001,0.7847750000000002
M3669,1e-05,0.0001,-0.25,0.25,0.05,0.036385,0.08103,2SEG,1,LIDAR,-0.017385,0.11897,0.915,0.59485,0.7549250000000001
M3670,1e-05,0.0001,-0.25,0.25,0.08,0.035882,0.1065,2SEG,1,LIDAR,-0.016881999999999998,0.09350000000000001,0.8885263157894736,0.4675,0.6780131578947368
M3671,1e-05,0.0001,-0.25,0.5,0.03,0.036842,0.05688,2SEG,1,LIDAR,-0.017842,0.14312000000000002,0.9390526315789474,0.7156000000000001,0.8273263157894737
M3672,1e-05,0.0001,-0.25,0.5,0.035,0.036741,0.06229,2SEG,1,LIDAR,-0.017741000000000003,0.13771,0.9337368421052633,0.68855,0.8111434210526316
M3673,1e-05,0.0001,-0.25,0.5,0.04,0.036645,0.06738,2SEG,1,LIDAR,-0.017644999999999997,0.13262000000000002,0.9286842105263157,0.6631,0.7958921052631578
M3674,1e-05,0.0001,-0.25,0.5,0.05,0.036465,0.07681,2SEG,1,LIDAR,-0.017464999999999998,0.12319000000000001,0.9192105263157894,0.61595,0.7675802631578947
M3675,1e-05,0.0001,-0.25,0.5,0.08,0.035991,0.1011,2SEG,1,LIDAR,-0.016991000000000003,0.09890000000000002,0.894263157894737,0.49450000000000005,0.6943815789473685
M3676,1e-05,0.0001,0.0,-0.5,0.03,0.036437,0.07857,2SEG,1,LIDAR,-0.017436999999999998,0.12143000000000001,0.9177368421052631,0.60715,0.7624434210526315
M3677,1e-05,0.0001,0.0,-0.5,0.035,0.036294,0.08598,2SEG,1,LIDAR,-0.017294,0.11402000000000001,0.9102105263157895,0.5701,0.7401552631578947
M3678,1e-05,0.0001,0.0,-0.5,0.04,0.036158,0.09295,2SEG,1,LIDAR,-0.017158000000000003,0.10705,0.9030526315789476,0.53525,0.7191513157894738
M3679,1e-05,0.0001,0.0,-0.5,0.05,0.035903,0.1058,2SEG,1,LIDAR,-0.016902999999999998,0.0942,0.8896315789473683,0.47100000000000003,0.6803157894736842
M3680,1e-05,0.0001,0.0,-0.5,0.08,0.035181,0.1386,2SEG,1,LIDAR,-0.016180999999999997,0.06140000000000001,0.8516315789473683,0.30700000000000005,0.5793157894736842
M3681,1e-05,0.0001,0.0,-0.25,0.03,0.036604,0.06976,2SEG,1,LIDAR,-0.017603999999999998,0.13024000000000002,0.9265263157894736,0.6512000000000001,0.7888631578947369
M3682,1e-05,0.0001,0.0,-0.25,0.035,0.036478,0.07637,2SEG,1,LIDAR,-0.017477999999999997,0.12363000000000002,0.9198947368421051,0.6181500000000001,0.7690223684210526
M3683,1e-05,0.0001,0.0,-0.25,0.04,0.036359,0.08257,2SEG,1,LIDAR,-0.017359000000000003,0.11743,0.9136315789473686,0.58715,0.7503907894736843
M3684,1e-05,0.0001,0.0,-0.25,0.05,0.036135,0.09406,2SEG,1,LIDAR,-0.017135,0.10594,0.901842105263158,0.5297,0.715771052631579
M3685,1e-05,0.0001,0.0,-0.25,0.08,0.035513,0.1234,2SEG,1,LIDAR,-0.016513000000000003,0.07660000000000002,0.8691052631578949,0.38300000000000006,0.6260526315789475
M3686,1e-05,0.0001,0.0,0.0,0.03,0.03671,0.0641,2SEG,1,LIDAR,-0.01771,0.13590000000000002,0.9321052631578948,0.6795000000000001,0.8058026315789475
M3687,1e-05,0.0001,0.0,0.0,0.035,0.036595,0.07018,2SEG,1,LIDAR,-0.017595000000000003,0.12982,0.9260526315789476,0.6490999999999999,0.7875763157894737
M3688,1e-05,0.0001,0.0,0.0,0.04,0.036486,0.0759,2SEG,1,LIDAR,-0.017485999999999998,0.12410000000000002,0.9203157894736841,0.6205,0.770407894736842
M3689,1e-05,0.0001,0.0,0.0,0.05,0.036282,0.08649,2SEG,1,LIDAR,-0.017282000000000002,0.11351000000000001,0.9095789473684212,0.56755,0.7385644736842105
M3690,1e-05,0.0001,0.0,0.0,0.08,0.03572,0.1136,2SEG,1,LIDAR,-0.016720000000000002,0.0864,0.8800000000000001,0.432,0.656
M3691,1e-05,0.0001,0.0,0.25,0.03,0.036786,0.06002,2SEG,1,LIDAR,-0.017786,0.13998000000000002,0.9361052631578948,0.6999000000000001,0.8180026315789475
M3692,1e-05,0.0001,0.0,0.25,0.035,0.036678,0.06573,2SEG,1,LIDAR,-0.017678000000000003,0.13427,0.9304210526315791,0.67135,0.8008855263157896
M3693,1e-05,0.0001,0.0,0.25,0.04,0.036577,0.07109,2SEG,1,LIDAR,-0.017577,0.12891000000000002,0.9251052631578947,0.6445500000000001,0.7848276315789473
M3694,1e-05,0.0001,0.0,0.25,0.05,0.036387,0.08103,2SEG,1,LIDAR,-0.017387000000000003,0.11897,0.915105263157895,0.59485,0.7549776315789475
M3695,1e-05,0.0001,0.0,0.25,0.08,0.035884,0.1065,2SEG,1,LIDAR,-0.016884,0.09350000000000001,0.8886315789473684,0.4675,0.6780657894736842
M3696,1e-05,0.0001,0.0,0.5,0.03,0.036843,0.05688,2SEG,1,LIDAR,-0.017843,0.14312000000000002,0.9391052631578948,0.7156000000000001,0.8273526315789475
M3697,1e-05,0.0001,0.0,0.5,0.035,0.036742,0.06229,2SEG,1,LIDAR,-0.017741999999999997,0.13771,0.9337894736842104,0.68855,0.8111697368421051
M3698,1e-05,0.0001,0.0,0.5,0.04,0.036646,0.06738,2SEG,1,LIDAR,-0.017646,0.13262000000000002,0.9287368421052631,0.6631,0.7959184210526316
M3699,1e-05,0.0001,0.0,0.5,0.05,0.036467,0.07681,2SEG,1,LIDAR,-0.017467,0.12319000000000001,0.9193157894736842,0.61595,0.767632894736842
M3700,1e-05,0.0001,0.0,0.5,0.08,0.035993,0.1011,2SEG,1,LIDAR,-0.016992999999999998,0.09890000000000002,0.8943684210526315,0.49450000000000005,0.6944342105263157
M3701,1e-05,0.0001,0.25,-0.5,0.03,0.036438,0.07857,2SEG,1,LIDAR,-0.017438,0.12143000000000001,0.9177894736842105,0.60715,0.7624697368421052
M3702,1e-05,0.0001,0.25,-0.5,0.035,0.036295,0.08599,2SEG,1,LIDAR,-0.017295,0.11401000000000001,0.9102631578947369,0.5700500000000001,0.7401565789473685
M3703,1e-05,0.0001,0.25,-0.5,0.04,0.036159,0.09295,2SEG,1,LIDAR,-0.017158999999999997,0.10705,0.9031052631578946,0.53525,0.7191776315789473
M3704,1e-05,0.0001,0.25,-0.5,0.05,0.035904,0.1058,2SEG,1,LIDAR,-0.016904,0.0942,0.8896842105263157,0.47100000000000003,0.6803421052631579
M3705,1e-05,0.0001,0.25,-0.5,0.08,0.035183,0.1386,2SEG,1,LIDAR,-0.016183,0.06140000000000001,0.8517368421052631,0.30700000000000005,0.5793684210526315
M3706,1e-05,0.0001,0.25,-0.25,0.03,0.036605,0.06976,2SEG,1,LIDAR,-0.017605,0.13024000000000002,0.9265789473684211,0.6512000000000001,0.7888894736842106
M3707,1e-05,0.0001,0.25,-0.25,0.035,0.036479,0.07637,2SEG,1,LIDAR,-0.017478999999999998,0.12363000000000002,0.9199473684210525,0.6181500000000001,0.7690486842105263
M3708,1e-05,0.0001,0.25,-0.25,0.04,0.03636,0.08258,2SEG,1,LIDAR,-0.017360000000000004,0.11742000000000001,0.913684210526316,0.5871000000000001,0.750392105263158
M3709,1e-05,0.0001,0.25,-0.25,0.05,0.036136,0.09406,2SEG,1,LIDAR,-0.017136000000000002,0.10594,0.9018947368421054,0.5297,0.7157973684210527
M3710,1e-05,0.0001,0.25,-0.25,0.08,0.035514,0.1234,2SEG,1,LIDAR,-0.016513999999999997,0.07660000000000002,0.869157894736842,0.38300000000000006,0.6260789473684211
M3711,1e-05,0.0001,0.25,0.0,0.03,0.03671,0.0641,2SEG,1,LIDAR,-0.01771,0.13590000000000002,0.9321052631578948,0.6795000000000001,0.8058026315789475
M3712,1e-05,0.0001,0.25,0.0,0.035,0.036596,0.07018,2SEG,1,LIDAR,-0.017595999999999997,0.12982,0.9261052631578947,0.6490999999999999,0.7876026315789473
M3713,1e-05,0.0001,0.25,0.0,0.04,0.036487,0.0759,2SEG,1,LIDAR,-0.017487,0.12410000000000002,0.9203684210526315,0.6205,0.7704342105263158
M3714,1e-05,0.0001,0.25,0.0,0.05,0.036283,0.08649,2SEG,1,LIDAR,-0.017283000000000003,0.11351000000000001,0.9096315789473686,0.56755,0.7385907894736843
M3715,1e-05,0.0001,0.25,0.0,0.08,0.035721,0.1136,2SEG,1,LIDAR,-0.016721000000000003,0.0864,0.8800526315789475,0.432,0.6560263157894738
M3716,1e-05,0.0001,0.25,0.25,0.03,0.036786,0.06003,2SEG,1,LIDAR,-0.017786,0.13997,0.9361052631578948,0.69985,0.8179776315789473
M3717,1e-05,0.0001,0.25,0.25,0.035,0.036679,0.06573,2SEG,1,LIDAR,-0.017679000000000004,0.13427,0.9304736842105266,0.67135,0.8009118421052632
M3718,1e-05,0.0001,0.25,0.25,0.04,0.036578,0.07109,2SEG,1,LIDAR,-0.017578,0.12891000000000002,0.9251578947368421,0.6445500000000001,0.7848539473684211
M3719,1e-05,0.0001,0.25,0.25,0.05,0.036388,0.08103,2SEG,1,LIDAR,-0.017387999999999997,0.11897,0.915157894736842,0.59485,0.7550039473684209
M3720,1e-05,0.0001,0.25,0.25,0.08,0.035885,0.1065,2SEG,1,LIDAR,-0.016885,0.09350000000000001,0.8886842105263159,0.4675,0.6780921052631579
M3721,1e-05,0.0001,0.25,0.5,0.03,0.036844,0.05688,2SEG,1,LIDAR,-0.017844000000000002,0.14312000000000002,0.9391578947368422,0.7156000000000001,0.8273789473684212
M3722,1e-05,0.0001,0.25,0.5,0.035,0.036743,0.06229,2SEG,1,LIDAR,-0.017743,0.13771,0.9338421052631578,0.68855,0.8111960526315789
M3723,1e-05,0.0001,0.25,0.5,0.04,0.036647,0.06739,2SEG,1,LIDAR,-0.017647,0.13261,0.9287894736842105,0.66305,0.7959197368421053
M3724,1e-05,0.0001,0.25,0.5,0.05,0.036468,0.07682,2SEG,1,LIDAR,-0.017468,0.12318000000000001,0.9193684210526316,0.6159,0.7676342105263159
M3725,1e-05,0.0001,0.25,0.5,0.08,0.035994,0.1011,2SEG,1,LIDAR,-0.016994,0.09890000000000002,0.8944210526315789,0.49450000000000005,0.6944605263157895
M3726,1e-05,0.0001,0.5,-0.5,0.03,0.036439,0.07857,2SEG,1,LIDAR,-0.017439,0.12143000000000001,0.9178421052631579,0.60715,0.7624960526315789
M3727,1e-05,0.0001,0.5,-0.5,0.035,0.036296,0.08599,2SEG,1,LIDAR,-0.017296000000000002,0.11401000000000001,0.9103157894736844,0.5700500000000001,0.7401828947368423
M3728,1e-05,0.0001,0.5,-0.5,0.04,0.03616,0.09295,2SEG,1,LIDAR,-0.017159999999999998,0.10705,0.903157894736842,0.53525,0.7192039473684211
M3729,1e-05,0.0001,0.5,-0.5,0.05,0.035905,0.1058,2SEG,1,LIDAR,-0.016905,0.0942,0.8897368421052632,0.47100000000000003,0.6803684210526316
M3730,1e-05,0.0001,0.5,-0.5,0.08,0.035183,0.1386,2SEG,1,LIDAR,-0.016183,0.06140000000000001,0.8517368421052631,0.30700000000000005,0.5793684210526315
M3731,1e-05,0.0001,0.5,-0.25,0.03,0.036605,0.06976,2SEG,1,LIDAR,-0.017605,0.13024000000000002,0.9265789473684211,0.6512000000000001,0.7888894736842106
M3732,1e-05,0.0001,0.5,-0.25,0.035,0.03648,0.07637,2SEG,1,LIDAR,-0.01748,0.12363000000000002,0.9199999999999999,0.6181500000000001,0.769075
M3733,1e-05,0.0001,0.5,-0.25,0.04,0.03636,0.08258,2SEG,1,LIDAR,-0.017360000000000004,0.11742000000000001,0.913684210526316,0.5871000000000001,0.750392105263158
M3734,1e-05,0.0001,0.5,-0.25,0.05,0.036137,0.09406,2SEG,1,LIDAR,-0.017137000000000003,0.10594,0.9019473684210528,0.5297,0.7158236842105263
M3735,1e-05,0.0001,0.5,-0.25,0.08,0.035515,0.1234,2SEG,1,LIDAR,-0.016515,0.07660000000000002,0.8692105263157894,0.38300000000000006,0.6261052631578947
M3736,1e-05,0.0001,0.5,0.0,0.03,0.036711,0.0641,2SEG,1,LIDAR,-0.017711,0.13590000000000002,0.9321578947368422,0.6795000000000001,0.8058289473684211
M3737,1e-05,0.0001,0.5,0.0,0.035,0.036596,0.07018,2SEG,1,LIDAR,-0.017595999999999997,0.12982,0.9261052631578947,0.6490999999999999,0.7876026315789473
M3738,1e-05,0.0001,0.5,0.0,0.04,0.036488,0.07591,2SEG,1,LIDAR,-0.017488,0.12409,0.920421052631579,0.62045,0.7704355263157895
M3739,1e-05,0.0001,0.5,0.0,0.05,0.036283,0.08649,2SEG,1,LIDAR,-0.017283000000000003,0.11351000000000001,0.9096315789473686,0.56755,0.7385907894736843
M3740,1e-05,0.0001,0.5,0.0,0.08,0.035722,0.1136,2SEG,1,LIDAR,-0.016721999999999997,0.0864,0.8801052631578946,0.432,0.6560526315789473
M3741,1e-05,0.0001,0.5,0.25,0.03,0.036787,0.06003,2SEG,1,LIDAR,-0.017787,0.13997,0.9361578947368422,0.69985,0.8180039473684211
M3742,1e-05,0.0001,0.5,0.25,0.035,0.03668,0.06573,2SEG,1,LIDAR,-0.017679999999999998,0.13427,0.9305263157894736,0.67135,0.8009381578947368
M3743,1e-05,0.0001,0.5,0.25,0.04,0.036578,0.07109,2SEG,1,LIDAR,-0.017578,0.12891000000000002,0.9251578947368421,0.6445500000000001,0.7848539473684211
M3744,1e-05,0.0001,0.5,0.25,0.05,0.036388,0.08103,2SEG,1,LIDAR,-0.017387999999999997,0.11897,0.915157894736842,0.59485,0.7550039473684209
M3745,1e-05,0.0001,0.5,0.25,0.08,0.035886,0.1065,2SEG,1,LIDAR,-0.016886,0.09350000000000001,0.8887368421052633,0.4675,0.6781184210526316
M3746,1e-05,0.0001,0.5,0.5,0.03,0.036845,0.05688,2SEG,1,LIDAR,-0.017845000000000003,0.14312000000000002,0.9392105263157897,0.7156000000000001,0.827405263157895
M3747,1e-05,0.0001,0.5,0.5,0.035,0.036744,0.06229,2SEG,1,LIDAR,-0.017744,0.13771,0.9338947368421052,0.68855,0.8112223684210527
M3748,1e-05,0.0001,0.5,0.5,0.04,0.036648,0.06739,2SEG,1,LIDAR,-0.017648,0.13261,0.9288421052631579,0.66305,0.7959460526315789
M3749,1e-05,0.0001,0.5,0.5,0.05,0.036469,0.07682,2SEG,1,LIDAR,-0.017469000000000002,0.12318000000000001,0.919421052631579,0.6159,0.7676605263157895
M3750,1e-05,0.0001,0.5,0.5,0.08,0.035995,0.1011,2SEG,1,LIDAR,-0.016995,0.09890000000000002,0.8944736842105263,0.49450000000000005,0.6944868421052632
M3751,5.5e-05,1e-06,-0.5,-0.5,0.03,0.015805,0.0478,2SEG,1,LIDAR,0.003195,0.1522,0.16815789473684212,0.761,0.4645789473684211
M3752,5.5e-05,1e-06,-0.5,-0.5,0.035,0.015779,0.05238,2SEG,1,LIDAR,0.003220999999999998,0.14762,0.16952631578947358,0.7381,0.45381315789473675
M3753,5.5e-05,1e-06,-0.5,-0.5,0.04,0.015754,0.0567,2SEG,1,LIDAR,0.003245999999999999,0.1433,0.17084210526315785,0.7165,0.4436710526315789
M3754,5.5e-05,1e-06,-0.5,-0.5,0.05,0.015707,0.06471,2SEG,1,LIDAR,0.003293000000000001,0.13529000000000002,0.17331578947368426,0.6764500000000001,0.42488289473684215
M3755,5.5e-05,1e-06,-0.5,-0.5,0.08,0.015587,0.08539,2SEG,1,LIDAR,0.0034129999999999994,0.11461000000000002,0.1796315789473684,0.5730500000000001,0.3763407894736842
M3756,5.5e-05,1e-06,-0.5,-0.25,0.03,0.015808,0.04233,2SEG,1,LIDAR,0.0031920000000000004,0.15767,0.16800000000000004,0.78835,0.478175
M3757,5.5e-05,1e-06,-0.5,-0.25,0.035,0.015782,0.04639,2SEG,1,LIDAR,0.0032179999999999986,0.15361000000000002,0.1693684210526315,0.7680500000000001,0.4687092105263158
M3758,5.5e-05,1e-06,-0.5,-0.25,0.04,0.015757,0.05021,2SEG,1,LIDAR,0.0032429999999999994,0.14979,0.17068421052631577,0.74895,0.4598171052631579
M3759,5.5e-05,1e-06,-0.5,-0.25,0.05,0.015711,0.0573,2SEG,1,LIDAR,0.0032890000000000003,0.14270000000000002,0.17310526315789476,0.7135,0.4433026315789474
M3760,5.5e-05,1e-06,-0.5,-0.25,0.08,0.015592,0.07563,2SEG,1,LIDAR,0.0034079999999999996,0.12437000000000001,0.17936842105263157,0.62185,0.4006092105263158
M3761,5.5e-05,1e-06,-0.5,0.0,0.03,0.01581,0.03884,2SEG,1,LIDAR,0.0031899999999999984,0.16116000000000003,0.16789473684210518,0.8058000000000001,0.48684736842105264
M3762,5.5e-05,1e-06,-0.5,0.0,0.035,0.015784,0.04256,2SEG,1,LIDAR,0.003216,0.15744000000000002,0.16926315789473687,0.7872000000000001,0.4782315789473685
M3763,5.5e-05,1e-06,-0.5,0.0,0.04,0.015759,0.04606,2SEG,1,LIDAR,0.003241000000000001,0.15394000000000002,0.1705789473684211,0.7697,0.4701394736842106
M3764,5.5e-05,1e-06,-0.5,0.0,0.05,0.015714,0.05257,2SEG,1,LIDAR,0.0032860000000000007,0.14743,0.17294736842105268,0.73715,0.45504868421052636
M3765,5.5e-05,1e-06,-0.5,0.0,0.08,0.015595,0.06938,2SEG,1,LIDAR,0.003405,0.13062,0.1792105263157895,0.6531,0.41615526315789475
M3766,5.5e-05,1e-06,-0.5,0.25,0.03,0.015812,0.03632,2SEG,1,LIDAR,0.003188,0.16368000000000002,0.16778947368421052,0.8184,0.49309473684210525
M3767,5.5e-05,1e-06,-0.5,0.25,0.035,0.015786,0.0398,2SEG,1,LIDAR,0.003213999999999998,0.1602,0.169157894736842,0.801,0.48507894736842105
M3768,5.5e-05,1e-06,-0.5,0.25,0.04,0.015761,0.04308,2SEG,1,LIDAR,0.003238999999999999,0.15692,0.17047368421052625,0.7846,0.4775368421052631
M3769,5.5e-05,1e-06,-0.5,0.25,0.05,0.015715,0.04917,2SEG,1,LIDAR,0.0032849999999999997,0.15083000000000002,0.17289473684210524,0.7541500000000001,0.46352236842105266
M3770,5.5e-05,1e-06,-0.5,0.25,0.08,0.015598,0.0649,2SEG,1,LIDAR,0.0034019999999999988,0.1351,0.1790526315789473,0.6755,0.42727631578947367
M3771,5.5e-05,1e-06,-0.5,0.5,0.03,0.015813,0.03439,2SEG,1,LIDAR,0.003186999999999999,0.16561,0.1677368421052631,0.82805,0.4978934210526315
M3772,5.5e-05,1e-06,-0.5,0.5,0.035,0.015787,0.03769,2SEG,1,LIDAR,0.0032130000000000006,0.16231,0.16910526315789476,0.81155,0.4903276315789474
M3773,5.5e-05,1e-06,-0.5,0.5,0.04,0.015762,0.04079,2SEG,1,LIDAR,0.003237999999999998,0.15921000000000002,0.17042105263157883,0.79605,0.4832355263157894
M3774,5.5e-05,1e-06,-0.5,0.5,0.05,0.015717,0.04656,2SEG,1,LIDAR,0.003283000000000001,0.15344000000000002,0.1727894736842106,0.7672000000000001,0.46999473684210535
M3775,5.5e-05,1e-06,-0.5,0.5,0.08,0.015599,0.06145,2SEG,1,LIDAR,0.0034009999999999995,0.13855,0.179,0.69275,0.435875
M3776,5.5e-05,1e-06,-0.25,-0.5,0.03,0.015834,0.04786,2SEG,1,LIDAR,0.0031659999999999987,0.15214,0.16663157894736835,0.7606999999999999,0.46366578947368414
M3777,5.5e-05,1e-06,-0.25,-0.5,0.035,0.01581,0.05245,2SEG,1,LIDAR,0.0031899999999999984,0.14755000000000001,0.16789473684210518,0.73775,0.4528223684210526
M3778,5.5e-05,1e-06,-0.25,-0.5,0.04,0.015788,0.05677,2SEG,1,LIDAR,0.0032119999999999996,0.14323000000000002,0.16905263157894734,0.7161500000000001,0.4426013157894737
M3779,5.5e-05,1e-06,-0.25,-0.5,0.05,0.015746,0.0648,2SEG,1,LIDAR,0.003254,0.13520000000000001,0.17126315789473684,0.676,0.42363157894736847
M3780,5.5e-05,1e-06,-0.25,-0.5,0.08,0.015638,0.08556,2SEG,1,LIDAR,0.0033620000000000004,0.11444000000000001,0.17694736842105266,0.5722,0.37457368421052634
M3781,5.5e-05,1e-06,-0.25,-0.25,0.03,0.015837,0.04238,2SEG,1,LIDAR,0.003162999999999999,0.15762,0.16647368421052627,0.7881,0.4772868421052632
M3782,5.5e-05,1e-06,-0.25,-0.25,0.035,0.015813,0.04644,2SEG,1,LIDAR,0.003186999999999999,0.15356,0.1677368421052631,0.7677999999999999,0.4677684210526315
M3783,5.5e-05,1e-06,-0.25,-0.25,0.04,0.015791,0.05028,2SEG,1,LIDAR,0.003209,0.14972000000000002,0.16889473684210526,0.7486,0.4587473684210527
M3784,5.5e-05,1e-06,-0.25,-0.25,0.05,0.01575,0.05739,2SEG,1,LIDAR,0.0032499999999999994,0.14261000000000001,0.17105263157894735,0.7130500000000001,0.4420513157894737
M3785,5.5e-05,1e-06,-0.25,-0.25,0.08,0.015643,0.07577,2SEG,1,LIDAR,0.003356999999999999,0.12423000000000001,0.17668421052631572,0.62115,0.3989171052631578
M3786,5.5e-05,1e-06,-0.25,0.0,0.03,0.015839,0.03888,2SEG,1,LIDAR,0.0031610000000000006,0.16112,0.1663684210526316,0.8056,0.4859842105263158
M3787,5.5e-05,1e-06,-0.25,0.0,0.035,0.015815,0.04261,2SEG,1,LIDAR,0.0031850000000000003,0.15739,0.16763157894736844,0.7869499999999999,0.4772907894736842
M3788,5.5e-05,1e-06,-0.25,0.0,0.04,0.015793,0.04612,2SEG,1,LIDAR,0.003206999999999998,0.15388000000000002,0.16878947368421043,0.7694000000000001,0.46909473684210523
M3789,5.5e-05,1e-06,-0.25,0.0,0.05,0.015752,0.05265,2SEG,1,LIDAR,0.003248000000000001,0.14735,0.17094736842105268,0.73675,0.4538486842105264
M3790,5.5e-05,1e-06,-0.25,0.0,0.08,0.015646,0.06952,2SEG,1,LIDAR,0.0033539999999999993,0.13048,0.17652631578947364,0.6524,0.4144631578947368
M3791,5.5e-05,1e-06,-0.25,0.25,0.03,0.01584,0.03636,2SEG,1,LIDAR,0.0031599999999999996,0.16364,0.1663157894736842,0.8182,0.4922578947368421
M3792,5.5e-05,1e-06,-0.25,0.25,0.035,0.015817,0.03985,2SEG,1,LIDAR,0.0031829999999999983,0.16015000000000001,0.1675263157894736,0.8007500000000001,0.48413815789473685
M3793,5.5e-05,1e-06,-0.25,0.25,0.04,0.015795,0.04314,2SEG,1,LIDAR,0.0032049999999999995,0.15686,0.16868421052631577,0.7843,0.4764921052631579
M3794,5.5e-05,1e-06,-0.25,0.25,0.05,0.015754,0.04924,2SEG,1,LIDAR,0.003245999999999999,0.15076,0.17084210526315785,0.7538,0.46232105263157897
M3795,5.5e-05,1e-06,-0.25,0.25,0.08,0.015648,0.06502,2SEG,1,LIDAR,0.003352000000000001,0.13498000000000002,0.176421052631579,0.6749,0.42566052631578954
M3796,5.5e-05,1e-06,-0.25,0.5,0.03,0.015841,0.03443,2SEG,1,LIDAR,0.0031589999999999986,0.16557,0.16626315789473678,0.82785,0.4970565789473684
M3797,5.5e-05,1e-06,-0.25,0.5,0.035,0.015818,0.03773,2SEG,1,LIDAR,0.003182000000000001,0.16227000000000003,0.16747368421052636,0.8113500000000001,0.48941184210526323
M3798,5.5e-05,1e-06,-0.25,0.5,0.04,0.015796,0.04084,2SEG,1,LIDAR,0.0032039999999999985,0.15916000000000002,0.16863157894736835,0.7958000000000001,0.4822157894736842
M3799,5.5e-05,1e-06,-0.25,0.5,0.05,0.015755,0.04662,2SEG,1,LIDAR,0.003244999999999998,0.15338000000000002,0.1707894736842104,0.7669,0.4688447368421052
M3800,5.5e-05,1e-06,-0.25,0.5,0.08,0.01565,0.06157,2SEG,1,LIDAR,0.003349999999999999,0.13843,0.17631578947368415,0.6921499999999999,0.434232894736842
M3801,5.5e-05,1e-06,0.0,-0.5,0.03,0.015852,0.04789,2SEG,1,LIDAR,0.003147999999999998,0.15211000000000002,0.16568421052631568,0.7605500000000001,0.46311710526315786
M3802,5.5e-05,1e-06,0.0,-0.5,0.035,0.01583,0.05249,2SEG,1,LIDAR,0.003169999999999999,0.14751,0.16684210526315785,0.7375499999999999,0.4521960526315789
M3803,5.5e-05,1e-06,0.0,-0.5,0.04,0.015809,0.05682,2SEG,1,LIDAR,0.0031909999999999994,0.14318,0.1679473684210526,0.7159,0.4419236842105263
M3804,5.5e-05,1e-06,0.0,-0.5,0.05,0.015771,0.06486,2SEG,1,LIDAR,0.0032289999999999992,0.13514,0.1699473684210526,0.6757,0.4228236842105263
M3805,5.5e-05,1e-06,0.0,-0.5,0.08,0.01567,0.08567,2SEG,1,LIDAR,0.0033299999999999996,0.11433000000000001,0.17526315789473682,0.57165,0.3734565789473684
M3806,5.5e-05,1e-06,0.0,-0.25,0.03,0.015855,0.04241,2SEG,1,LIDAR,0.0031449999999999985,0.15759,0.1655263157894736,0.78795,0.47673815789473684
M3807,5.5e-05,1e-06,0.0,-0.25,0.035,0.015833,0.04648,2SEG,1,LIDAR,0.0031669999999999997,0.15352000000000002,0.16668421052631577,0.7676000000000001,0.4671421052631579
M3808,5.5e-05,1e-06,0.0,-0.25,0.04,0.015813,0.05032,2SEG,1,LIDAR,0.003186999999999999,0.14968,0.1677368421052631,0.7484,0.4580684210526315
M3809,5.5e-05,1e-06,0.0,-0.25,0.05,0.015775,0.05744,2SEG,1,LIDAR,0.0032249999999999987,0.14256000000000002,0.1697368421052631,0.7128000000000001,0.4412684210526316
M3810,5.5e-05,1e-06,0.0,-0.25,0.08,0.015675,0.07587,2SEG,1,LIDAR,0.003324999999999998,0.12413,0.1749999999999999,0.62065,0.397825
M3811,5.5e-05,1e-06,0.0,0.0,0.03,0.015857,0.03891,2SEG,1,LIDAR,0.003143,0.16109,0.16542105263157894,0.80545,0.48543552631578946
M3812,5.5e-05,1e-06,0.0,0.0,0.035,0.015835,0.04264,2SEG,1,LIDAR,0.003165000000000001,0.15736,0.1665789473684211,0.7867999999999999,0.47668947368421055
M3813,5.5e-05,1e-06,0.0,0.0,0.04,0.015815,0.04616,2SEG,1,LIDAR,0.0031850000000000003,0.15384,0.16763157894736844,0.7692,0.46841578947368423
M3814,5.5e-05,1e-06,0.0,0.0,0.05,0.015777,0.0527,2SEG,1,LIDAR,0.003223,0.14730000000000001,0.16963157894736844,0.7365,0.45306578947368426
M3815,5.5e-05,1e-06,0.0,0.0,0.08,0.015679,0.06961,2SEG,1,LIDAR,0.003321000000000001,0.13039,0.17478947368421058,0.65195,0.4133697368421053
M3816,5.5e-05,1e-06,0.0,0.25,0.03,0.015858,0.03639,2SEG,1,LIDAR,0.003141999999999999,0.16361,0.16536842105263153,0.8180499999999999,0.4917092105263157
M3817,5.5e-05,1e-06,0.0,0.25,0.035,0.015837,0.03988,2SEG,1,LIDAR,0.003162999999999999,0.16012,0.16647368421052627,0.8006,0.48353684210526315
M3818,5.5e-05,1e-06,0.0,0.25,0.04,0.015817,0.04317,2SEG,1,LIDAR,0.0031829999999999983,0.15683000000000002,0.1675263157894736,0.7841500000000001,0.4758381578947369
M3819,5.5e-05,1e-06,0.0,0.25,0.05,0.015779,0.04929,2SEG,1,LIDAR,0.003220999999999998,0.15071,0.16952631578947358,0.75355,0.46153815789473684
M3820,5.5e-05,1e-06,0.0,0.25,0.08,0.015681,0.0651,2SEG,1,LIDAR,0.003318999999999999,0.13490000000000002,0.17468421052631575,0.6745000000000001,0.42459210526315794
M3821,5.5e-05,1e-06,0.0,0.5,0.03,0.015859,0.03445,2SEG,1,LIDAR,0.003140999999999998,0.16555,0.1653157894736841,0.82775,0.49653289473684203
M3822,5.5e-05,1e-06,0.0,0.5,0.035,0.015838,0.03776,2SEG,1,LIDAR,0.003161999999999998,0.16224,0.16642105263157886,0.8111999999999999,0.48881052631578936
M3823,5.5e-05,1e-06,0.0,0.5,0.04,0.015818,0.04088,2SEG,1,LIDAR,0.003182000000000001,0.15912,0.16747368421052636,0.7956,0.48153684210526315
M3824,5.5e-05,1e-06,0.0,0.5,0.05,0.01578,0.04667,2SEG,1,LIDAR,0.0032200000000000006,0.15333000000000002,0.16947368421052636,0.76665,0.4680618421052632
M3825,5.5e-05,1e-06,0.0,0.5,0.08,0.015683,0.06164,2SEG,1,LIDAR,0.0033170000000000005,0.13836,0.17457894736842108,0.6918,0.4331894736842105
M3826,5.5e-05,1e-06,0.25,-0.5,0.03,0.015866,0.04791,2SEG,1,LIDAR,0.003133999999999998,0.15209,0.16494736842105254,0.76045,0.46269868421052623
M3827,5.5e-05,1e-06,0.25,-0.5,0.035,0.015845,0.05251,2SEG,1,LIDAR,0.003154999999999998,0.14749,0.16605263157894729,0.73745,0.4517513157894737
M3828,5.5e-05,1e-06,0.25,-0.5,0.04,0.015825,0.05685,2SEG,1,LIDAR,0.0031750000000000007,0.14315,0.16710526315789478,0.71575,0.4414276315789474
M3829,5.5e-05,1e-06,0.25,-0.5,0.05,0.015788,0.06491,2SEG,1,LIDAR,0.0032119999999999996,0.13509000000000002,0.16905263157894734,0.67545,0.42225131578947367
M3830,5.5e-05,1e-06,0.25,-0.5,0.08,0.015694,0.08574,2SEG,1,LIDAR,0.003306,0.11426000000000001,0.174,0.5713,0.37265000000000004
M3831,5.5e-05,1e-06,0.25,-0.25,0.03,0.015868,0.04243,2SEG,1,LIDAR,0.0031319999999999994,0.15757000000000002,0.16484210526315787,0.78785,0.476346052631579
M3832,5.5e-05,1e-06,0.25,-0.25,0.035,0.015848,0.04651,2SEG,1,LIDAR,0.0031519999999999986,0.15349000000000002,0.16589473684210518,0.7674500000000001,0.46667236842105264
M3833,5.5e-05,1e-06,0.25,-0.25,0.04,0.015828,0.05035,2SEG,1,LIDAR,0.003172000000000001,0.14965,0.1669473684210527,0.74825,0.45759868421052635
M3834,5.5e-05,1e-06,0.25,-0.25,0.05,0.015792,0.05748,2SEG,1,LIDAR,0.003207999999999999,0.14252,0.16884210526315785,0.7126,0.4407210526315789
M3835,5.5e-05,1e-06,0.25,-0.25,0.08,0.015699,0.07594,2SEG,1,LIDAR,0.0033009999999999984,0.12406000000000002,0.17373684210526308,0.6203000000000001,0.3970184210526316
M3836,5.5e-05,1e-06,0.25,0.0,0.03,0.01587,0.03892,2SEG,1,LIDAR,0.003130000000000001,0.16108,0.1647368421052632,0.8054,0.4850684210526316
M3837,5.5e-05,1e-06,0.25,0.0,0.035,0.01585,0.04266,2SEG,1,LIDAR,0.00315,0.15734,0.16578947368421054,0.7867,0.4762447368421052
M3838,5.5e-05,1e-06,0.25,0.0,0.04,0.015831,0.04619,2SEG,1,LIDAR,0.003168999999999998,0.15381,0.16678947368421043,0.76905,0.4679197368421052
M3839,5.5e-05,1e-06,0.25,0.0,0.05,0.015795,0.05273,2SEG,1,LIDAR,0.0032049999999999995,0.14727,0.16868421052631577,0.7363500000000001,0.4525171052631579
M3840,5.5e-05,1e-06,0.25,0.0,0.08,0.015702,0.06967,2SEG,1,LIDAR,0.003297999999999999,0.13033,0.173578947368421,0.65165,0.41261447368421045
M3841,5.5e-05,1e-06,0.25,0.25,0.03,0.015872,0.03641,2SEG,1,LIDAR,0.003127999999999999,0.16359,0.16463157894736835,0.8179500000000001,0.4912907894736842
M3842,5.5e-05,1e-06,0.25,0.25,0.035,0.015851,0.0399,2SEG,1,LIDAR,0.003148999999999999,0.16010000000000002,0.1657368421052631,0.8005000000000001,0.4831184210526316
M3843,5.5e-05,1e-06,0.25,0.25,0.04,0.015832,0.0432,2SEG,1,LIDAR,0.0031680000000000007,0.1568,0.1667368421052632,0.7839999999999999,0.47536842105263155
M3844,5.5e-05,1e-06,0.25,0.25,0.05,0.015797,0.04932,2SEG,1,LIDAR,0.003203000000000001,0.15068,0.1685789473684211,0.7534,0.4609894736842105
M3845,5.5e-05,1e-06,0.25,0.25,0.08,0.015705,0.06516,2SEG,1,LIDAR,0.0032949999999999993,0.13484000000000002,0.17342105263157892,0.6742,0.42381052631578947
M3846,5.5e-05,1e-06,0.25,0.5,0.03,0.015873,0.03447,2SEG,1,LIDAR,0.003126999999999998,0.16553,0.16457894736842094,0.82765,0.49611447368421047
M3847,5.5e-05,1e-06,0.25,0.5,0.035,0.015852,0.03778,2SEG,1,LIDAR,0.003147999999999998,0.16222,0.16568421052631568,0.8110999999999999,0.4883921052631578
M3848,5.5e-05,1e-06,0.25,0.5,0.04,0.015833,0.0409,2SEG,1,LIDAR,0.0031669999999999997,0.15910000000000002,0.16668421052631577,0.7955000000000001,0.48109210526315793
M3849,5.5e-05,1e-06,0.25,0.5,0.05,0.015798,0.0467,2SEG,1,LIDAR,0.003202,0.15330000000000002,0.1685263157894737,0.7665000000000001,0.4675131578947369
M3850,5.5e-05,1e-06,0.25,0.5,0.08,0.015706,0.0617,2SEG,1,LIDAR,0.0032939999999999983,0.1383,0.1733684210526315,0.6915,0.43243421052631575
M3851,5.5e-05,1e-06,0.5,-0.5,0.03,0.015876,0.04793,2SEG,1,LIDAR,0.0031239999999999983,0.15207,0.16442105263157886,0.76035,0.46238552631578944
M3852,5.5e-05,1e-06,0.5,-0.5,0.035,0.015856,0.05254,2SEG,1,LIDAR,0.003144000000000001,0.14746,0.16547368421052638,0.7373,0.45138684210526314
M3853,5.5e-05,1e-06,0.5,-0.5,0.04,0.015837,0.05688,2SEG,1,LIDAR,0.003162999999999999,0.14312000000000002,0.16647368421052627,0.7156000000000001,0.44103684210526317
M3854,5.5e-05,1e-06,0.5,-0.5,0.05,0.015802,0.06494,2SEG,1,LIDAR,0.0031979999999999995,0.13506,0.1683157894736842,0.6753,0.4218078947368421
M3855,5.5e-05,1e-06,0.5,-0.5,0.08,0.015712,0.0858,2SEG,1,LIDAR,0.0032879999999999993,0.11420000000000001,0.17305263157894735,0.5710000000000001,0.3720263157894737
M3856,5.5e-05,1e-06,0.5,-0.25,0.03,0.015879,0.04245,2SEG,1,LIDAR,0.0031209999999999988,0.15755000000000002,0.16426315789473678,0.7877500000000001,0.4760065789473684
M3857,5.5e-05,1e-06,0.5,-0.25,0.035,0.015859,0.04652,2SEG,1,LIDAR,0.003140999999999998,0.15348,0.1653157894736841,0.7674,0.466357894736842
M3858,5.5e-05,1e-06,0.5,-0.25,0.04,0.01584,0.05037,2SEG,1,LIDAR,0.0031599999999999996,0.14963,0.1663157894736842,0.74815,0.4572328947368421
M3859,5.5e-05,1e-06,0.5,-0.25,0.05,0.015806,0.05751,2SEG,1,LIDAR,0.003193999999999999,0.14249,0.16810526315789467,0.71245,0.44027763157894734
M3860,5.5e-05,1e-06,0.5,-0.25,0.08,0.015717,0.07599,2SEG,1,LIDAR,0.003283000000000001,0.12401000000000001,0.1727894736842106,0.62005,0.3964197368421053
M3861,5.5e-05,1e-06,0.5,0.0,0.03,0.01588,0.03894,2SEG,1,LIDAR,0.0031200000000000012,0.16106,0.16421052631578956,0.8053,0.4847552631578948
M3862,5.5e-05,1e-06,0.5,0.0,0.035,0.015861,0.04268,2SEG,1,LIDAR,0.0031389999999999994,0.15732000000000002,0.16521052631578945,0.7866000000000001,0.4759052631578948
M3863,5.5e-05,1e-06,0.5,0.0,0.04,0.015843,0.04621,2SEG,1,LIDAR,0.003157,0.15379,0.16615789473684212,0.76895,0.46755394736842104
M3864,5.5e-05,1e-06,0.5,0.0,0.05,0.015809,0.05276,2SEG,1,LIDAR,0.0031909999999999994,0.14724,0.1679473684210526,0.7362,0.4520736842105263
M3865,5.5e-05,1e-06,0.5,0.0,0.08,0.01572,0.06972,2SEG,1,LIDAR,0.003279999999999998,0.13028,0.17263157894736833,0.6514,0.41201578947368417
M3866,5.5e-05,1e-06,0.5,0.25,0.03,0.015882,0.03642,2SEG,1,LIDAR,0.0031179999999999992,0.16358,0.1641052631578947,0.8179,0.4910026315789473
M3867,5.5e-05,1e-06,0.5,0.25,0.035,0.015862,0.03992,2SEG,1,LIDAR,0.0031379999999999984,0.16008,0.16515789473684203,0.8004,0.48277894736842103
M3868,5.5e-05,1e-06,0.5,0.25,0.04,0.015844,0.04322,2SEG,1,LIDAR,0.003155999999999999,0.15678,0.1661052631578947,0.7838999999999999,0.4750026315789473
M3869,5.5e-05,1e-06,0.5,0.25,0.05,0.01581,0.04935,2SEG,1,LIDAR,0.0031899999999999984,0.15065,0.16789473684210518,0.75325,0.4605723684210526
M3870,5.5e-05,1e-06,0.5,0.25,0.08,0.015723,0.06521,2SEG,1,LIDAR,0.0032769999999999987,0.13479000000000002,0.17247368421052625,0.67395,0.42321184210526314
M3871,5.5e-05,1e-06,0.5,0.5,0.03,0.015883,0.03448,2SEG,1,LIDAR,0.0031169999999999982,0.16552,0.16405263157894728,0.8276,0.49582631578947367
M3872,5.5e-05,1e-06,0.5,0.5,0.035,0.015864,0.0378,2SEG,1,LIDAR,0.003136,0.1622,0.16505263157894737,0.811,0.4880263157894737
M3873,5.5e-05,1e-06,0.5,0.5,0.04,0.015845,0.04092,2SEG,1,LIDAR,0.003154999999999998,0.15908,0.16605263157894729,0.7954,0.48072631578947367
M3874,5.5e-05,1e-06,0.5,0.5,0.05,0.015812,0.04672,2SEG,1,LIDAR,0.003188,0.15328000000000003,0.16778947368421052,0.7664000000000001,0.4670947368421053
M3875,5.5e-05,1e-06,0.5,0.5,0.08,0.015725,0.06174,2SEG,1,LIDAR,0.003275,0.13826,0.1723684210526316,0.6912999999999999,0.43183421052631576
M3876,5.5e-05,5.5e-06,-0.5,-0.5,0.03,0.017488,0.05077,2SEG,1,LIDAR,0.0015119999999999995,0.14923,0.07957894736842103,0.74615,0.41286447368421053
M3877,5.5e-05,5.5e-06,-0.5,-0.5,0.035,0.017451,0.05562,2SEG,1,LIDAR,0.0015489999999999983,0.14438,0.0815263157894736,0.7219,0.40171315789473677
M3878,5.5e-05,5.5e-06,-0.5,-0.5,0.04,0.017417,0.06019,2SEG,1,LIDAR,0.001583000000000001,0.13981000000000002,0.08331578947368427,0.6990500000000001,0.39118289473684215
M3879,5.5e-05,5.5e-06,-0.5,-0.5,0.05,0.017352,0.06866,2SEG,1,LIDAR,0.0016480000000000002,0.13134,0.08673684210526317,0.6567000000000001,0.37171842105263164
M3880,5.5e-05,5.5e-06,-0.5,-0.5,0.08,0.017184,0.0905,2SEG,1,LIDAR,0.0018159999999999982,0.10950000000000001,0.09557894736842096,0.5475,0.3215394736842105
M3881,5.5e-05,5.5e-06,-0.5,-0.25,0.03,0.017504,0.04498,2SEG,1,LIDAR,0.0014960000000000008,0.15502000000000002,0.0787368421052632,0.7751,0.4269184210526316
M3882,5.5e-05,5.5e-06,-0.5,-0.25,0.035,0.017469,0.04928,2SEG,1,LIDAR,0.0015310000000000011,0.15072000000000002,0.08057894736842111,0.7536,0.41708947368421057
M3883,5.5e-05,5.5e-06,-0.5,-0.25,0.04,0.017435,0.05333,2SEG,1,LIDAR,0.0015650000000000004,0.14667000000000002,0.0823684210526316,0.7333500000000001,0.40785921052631585
M3884,5.5e-05,5.5e-06,-0.5,-0.25,0.05,0.017373,0.06084,2SEG,1,LIDAR,0.001627,0.13916,0.08563157894736842,0.6958,0.3907157894736842
M3885,5.5e-05,5.5e-06,-0.5,-0.25,0.08,0.017212,0.08021,2SEG,1,LIDAR,0.001787999999999998,0.11979000000000001,0.09410526315789464,0.59895,0.3465276315789473
M3886,5.5e-05,5.5e-06,-0.5,0.0,0.03,0.017514,0.04127,2SEG,1,LIDAR,0.0014860000000000012,0.15873,0.07821052631578954,0.79365,0.43593026315789474
M3887,5.5e-05,5.5e-06,-0.5,0.0,0.035,0.01748,0.04522,2SEG,1,LIDAR,0.0015200000000000005,0.15478,0.08000000000000003,0.7738999999999999,0.42695
M3888,5.5e-05,5.5e-06,-0.5,0.0,0.04,0.017447,0.04894,2SEG,1,LIDAR,0.0015529999999999988,0.15106000000000003,0.0817368421052631,0.7553000000000001,0.4185184210526316
M3889,5.5e-05,5.5e-06,-0.5,0.0,0.05,0.017387,0.05583,2SEG,1,LIDAR,0.0016129999999999999,0.14417000000000002,0.08489473684210526,0.7208500000000001,0.4028723684210527
M3890,5.5e-05,5.5e-06,-0.5,0.0,0.08,0.01723,0.07362,2SEG,1,LIDAR,0.0017700000000000007,0.12638,0.09315789473684215,0.6318999999999999,0.362528947368421
M3891,5.5e-05,5.5e-06,-0.5,0.25,0.03,0.017521,0.03861,2SEG,1,LIDAR,0.0014790000000000011,0.16139,0.07784210526315796,0.80695,0.44239605263157894
M3892,5.5e-05,5.5e-06,-0.5,0.25,0.035,0.017487,0.0423,2SEG,1,LIDAR,0.0015130000000000005,0.1577,0.07963157894736844,0.7885,0.43406578947368424
M3893,5.5e-05,5.5e-06,-0.5,0.25,0.04,0.017456,0.04578,2SEG,1,LIDAR,0.0015440000000000002,0.15422000000000002,0.08126315789473686,0.7711000000000001,0.42618157894736847
M3894,5.5e-05,5.5e-06,-0.5,0.25,0.05,0.017396,0.05223,2SEG,1,LIDAR,0.0016040000000000013,0.14777,0.08442105263157902,0.73885,0.41163552631578954
M3895,5.5e-05,5.5e-06,-0.5,0.25,0.08,0.017243,0.06889,2SEG,1,LIDAR,0.0017569999999999981,0.13111,0.09247368421052622,0.65555,0.3740118421052631
M3896,5.5e-05,5.5e-06,-0.5,0.5,0.03,0.017527,0.03656,2SEG,1,LIDAR,0.0014729999999999986,0.16344,0.07752631578947361,0.8171999999999999,0.4473631578947368
M3897,5.5e-05,5.5e-06,-0.5,0.5,0.035,0.017493,0.04006,2SEG,1,LIDAR,0.001506999999999998,0.15994000000000003,0.0793157894736841,0.7997000000000001,0.4395078947368421
M3898,5.5e-05,5.5e-06,-0.5,0.5,0.04,0.017462,0.04335,2SEG,1,LIDAR,0.0015380000000000012,0.15665,0.0809473684210527,0.78325,0.43209868421052633
M3899,5.5e-05,5.5e-06,-0.5,0.5,0.05,0.017404,0.04947,2SEG,1,LIDAR,0.0015960000000000002,0.15053,0.08400000000000002,0.7526499999999999,0.41832499999999995
M3900,5.5e-05,5.5e-06,-0.5,0.5,0.08,0.017253,0.06524,2SEG,1,LIDAR,0.0017469999999999986,0.13476,0.09194736842105256,0.6738,0.38287368421052626
M3901,5.5e-05,5.5e-06,-0.25,-0.5,0.03,0.017516,0.05082,2SEG,1,LIDAR,0.0014839999999999992,0.14918,0.07810526315789469,0.7459,0.41200263157894734
M3902,5.5e-05,5.5e-06,-0.25,-0.5,0.035,0.017482,0.05568,2SEG,1,LIDAR,0.0015179999999999985,0.14432,0.07989473684210519,0.7216,0.40074736842105263
M3903,5.5e-05,5.5e-06,-0.25,-0.5,0.04,0.01745,0.06026,2SEG,1,LIDAR,0.0015499999999999993,0.13974,0.08157894736842101,0.6987,0.3901394736842105
M3904,5.5e-05,5.5e-06,-0.25,-0.5,0.05,0.01739,0.06875,2SEG,1,LIDAR,0.0016100000000000003,0.13125,0.08473684210526318,0.65625,0.3704934210526316
M3905,5.5e-05,5.5e-06,-0.25,-0.5,0.08,0.017234,0.09065,2SEG,1,LIDAR,0.0017660000000000002,0.10935000000000002,0.09294736842105264,0.5467500000000001,0.31984868421052637
M3906,5.5e-05,5.5e-06,-0.25,-0.25,0.03,0.017532,0.04502,2SEG,1,LIDAR,0.0014680000000000006,0.15498,0.07726315789473687,0.7749,0.4260815789473684
M3907,5.5e-05,5.5e-06,-0.25,-0.25,0.035,0.017499,0.04933,2SEG,1,LIDAR,0.0015009999999999989,0.15067000000000003,0.07899999999999995,0.7533500000000001,0.416175
M3908,5.5e-05,5.5e-06,-0.25,-0.25,0.04,0.017468,0.05339,2SEG,1,LIDAR,0.0015319999999999986,0.14661000000000002,0.08063157894736835,0.7330500000000001,0.40684078947368424
M3909,5.5e-05,5.5e-06,-0.25,-0.25,0.05,0.017411,0.06092,2SEG,1,LIDAR,0.0015890000000000001,0.13908,0.08363157894736843,0.6954,0.3895157894736842
M3910,5.5e-05,5.5e-06,-0.25,-0.25,0.08,0.017262,0.08035,2SEG,1,LIDAR,0.001738,0.11965,0.09147368421052632,0.59825,0.34486184210526316
M3911,5.5e-05,5.5e-06,-0.25,0.0,0.03,0.017542,0.04131,2SEG,1,LIDAR,0.001458000000000001,0.15869,0.07673684210526321,0.79345,0.4350934210526316
M3912,5.5e-05,5.5e-06,-0.25,0.0,0.035,0.01751,0.04527,2SEG,1,LIDAR,0.0014899999999999983,0.15473,0.07842105263157886,0.77365,0.4260355263157894
M3913,5.5e-05,5.5e-06,-0.25,0.0,0.04,0.01748,0.04899,2SEG,1,LIDAR,0.0015200000000000005,0.15101,0.08000000000000003,0.75505,0.41752500000000003
M3914,5.5e-05,5.5e-06,-0.25,0.0,0.05,0.017425,0.05591,2SEG,1,LIDAR,0.001575,0.14409,0.08289473684210527,0.7204499999999999,0.4016723684210526
M3915,5.5e-05,5.5e-06,-0.25,0.0,0.08,0.01728,0.07375,2SEG,1,LIDAR,0.0017199999999999993,0.12625000000000003,0.09052631578947365,0.6312500000000001,0.3608881578947369
M3916,5.5e-05,5.5e-06,-0.25,0.25,0.03,0.017549,0.03865,2SEG,1,LIDAR,0.001451000000000001,0.16135000000000002,0.07636842105263163,0.8067500000000001,0.44155921052631586
M3917,5.5e-05,5.5e-06,-0.25,0.25,0.035,0.017518,0.04235,2SEG,1,LIDAR,0.0014820000000000007,0.15765,0.07800000000000004,0.78825,0.43312500000000004
M3918,5.5e-05,5.5e-06,-0.25,0.25,0.04,0.017489,0.04583,2SEG,1,LIDAR,0.0015109999999999985,0.15417,0.07952631578947361,0.7708499999999999,0.42518815789473674
M3919,5.5e-05,5.5e-06,-0.25,0.25,0.05,0.017434,0.0523,2SEG,1,LIDAR,0.001565999999999998,0.1477,0.08242105263157884,0.7384999999999999,0.4104605263157894
M3920,5.5e-05,5.5e-06,-0.25,0.25,0.08,0.017293,0.06901,2SEG,1,LIDAR,0.0017070000000000002,0.13099,0.0898421052631579,0.6549499999999999,0.37239605263157893
M3921,5.5e-05,5.5e-06,-0.25,0.5,0.03,0.017555,0.0366,2SEG,1,LIDAR,0.0014449999999999984,0.16340000000000002,0.07605263157894729,0.8170000000000001,0.44652631578947366
M3922,5.5e-05,5.5e-06,-0.25,0.5,0.035,0.017524,0.0401,2SEG,1,LIDAR,0.0014759999999999981,0.15990000000000001,0.07768421052631569,0.7995,0.43859210526315784
M3923,5.5e-05,5.5e-06,-0.25,0.5,0.04,0.017495,0.0434,2SEG,1,LIDAR,0.0015049999999999994,0.15660000000000002,0.07921052631578944,0.783,0.4311052631578947
M3924,5.5e-05,5.5e-06,-0.25,0.5,0.05,0.017442,0.04953,2SEG,1,LIDAR,0.0015580000000000004,0.15047000000000002,0.08200000000000002,0.7523500000000001,0.4171750000000001
M3925,5.5e-05,5.5e-06,-0.25,0.5,0.08,0.017303,0.06535,2SEG,1,LIDAR,0.0016970000000000006,0.13465,0.08931578947368424,0.6732499999999999,0.38128289473684207
M3926,5.5e-05,5.5e-06,0.0,-0.5,0.03,0.017534,0.05085,2SEG,1,LIDAR,0.0014659999999999986,0.14915,0.07715789473684204,0.74575,0.411453947368421
M3927,5.5e-05,5.5e-06,0.0,-0.5,0.035,0.017502,0.05572,2SEG,1,LIDAR,0.0014979999999999993,0.14428000000000002,0.07884210526315787,0.7214,0.40012105263157893
M3928,5.5e-05,5.5e-06,0.0,-0.5,0.04,0.017471,0.0603,2SEG,1,LIDAR,0.0015289999999999991,0.13970000000000002,0.08047368421052627,0.6985,0.38948684210526313
M3929,5.5e-05,5.5e-06,0.0,-0.5,0.05,0.017414,0.0688,2SEG,1,LIDAR,0.0015860000000000006,0.1312,0.08347368421052635,0.656,0.3697368421052632
M3930,5.5e-05,5.5e-06,0.0,-0.5,0.08,0.017266,0.09076,2SEG,1,LIDAR,0.0017339999999999994,0.10924000000000002,0.09126315789473681,0.5462,0.3187315789473684
M3931,5.5e-05,5.5e-06,0.0,-0.25,0.03,0.01755,0.04505,2SEG,1,LIDAR,0.00145,0.15495,0.07631578947368421,0.7747499999999999,0.4255328947368421
M3932,5.5e-05,5.5e-06,0.0,-0.25,0.035,0.017519,0.04936,2SEG,1,LIDAR,0.0014809999999999997,0.15064,0.07794736842105261,0.7532,0.4155736842105263
M3933,5.5e-05,5.5e-06,0.0,-0.25,0.04,0.01749,0.05343,2SEG,1,LIDAR,0.001510000000000001,0.14657,0.07947368421052636,0.73285,0.4061618421052632
M3934,5.5e-05,5.5e-06,0.0,-0.25,0.05,0.017435,0.06097,2SEG,1,LIDAR,0.0015650000000000004,0.13903000000000001,0.0823684210526316,0.69515,0.38875921052631585
M3935,5.5e-05,5.5e-06,0.0,-0.25,0.08,0.017294,0.08044,2SEG,1,LIDAR,0.0017059999999999992,0.11956000000000001,0.08978947368421049,0.5978,0.34379473684210526
M3936,5.5e-05,5.5e-06,0.0,0.0,0.03,0.01756,0.04134,2SEG,1,LIDAR,0.0014400000000000003,0.15866000000000002,0.07578947368421055,0.7933000000000001,0.4345447368421053
M3937,5.5e-05,5.5e-06,0.0,0.0,0.035,0.01753,0.0453,2SEG,1,LIDAR,0.001469999999999999,0.1547,0.07736842105263153,0.7735,0.42543421052631575
M3938,5.5e-05,5.5e-06,0.0,0.0,0.04,0.017502,0.04903,2SEG,1,LIDAR,0.0014979999999999993,0.15097000000000002,0.07884210526315787,0.75485,0.4168460526315789
M3939,5.5e-05,5.5e-06,0.0,0.0,0.05,0.017449,0.05595,2SEG,1,LIDAR,0.0015510000000000003,0.14405,0.08163157894736844,0.7202500000000001,0.4009407894736843
M3940,5.5e-05,5.5e-06,0.0,0.0,0.08,0.017312,0.07383,2SEG,1,LIDAR,0.0016879999999999985,0.12617,0.08884210526315782,0.63085,0.3598460526315789
M3941,5.5e-05,5.5e-06,0.0,0.25,0.03,0.017567,0.03867,2SEG,1,LIDAR,0.0014330000000000002,0.16133,0.07542105263157896,0.80665,0.44103552631578946
M3942,5.5e-05,5.5e-06,0.0,0.25,0.035,0.017538,0.04238,2SEG,1,LIDAR,0.001461999999999998,0.15762,0.07694736842105253,0.7881,0.4325236842105263
M3943,5.5e-05,5.5e-06,0.0,0.25,0.04,0.01751,0.04587,2SEG,1,LIDAR,0.0014899999999999983,0.15413000000000002,0.07842105263157886,0.7706500000000001,0.42453552631578945
M3944,5.5e-05,5.5e-06,0.0,0.25,0.05,0.017459,0.05235,2SEG,1,LIDAR,0.0015410000000000007,0.14765,0.08110526315789478,0.73825,0.4096776315789474
M3945,5.5e-05,5.5e-06,0.0,0.25,0.08,0.017325,0.06908,2SEG,1,LIDAR,0.0016749999999999994,0.13092,0.08815789473684207,0.6546,0.37137894736842103
M3946,5.5e-05,5.5e-06,0.0,0.5,0.03,0.017573,0.03662,2SEG,1,LIDAR,0.0014270000000000012,0.16338000000000003,0.0751052631578948,0.8169000000000001,0.44600263157894743
M3947,5.5e-05,5.5e-06,0.0,0.5,0.035,0.017544,0.04013,2SEG,1,LIDAR,0.001455999999999999,0.15987,0.07663157894736837,0.79935,0.4379907894736842
M3948,5.5e-05,5.5e-06,0.0,0.5,0.04,0.017517,0.04344,2SEG,1,LIDAR,0.0014829999999999982,0.15656,0.07805263157894728,0.7827999999999999,0.4304263157894736
M3949,5.5e-05,5.5e-06,0.0,0.5,0.05,0.017466,0.04957,2SEG,1,LIDAR,0.0015340000000000006,0.15043,0.08073684210526319,0.75215,0.4164434210526316
M3950,5.5e-05,5.5e-06,0.0,0.5,0.08,0.017335,0.06543,2SEG,1,LIDAR,0.0016649999999999998,0.13457000000000002,0.08763157894736841,0.6728500000000001,0.3802407894736842
M3951,5.5e-05,5.5e-06,0.25,-0.5,0.03,0.017547,0.05087,2SEG,1,LIDAR,0.0014529999999999994,0.14913,0.07647368421052629,0.74565,0.41106184210526314
M3952,5.5e-05,5.5e-06,0.25,-0.5,0.035,0.017516,0.05574,2SEG,1,LIDAR,0.0014839999999999992,0.14426,0.07810526315789469,0.7212999999999999,0.3997026315789473
M3953,5.5e-05,5.5e-06,0.25,-0.5,0.04,0.017486,0.06033,2SEG,1,LIDAR,0.001513999999999998,0.13967000000000002,0.07968421052631569,0.69835,0.38901710526315786
M3954,5.5e-05,5.5e-06,0.25,-0.5,0.05,0.017431,0.06885,2SEG,1,LIDAR,0.001569000000000001,0.13115000000000002,0.0825789473684211,0.65575,0.36916447368421057
M3955,5.5e-05,5.5e-06,0.25,-0.5,0.08,0.017289,0.09083,2SEG,1,LIDAR,0.0017110000000000007,0.10917000000000002,0.09005263157894741,0.5458500000000001,0.3179513157894737
M3956,5.5e-05,5.5e-06,0.25,-0.25,0.03,0.017563,0.04507,2SEG,1,LIDAR,0.0014370000000000008,0.15493,0.07563157894736847,0.7746500000000001,0.4251407894736843
M3957,5.5e-05,5.5e-06,0.25,-0.25,0.035,0.017533,0.04939,2SEG,1,LIDAR,0.0014669999999999996,0.15061000000000002,0.07721052631578945,0.7530500000000001,0.4151302631578948
M3958,5.5e-05,5.5e-06,0.25,-0.25,0.04,0.017505,0.05346,2SEG,1,LIDAR,0.0014949999999999998,0.14654,0.07868421052631579,0.7327,0.4056921052631579
M3959,5.5e-05,5.5e-06,0.25,-0.25,0.05,0.017453,0.061,2SEG,1,LIDAR,0.0015469999999999998,0.139,0.08142105263157894,0.6950000000000001,0.3882105263157895
M3960,5.5e-05,5.5e-06,0.25,-0.25,0.08,0.017317,0.0805,2SEG,1,LIDAR,0.0016830000000000005,0.11950000000000001,0.08857894736842108,0.5975,0.34303947368421056
M3961,5.5e-05,5.5e-06,0.25,0.0,0.03,0.017573,0.04136,2SEG,1,LIDAR,0.0014270000000000012,0.15864,0.0751052631578948,0.7932,0.4341526315789474
M3962,5.5e-05,5.5e-06,0.25,0.0,0.035,0.017544,0.04532,2SEG,1,LIDAR,0.001455999999999999,0.15468,0.07663157894736837,0.7734,0.4250157894736842
M3963,5.5e-05,5.5e-06,0.25,0.0,0.04,0.017517,0.04906,2SEG,1,LIDAR,0.0014829999999999982,0.15094000000000002,0.07805263157894728,0.7547,0.41637631578947365
M3964,5.5e-05,5.5e-06,0.25,0.0,0.05,0.017466,0.05599,2SEG,1,LIDAR,0.0015340000000000006,0.14401000000000003,0.08073684210526319,0.7200500000000001,0.40039342105263165
M3965,5.5e-05,5.5e-06,0.25,0.0,0.08,0.017335,0.07389,2SEG,1,LIDAR,0.0016649999999999998,0.12611,0.08763157894736841,0.6305499999999999,0.35909078947368417
M3966,5.5e-05,5.5e-06,0.25,0.25,0.03,0.01758,0.03869,2SEG,1,LIDAR,0.0014200000000000011,0.16131,0.07473684210526321,0.80655,0.4406434210526316
M3967,5.5e-05,5.5e-06,0.25,0.25,0.035,0.017552,0.0424,2SEG,1,LIDAR,0.001447999999999998,0.15760000000000002,0.07621052631578937,0.788,0.4321052631578947
M3968,5.5e-05,5.5e-06,0.25,0.25,0.04,0.017525,0.04589,2SEG,1,LIDAR,0.0014750000000000006,0.15411000000000002,0.07763157894736845,0.7705500000000001,0.4240907894736843
M3969,5.5e-05,5.5e-06,0.25,0.25,0.05,0.017476,0.05238,2SEG,1,LIDAR,0.001524000000000001,0.14762,0.08021052631578954,0.7381,0.40915526315789474
M3970,5.5e-05,5.5e-06,0.25,0.25,0.08,0.017348,0.06914,2SEG,1,LIDAR,0.0016520000000000007,0.13086000000000003,0.08694736842105268,0.6543000000000001,0.3706236842105264
M3971,5.5e-05,5.5e-06,0.25,0.5,0.03,0.017586,0.03664,2SEG,1,LIDAR,0.0014139999999999986,0.16336,0.07442105263157887,0.8168,0.4456105263157894
M3972,5.5e-05,5.5e-06,0.25,0.5,0.035,0.017558,0.04015,2SEG,1,LIDAR,0.0014419999999999988,0.15985000000000002,0.07589473684210521,0.79925,0.4375723684210526
M3973,5.5e-05,5.5e-06,0.25,0.5,0.04,0.017532,0.04346,2SEG,1,LIDAR,0.0014680000000000006,0.15654,0.07726315789473687,0.7827000000000001,0.42998157894736844
M3974,5.5e-05,5.5e-06,0.25,0.5,0.05,0.017484,0.0496,2SEG,1,LIDAR,0.001516,0.1504,0.07978947368421052,0.752,0.41589473684210526
M3975,5.5e-05,5.5e-06,0.25,0.5,0.08,0.017358,0.06548,2SEG,1,LIDAR,0.001642000000000001,0.13452000000000003,0.08642105263157901,0.6726000000000001,0.3795105263157895
M3976,5.5e-05,5.5e-06,0.5,-0.5,0.03,0.017557,0.05089,2SEG,1,LIDAR,0.0014429999999999998,0.14911000000000002,0.07594736842105262,0.74555,0.41074868421052635
M3977,5.5e-05,5.5e-06,0.5,-0.5,0.035,0.017527,0.05576,2SEG,1,LIDAR,0.0014729999999999986,0.14424,0.07752631578947361,0.7212,0.39936315789473675
M3978,5.5e-05,5.5e-06,0.5,-0.5,0.04,0.017498,0.06036,2SEG,1,LIDAR,0.0015019999999999999,0.13964000000000001,0.07905263157894736,0.6982,0.3886263157894737
M3979,5.5e-05,5.5e-06,0.5,-0.5,0.05,0.017445,0.06888,2SEG,1,LIDAR,0.0015550000000000008,0.13112000000000001,0.08184210526315794,0.6556000000000001,0.368721052631579
M3980,5.5e-05,5.5e-06,0.5,-0.5,0.08,0.017307,0.09088,2SEG,1,LIDAR,0.001693,0.10912000000000001,0.08910526315789474,0.5456,0.31735263157894733
M3981,5.5e-05,5.5e-06,0.5,-0.25,0.03,0.017573,0.04509,2SEG,1,LIDAR,0.0014270000000000012,0.15491000000000002,0.0751052631578948,0.7745500000000001,0.42482763157894743
M3982,5.5e-05,5.5e-06,0.5,-0.25,0.035,0.017544,0.04941,2SEG,1,LIDAR,0.001455999999999999,0.15059,0.07663157894736837,0.75295,0.4147907894736842
M3983,5.5e-05,5.5e-06,0.5,-0.25,0.04,0.017517,0.05348,2SEG,1,LIDAR,0.0014829999999999982,0.14652,0.07805263157894728,0.7326,0.40532631578947365
M3984,5.5e-05,5.5e-06,0.5,-0.25,0.05,0.017466,0.06103,2SEG,1,LIDAR,0.0015340000000000006,0.13897,0.08073684210526319,0.69485,0.3877934210526316
M3985,5.5e-05,5.5e-06,0.5,-0.25,0.08,0.017335,0.08055,2SEG,1,LIDAR,0.0016649999999999998,0.11945000000000001,0.08763157894736841,0.5972500000000001,0.3424407894736842
M3986,5.5e-05,5.5e-06,0.5,0.0,0.03,0.017583,0.04137,2SEG,1,LIDAR,0.0014169999999999981,0.15863000000000002,0.07457894736842095,0.79315,0.4338644736842105
M3987,5.5e-05,5.5e-06,0.5,0.0,0.035,0.017555,0.04534,2SEG,1,LIDAR,0.0014449999999999984,0.15466000000000002,0.07605263157894729,0.7733000000000001,0.4246763157894737
M3988,5.5e-05,5.5e-06,0.5,0.0,0.04,0.017529,0.04908,2SEG,1,LIDAR,0.001471,0.15092,0.07742105263157896,0.7545999999999999,0.41601052631578944
M3989,5.5e-05,5.5e-06,0.5,0.0,0.05,0.01748,0.05601,2SEG,1,LIDAR,0.0015200000000000005,0.14399,0.08000000000000003,0.71995,0.399975
M3990,5.5e-05,5.5e-06,0.5,0.0,0.08,0.017353,0.07394,2SEG,1,LIDAR,0.0016469999999999992,0.12606,0.08668421052631575,0.6303,0.3584921052631579
M3991,5.5e-05,5.5e-06,0.5,0.25,0.03,0.01759,0.0387,2SEG,1,LIDAR,0.001409999999999998,0.1613,0.07421052631578938,0.8065,0.4403552631578947
M3992,5.5e-05,5.5e-06,0.5,0.25,0.035,0.017563,0.04241,2SEG,1,LIDAR,0.0014370000000000008,0.15759,0.07563157894736847,0.78795,0.43179078947368427
M3993,5.5e-05,5.5e-06,0.5,0.25,0.04,0.017537,0.04591,2SEG,1,LIDAR,0.001462999999999999,0.15409,0.07699999999999996,0.77045,0.42372499999999996
M3994,5.5e-05,5.5e-06,0.5,0.25,0.05,0.01749,0.0524,2SEG,1,LIDAR,0.001510000000000001,0.1476,0.07947368421052636,0.738,0.4087368421052632
M3995,5.5e-05,5.5e-06,0.5,0.25,0.08,0.017366,0.06918,2SEG,1,LIDAR,0.001634,0.13082,0.08600000000000001,0.6540999999999999,0.37004999999999993
M3996,5.5e-05,5.5e-06,0.5,0.5,0.03,0.017596,0.03665,2SEG,1,LIDAR,0.001403999999999999,0.16335,0.07389473684210521,0.81675,0.4453223684210526
M3997,5.5e-05,5.5e-06,0.5,0.5,0.035,0.017569,0.04016,2SEG,1,LIDAR,0.0014309999999999982,0.15984,0.07531578947368411,0.7992,0.43725789473684207
M3998,5.5e-05,5.5e-06,0.5,0.5,0.04,0.017544,0.04348,2SEG,1,LIDAR,0.001455999999999999,0.15652000000000002,0.07663157894736837,0.7826000000000001,0.42961578947368423
M3999,5.5e-05,5.5e-06,0.5,0.5,0.05,0.017497,0.04963,2SEG,1,LIDAR,0.0015030000000000009,0.15037,0.07910526315789479,0.75185,0.4154776315789474
M4000,5.5e-05,5.5e-06,0.5,0.5,0.08,0.017376,0.06552,2SEG,1,LIDAR,0.0016240000000000004,0.13448000000000002,0.08547368421052634,0.6724,0.3789368421052632
M4001,5.5e-05,1e-05,-0.5,-0.5,0.03,0.019121,0.05354,2SEG,1,LIDAR,-0.00012099999999999958,0.14646,0.006368421052631557,0.7323,0.36933421052631576
M4002,5.5e-05,1e-05,-0.5,-0.5,0.035,0.019074,0.05864,2SEG,1,LIDAR,-7.400000000000115e-05,0.14136,0.0038947368421053236,0.7068,0.35534736842105263
M4003,5.5e-05,1e-05,-0.5,-0.5,0.04,0.01903,0.06345,2SEG,1,LIDAR,-2.9999999999998778e-05,0.13655,0.0015789473684209884,0.68275,0.3421644736842105
M4004,5.5e-05,1e-05,-0.5,-0.5,0.05,0.018947,0.07235,2SEG,1,LIDAR,5.300000000000096e-05,0.12765,0.002789473684210577,0.63825,0.3205197368421053
M4005,5.5e-05,1e-05,-0.5,-0.5,0.08,0.018734,0.09527,2SEG,1,LIDAR,0.0002659999999999989,0.10473000000000002,0.013999999999999941,0.5236500000000001,0.268825
M4006,5.5e-05,1e-05,-0.5,-0.25,0.03,0.019149,0.04745,2SEG,1,LIDAR,-0.00014899999999999983,0.15255000000000002,0.007842105263157886,0.76275,0.38529605263157896
M4007,5.5e-05,1e-05,-0.5,-0.25,0.035,0.019105,0.05198,2SEG,1,LIDAR,-0.00010500000000000093,0.14802,0.005526315789473733,0.7401,0.37281315789473685
M4008,5.5e-05,1e-05,-0.5,-0.25,0.04,0.019063,0.05624,2SEG,1,LIDAR,-6.300000000000056e-05,0.14376,0.00331578947368424,0.7188,0.36105789473684213
M4009,5.5e-05,1e-05,-0.5,-0.25,0.05,0.018985,0.06414,2SEG,1,LIDAR,1.5000000000001124e-05,0.13586,0.0007894736842105855,0.6793,0.3400447368421053
M4010,5.5e-05,1e-05,-0.5,-0.25,0.08,0.018785,0.08449,2SEG,1,LIDAR,0.0002149999999999999,0.11551000000000002,0.011315789473684206,0.57755,0.2944328947368421
M4011,5.5e-05,1e-05,-0.5,0.0,0.03,0.019167,0.04355,2SEG,1,LIDAR,-0.00016700000000000048,0.15645,0.008789473684210552,0.78225,0.3955197368421053
M4012,5.5e-05,1e-05,-0.5,0.0,0.035,0.019125,0.04771,2SEG,1,LIDAR,-0.0001250000000000001,0.15229,0.006578947368421058,0.76145,0.3840144736842105
M4013,5.5e-05,1e-05,-0.5,0.0,0.04,0.019085,0.05162,2SEG,1,LIDAR,-8.500000000000174e-05,0.14838,0.004473684210526407,0.7419,0.3731868421052632
M4014,5.5e-05,1e-05,-0.5,0.0,0.05,0.01901,0.05888,2SEG,1,LIDAR,-9.999999999999593e-06,0.14112000000000002,0.0005263157894736627,0.7056000000000001,0.3530631578947369
M4015,5.5e-05,1e-05,-0.5,0.0,0.08,0.018816,0.07759,2SEG,1,LIDAR,0.00018400000000000014,0.12241,0.009684210526315797,0.61205,0.3108671052631579
M4016,5.5e-05,1e-05,-0.5,0.25,0.03,0.01918,0.04075,2SEG,1,LIDAR,-0.0001799999999999996,0.15925,0.009473684210526296,0.79625,0.40286184210526316
M4017,5.5e-05,1e-05,-0.5,0.25,0.035,0.019139,0.04464,2SEG,1,LIDAR,-0.00013900000000000023,0.15536,0.007315789473684223,0.7767999999999999,0.3920578947368421
M4018,5.5e-05,1e-05,-0.5,0.25,0.04,0.0191,0.0483,2SEG,1,LIDAR,-9.99999999999994e-05,0.1517,0.005263157894736811,0.7585,0.3818815789473684
M4019,5.5e-05,1e-05,-0.5,0.25,0.05,0.019027,0.0551,2SEG,1,LIDAR,-2.6999999999999247e-05,0.1449,0.0014210526315789078,0.7244999999999999,0.3629605263157894
M4020,5.5e-05,1e-05,-0.5,0.25,0.08,0.018839,0.07261,2SEG,1,LIDAR,0.00016099999999999795,0.12739,0.008473684210526208,0.63695,0.3227118421052631
M4021,5.5e-05,1e-05,-0.5,0.5,0.03,0.01919,0.03859,2SEG,1,LIDAR,-0.0001899999999999992,0.16141,0.009999999999999959,0.8070499999999999,0.40852499999999997
M4022,5.5e-05,1e-05,-0.5,0.5,0.035,0.01915,0.04228,2SEG,1,LIDAR,-0.00015000000000000083,0.15772000000000003,0.007894736842105307,0.7886000000000001,0.3982473684210527
M4023,5.5e-05,1e-05,-0.5,0.5,0.04,0.019112,0.04575,2SEG,1,LIDAR,-0.00011200000000000099,0.15425,0.005894736842105315,0.77125,0.38857236842105264
M4024,5.5e-05,1e-05,-0.5,0.5,0.05,0.019041,0.05219,2SEG,1,LIDAR,-4.099999999999937e-05,0.14781,0.002157894736842072,0.73905,0.370603947368421
M4025,5.5e-05,1e-05,-0.5,0.5,0.08,0.018857,0.06879,2SEG,1,LIDAR,0.00014300000000000077,0.13121,0.007526315789473725,0.6560499999999999,0.3317881578947368
M4026,5.5e-05,1e-05,-0.25,-0.5,0.03,0.019149,0.05359,2SEG,1,LIDAR,-0.00014899999999999983,0.14641,0.007842105263157886,0.73205,0.3699460526315789
M4027,5.5e-05,1e-05,-0.25,-0.5,0.035,0.019105,0.0587,2SEG,1,LIDAR,-0.00010500000000000093,0.1413,0.005526315789473733,0.7065,0.35601315789473686
M4028,5.5e-05,1e-05,-0.25,-0.5,0.04,0.019063,0.06351,2SEG,1,LIDAR,-6.300000000000056e-05,0.13649,0.00331578947368424,0.68245,0.34288289473684214
M4029,5.5e-05,1e-05,-0.25,-0.5,0.05,0.018985,0.07243,2SEG,1,LIDAR,1.5000000000001124e-05,0.12757000000000002,0.0007894736842105855,0.63785,0.3193197368421053
M4030,5.5e-05,1e-05,-0.25,-0.5,0.08,0.018783,0.09542,2SEG,1,LIDAR,0.00021699999999999844,0.10458,0.011421052631578867,0.5229,0.26716052631578946
M4031,5.5e-05,1e-05,-0.25,-0.25,0.03,0.019177,0.04749,2SEG,1,LIDAR,-0.00017700000000000007,0.15251,0.009315789473684215,0.76255,0.38593289473684206
M4032,5.5e-05,1e-05,-0.25,-0.25,0.035,0.019135,0.05203,2SEG,1,LIDAR,-0.0001349999999999997,0.14797000000000002,0.007105263157894721,0.73985,0.37347763157894737
M4033,5.5e-05,1e-05,-0.25,-0.25,0.04,0.019096,0.0563,2SEG,1,LIDAR,-9.599999999999886e-05,0.1437,0.005052631578947309,0.7184999999999999,0.3617763157894736
M4034,5.5e-05,1e-05,-0.25,-0.25,0.05,0.019023,0.06421,2SEG,1,LIDAR,-2.3000000000002185e-05,0.13579000000000002,0.0012105263157895887,0.67895,0.3400802631578948
M4035,5.5e-05,1e-05,-0.25,-0.25,0.08,0.018834,0.08463,2SEG,1,LIDAR,0.00016599999999999948,0.11537000000000001,0.008736842105263131,0.5768500000000001,0.2927934210526316
M4036,5.5e-05,1e-05,-0.25,0.0,0.03,0.019195,0.04359,2SEG,1,LIDAR,-0.00019500000000000073,0.15641000000000002,0.01026315789473688,0.78205,0.39615657894736844
M4037,5.5e-05,1e-05,-0.25,0.0,0.035,0.019155,0.04775,2SEG,1,LIDAR,-0.0001549999999999989,0.15225,0.008157894736842046,0.76125,0.384703947368421
M4038,5.5e-05,1e-05,-0.25,0.0,0.04,0.019117,0.05167,2SEG,1,LIDAR,-0.00011699999999999905,0.14833000000000002,0.006157894736842055,0.74165,0.37390394736842103
M4039,5.5e-05,1e-05,-0.25,0.0,0.05,0.019047,0.05895,2SEG,1,LIDAR,-4.70000000000019e-05,0.14105,0.002473684210526416,0.70525,0.3538618421052632
M4040,5.5e-05,1e-05,-0.25,0.0,0.08,0.018865,0.07771,2SEG,1,LIDAR,0.0001349999999999997,0.12229000000000001,0.007105263157894721,0.61145,0.3092776315789474
M4041,5.5e-05,1e-05,-0.25,0.25,0.03,0.019208,0.04078,2SEG,1,LIDAR,-0.00020799999999999985,0.15922000000000003,0.010947368421052624,0.7961000000000001,0.40352368421052637
M4042,5.5e-05,1e-05,-0.25,0.25,0.035,0.019169,0.04468,2SEG,1,LIDAR,-0.000168999999999999,0.15532,0.00889473684210521,0.7766000000000001,0.3927473684210526
M4043,5.5e-05,1e-05,-0.25,0.25,0.04,0.019133,0.04835,2SEG,1,LIDAR,-0.00013300000000000117,0.15165,0.007000000000000062,0.75825,0.382625
M4044,5.5e-05,1e-05,-0.25,0.25,0.05,0.019065,0.05516,2SEG,1,LIDAR,-6.499999999999909e-05,0.14484000000000002,0.0034210526315788994,0.7242000000000001,0.3638105263157895
M4045,5.5e-05,1e-05,-0.25,0.25,0.08,0.018889,0.07273,2SEG,1,LIDAR,0.00011099999999999999,0.12727,0.005842105263157894,0.63635,0.3210960526315789
M4046,5.5e-05,1e-05,-0.25,0.5,0.03,0.019218,0.03862,2SEG,1,LIDAR,-0.00021799999999999944,0.16138000000000002,0.011473684210526287,0.8069000000000001,0.4091868421052632
M4047,5.5e-05,1e-05,-0.25,0.5,0.035,0.01918,0.04232,2SEG,1,LIDAR,-0.0001799999999999996,0.15768000000000001,0.009473684210526296,0.7884,0.39893684210526315
M4048,5.5e-05,1e-05,-0.25,0.5,0.04,0.019144,0.04579,2SEG,1,LIDAR,-0.00014400000000000177,0.15421,0.007578947368421146,0.77105,0.38931447368421057
M4049,5.5e-05,1e-05,-0.25,0.5,0.05,0.019078,0.05225,2SEG,1,LIDAR,-7.800000000000168e-05,0.14775000000000002,0.004105263157894825,0.73875,0.3714276315789474
M4050,5.5e-05,1e-05,-0.25,0.5,0.08,0.018906,0.0689,2SEG,1,LIDAR,9.400000000000033e-05,0.1311,0.004947368421052649,0.6555,0.33022368421052634
M4051,5.5e-05,1e-05,0.0,-0.5,0.03,0.019167,0.05362,2SEG,1,LIDAR,-0.00016700000000000048,0.14638,0.008789473684210552,0.7319,0.3703447368421053
M4052,5.5e-05,1e-05,0.0,-0.5,0.035,0.019124,0.05873,2SEG,1,LIDAR,-0.0001239999999999991,0.14127,0.006526315789473638,0.70635,0.3564381578947368
M4053,5.5e-05,1e-05,0.0,-0.5,0.04,0.019084,0.06355,2SEG,1,LIDAR,-8.400000000000074e-05,0.13645000000000002,0.004421052631578986,0.68225,0.3433355263157895
M4054,5.5e-05,1e-05,0.0,-0.5,0.05,0.019008,0.07249,2SEG,1,LIDAR,-8.000000000001062e-06,0.12751,0.0004210526315790033,0.6375500000000001,0.3189855263157895
M4055,5.5e-05,1e-05,0.0,-0.5,0.08,0.018815,0.09552,2SEG,1,LIDAR,0.00018500000000000114,0.10448000000000002,0.009736842105263217,0.5224000000000001,0.2660684210526317
M4056,5.5e-05,1e-05,0.0,-0.25,0.03,0.019195,0.04752,2SEG,1,LIDAR,-0.00019500000000000073,0.15248,0.01026315789473688,0.7624,0.3863315789473684
M4057,5.5e-05,1e-05,0.0,-0.25,0.035,0.019155,0.05206,2SEG,1,LIDAR,-0.0001549999999999989,0.14794000000000002,0.008157894736842046,0.7397,0.373928947368421
M4058,5.5e-05,1e-05,0.0,-0.25,0.04,0.019117,0.05633,2SEG,1,LIDAR,-0.00011699999999999905,0.14367000000000002,0.006157894736842055,0.71835,0.36225394736842104
M4059,5.5e-05,1e-05,0.0,-0.25,0.05,0.019047,0.06426,2SEG,1,LIDAR,-4.70000000000019e-05,0.13574000000000003,0.002473684210526416,0.6787000000000001,0.34058684210526324
M4060,5.5e-05,1e-05,0.0,-0.25,0.08,0.018865,0.08471,2SEG,1,LIDAR,0.0001349999999999997,0.11529000000000002,0.007105263157894721,0.57645,0.29177763157894737
M4061,5.5e-05,1e-05,0.0,0.0,0.03,0.019213,0.04361,2SEG,1,LIDAR,-0.00021300000000000138,0.15639,0.011210526315789547,0.7819499999999999,0.39658026315789474
M4062,5.5e-05,1e-05,0.0,0.0,0.035,0.019174,0.04778,2SEG,1,LIDAR,-0.00017400000000000054,0.15222000000000002,0.009157894736842134,0.7611000000000001,0.3851289473684211
M4063,5.5e-05,1e-05,0.0,0.0,0.04,0.019138,0.05171,2SEG,1,LIDAR,-0.00013799999999999923,0.14829,0.007263157894736802,0.7414499999999999,0.37435657894736835
M4064,5.5e-05,1e-05,0.0,0.0,0.05,0.019071,0.05899,2SEG,1,LIDAR,-7.100000000000162e-05,0.14101000000000002,0.003736842105263243,0.7050500000000001,0.35439342105263166
M4065,5.5e-05,1e-05,0.0,0.0,0.08,0.018897,0.07778,2SEG,1,LIDAR,0.00010299999999999893,0.12222000000000001,0.005421052631578891,0.6111,0.30826052631578943
M4066,5.5e-05,1e-05,0.0,0.25,0.03,0.019226,0.0408,2SEG,1,LIDAR,-0.0002260000000000005,0.1592,0.01189473684210529,0.796,0.40394736842105267
M4067,5.5e-05,1e-05,0.0,0.25,0.035,0.019189,0.04471,2SEG,1,LIDAR,-0.00018900000000000167,0.15529,0.00994736842105272,0.77645,0.39319868421052634
M4068,5.5e-05,1e-05,0.0,0.25,0.04,0.019154,0.04838,2SEG,1,LIDAR,-0.00015400000000000136,0.15162,0.008105263157894808,0.7581,0.3831026315789474
M4069,5.5e-05,1e-05,0.0,0.25,0.05,0.019089,0.0552,2SEG,1,LIDAR,-8.89999999999988e-05,0.1448,0.0046842105263157265,0.724,0.36434210526315786
M4070,5.5e-05,1e-05,0.0,0.25,0.08,0.01892,0.0728,2SEG,1,LIDAR,8.000000000000021e-05,0.1272,0.004210526315789485,0.636,0.3201052631578947
M4071,5.5e-05,1e-05,0.0,0.5,0.03,0.019236,0.03864,2SEG,1,LIDAR,-0.0002360000000000001,0.16136,0.012421052631578952,0.8068,0.4096105263157895
M4072,5.5e-05,1e-05,0.0,0.5,0.035,0.019199,0.04234,2SEG,1,LIDAR,-0.00019900000000000126,0.15766000000000002,0.010473684210526382,0.7883000000000001,0.39938684210526326
M4073,5.5e-05,1e-05,0.0,0.5,0.04,0.019165,0.04583,2SEG,1,LIDAR,-0.00016500000000000195,0.15417,0.008684210526315893,0.7708499999999999,0.3897671052631579
M4074,5.5e-05,1e-05,0.0,0.5,0.05,0.019102,0.05229,2SEG,1,LIDAR,-0.0001020000000000014,0.14771,0.0053684210526316525,0.73855,0.37195921052631586
M4075,5.5e-05,1e-05,0.0,0.5,0.08,0.018938,0.06896,2SEG,1,LIDAR,6.199999999999956e-05,0.13104000000000002,0.003263157894736819,0.6552,0.32923157894736843
M4076,5.5e-05,1e-05,0.25,-0.5,0.03,0.019179,0.05364,2SEG,1,LIDAR,-0.00017900000000000207,0.14636000000000002,0.009421052631579057,0.7318,0.37061052631578956
M4077,5.5e-05,1e-05,0.25,-0.5,0.035,0.019138,0.05876,2SEG,1,LIDAR,-0.00013799999999999923,0.14124,0.007263157894736802,0.7061999999999999,0.35673157894736834
M4078,5.5e-05,1e-05,0.25,-0.5,0.04,0.019099,0.06358,2SEG,1,LIDAR,-9.900000000000186e-05,0.13642,0.005210526315789572,0.6821,0.3436552631578948
M4079,5.5e-05,1e-05,0.25,-0.5,0.05,0.019026,0.07253,2SEG,1,LIDAR,-2.6000000000001716e-05,0.12747000000000003,0.0013684210526316693,0.6373500000000001,0.3193592105263159
M4080,5.5e-05,1e-05,0.25,-0.5,0.08,0.018837,0.09559,2SEG,1,LIDAR,0.00016299999999999995,0.10441000000000002,0.00857894736842105,0.52205,0.2653144736842105
M4081,5.5e-05,1e-05,0.25,-0.25,0.03,0.019208,0.04754,2SEG,1,LIDAR,-0.00020799999999999985,0.15246,0.010947368421052624,0.7623,0.3866236842105263
M4082,5.5e-05,1e-05,0.25,-0.25,0.035,0.019169,0.05208,2SEG,1,LIDAR,-0.000168999999999999,0.14792,0.00889473684210521,0.7395999999999999,0.37424736842105255
M4083,5.5e-05,1e-05,0.25,-0.25,0.04,0.019132,0.05636,2SEG,1,LIDAR,-0.00013200000000000017,0.14364000000000002,0.0069473684210526404,0.7182000000000001,0.3625736842105263
M4084,5.5e-05,1e-05,0.25,-0.25,0.05,0.019064,0.0643,2SEG,1,LIDAR,-6.400000000000156e-05,0.13570000000000002,0.003368421052631661,0.6785,0.34093421052631584
M4085,5.5e-05,1e-05,0.25,-0.25,0.08,0.018888,0.08477,2SEG,1,LIDAR,0.00011200000000000099,0.11523000000000001,0.005894736842105315,0.57615,0.29102236842105267
M4086,5.5e-05,1e-05,0.25,0.0,0.03,0.019226,0.04363,2SEG,1,LIDAR,-0.0002260000000000005,0.15637,0.01189473684210529,0.78185,0.39687236842105267
M4087,5.5e-05,1e-05,0.25,0.0,0.035,0.019188,0.0478,2SEG,1,LIDAR,-0.00018800000000000067,0.1522,0.009894736842105298,0.761,0.38544736842105265
M4088,5.5e-05,1e-05,0.25,0.0,0.04,0.019153,0.05173,2SEG,1,LIDAR,-0.00015300000000000036,0.14827,0.008052631578947388,0.7413500000000001,0.37470131578947374
M4089,5.5e-05,1e-05,0.25,0.0,0.05,0.019088,0.05902,2SEG,1,LIDAR,-8.800000000000127e-05,0.14098,0.004631578947368488,0.7049,0.35476578947368426
M4090,5.5e-05,1e-05,0.25,0.0,0.08,0.018919,0.07784,2SEG,1,LIDAR,8.100000000000121e-05,0.12216,0.004263157894736906,0.6108,0.30753157894736843
M4091,5.5e-05,1e-05,0.25,0.25,0.03,0.019238,0.04082,2SEG,1,LIDAR,-0.0002380000000000021,0.15918000000000002,0.012526315789473795,0.7959,0.40421315789473694
M4092,5.5e-05,1e-05,0.25,0.25,0.035,0.019203,0.04473,2SEG,1,LIDAR,-0.0002030000000000018,0.15527000000000002,0.010684210526315885,0.7763500000000001,0.393517105263158
M4093,5.5e-05,1e-05,0.25,0.25,0.04,0.019169,0.04841,2SEG,1,LIDAR,-0.000168999999999999,0.15159,0.00889473684210521,0.75795,0.3834223684210526
M4094,5.5e-05,1e-05,0.25,0.25,0.05,0.019106,0.05523,2SEG,1,LIDAR,-0.00010600000000000193,0.14477,0.005578947368421154,0.72385,0.36471447368421056
M4095,5.5e-05,1e-05,0.25,0.25,0.08,0.018943,0.07285,2SEG,1,LIDAR,5.6999999999998024e-05,0.12715,0.002999999999999896,0.63575,0.31937499999999996
M4096,5.5e-05,1e-05,0.25,0.5,0.03,0.019248,0.03866,2SEG,1,LIDAR,-0.0002480000000000017,0.16134,0.013052631578947458,0.8067,0.4098763157894737
M4097,5.5e-05,1e-05,0.25,0.5,0.035,0.019213,0.04236,2SEG,1,LIDAR,-0.00021300000000000138,0.15764,0.011210526315789547,0.7882,0.3997052631578948
M4098,5.5e-05,1e-05,0.25,0.5,0.04,0.01918,0.04585,2SEG,1,LIDAR,-0.0001799999999999996,0.15415,0.009473684210526296,0.77075,0.3901118421052632
M4099,5.5e-05,1e-05,0.25,0.5,0.05,0.019119,0.05231,2SEG,1,LIDAR,-0.00011900000000000105,0.14769000000000002,0.0062631578947368975,0.73845,0.37235657894736846
M4100,5.5e-05,1e-05,0.25,0.5,0.08,0.018961,0.06901,2SEG,1,LIDAR,3.900000000000084e-05,0.13099,0.0020526315789474127,0.6549499999999999,0.32850131578947367
M4101,5.5e-05,1e-05,0.5,-0.5,0.03,0.019189,0.05365,2SEG,1,LIDAR,-0.00018900000000000167,0.14635,0.00994736842105272,0.73175,0.37084868421052636
M4102,5.5e-05,1e-05,0.5,-0.5,0.035,0.019149,0.05878,2SEG,1,LIDAR,-0.00014899999999999983,0.14122,0.007842105263157886,0.7061000000000001,0.35697105263157897
M4103,5.5e-05,1e-05,0.5,-0.5,0.04,0.01911,0.06361,2SEG,1,LIDAR,-0.00010999999999999899,0.13639,0.005789473684210473,0.6819500000000001,0.34386973684210526
M4104,5.5e-05,1e-05,0.5,-0.5,0.05,0.019039,0.07256,2SEG,1,LIDAR,-3.900000000000084e-05,0.12744,0.0020526315789474127,0.6372,0.3196263157894737
M4105,5.5e-05,1e-05,0.5,-0.5,0.08,0.018855,0.09564,2SEG,1,LIDAR,0.0001449999999999993,0.10436000000000001,0.007631578947368384,0.5218,0.26471578947368424
M4106,5.5e-05,1e-05,0.5,-0.25,0.03,0.019217,0.04755,2SEG,1,LIDAR,-0.00021700000000000191,0.15245,0.011421052631579049,0.76225,0.3868355263157895
M4107,5.5e-05,1e-05,0.5,-0.25,0.035,0.019179,0.0521,2SEG,1,LIDAR,-0.00017900000000000207,0.1479,0.009421052631579057,0.7394999999999999,0.3744605263157895
M4108,5.5e-05,1e-05,0.5,-0.25,0.04,0.019144,0.05638,2SEG,1,LIDAR,-0.00014400000000000177,0.14362000000000003,0.007578947368421146,0.7181000000000001,0.3628394736842106
M4109,5.5e-05,1e-05,0.5,-0.25,0.05,0.019077,0.06432,2SEG,1,LIDAR,-7.700000000000068e-05,0.13568000000000002,0.004052631578947404,0.6784000000000001,0.34122631578947377
M4110,5.5e-05,1e-05,0.5,-0.25,0.08,0.018905,0.08482,2SEG,1,LIDAR,9.499999999999786e-05,0.11518,0.004999999999999887,0.5759,0.29044999999999993
M4111,5.5e-05,1e-05,0.5,0.0,0.03,0.019235,0.04364,2SEG,1,LIDAR,-0.0002349999999999991,0.15636,0.012368421052631532,0.7817999999999999,0.39708421052631576
M4112,5.5e-05,1e-05,0.5,0.0,0.035,0.019199,0.04782,2SEG,1,LIDAR,-0.00019900000000000126,0.15218,0.010473684210526382,0.7609,0.3856868421052632
M4113,5.5e-05,1e-05,0.5,0.0,0.04,0.019165,0.05175,2SEG,1,LIDAR,-0.00016500000000000195,0.14825000000000002,0.008684210526315893,0.7412500000000001,0.37496710526315796
M4114,5.5e-05,1e-05,0.5,0.0,0.05,0.019101,0.05905,2SEG,1,LIDAR,-0.0001010000000000004,0.14095000000000002,0.005315789473684231,0.7047500000000001,0.3550328947368422
M4115,5.5e-05,1e-05,0.5,0.0,0.08,0.018937,0.07788,2SEG,1,LIDAR,6.300000000000056e-05,0.12212,0.00331578947368424,0.6106,0.30695789473684215
M4116,5.5e-05,1e-05,0.5,0.25,0.03,0.019248,0.04083,2SEG,1,LIDAR,-0.0002480000000000017,0.15917,0.013052631578947458,0.79585,0.4044513157894737
M4117,5.5e-05,1e-05,0.5,0.25,0.035,0.019213,0.04474,2SEG,1,LIDAR,-0.00021300000000000138,0.15526,0.011210526315789547,0.7763,0.3937552631578948
M4118,5.5e-05,1e-05,0.5,0.25,0.04,0.01918,0.04842,2SEG,1,LIDAR,-0.0001799999999999996,0.15158000000000002,0.009473684210526296,0.7579,0.38368684210526316
M4119,5.5e-05,1e-05,0.5,0.25,0.05,0.019119,0.05526,2SEG,1,LIDAR,-0.00011900000000000105,0.14474,0.0062631578947368975,0.7237,0.36498157894736843
M4120,5.5e-05,1e-05,0.5,0.25,0.08,0.01896,0.07289,2SEG,1,LIDAR,3.999999999999837e-05,0.12711,0.002105263157894651,0.63555,0.3188276315789473
M4121,5.5e-05,1e-05,0.5,0.5,0.03,0.019258,0.03867,2SEG,1,LIDAR,-0.0002580000000000013,0.16133,0.013578947368421121,0.80665,0.41011447368421056
M4122,5.5e-05,1e-05,0.5,0.5,0.035,0.019224,0.04237,2SEG,1,LIDAR,-0.00022400000000000198,0.15763000000000002,0.01178947368421063,0.78815,0.39996973684210535
M4123,5.5e-05,1e-05,0.5,0.5,0.04,0.019192,0.04586,2SEG,1,LIDAR,-0.0001920000000000012,0.15414,0.0101052631578948,0.7706999999999999,0.3904026315789474
M4124,5.5e-05,1e-05,0.5,0.5,0.05,0.019132,0.05234,2SEG,1,LIDAR,-0.00013200000000000017,0.14766,0.0069473684210526404,0.7383000000000001,0.37262368421052633
M4125,5.5e-05,1e-05,0.5,0.5,0.08,0.018978,0.06905,2SEG,1,LIDAR,2.2000000000001185e-05,0.13095,0.0011578947368421676,0.65475,0.3279539473684211
M4126,5.5e-05,5.5e-05,-0.5,-0.5,0.03,0.033385,0.07467,2SEG,1,LIDAR,-0.014384999999999998,0.12533,0.7571052631578947,0.6266499999999999,0.6918776315789473
M4127,5.5e-05,5.5e-05,-0.5,-0.5,0.035,0.033252,0.08171,2SEG,1,LIDAR,-0.014251999999999997,0.11829,0.7501052631578946,0.59145,0.6707776315789473
M4128,5.5e-05,5.5e-05,-0.5,-0.5,0.04,0.033127,0.08833,2SEG,1,LIDAR,-0.014126999999999997,0.11167,0.7435263157894736,0.55835,0.6509381578947369
M4129,5.5e-05,5.5e-05,-0.5,-0.5,0.05,0.032892,0.1006,2SEG,1,LIDAR,-0.013891999999999998,0.09940000000000002,0.731157894736842,0.49700000000000005,0.6140789473684211
M4130,5.5e-05,5.5e-05,-0.5,-0.5,0.08,0.03228,0.1318,2SEG,1,LIDAR,-0.013280000000000004,0.06820000000000001,0.6989473684210529,0.341,0.5199736842105265
M4131,5.5e-05,5.5e-05,-0.5,-0.25,0.03,0.033517,0.06627,2SEG,1,LIDAR,-0.014516999999999999,0.13373000000000002,0.7640526315789473,0.6686500000000001,0.7163513157894736
M4132,5.5e-05,5.5e-05,-0.5,-0.25,0.035,0.033398,0.07254,2SEG,1,LIDAR,-0.014397999999999998,0.12746000000000002,0.7577894736842105,0.6373000000000001,0.6975447368421053
M4133,5.5e-05,5.5e-05,-0.5,-0.25,0.04,0.033285,0.07843,2SEG,1,LIDAR,-0.014285000000000003,0.12157000000000001,0.7518421052631581,0.60785,0.679846052631579
M4134,5.5e-05,5.5e-05,-0.5,-0.25,0.05,0.033074,0.08933,2SEG,1,LIDAR,-0.014074,0.11067,0.7407368421052631,0.55335,0.6470434210526316
M4135,5.5e-05,5.5e-05,-0.5,-0.25,0.08,0.032524,0.1173,2SEG,1,LIDAR,-0.013523999999999998,0.08270000000000001,0.7117894736842104,0.41350000000000003,0.5626447368421053
M4136,5.5e-05,5.5e-05,-0.5,0.0,0.03,0.033601,0.06088,2SEG,1,LIDAR,-0.014601,0.13912000000000002,0.7684736842105263,0.6956000000000001,0.7320368421052632
M4137,5.5e-05,5.5e-05,-0.5,0.0,0.035,0.03349,0.06665,2SEG,1,LIDAR,-0.01449,0.13335000000000002,0.7626315789473684,0.6667500000000001,0.7146907894736843
M4138,5.5e-05,5.5e-05,-0.5,0.0,0.04,0.033385,0.07207,2SEG,1,LIDAR,-0.014384999999999998,0.12793000000000002,0.7571052631578947,0.63965,0.6983776315789474
M4139,5.5e-05,5.5e-05,-0.5,0.0,0.05,0.03319,0.08211,2SEG,1,LIDAR,-0.014189999999999998,0.11789000000000001,0.7468421052631578,0.58945,0.6681460526315789
M4140,5.5e-05,5.5e-05,-0.5,0.0,0.08,0.032679,0.1079,2SEG,1,LIDAR,-0.013679,0.09210000000000002,0.7199473684210527,0.4605000000000001,0.5902236842105264
M4141,5.5e-05,5.5e-05,-0.5,0.25,0.03,0.033661,0.057,2SEG,1,LIDAR,-0.014661000000000004,0.14300000000000002,0.7716315789473687,0.7150000000000001,0.7433157894736844
M4142,5.5e-05,5.5e-05,-0.5,0.25,0.035,0.033556,0.06241,2SEG,1,LIDAR,-0.014556000000000003,0.13759000000000002,0.766105263157895,0.6879500000000001,0.7270276315789475
M4143,5.5e-05,5.5e-05,-0.5,0.25,0.04,0.033457,0.06749,2SEG,1,LIDAR,-0.014457000000000001,0.13251000000000002,0.7608947368421053,0.6625500000000001,0.7117223684210527
M4144,5.5e-05,5.5e-05,-0.5,0.25,0.05,0.033273,0.07691,2SEG,1,LIDAR,-0.014272999999999997,0.12309,0.7512105263157893,0.6154499999999999,0.6833302631578946
M4145,5.5e-05,5.5e-05,-0.5,0.25,0.08,0.03279,0.1011,2SEG,1,LIDAR,-0.01379,0.09890000000000002,0.7257894736842105,0.49450000000000005,0.6101447368421054
M4146,5.5e-05,5.5e-05,-0.5,0.5,0.03,0.033707,0.05401,2SEG,1,LIDAR,-0.014707000000000001,0.14599,0.7740526315789474,0.72995,0.7520013157894737
M4147,5.5e-05,5.5e-05,-0.5,0.5,0.035,0.033607,0.05914,2SEG,1,LIDAR,-0.014606999999999998,0.14086,0.7687894736842105,0.7043,0.7365447368421052
M4148,5.5e-05,5.5e-05,-0.5,0.5,0.04,0.033513,0.06396,2SEG,1,LIDAR,-0.014513000000000002,0.13604,0.763842105263158,0.6801999999999999,0.7220210526315789
M4149,5.5e-05,5.5e-05,-0.5,0.5,0.05,0.033336,0.0729,2SEG,1,LIDAR,-0.014335999999999998,0.1271,0.7545263157894736,0.6355,0.6950131578947367
M4150,5.5e-05,5.5e-05,-0.5,0.5,0.08,0.032875,0.09585,2SEG,1,LIDAR,-0.013875000000000002,0.10415,0.730263157894737,0.52075,0.6255065789473685
M4151,5.5e-05,5.5e-05,-0.25,-0.5,0.03,0.033409,0.0747,2SEG,1,LIDAR,-0.014409000000000002,0.12530000000000002,0.7583684210526317,0.6265000000000001,0.6924342105263159
M4152,5.5e-05,5.5e-05,-0.25,-0.5,0.035,0.033278,0.08175,2SEG,1,LIDAR,-0.014278000000000002,0.11825000000000001,0.7514736842105265,0.59125,0.6713618421052633
M4153,5.5e-05,5.5e-05,-0.25,-0.5,0.04,0.033155,0.08837,2SEG,1,LIDAR,-0.014154999999999997,0.11163000000000001,0.7449999999999999,0.55815,0.651575
M4154,5.5e-05,5.5e-05,-0.25,-0.5,0.05,0.032925,0.1006,2SEG,1,LIDAR,-0.013925000000000003,0.09940000000000002,0.7328947368421055,0.49700000000000005,0.6149473684210528
M4155,5.5e-05,5.5e-05,-0.25,-0.5,0.08,0.032322,0.1319,2SEG,1,LIDAR,-0.013321999999999997,0.06810000000000002,0.701157894736842,0.3405000000000001,0.520828947368421
M4156,5.5e-05,5.5e-05,-0.25,-0.25,0.03,0.033541,0.0663,2SEG,1,LIDAR,-0.014541000000000002,0.1337,0.7653157894736843,0.6685,0.7169078947368421
M4157,5.5e-05,5.5e-05,-0.25,-0.25,0.035,0.033424,0.07257,2SEG,1,LIDAR,-0.014424000000000003,0.12743000000000002,0.7591578947368423,0.63715,0.6981539473684211
M4158,5.5e-05,5.5e-05,-0.25,-0.25,0.04,0.033313,0.07847,2SEG,1,LIDAR,-0.014313000000000003,0.12153000000000001,0.7533157894736844,0.60765,0.6804828947368422
M4159,5.5e-05,5.5e-05,-0.25,-0.25,0.05,0.033107,0.08938,2SEG,1,LIDAR,-0.014106999999999998,0.11062000000000001,0.7424736842105262,0.5531,0.647786842105263
M4160,5.5e-05,5.5e-05,-0.25,-0.25,0.08,0.032566,0.1173,2SEG,1,LIDAR,-0.013565999999999998,0.08270000000000001,0.714,0.41350000000000003,0.56375
M4161,5.5e-05,5.5e-05,-0.25,0.0,0.03,0.033625,0.06091,2SEG,1,LIDAR,-0.014625000000000003,0.13909000000000002,0.7697368421052633,0.69545,0.7325934210526317
M4162,5.5e-05,5.5e-05,-0.25,0.0,0.035,0.033516,0.06668,2SEG,1,LIDAR,-0.014515999999999998,0.13332,0.7639999999999999,0.6666,0.7152999999999999
M4163,5.5e-05,5.5e-05,-0.25,0.0,0.04,0.033414,0.07211,2SEG,1,LIDAR,-0.014414,0.12789,0.7586315789473684,0.63945,0.6990407894736842
M4164,5.5e-05,5.5e-05,-0.25,0.0,0.05,0.033222,0.08216,2SEG,1,LIDAR,-0.014222000000000002,0.11784000000000001,0.7485263157894738,0.5892000000000001,0.6688631578947369
M4165,5.5e-05,5.5e-05,-0.25,0.0,0.08,0.032721,0.1079,2SEG,1,LIDAR,-0.013721,0.09210000000000002,0.7221578947368421,0.4605000000000001,0.5913289473684211
M4166,5.5e-05,5.5e-05,-0.25,0.25,0.03,0.033685,0.05702,2SEG,1,LIDAR,-0.014685,0.14298,0.7728947368421053,0.7149,0.7438973684210526
M4167,5.5e-05,5.5e-05,-0.25,0.25,0.035,0.033583,0.06244,2SEG,1,LIDAR,-0.014583000000000002,0.13756000000000002,0.7675263157894738,0.6878000000000001,0.727663157894737
M4168,5.5e-05,5.5e-05,-0.25,0.25,0.04,0.033486,0.06753,2SEG,1,LIDAR,-0.014486000000000002,0.13247,0.7624210526315791,0.66235,0.7123855263157896
M4169,5.5e-05,5.5e-05,-0.25,0.25,0.05,0.033305,0.07695,2SEG,1,LIDAR,-0.014305000000000002,0.12305,0.7528947368421054,0.61525,0.6840723684210527
M4170,5.5e-05,5.5e-05,-0.25,0.25,0.08,0.032832,0.1012,2SEG,1,LIDAR,-0.013832,0.09880000000000001,0.7280000000000001,0.49400000000000005,0.6110000000000001
M4171,5.5e-05,5.5e-05,-0.25,0.5,0.03,0.033732,0.05403,2SEG,1,LIDAR,-0.014731999999999999,0.14597000000000002,0.7753684210526315,0.72985,0.7526092105263158
M4172,5.5e-05,5.5e-05,-0.25,0.5,0.035,0.033634,0.05917,2SEG,1,LIDAR,-0.014633999999999998,0.14083,0.7702105263157893,0.70415,0.7371802631578948
M4173,5.5e-05,5.5e-05,-0.25,0.5,0.04,0.033541,0.064,2SEG,1,LIDAR,-0.014541000000000002,0.136,0.7653157894736843,0.68,0.7226578947368422
M4174,5.5e-05,5.5e-05,-0.25,0.5,0.05,0.033369,0.07294,2SEG,1,LIDAR,-0.014369000000000003,0.12706,0.7562631578947371,0.6353,0.6957815789473685
M4175,5.5e-05,5.5e-05,-0.25,0.5,0.08,0.032918,0.09592,2SEG,1,LIDAR,-0.013918000000000003,0.10408,0.7325263157894739,0.5204,0.6264631578947369
M4176,5.5e-05,5.5e-05,0.0,-0.5,0.03,0.033424,0.07472,2SEG,1,LIDAR,-0.014424000000000003,0.12528,0.7591578947368423,0.6264,0.6927789473684212
M4177,5.5e-05,5.5e-05,0.0,-0.5,0.035,0.033295,0.08177,2SEG,1,LIDAR,-0.014294999999999999,0.11823000000000002,0.7523684210526316,0.5911500000000001,0.6717592105263158
M4178,5.5e-05,5.5e-05,0.0,-0.5,0.04,0.033173,0.0884,2SEG,1,LIDAR,-0.014173000000000002,0.1116,0.7459473684210527,0.5579999999999999,0.6519736842105264
M4179,5.5e-05,5.5e-05,0.0,-0.5,0.05,0.032945,0.1007,2SEG,1,LIDAR,-0.013945000000000003,0.09930000000000001,0.7339473684210528,0.49650000000000005,0.6152236842105264
M4180,5.5e-05,5.5e-05,0.0,-0.5,0.08,0.032349,0.132,2SEG,1,LIDAR,-0.013349000000000003,0.068,0.7025789473684212,0.34,0.5212894736842106
M4181,5.5e-05,5.5e-05,0.0,-0.25,0.03,0.033556,0.06632,2SEG,1,LIDAR,-0.014556000000000003,0.13368000000000002,0.766105263157895,0.6684000000000001,0.7172526315789476
M4182,5.5e-05,5.5e-05,0.0,-0.25,0.035,0.033441,0.07259,2SEG,1,LIDAR,-0.014440999999999999,0.12741000000000002,0.7600526315789473,0.6370500000000001,0.6985513157894737
M4183,5.5e-05,5.5e-05,0.0,-0.25,0.04,0.033331,0.0785,2SEG,1,LIDAR,-0.014331,0.12150000000000001,0.7542631578947369,0.6075,0.6808815789473684
M4184,5.5e-05,5.5e-05,0.0,-0.25,0.05,0.033127,0.08941,2SEG,1,LIDAR,-0.014126999999999997,0.11059000000000001,0.7435263157894736,0.55295,0.6482381578947368
M4185,5.5e-05,5.5e-05,0.0,-0.25,0.08,0.032593,0.1174,2SEG,1,LIDAR,-0.013592999999999997,0.0826,0.7154210526315788,0.41300000000000003,0.5642105263157895
M4186,5.5e-05,5.5e-05,0.0,0.0,0.03,0.03364,0.06092,2SEG,1,LIDAR,-0.014640000000000004,0.13908,0.770526315789474,0.6954,0.732963157894737
M4187,5.5e-05,5.5e-05,0.0,0.0,0.035,0.033533,0.0667,2SEG,1,LIDAR,-0.014533,0.13330000000000003,0.7648947368421053,0.6665000000000001,0.7156973684210527
M4188,5.5e-05,5.5e-05,0.0,0.0,0.04,0.033432,0.07213,2SEG,1,LIDAR,-0.014432000000000004,0.12787,0.7595789473684212,0.63935,0.6994644736842106
M4189,5.5e-05,5.5e-05,0.0,0.0,0.05,0.033243,0.08219,2SEG,1,LIDAR,-0.014243000000000002,0.11781000000000001,0.7496315789473685,0.5890500000000001,0.6693407894736843
M4190,5.5e-05,5.5e-05,0.0,0.0,0.08,0.032748,0.108,2SEG,1,LIDAR,-0.013748,0.09200000000000001,0.7235789473684211,0.46,0.5917894736842105
M4191,5.5e-05,5.5e-05,0.0,0.25,0.03,0.033701,0.05704,2SEG,1,LIDAR,-0.014701000000000002,0.14296,0.7737368421052633,0.7148,0.7442684210526316
M4192,5.5e-05,5.5e-05,0.0,0.25,0.035,0.0336,0.06246,2SEG,1,LIDAR,-0.014599999999999998,0.13754,0.7684210526315789,0.6877,0.7280605263157894
M4193,5.5e-05,5.5e-05,0.0,0.25,0.04,0.033504,0.06755,2SEG,1,LIDAR,-0.014504,0.13245,0.7633684210526316,0.66225,0.7128092105263157
M4194,5.5e-05,5.5e-05,0.0,0.25,0.05,0.033326,0.07698,2SEG,1,LIDAR,-0.014326000000000002,0.12302,0.7540000000000001,0.6151,0.68455
M4195,5.5e-05,5.5e-05,0.0,0.25,0.08,0.03286,0.1012,2SEG,1,LIDAR,-0.01386,0.09880000000000001,0.7294736842105264,0.49400000000000005,0.6117368421052632
M4196,5.5e-05,5.5e-05,0.0,0.5,0.03,0.033747,0.05405,2SEG,1,LIDAR,-0.014747,0.14595000000000002,0.7761578947368422,0.7297500000000001,0.7529539473684211
M4197,5.5e-05,5.5e-05,0.0,0.5,0.035,0.033651,0.05918,2SEG,1,LIDAR,-0.014651,0.14082,0.7711052631578948,0.7041,0.7376026315789475
M4198,5.5e-05,5.5e-05,0.0,0.5,0.04,0.033559,0.06402,2SEG,1,LIDAR,-0.014558999999999999,0.13598000000000002,0.7662631578947368,0.6799000000000001,0.7230815789473684
M4199,5.5e-05,5.5e-05,0.0,0.5,0.05,0.033389,0.07297,2SEG,1,LIDAR,-0.014389000000000002,0.12703000000000003,0.7573157894736844,0.6351500000000001,0.6962328947368422
M4200,5.5e-05,5.5e-05,0.0,0.5,0.08,0.032945,0.09597,2SEG,1,LIDAR,-0.013945000000000003,0.10403000000000001,0.7339473684210528,0.52015,0.6270486842105264
M4201,5.5e-05,5.5e-05,0.25,-0.5,0.03,0.033435,0.07473,2SEG,1,LIDAR,-0.014435,0.12527,0.7597368421052632,0.62635,0.6930434210526315
M4202,5.5e-05,5.5e-05,0.25,-0.5,0.035,0.033307,0.08179,2SEG,1,LIDAR,-0.014307000000000004,0.11821000000000001,0.7530000000000002,0.59105,0.6720250000000001
M4203,5.5e-05,5.5e-05,0.25,-0.5,0.04,0.033186,0.08842,2SEG,1,LIDAR,-0.014186,0.11158000000000001,0.7466315789473684,0.5579000000000001,0.6522657894736843
M4204,5.5e-05,5.5e-05,0.25,-0.5,0.05,0.03296,0.1007,2SEG,1,LIDAR,-0.013960000000000004,0.09930000000000001,0.7347368421052634,0.49650000000000005,0.6156184210526316
M4205,5.5e-05,5.5e-05,0.25,-0.5,0.08,0.032368,0.132,2SEG,1,LIDAR,-0.013368000000000001,0.068,0.7035789473684212,0.34,0.5217894736842106
M4206,5.5e-05,5.5e-05,0.25,-0.25,0.03,0.033567,0.06633,2SEG,1,LIDAR,-0.014567,0.13367,0.7666842105263159,0.66835,0.7175171052631579
M4207,5.5e-05,5.5e-05,0.25,-0.25,0.035,0.033453,0.07261,2SEG,1,LIDAR,-0.014452999999999997,0.12739,0.7606842105263156,0.63695,0.6988171052631578
M4208,5.5e-05,5.5e-05,0.25,-0.25,0.04,0.033344,0.07852,2SEG,1,LIDAR,-0.014343999999999999,0.12148,0.7549473684210526,0.6073999999999999,0.6811736842105263
M4209,5.5e-05,5.5e-05,0.25,-0.25,0.05,0.033142,0.08944,2SEG,1,LIDAR,-0.014141999999999998,0.11056,0.7443157894736842,0.5528,0.648557894736842
M4210,5.5e-05,5.5e-05,0.25,-0.25,0.08,0.032613,0.1174,2SEG,1,LIDAR,-0.013613000000000004,0.0826,0.7164736842105265,0.41300000000000003,0.5647368421052632
M4211,5.5e-05,5.5e-05,0.25,0.0,0.03,0.033652,0.06094,2SEG,1,LIDAR,-0.014652000000000002,0.13906000000000002,0.7711578947368423,0.6953,0.7332289473684211
M4212,5.5e-05,5.5e-05,0.25,0.0,0.035,0.033546,0.06672,2SEG,1,LIDAR,-0.014546,0.13328,0.765578947368421,0.6664,0.7159894736842105
M4213,5.5e-05,5.5e-05,0.25,0.0,0.04,0.033445,0.07215,2SEG,1,LIDAR,-0.014445000000000003,0.12785000000000002,0.760263157894737,0.6392500000000001,0.6997565789473685
M4214,5.5e-05,5.5e-05,0.25,0.0,0.05,0.033258,0.08221,2SEG,1,LIDAR,-0.014258000000000003,0.11779,0.7504210526315791,0.58895,0.6696855263157895
M4215,5.5e-05,5.5e-05,0.25,0.0,0.08,0.032768,0.108,2SEG,1,LIDAR,-0.013767999999999999,0.09200000000000001,0.7246315789473684,0.46,0.5923157894736842
M4216,5.5e-05,5.5e-05,0.25,0.25,0.03,0.033712,0.05705,2SEG,1,LIDAR,-0.014712,0.14295000000000002,0.7743157894736842,0.7147500000000001,0.7445328947368421
M4217,5.5e-05,5.5e-05,0.25,0.25,0.035,0.033612,0.06247,2SEG,1,LIDAR,-0.014612000000000003,0.13753,0.7690526315789475,0.68765,0.7283513157894738
M4218,5.5e-05,5.5e-05,0.25,0.25,0.04,0.033517,0.06757,2SEG,1,LIDAR,-0.014516999999999999,0.13243,0.7640526315789473,0.6621499999999999,0.7131013157894737
M4219,5.5e-05,5.5e-05,0.25,0.25,0.05,0.033341,0.077,2SEG,1,LIDAR,-0.014341000000000003,0.12300000000000001,0.7547894736842107,0.615,0.6848947368421053
M4220,5.5e-05,5.5e-05,0.25,0.25,0.08,0.032879,0.1012,2SEG,1,LIDAR,-0.013878999999999999,0.09880000000000001,0.7304736842105263,0.49400000000000005,0.6122368421052632
M4221,5.5e-05,5.5e-05,0.25,0.5,0.03,0.033758,0.05406,2SEG,1,LIDAR,-0.014758000000000004,0.14594000000000001,0.7767368421052634,0.7297,0.7532184210526317
M4222,5.5e-05,5.5e-05,0.25,0.5,0.035,0.033663,0.0592,2SEG,1,LIDAR,-0.014662999999999999,0.1408,0.7717368421052632,0.704,0.7378684210526316
M4223,5.5e-05,5.5e-05,0.25,0.5,0.04,0.033573,0.06403,2SEG,1,LIDAR,-0.014573,0.13597,0.767,0.67985,0.723425
M4224,5.5e-05,5.5e-05,0.25,0.5,0.05,0.033404,0.07299,2SEG,1,LIDAR,-0.014404000000000004,0.12701,0.758105263157895,0.63505,0.6965776315789475
M4225,5.5e-05,5.5e-05,0.25,0.5,0.08,0.032964,0.09601,2SEG,1,LIDAR,-0.013964,0.10399000000000001,0.7349473684210527,0.51995,0.6274486842105264
M4226,5.5e-05,5.5e-05,0.5,-0.5,0.03,0.033444,0.07475,2SEG,1,LIDAR,-0.014444000000000002,0.12525000000000003,0.7602105263157896,0.6262500000000001,0.6932302631578948
M4227,5.5e-05,5.5e-05,0.5,-0.5,0.035,0.033316,0.0818,2SEG,1,LIDAR,-0.014315999999999999,0.11820000000000001,0.7534736842105263,0.5910000000000001,0.6722368421052631
M4228,5.5e-05,5.5e-05,0.5,-0.5,0.04,0.033196,0.08844,2SEG,1,LIDAR,-0.014196000000000004,0.11156,0.7471578947368424,0.5578,0.6524789473684212
M4229,5.5e-05,5.5e-05,0.5,-0.5,0.05,0.032971,0.1007,2SEG,1,LIDAR,-0.013971,0.09930000000000001,0.7353157894736843,0.49650000000000005,0.6159078947368422
M4230,5.5e-05,5.5e-05,0.5,-0.5,0.08,0.032383,0.1321,2SEG,1,LIDAR,-0.013383000000000003,0.06790000000000002,0.7043684210526318,0.3395000000000001,0.521934210526316
M4231,5.5e-05,5.5e-05,0.5,-0.25,0.03,0.033576,0.06634,2SEG,1,LIDAR,-0.014576000000000002,0.13366,0.7671578947368423,0.6683,0.7177289473684212
M4232,5.5e-05,5.5e-05,0.5,-0.25,0.035,0.033462,0.07262,2SEG,1,LIDAR,-0.014462,0.12738,0.761157894736842,0.6368999999999999,0.699028947368421
M4233,5.5e-05,5.5e-05,0.5,-0.25,0.04,0.033354,0.07853,2SEG,1,LIDAR,-0.014354000000000002,0.12147000000000001,0.7554736842105264,0.6073500000000001,0.6814118421052633
M4234,5.5e-05,5.5e-05,0.5,-0.25,0.05,0.033153,0.08946,2SEG,1,LIDAR,-0.014153000000000002,0.11054000000000001,0.7448947368421054,0.5527000000000001,0.6487973684210527
M4235,5.5e-05,5.5e-05,0.5,-0.25,0.08,0.032628,0.1175,2SEG,1,LIDAR,-0.013627999999999998,0.08250000000000002,0.7172631578947367,0.4125000000000001,0.5648815789473685
M4236,5.5e-05,5.5e-05,0.5,0.0,0.03,0.03366,0.06095,2SEG,1,LIDAR,-0.014660000000000003,0.13905,0.7715789473684213,0.69525,0.7334144736842106
M4237,5.5e-05,5.5e-05,0.5,0.0,0.035,0.033555,0.06673,2SEG,1,LIDAR,-0.014555000000000002,0.13327,0.7660526315789475,0.66635,0.7162013157894738
M4238,5.5e-05,5.5e-05,0.5,0.0,0.04,0.033455,0.07217,2SEG,1,LIDAR,-0.014454999999999999,0.12783,0.7607894736842105,0.63915,0.6999697368421052
M4239,5.5e-05,5.5e-05,0.5,0.0,0.05,0.033269,0.08223,2SEG,1,LIDAR,-0.014269,0.11777000000000001,0.751,0.58885,0.669925
M4240,5.5e-05,5.5e-05,0.5,0.0,0.08,0.032783,0.1081,2SEG,1,LIDAR,-0.013783,0.09190000000000001,0.725421052631579,0.4595,0.5924605263157895
M4241,5.5e-05,5.5e-05,0.5,0.25,0.03,0.03372,0.05706,2SEG,1,LIDAR,-0.01472,0.14294,0.7747368421052632,0.7147,0.7447184210526316
M4242,5.5e-05,5.5e-05,0.5,0.25,0.035,0.033621,0.06248,2SEG,1,LIDAR,-0.014620999999999999,0.13752,0.7695263157894736,0.6876,0.7285631578947368
M4243,5.5e-05,5.5e-05,0.5,0.25,0.04,0.033527,0.06758,2SEG,1,LIDAR,-0.014527000000000002,0.13242,0.7645789473684211,0.6621,0.7133394736842106
M4244,5.5e-05,5.5e-05,0.5,0.25,0.05,0.033352,0.07702,2SEG,1,LIDAR,-0.014352,0.12298,0.7553684210526316,0.6149,0.6851342105263158
M4245,5.5e-05,5.5e-05,0.5,0.25,0.08,0.032894,0.1013,2SEG,1,LIDAR,-0.013894,0.09870000000000001,0.7312631578947368,0.49350000000000005,0.6123815789473684
M4246,5.5e-05,5.5e-05,0.5,0.5,0.03,0.033767,0.05407,2SEG,1,LIDAR,-0.014766999999999999,0.14593,0.7772105263157895,0.72965,0.7534302631578947
M4247,5.5e-05,5.5e-05,0.5,0.5,0.035,0.033672,0.05921,2SEG,1,LIDAR,-0.014672000000000001,0.14079000000000003,0.7722105263157896,0.7039500000000001,0.7380802631578949
M4248,5.5e-05,5.5e-05,0.5,0.5,0.04,0.033583,0.06404,2SEG,1,LIDAR,-0.014583000000000002,0.13596000000000003,0.7675263157894738,0.6798000000000001,0.723663157894737
M4249,5.5e-05,5.5e-05,0.5,0.5,0.05,0.033416,0.073,2SEG,1,LIDAR,-0.014416000000000002,0.127,0.7587368421052633,0.635,0.6968684210526317
M4250,5.5e-05,5.5e-05,0.5,0.5,0.08,0.032979,0.09603,2SEG,1,LIDAR,-0.013979000000000002,0.10397,0.7357368421052632,0.51985,0.6277934210526317
M4251,5.5e-05,0.0001,-0.5,-0.5,0.03,0.044997,0.08927,2SEG,1,LIDAR,-0.025997000000000003,0.11073000000000001,1.368263157894737,0.55365,0.9609565789473685
M4252,5.5e-05,0.0001,-0.5,-0.5,0.035,0.044806,0.09767,2SEG,1,LIDAR,-0.025806,0.10233,1.3582105263157895,0.5116499999999999,0.9349302631578947
M4253,5.5e-05,0.0001,-0.5,-0.5,0.04,0.044626,0.1056,2SEG,1,LIDAR,-0.025626,0.09440000000000001,1.3487368421052632,0.47200000000000003,0.9103684210526316
M4254,5.5e-05,0.0001,-0.5,-0.5,0.05,0.044288,0.1201,2SEG,1,LIDAR,-0.025288,0.07990000000000001,1.3309473684210527,0.3995,0.8652236842105263
M4255,5.5e-05,0.0001,-0.5,-0.5,0.08,0.043326,0.1572,2SEG,1,LIDAR,-0.024326000000000004,0.042800000000000005,1.2803157894736845,0.21400000000000002,0.7471578947368422
M4256,5.5e-05,0.0001,-0.5,-0.25,0.03,0.045199,0.07925,2SEG,1,LIDAR,-0.026199000000000004,0.12075000000000001,1.3788947368421054,0.60375,0.9913223684210527
M4257,5.5e-05,0.0001,-0.5,-0.25,0.035,0.045029,0.08674,2SEG,1,LIDAR,-0.026029,0.11326000000000001,1.3699473684210526,0.5663,0.9681236842105263
M4258,5.5e-05,0.0001,-0.5,-0.25,0.04,0.044868,0.09378,2SEG,1,LIDAR,-0.025868,0.10622000000000001,1.3614736842105262,0.5311,0.946286842105263
M4259,5.5e-05,0.0001,-0.5,-0.25,0.05,0.044568,0.1068,2SEG,1,LIDAR,-0.025568000000000004,0.0932,1.345684210526316,0.466,0.905842105263158
M4260,5.5e-05,0.0001,-0.5,-0.25,0.08,0.043732,0.14,2SEG,1,LIDAR,-0.024732,0.06,1.3016842105263158,0.3,0.8008421052631579
M4261,5.5e-05,0.0001,-0.5,0.0,0.03,0.045327,0.07282,2SEG,1,LIDAR,-0.026327,0.12718000000000002,1.3856315789473685,0.6359,1.0107657894736843
M4262,5.5e-05,0.0001,-0.5,0.0,0.035,0.045171,0.07972,2SEG,1,LIDAR,-0.026171000000000003,0.12028000000000001,1.377421052631579,0.6014,0.9894105263157895
M4263,5.5e-05,0.0001,-0.5,0.0,0.04,0.045023,0.0862,2SEG,1,LIDAR,-0.026023,0.11380000000000001,1.3696315789473685,0.5690000000000001,0.9693157894736844
M4264,5.5e-05,0.0001,-0.5,0.0,0.05,0.044745,0.09819,2SEG,1,LIDAR,-0.025745,0.10181000000000001,1.355,0.50905,0.932025
M4265,5.5e-05,0.0001,-0.5,0.0,0.08,0.043984,0.1289,2SEG,1,LIDAR,-0.024984000000000003,0.07110000000000002,1.3149473684210529,0.3555000000000001,0.8352236842105265
M4266,5.5e-05,0.0001,-0.5,0.25,0.03,0.045418,0.06819,2SEG,1,LIDAR,-0.026418,0.13181,1.390421052631579,0.65905,1.0247355263157896
M4267,5.5e-05,0.0001,-0.5,0.25,0.035,0.045272,0.07465,2SEG,1,LIDAR,-0.026272,0.12535000000000002,1.3827368421052633,0.62675,1.0047434210526316
M4268,5.5e-05,0.0001,-0.5,0.25,0.04,0.045133,0.08073,2SEG,1,LIDAR,-0.026133,0.11927000000000001,1.3754210526315789,0.59635,0.9858855263157895
M4269,5.5e-05,0.0001,-0.5,0.25,0.05,0.044873,0.09198,2SEG,1,LIDAR,-0.025873000000000004,0.10802,1.3617368421052634,0.5401,0.9509184210526317
M4270,5.5e-05,0.0001,-0.5,0.25,0.08,0.044163,0.1208,2SEG,1,LIDAR,-0.025163,0.0792,1.3243684210526316,0.396,0.8601842105263158
M4271,5.5e-05,0.0001,-0.5,0.5,0.03,0.045489,0.06462,2SEG,1,LIDAR,-0.026489000000000002,0.13538,1.3941578947368423,0.6769,1.035528947368421
M4272,5.5e-05,0.0001,-0.5,0.5,0.035,0.045349,0.07075,2SEG,1,LIDAR,-0.026349,0.12925000000000003,1.3867894736842106,0.6462500000000001,1.0165197368421053
M4273,5.5e-05,0.0001,-0.5,0.5,0.04,0.045217,0.07652,2SEG,1,LIDAR,-0.026217,0.12348,1.379842105263158,0.6174,0.998621052631579
M4274,5.5e-05,0.0001,-0.5,0.5,0.05,0.04497,0.0872,2SEG,1,LIDAR,-0.025970000000000003,0.11280000000000001,1.366842105263158,0.5640000000000001,0.9654210526315791
M4275,5.5e-05,0.0001,-0.5,0.5,0.08,0.04432,0.1146,2SEG,1,LIDAR,-0.02532,0.08540000000000002,1.3326315789473684,0.42700000000000005,0.8798157894736842
M4276,5.5e-05,0.0001,-0.25,-0.5,0.03,0.045018,0.08929,2SEG,1,LIDAR,-0.026018000000000003,0.11071000000000002,1.3693684210526318,0.5535500000000001,0.961459210526316
M4277,5.5e-05,0.0001,-0.25,-0.5,0.035,0.044829,0.0977,2SEG,1,LIDAR,-0.025829,0.10230000000000002,1.359421052631579,0.5115000000000001,0.9354605263157896
M4278,5.5e-05,0.0001,-0.25,-0.5,0.04,0.044651,0.1056,2SEG,1,LIDAR,-0.025651000000000004,0.09440000000000001,1.3500526315789476,0.47200000000000003,0.9110263157894738
M4279,5.5e-05,0.0001,-0.25,-0.5,0.05,0.044317,0.1202,2SEG,1,LIDAR,-0.025317000000000003,0.07980000000000001,1.3324736842105265,0.399,0.8657368421052632
M4280,5.5e-05,0.0001,-0.25,-0.5,0.08,0.043363,0.1573,2SEG,1,LIDAR,-0.024363,0.042700000000000016,1.2822631578947368,0.21350000000000008,0.7478815789473684
M4281,5.5e-05,0.0001,-0.25,-0.25,0.03,0.04522,0.07928,2SEG,1,LIDAR,-0.026220000000000004,0.12072000000000001,1.3800000000000003,0.6036,0.9918000000000002
M4282,5.5e-05,0.0001,-0.25,-0.25,0.035,0.045053,0.08677,2SEG,1,LIDAR,-0.026053000000000003,0.11323000000000001,1.3712105263157897,0.56615,0.9686802631578948
M4283,5.5e-05,0.0001,-0.25,-0.25,0.04,0.044894,0.09381,2SEG,1,LIDAR,-0.025894000000000004,0.10619,1.362842105263158,0.53095,0.946896052631579
M4284,5.5e-05,0.0001,-0.25,-0.25,0.05,0.044597,0.1068,2SEG,1,LIDAR,-0.025596999999999998,0.0932,1.3472105263157894,0.466,0.9066052631578947
M4285,5.5e-05,0.0001,-0.25,-0.25,0.08,0.043769,0.1401,2SEG,1,LIDAR,-0.024769000000000003,0.05990000000000001,1.3036315789473687,0.29950000000000004,0.8015657894736844
M4286,5.5e-05,0.0001,-0.25,0.0,0.03,0.045349,0.07284,2SEG,1,LIDAR,-0.026349,0.12716,1.3867894736842106,0.6357999999999999,1.0112947368421052
M4287,5.5e-05,0.0001,-0.25,0.0,0.035,0.045195,0.07974,2SEG,1,LIDAR,-0.026195,0.12026,1.3786842105263157,0.6013,0.9899921052631578
M4288,5.5e-05,0.0001,-0.25,0.0,0.04,0.045048,0.08623,2SEG,1,LIDAR,-0.026047999999999998,0.11377000000000001,1.3709473684210525,0.56885,0.9698986842105262
M4289,5.5e-05,0.0001,-0.25,0.0,0.05,0.044774,0.09822,2SEG,1,LIDAR,-0.025774000000000002,0.10178000000000001,1.3565263157894738,0.5089,0.932713157894737
M4290,5.5e-05,0.0001,-0.25,0.0,0.08,0.044022,0.1289,2SEG,1,LIDAR,-0.025022,0.07110000000000002,1.3169473684210526,0.3555000000000001,0.8362236842105264
M4291,5.5e-05,0.0001,-0.25,0.25,0.03,0.04544,0.06821,2SEG,1,LIDAR,-0.02644,0.13179000000000002,1.3915789473684212,0.65895,1.0252644736842107
M4292,5.5e-05,0.0001,-0.25,0.25,0.035,0.045296,0.07468,2SEG,1,LIDAR,-0.026296000000000003,0.12532000000000001,1.3840000000000001,0.6266,1.0053
M4293,5.5e-05,0.0001,-0.25,0.25,0.04,0.045159,0.08076,2SEG,1,LIDAR,-0.026158999999999998,0.11924000000000001,1.3767894736842106,0.5962000000000001,0.9864947368421053
M4294,5.5e-05,0.0001,-0.25,0.25,0.05,0.044902,0.09202,2SEG,1,LIDAR,-0.025901999999999998,0.10798,1.3632631578947367,0.5399,0.9515815789473684
M4295,5.5e-05,0.0001,-0.25,0.25,0.08,0.0442,0.1209,2SEG,1,LIDAR,-0.025200000000000004,0.07910000000000002,1.3263157894736843,0.3955000000000001,0.8609078947368423
M4296,5.5e-05,0.0001,-0.25,0.5,0.03,0.045511,0.06464,2SEG,1,LIDAR,-0.026511000000000003,0.13536,1.3953157894736845,0.6768,1.0360578947368422
M4297,5.5e-05,0.0001,-0.25,0.5,0.035,0.045373,0.07077,2SEG,1,LIDAR,-0.026372999999999997,0.12923,1.3880526315789472,0.64615,1.0171013157894735
M4298,5.5e-05,0.0001,-0.25,0.5,0.04,0.045243,0.07655,2SEG,1,LIDAR,-0.026243,0.12345,1.3812105263157894,0.61725,0.9992302631578946
M4299,5.5e-05,0.0001,-0.25,0.5,0.05,0.044999,0.08723,2SEG,1,LIDAR,-0.025998999999999998,0.11277000000000001,1.3683684210526315,0.56385,0.9661092105263157
M4300,5.5e-05,0.0001,-0.25,0.5,0.08,0.044358,0.1147,2SEG,1,LIDAR,-0.025358000000000002,0.08530000000000001,1.3346315789473686,0.42650000000000005,0.8805657894736844
M4301,5.5e-05,0.0001,0.0,-0.5,0.03,0.045032,0.08931,2SEG,1,LIDAR,-0.026032000000000003,0.11069000000000001,1.370105263157895,0.55345,0.9617776315789475
M4302,5.5e-05,0.0001,0.0,-0.5,0.035,0.044844,0.09772,2SEG,1,LIDAR,-0.025844000000000002,0.10228000000000001,1.3602105263157895,0.5114,0.9358052631578948
M4303,5.5e-05,0.0001,0.0,-0.5,0.04,0.044667,0.1056,2SEG,1,LIDAR,-0.025667,0.09440000000000001,1.3508947368421051,0.47200000000000003,0.9114473684210526
M4304,5.5e-05,0.0001,0.0,-0.5,0.05,0.044335,0.1202,2SEG,1,LIDAR,-0.025335,0.07980000000000001,1.333421052631579,0.399,0.8662105263157895
M4305,5.5e-05,0.0001,0.0,-0.5,0.08,0.043387,0.1574,2SEG,1,LIDAR,-0.024387000000000002,0.0426,1.2835263157894738,0.213,0.748263157894737
M4306,5.5e-05,0.0001,0.0,-0.25,0.03,0.045234,0.07929,2SEG,1,LIDAR,-0.026234000000000004,0.12071000000000001,1.3807368421052635,0.60355,0.9921434210526318
M4307,5.5e-05,0.0001,0.0,-0.25,0.035,0.045068,0.08679,2SEG,1,LIDAR,-0.026067999999999997,0.11321,1.3719999999999999,0.5660499999999999,0.9690249999999999
M4308,5.5e-05,0.0001,0.0,-0.25,0.04,0.04491,0.09383,2SEG,1,LIDAR,-0.02591,0.10617000000000001,1.3636842105263158,0.53085,0.9472671052631579
M4309,5.5e-05,0.0001,0.0,-0.25,0.05,0.044615,0.1069,2SEG,1,LIDAR,-0.025615000000000002,0.09310000000000002,1.3481578947368422,0.4655000000000001,0.9068289473684211
M4310,5.5e-05,0.0001,0.0,-0.25,0.08,0.043793,0.1401,2SEG,1,LIDAR,-0.024793,0.05990000000000001,1.3048947368421053,0.29950000000000004,0.8021973684210527
M4311,5.5e-05,0.0001,0.0,0.0,0.03,0.045362,0.07286,2SEG,1,LIDAR,-0.026362,0.12714000000000003,1.3874736842105264,0.6357000000000002,1.0115868421052632
M4312,5.5e-05,0.0001,0.0,0.0,0.035,0.04521,0.07976,2SEG,1,LIDAR,-0.02621,0.12024000000000001,1.3794736842105264,0.6012000000000001,0.9903368421052632
M4313,5.5e-05,0.0001,0.0,0.0,0.04,0.045065,0.08625,2SEG,1,LIDAR,-0.026065,0.11375000000000002,1.371842105263158,0.5687500000000001,0.970296052631579
M4314,5.5e-05,0.0001,0.0,0.0,0.05,0.044793,0.09825,2SEG,1,LIDAR,-0.025793,0.10175000000000001,1.3575263157894737,0.50875,0.9331381578947369
M4315,5.5e-05,0.0001,0.0,0.0,0.08,0.044046,0.129,2SEG,1,LIDAR,-0.025046000000000002,0.07100000000000001,1.3182105263157897,0.35500000000000004,0.8366052631578949
M4316,5.5e-05,0.0001,0.0,0.25,0.03,0.045454,0.06822,2SEG,1,LIDAR,-0.026454000000000002,0.13178,1.3923157894736844,0.6589,1.0256078947368423
M4317,5.5e-05,0.0001,0.0,0.25,0.035,0.045311,0.07469,2SEG,1,LIDAR,-0.026310999999999998,0.12531,1.3847894736842103,0.6265499999999999,1.0056697368421053
M4318,5.5e-05,0.0001,0.0,0.25,0.04,0.045175,0.08078,2SEG,1,LIDAR,-0.026175,0.11922,1.3776315789473685,0.5961,0.9868657894736843
M4319,5.5e-05,0.0001,0.0,0.25,0.05,0.04492,0.09204,2SEG,1,LIDAR,-0.025920000000000002,0.10796000000000001,1.3642105263157895,0.5398000000000001,0.9520052631578948
M4320,5.5e-05,0.0001,0.0,0.25,0.08,0.044225,0.1209,2SEG,1,LIDAR,-0.025225,0.07910000000000002,1.3276315789473685,0.3955000000000001,0.8615657894736843
M4321,5.5e-05,0.0001,0.0,0.5,0.03,0.045525,0.06465,2SEG,1,LIDAR,-0.026525000000000003,0.13535000000000003,1.3960526315789477,0.6767500000000001,1.0364013157894738
M4322,5.5e-05,0.0001,0.0,0.5,0.035,0.045388,0.07079,2SEG,1,LIDAR,-0.026387999999999998,0.12921,1.3888421052631579,0.6460499999999999,1.017446052631579
M4323,5.5e-05,0.0001,0.0,0.5,0.04,0.045259,0.07656,2SEG,1,LIDAR,-0.026259,0.12344000000000001,1.3820526315789474,0.6172,0.9996263157894737
M4324,5.5e-05,0.0001,0.0,0.5,0.05,0.045018,0.08725,2SEG,1,LIDAR,-0.026018000000000003,0.11275000000000002,1.3693684210526318,0.5637500000000001,0.9665592105263159
M4325,5.5e-05,0.0001,0.0,0.5,0.08,0.044382,0.1147,2SEG,1,LIDAR,-0.025382,0.08530000000000001,1.3358947368421052,0.42650000000000005,0.8811973684210527
M4326,5.5e-05,0.0001,0.25,-0.5,0.03,0.045042,0.08932,2SEG,1,LIDAR,-0.026042,0.11068000000000001,1.3706315789473684,0.5534,0.9620157894736843
M4327,5.5e-05,0.0001,0.25,-0.5,0.035,0.044855,0.09774,2SEG,1,LIDAR,-0.025855,0.10226000000000002,1.3607894736842105,0.5113000000000001,0.9360447368421053
M4328,5.5e-05,0.0001,0.25,-0.5,0.04,0.044679,0.1056,2SEG,1,LIDAR,-0.025679000000000004,0.09440000000000001,1.351526315789474,0.47200000000000003,0.9117631578947369
M4329,5.5e-05,0.0001,0.25,-0.5,0.05,0.044348,0.1202,2SEG,1,LIDAR,-0.025348,0.07980000000000001,1.3341052631578947,0.399,0.8665526315789474
M4330,5.5e-05,0.0001,0.25,-0.5,0.08,0.043404,0.1574,2SEG,1,LIDAR,-0.024404,0.0426,1.284421052631579,0.213,0.7487105263157895
M4331,5.5e-05,0.0001,0.25,-0.25,0.03,0.045244,0.0793,2SEG,1,LIDAR,-0.026244,0.12070000000000002,1.381263157894737,0.6035,0.9923815789473684
M4332,5.5e-05,0.0001,0.25,-0.25,0.035,0.045079,0.0868,2SEG,1,LIDAR,-0.026079,0.11320000000000001,1.3725789473684211,0.5660000000000001,0.9692894736842106
M4333,5.5e-05,0.0001,0.25,-0.25,0.04,0.044922,0.09384,2SEG,1,LIDAR,-0.025921999999999997,0.10616,1.3643157894736841,0.5307999999999999,0.947557894736842
M4334,5.5e-05,0.0001,0.25,-0.25,0.05,0.044629,0.1069,2SEG,1,LIDAR,-0.025629000000000002,0.09310000000000002,1.3488947368421054,0.4655000000000001,0.9071973684210527
M4335,5.5e-05,0.0001,0.25,-0.25,0.08,0.04381,0.1401,2SEG,1,LIDAR,-0.024810000000000002,0.05990000000000001,1.3057894736842106,0.29950000000000004,0.8026447368421054
M4336,5.5e-05,0.0001,0.25,0.0,0.03,0.045372,0.07287,2SEG,1,LIDAR,-0.026372000000000003,0.12713000000000002,1.3880000000000001,0.63565,1.011825
M4337,5.5e-05,0.0001,0.25,0.0,0.035,0.045221,0.07977,2SEG,1,LIDAR,-0.026220999999999998,0.12023000000000002,1.3800526315789472,0.6011500000000001,0.9906013157894736
M4338,5.5e-05,0.0001,0.25,0.0,0.04,0.045076,0.08626,2SEG,1,LIDAR,-0.026076,0.11374000000000001,1.372421052631579,0.5687,0.9705605263157895
M4339,5.5e-05,0.0001,0.25,0.0,0.05,0.044806,0.09827,2SEG,1,LIDAR,-0.025806,0.10173000000000001,1.3582105263157895,0.50865,0.9334302631578948
M4340,5.5e-05,0.0001,0.25,0.0,0.08,0.044063,0.129,2SEG,1,LIDAR,-0.025063,0.07100000000000001,1.3191052631578948,0.35500000000000004,0.8370526315789474
M4341,5.5e-05,0.0001,0.25,0.25,0.03,0.045464,0.06823,2SEG,1,LIDAR,-0.026463999999999998,0.13177,1.3928421052631579,0.6588499999999999,1.025846052631579
M4342,5.5e-05,0.0001,0.25,0.25,0.035,0.045322,0.0747,2SEG,1,LIDAR,-0.026322,0.12530000000000002,1.3853684210526318,0.6265000000000001,1.0059342105263158
M4343,5.5e-05,0.0001,0.25,0.25,0.04,0.045187,0.08079,2SEG,1,LIDAR,-0.026187,0.11921000000000001,1.3782631578947369,0.59605,0.9871565789473684
M4344,5.5e-05,0.0001,0.25,0.25,0.05,0.044934,0.09206,2SEG,1,LIDAR,-0.025934000000000002,0.10794000000000001,1.3649473684210527,0.5397,0.9523236842105263
M4345,5.5e-05,0.0001,0.25,0.25,0.08,0.044242,0.1209,2SEG,1,LIDAR,-0.025241999999999997,0.07910000000000002,1.3285263157894736,0.3955000000000001,0.8620131578947368
M4346,5.5e-05,0.0001,0.25,0.5,0.03,0.045535,0.06466,2SEG,1,LIDAR,-0.026535,0.13534000000000002,1.3965789473684211,0.6767000000000001,1.0366394736842106
M4347,5.5e-05,0.0001,0.25,0.5,0.035,0.045399,0.0708,2SEG,1,LIDAR,-0.026399000000000002,0.1292,1.3894210526315791,0.646,1.0177105263157895
M4348,5.5e-05,0.0001,0.25,0.5,0.04,0.045271,0.07658,2SEG,1,LIDAR,-0.026271,0.12342000000000002,1.3826842105263157,0.6171000000000001,0.999892105263158
M4349,5.5e-05,0.0001,0.25,0.5,0.05,0.045031,0.08727,2SEG,1,LIDAR,-0.026031000000000002,0.11273000000000001,1.3700526315789474,0.56365,0.9668513157894737
M4350,5.5e-05,0.0001,0.25,0.5,0.08,0.044399,0.1147,2SEG,1,LIDAR,-0.025399,0.08530000000000001,1.3367894736842105,0.42650000000000005,0.8816447368421053
M4351,5.5e-05,0.0001,0.5,-0.5,0.03,0.045049,0.08933,2SEG,1,LIDAR,-0.026049,0.11067,1.371,0.55335,0.962175
M4352,5.5e-05,0.0001,0.5,-0.5,0.035,0.044863,0.09775,2SEG,1,LIDAR,-0.025863,0.10225000000000001,1.3612105263157896,0.51125,0.9362302631578948
M4353,5.5e-05,0.0001,0.5,-0.5,0.04,0.044688,0.1057,2SEG,1,LIDAR,-0.025688,0.09430000000000001,1.352,0.47150000000000003,0.9117500000000001
M4354,5.5e-05,0.0001,0.5,-0.5,0.05,0.044358,0.1203,2SEG,1,LIDAR,-0.025358000000000002,0.07970000000000001,1.3346315789473686,0.3985,0.8665657894736843
M4355,5.5e-05,0.0001,0.5,-0.5,0.08,0.043417,0.1574,2SEG,1,LIDAR,-0.024416999999999998,0.0426,1.2851052631578948,0.213,0.7490526315789474
M4356,5.5e-05,0.0001,0.5,-0.25,0.03,0.045252,0.07931,2SEG,1,LIDAR,-0.026252,0.12069,1.3816842105263158,0.60345,0.992567105263158
M4357,5.5e-05,0.0001,0.5,-0.25,0.035,0.045087,0.08681,2SEG,1,LIDAR,-0.026087000000000003,0.11319000000000001,1.3730000000000002,0.5659500000000001,0.9694750000000001
M4358,5.5e-05,0.0001,0.5,-0.25,0.04,0.044931,0.09386,2SEG,1,LIDAR,-0.025931,0.10614000000000001,1.3647894736842106,0.5307000000000001,0.9477447368421053
M4359,5.5e-05,0.0001,0.5,-0.25,0.05,0.044639,0.1069,2SEG,1,LIDAR,-0.025639,0.09310000000000002,1.3494210526315789,0.4655000000000001,0.9074605263157894
M4360,5.5e-05,0.0001,0.5,-0.25,0.08,0.043824,0.1402,2SEG,1,LIDAR,-0.024824000000000002,0.05980000000000002,1.3065263157894738,0.2990000000000001,0.802763157894737
M4361,5.5e-05,0.0001,0.5,0.0,0.03,0.04538,0.07287,2SEG,1,LIDAR,-0.026379999999999997,0.12713000000000002,1.3884210526315788,0.63565,1.0120355263157894
M4362,5.5e-05,0.0001,0.5,0.0,0.035,0.045229,0.07978,2SEG,1,LIDAR,-0.026229,0.12022000000000001,1.3804736842105263,0.6011,0.9907868421052631
M4363,5.5e-05,0.0001,0.5,0.0,0.04,0.045085,0.08627,2SEG,1,LIDAR,-0.026085,0.11373000000000001,1.3728947368421054,0.56865,0.9707723684210527
M4364,5.5e-05,0.0001,0.5,0.0,0.05,0.044816,0.09828,2SEG,1,LIDAR,-0.025816000000000002,0.10172,1.3587368421052632,0.5085999999999999,0.9336684210526316
M4365,5.5e-05,0.0001,0.5,0.0,0.08,0.044077,0.129,2SEG,1,LIDAR,-0.025077,0.07100000000000001,1.319842105263158,0.35500000000000004,0.837421052631579
M4366,5.5e-05,0.0001,0.5,0.25,0.03,0.045472,0.06824,2SEG,1,LIDAR,-0.026472,0.13176000000000002,1.3932631578947368,0.6588,1.0260315789473684
M4367,5.5e-05,0.0001,0.5,0.25,0.035,0.04533,0.07471,2SEG,1,LIDAR,-0.026330000000000003,0.12529,1.3857894736842107,0.6264500000000001,1.0061197368421053
M4368,5.5e-05,0.0001,0.5,0.25,0.04,0.045196,0.0808,2SEG,1,LIDAR,-0.026196,0.11920000000000001,1.3787368421052633,0.5960000000000001,0.9873684210526317
M4369,5.5e-05,0.0001,0.5,0.25,0.05,0.044944,0.09207,2SEG,1,LIDAR,-0.025944,0.10793000000000001,1.3654736842105262,0.5396500000000001,0.9525618421052631
M4370,5.5e-05,0.0001,0.5,0.25,0.08,0.044256,0.121,2SEG,1,LIDAR,-0.025255999999999997,0.07900000000000001,1.3292631578947367,0.3950000000000001,0.8621315789473684
M4371,5.5e-05,0.0001,0.5,0.5,0.03,0.045543,0.06466,2SEG,1,LIDAR,-0.026543,0.13534000000000002,1.397,0.6767000000000001,1.03685
M4372,5.5e-05,0.0001,0.5,0.5,0.035,0.045407,0.07081,2SEG,1,LIDAR,-0.026407000000000003,0.12919000000000003,1.3898421052631582,0.6459500000000001,1.0178960526315792
M4373,5.5e-05,0.0001,0.5,0.5,0.04,0.04528,0.07658,2SEG,1,LIDAR,-0.02628,0.12342000000000002,1.3831578947368421,0.6171000000000001,1.0001289473684212
M4374,5.5e-05,0.0001,0.5,0.5,0.05,0.045041,0.08728,2SEG,1,LIDAR,-0.026040999999999998,0.11272000000000001,1.370578947368421,0.5636,0.9670894736842104
M4375,5.5e-05,0.0001,0.5,0.5,0.08,0.044413,0.1148,2SEG,1,LIDAR,-0.025413,0.08520000000000001,1.337526315789474,0.42600000000000005,0.8817631578947369
M4376,0.0001,1e-06,-0.5,-0.5,0.03,0.026104,0.0646,2SEG,1,LIDAR,-0.007103999999999999,0.13540000000000002,0.3738947368421052,0.677,0.5254473684210527
M4377,0.0001,1e-06,-0.5,-0.5,0.035,0.026046,0.07077,2SEG,1,LIDAR,-0.007046,0.12923,0.3708421052631579,0.64615,0.5084960526315789
M4378,0.0001,1e-06,-0.5,-0.5,0.04,0.025991,0.07657,2SEG,1,LIDAR,-0.006991000000000001,0.12343000000000001,0.3679473684210527,0.61715,0.49254868421052633
M4379,0.0001,1e-06,-0.5,-0.5,0.05,0.02589,0.08734,2SEG,1,LIDAR,-0.00689,0.11266000000000001,0.36263157894736847,0.5633,0.4629657894736843
M4380,0.0001,1e-06,-0.5,-0.5,0.08,0.025627,0.1151,2SEG,1,LIDAR,-0.006627000000000001,0.08490000000000002,0.3487894736842106,0.42450000000000004,0.3866447368421053
M4381,0.0001,1e-06,-0.5,-0.25,0.03,0.026108,0.05721,2SEG,1,LIDAR,-0.007108,0.14279000000000003,0.3741052631578947,0.7139500000000001,0.5440276315789474
M4382,0.0001,1e-06,-0.5,-0.25,0.035,0.02605,0.06267,2SEG,1,LIDAR,-0.007050000000000001,0.13733,0.3710526315789474,0.68665,0.5288513157894736
M4383,0.0001,1e-06,-0.5,-0.25,0.04,0.025995,0.06781,2SEG,1,LIDAR,-0.006995000000000001,0.13219000000000003,0.3681578947368422,0.6609500000000001,0.5145539473684212
M4384,0.0001,1e-06,-0.5,-0.25,0.05,0.025894,0.07734,2SEG,1,LIDAR,-0.006894000000000001,0.12266,0.36284210526315797,0.6133,0.48807105263157896
M4385,0.0001,1e-06,-0.5,-0.25,0.08,0.025633,0.1019,2SEG,1,LIDAR,-0.006633,0.0981,0.34910526315789475,0.4905,0.41980263157894737
M4386,0.0001,1e-06,-0.5,0.0,0.03,0.02611,0.05248,2SEG,1,LIDAR,-0.007110000000000002,0.14752,0.37421052631578955,0.7376,0.5559052631578948
M4387,0.0001,1e-06,-0.5,0.0,0.035,0.026052,0.05749,2SEG,1,LIDAR,-0.007051999999999999,0.14251000000000003,0.3711578947368421,0.7125500000000001,0.5418539473684211
M4388,0.0001,1e-06,-0.5,0.0,0.04,0.025998,0.0622,2SEG,1,LIDAR,-0.006998000000000001,0.1378,0.36831578947368426,0.689,0.5286578947368421
M4389,0.0001,1e-06,-0.5,0.0,0.05,0.025897,0.07095,2SEG,1,LIDAR,-0.006897,0.12905,0.36300000000000004,0.64525,0.504125
M4390,0.0001,1e-06,-0.5,0.0,0.08,0.025637,0.0935,2SEG,1,LIDAR,-0.0066370000000000005,0.10650000000000001,0.34931578947368425,0.5325,0.4409078947368421
M4391,0.0001,1e-06,-0.5,0.25,0.03,0.026111,0.04908,2SEG,1,LIDAR,-0.007110999999999999,0.15092,0.3742631578947368,0.7545999999999999,0.5644315789473684
M4392,0.0001,1e-06,-0.5,0.25,0.035,0.026054,0.05377,2SEG,1,LIDAR,-0.007054000000000001,0.14623000000000003,0.3712631578947369,0.7311500000000001,0.5512065789473685
M4393,0.0001,1e-06,-0.5,0.25,0.04,0.026,0.05818,2SEG,1,LIDAR,-0.006999999999999999,0.14182,0.3684210526315789,0.7091,0.5387605263157894
M4394,0.0001,1e-06,-0.5,0.25,0.05,0.025899,0.06636,2SEG,1,LIDAR,-0.006898999999999999,0.13364,0.3631052631578947,0.6682,0.5156526315789474
M4395,0.0001,1e-06,-0.5,0.25,0.08,0.02564,0.08745,2SEG,1,LIDAR,-0.00664,0.11255000000000001,0.3494736842105263,0.56275,0.4561118421052631
M4396,0.0001,1e-06,-0.5,0.5,0.03,0.026112,0.04647,2SEG,1,LIDAR,-0.007112,0.15353,0.3743157894736842,0.7676499999999999,0.570982894736842
M4397,0.0001,1e-06,-0.5,0.5,0.035,0.026055,0.05091,2SEG,1,LIDAR,-0.007054999999999999,0.14909,0.37131578947368415,0.74545,0.5583828947368421
M4398,0.0001,1e-06,-0.5,0.5,0.04,0.026001,0.05508,2SEG,1,LIDAR,-0.007001,0.14492000000000002,0.36847368421052634,0.7246,0.5465368421052632
M4399,0.0001,1e-06,-0.5,0.5,0.05,0.025901,0.06283,2SEG,1,LIDAR,-0.006901000000000001,0.13717000000000001,0.36321052631578954,0.6858500000000001,0.5245302631578947
M4400,0.0001,1e-06,-0.5,0.5,0.08,0.025642,0.0828,2SEG,1,LIDAR,-0.006642000000000002,0.11720000000000001,0.34957894736842116,0.5860000000000001,0.46778947368421064
M4401,0.0001,1e-06,-0.25,-0.5,0.03,0.02617,0.0647,2SEG,1,LIDAR,-0.007169999999999999,0.13530000000000003,0.3773684210526316,0.6765000000000001,0.5269342105263158
M4402,0.0001,1e-06,-0.25,-0.5,0.035,0.026118,0.07088,2SEG,1,LIDAR,-0.007117999999999999,0.12912,0.37463157894736837,0.6456000000000001,0.5101157894736842
M4403,0.0001,1e-06,-0.25,-0.5,0.04,0.026069,0.07671,2SEG,1,LIDAR,-0.007068999999999999,0.12329000000000001,0.3720526315789473,0.61645,0.4942513157894737
M4404,0.0001,1e-06,-0.25,-0.5,0.05,0.025978,0.08752,2SEG,1,LIDAR,-0.0069780000000000016,0.11248000000000001,0.36726315789473696,0.5624,0.4648315789473685
M4405,0.0001,1e-06,-0.25,-0.5,0.08,0.025743,0.1154,2SEG,1,LIDAR,-0.006742999999999999,0.08460000000000001,0.3548947368421052,0.42300000000000004,0.3889473684210526
M4406,0.0001,1e-06,-0.25,-0.25,0.03,0.026173,0.05729,2SEG,1,LIDAR,-0.007172999999999999,0.14271,0.37752631578947365,0.71355,0.5455381578947368
M4407,0.0001,1e-06,-0.25,-0.25,0.035,0.026121,0.06277,2SEG,1,LIDAR,-0.007120999999999999,0.13723000000000002,0.37478947368421045,0.68615,0.5304697368421052
M4408,0.0001,1e-06,-0.25,-0.25,0.04,0.026073,0.06793,2SEG,1,LIDAR,-0.007072999999999999,0.13207000000000002,0.3722631578947368,0.6603500000000001,0.5163065789473684
M4409,0.0001,1e-06,-0.25,-0.25,0.05,0.025983,0.0775,2SEG,1,LIDAR,-0.006983,0.12250000000000001,0.3675263157894737,0.6125,0.4900131578947369
M4410,0.0001,1e-06,-0.25,-0.25,0.08,0.025749,0.1022,2SEG,1,LIDAR,-0.0067490000000000015,0.09780000000000001,0.3552105263157896,0.48900000000000005,0.4221052631578948
M4411,0.0001,1e-06,-0.25,0.0,0.03,0.026175,0.05256,2SEG,1,LIDAR,-0.007175000000000001,0.14744000000000002,0.3776315789473685,0.7372000000000001,0.5574157894736843
M4412,0.0001,1e-06,-0.25,0.0,0.035,0.026124,0.05758,2SEG,1,LIDAR,-0.007124000000000002,0.14242000000000002,0.37494736842105275,0.7121000000000001,0.5435236842105264
M4413,0.0001,1e-06,-0.25,0.0,0.04,0.026075,0.06232,2SEG,1,LIDAR,-0.007075000000000001,0.13768000000000002,0.3723684210526317,0.6884000000000001,0.5303842105263159
M4414,0.0001,1e-06,-0.25,0.0,0.05,0.025986,0.0711,2SEG,1,LIDAR,-0.006985999999999999,0.12890000000000001,0.3676842105263158,0.6445000000000001,0.506092105263158
M4415,0.0001,1e-06,-0.25,0.0,0.08,0.025753,0.09375,2SEG,1,LIDAR,-0.006753000000000002,0.10625000000000001,0.3554210526315791,0.53125,0.44333552631578954
M4416,0.0001,1e-06,-0.25,0.25,0.03,0.026177,0.04916,2SEG,1,LIDAR,-0.007176999999999999,0.15084,0.37773684210526315,0.7542,0.5659684210526316
M4417,0.0001,1e-06,-0.25,0.25,0.035,0.026125,0.05386,2SEG,1,LIDAR,-0.007124999999999999,0.14614000000000002,0.375,0.7307,0.5528500000000001
M4418,0.0001,1e-06,-0.25,0.25,0.04,0.026077,0.05828,2SEG,1,LIDAR,-0.007077,0.14172,0.37247368421052635,0.7086,0.5405368421052632
M4419,0.0001,1e-06,-0.25,0.25,0.05,0.025988,0.0665,2SEG,1,LIDAR,-0.006988000000000001,0.1335,0.3677894736842106,0.6675,0.5176447368421053
M4420,0.0001,1e-06,-0.25,0.25,0.08,0.025756,0.08769,2SEG,1,LIDAR,-0.006756000000000002,0.11231000000000001,0.35557894736842116,0.56155,0.4585644736842106
M4421,0.0001,1e-06,-0.25,0.5,0.03,0.026178,0.04654,2SEG,1,LIDAR,-0.007178,0.15346,0.37778947368421056,0.7673,0.5725447368421053
M4422,0.0001,1e-06,-0.25,0.5,0.035,0.026127,0.05099,2SEG,1,LIDAR,-0.007127000000000001,0.14901,0.37510526315789483,0.74505,0.5600776315789474
M4423,0.0001,1e-06,-0.25,0.5,0.04,0.026079,0.05518,2SEG,1,LIDAR,-0.007079000000000002,0.14482,0.3725789473684212,0.7241,0.5483394736842105
M4424,0.0001,1e-06,-0.25,0.5,0.05,0.025989,0.06296,2SEG,1,LIDAR,-0.006989000000000002,0.13704,0.367842105263158,0.6851999999999999,0.526521052631579
M4425,0.0001,1e-06,-0.25,0.5,0.08,0.025758,0.08302,2SEG,1,LIDAR,-0.006758,0.11698000000000001,0.3556842105263158,0.5849000000000001,0.47029210526315796
M4426,0.0001,1e-06,0.0,-0.5,0.03,0.026211,0.06476,2SEG,1,LIDAR,-0.007211000000000002,0.13524000000000003,0.3795263157894738,0.6762000000000001,0.527863157894737
M4427,0.0001,1e-06,0.0,-0.5,0.035,0.026164,0.07096,2SEG,1,LIDAR,-0.007164,0.12904000000000002,0.3770526315789474,0.6452,0.5111263157894737
M4428,0.0001,1e-06,0.0,-0.5,0.04,0.026118,0.0768,2SEG,1,LIDAR,-0.007117999999999999,0.12320000000000002,0.37463157894736837,0.6160000000000001,0.49531578947368426
M4429,0.0001,1e-06,0.0,-0.5,0.05,0.026035,0.08763,2SEG,1,LIDAR,-0.007035,0.11237000000000001,0.37026315789473685,0.5618500000000001,0.46605657894736846
M4430,0.0001,1e-06,0.0,-0.5,0.08,0.025818,0.1156,2SEG,1,LIDAR,-0.006818000000000001,0.08440000000000002,0.35884210526315796,0.42200000000000004,0.390421052631579
M4431,0.0001,1e-06,0.0,-0.25,0.03,0.026215,0.05735,2SEG,1,LIDAR,-0.007214999999999999,0.14265,0.37973684210526315,0.7132499999999999,0.5464934210526315
M4432,0.0001,1e-06,0.0,-0.25,0.035,0.026167,0.06284,2SEG,1,LIDAR,-0.007167,0.13716,0.3772105263157895,0.6858,0.5315052631578947
M4433,0.0001,1e-06,0.0,-0.25,0.04,0.026122,0.06801,2SEG,1,LIDAR,-0.007122,0.13199,0.3748421052631579,0.6599499999999999,0.517396052631579
M4434,0.0001,1e-06,0.0,-0.25,0.05,0.026039,0.0776,2SEG,1,LIDAR,-0.007039,0.12240000000000001,0.37047368421052634,0.612,0.4912368421052632
M4435,0.0001,1e-06,0.0,-0.25,0.08,0.025824,0.1024,2SEG,1,LIDAR,-0.006824,0.0976,0.3591578947368421,0.488,0.42357894736842105
M4436,0.0001,1e-06,0.0,0.0,0.03,0.026217,0.05261,2SEG,1,LIDAR,-0.007217000000000001,0.14739000000000002,0.379842105263158,0.7369500000000001,0.558396052631579
M4437,0.0001,1e-06,0.0,0.0,0.035,0.02617,0.05764,2SEG,1,LIDAR,-0.007169999999999999,0.14236000000000001,0.3773684210526316,0.7118,0.5445842105263158
M4438,0.0001,1e-06,0.0,0.0,0.04,0.026125,0.06239,2SEG,1,LIDAR,-0.007124999999999999,0.13761,0.375,0.68805,0.531525
M4439,0.0001,1e-06,0.0,0.0,0.05,0.026042,0.07119,2SEG,1,LIDAR,-0.007042,0.12881,0.3706315789473684,0.64405,0.5073407894736842
M4440,0.0001,1e-06,0.0,0.0,0.08,0.025828,0.09391,2SEG,1,LIDAR,-0.006828000000000001,0.10609000000000002,0.3593684210526316,0.5304500000000001,0.4449092105263158
M4441,0.0001,1e-06,0.0,0.25,0.03,0.026218,0.0492,2SEG,1,LIDAR,-0.007218000000000002,0.15080000000000002,0.3798947368421054,0.754,0.5669473684210526
M4442,0.0001,1e-06,0.0,0.25,0.035,0.026171,0.05391,2SEG,1,LIDAR,-0.007171,0.14609,0.377421052631579,0.7304499999999999,0.5539355263157895
M4443,0.0001,1e-06,0.0,0.25,0.04,0.026127,0.05835,2SEG,1,LIDAR,-0.007127000000000001,0.14165,0.37510526315789483,0.7082499999999999,0.5416776315789473
M4444,0.0001,1e-06,0.0,0.25,0.05,0.026044,0.06658,2SEG,1,LIDAR,-0.007044000000000002,0.13342,0.37073684210526325,0.6671,0.5189184210526316
M4445,0.0001,1e-06,0.0,0.25,0.08,0.02583,0.08784,2SEG,1,LIDAR,-0.006829999999999999,0.11216000000000001,0.3594736842105263,0.5608,0.4601368421052631
M4446,0.0001,1e-06,0.0,0.5,0.03,0.02622,0.04659,2SEG,1,LIDAR,-0.007220000000000001,0.15341000000000002,0.38000000000000006,0.76705,0.5735250000000001
M4447,0.0001,1e-06,0.0,0.5,0.035,0.026173,0.05104,2SEG,1,LIDAR,-0.007172999999999999,0.14896,0.37752631578947365,0.7448,0.5611631578947368
M4448,0.0001,1e-06,0.0,0.5,0.04,0.026128,0.05525,2SEG,1,LIDAR,-0.007127999999999999,0.14475000000000002,0.3751578947368421,0.72375,0.549453947368421
M4449,0.0001,1e-06,0.0,0.5,0.05,0.026046,0.06304,2SEG,1,LIDAR,-0.007046,0.13696000000000003,0.3708421052631579,0.6848000000000001,0.527821052631579
M4450,0.0001,1e-06,0.0,0.5,0.08,0.025833,0.08317,2SEG,1,LIDAR,-0.006832999999999999,0.11683000000000002,0.35963157894736836,0.5841500000000001,0.47189078947368424
M4451,0.0001,1e-06,0.25,-0.5,0.03,0.026241,0.0648,2SEG,1,LIDAR,-0.007241000000000001,0.13520000000000001,0.3811052631578948,0.676,0.5285526315789474
M4452,0.0001,1e-06,0.25,-0.5,0.035,0.026197,0.07101,2SEG,1,LIDAR,-0.007197000000000002,0.12899,0.3787894736842106,0.6449499999999999,0.5118697368421052
M4453,0.0001,1e-06,0.25,-0.5,0.04,0.026154,0.07686,2SEG,1,LIDAR,-0.007154000000000001,0.12314000000000001,0.3765263157894737,0.6157,0.49611315789473687
M4454,0.0001,1e-06,0.25,-0.5,0.05,0.026075,0.08771,2SEG,1,LIDAR,-0.007075000000000001,0.11229000000000001,0.3723684210526317,0.56145,0.46690921052631584
M4455,0.0001,1e-06,0.25,-0.5,0.08,0.025871,0.1157,2SEG,1,LIDAR,-0.006871000000000002,0.08430000000000001,0.3616315789473685,0.42150000000000004,0.39156578947368426
M4456,0.0001,1e-06,0.25,-0.25,0.03,0.026245,0.05739,2SEG,1,LIDAR,-0.0072450000000000014,0.14261000000000001,0.3813157894736843,0.7130500000000001,0.5471828947368422
M4457,0.0001,1e-06,0.25,-0.25,0.035,0.0262,0.06288,2SEG,1,LIDAR,-0.0072000000000000015,0.13712000000000002,0.3789473684210527,0.6856000000000001,0.5322736842105265
M4458,0.0001,1e-06,0.25,-0.25,0.04,0.026158,0.06806,2SEG,1,LIDAR,-0.007158000000000001,0.13194,0.3767368421052632,0.6597,0.5182184210526316
M4459,0.0001,1e-06,0.25,-0.25,0.05,0.02608,0.07767,2SEG,1,LIDAR,-0.0070799999999999995,0.12233000000000001,0.3726315789473684,0.61165,0.4921407894736842
M4460,0.0001,1e-06,0.25,-0.25,0.08,0.025877,0.1025,2SEG,1,LIDAR,-0.006877000000000001,0.09750000000000002,0.3619473684210527,0.48750000000000004,0.42472368421052636
M4461,0.0001,1e-06,0.25,0.0,0.03,0.026247,0.05264,2SEG,1,LIDAR,-0.007247,0.14736000000000002,0.38142105263157894,0.7368,0.5591105263157895
M4462,0.0001,1e-06,0.25,0.0,0.035,0.026203,0.05769,2SEG,1,LIDAR,-0.007203000000000001,0.14231000000000002,0.3791052631578948,0.71155,0.5453276315789474
M4463,0.0001,1e-06,0.25,0.0,0.04,0.026161,0.06244,2SEG,1,LIDAR,-0.007161000000000001,0.13756000000000002,0.3768947368421053,0.6878000000000001,0.5323473684210527
M4464,0.0001,1e-06,0.25,0.0,0.05,0.026083,0.07126,2SEG,1,LIDAR,-0.007082999999999999,0.12874000000000002,0.3727894736842105,0.6437,0.5082447368421052
M4465,0.0001,1e-06,0.25,0.0,0.08,0.025881,0.09403,2SEG,1,LIDAR,-0.006881000000000002,0.10597000000000001,0.3621578947368422,0.52985,0.4460039473684211
M4466,0.0001,1e-06,0.25,0.25,0.03,0.026249,0.04924,2SEG,1,LIDAR,-0.007249000000000002,0.15076,0.3815263157894738,0.7538,0.5676631578947369
M4467,0.0001,1e-06,0.25,0.25,0.035,0.026204,0.05395,2SEG,1,LIDAR,-0.007204000000000002,0.14605,0.37915789473684225,0.7302500000000001,0.5547039473684212
M4468,0.0001,1e-06,0.25,0.25,0.04,0.026162,0.0584,2SEG,1,LIDAR,-0.007162000000000002,0.1416,0.37694736842105275,0.708,0.5424736842105263
M4469,0.0001,1e-06,0.25,0.25,0.05,0.026085,0.06665,2SEG,1,LIDAR,-0.007085000000000001,0.13335000000000002,0.37289473684210533,0.6667500000000001,0.5198223684210527
M4470,0.0001,1e-06,0.25,0.25,0.08,0.025884,0.08795,2SEG,1,LIDAR,-0.006884000000000001,0.11205000000000001,0.36231578947368426,0.56025,0.46128289473684214
M4471,0.0001,1e-06,0.25,0.5,0.03,0.02625,0.04662,2SEG,1,LIDAR,-0.0072499999999999995,0.15338000000000002,0.381578947368421,0.7669,0.5742394736842105
M4472,0.0001,1e-06,0.25,0.5,0.035,0.026206,0.05108,2SEG,1,LIDAR,-0.007206000000000001,0.14892,0.37926315789473686,0.7445999999999999,0.5619315789473684
M4473,0.0001,1e-06,0.25,0.5,0.04,0.026164,0.05529,2SEG,1,LIDAR,-0.007164,0.14471,0.3770526315789474,0.72355,0.5503013157894737
M4474,0.0001,1e-06,0.25,0.5,0.05,0.026086,0.0631,2SEG,1,LIDAR,-0.007086000000000002,0.13690000000000002,0.37294736842105275,0.6845000000000001,0.5287236842105264
M4475,0.0001,1e-06,0.25,0.5,0.08,0.025886,0.08327,2SEG,1,LIDAR,-0.006886,0.11673000000000001,0.3624210526315789,0.58365,0.4730355263157895
M4476,0.0001,1e-06,0.5,-0.5,0.03,0.026265,0.06484,2SEG,1,LIDAR,-0.007265000000000001,0.13516,0.38236842105263164,0.6758,0.5290842105263158
M4477,0.0001,1e-06,0.5,-0.5,0.035,0.026222,0.07105,2SEG,1,LIDAR,-0.007221999999999999,0.12895,0.3801052631578947,0.64475,0.5124276315789473
M4478,0.0001,1e-06,0.5,-0.5,0.04,0.026182,0.07691,2SEG,1,LIDAR,-0.007182000000000001,0.12309,0.37800000000000006,0.6154499999999999,0.49672499999999997
M4479,0.0001,1e-06,0.5,-0.5,0.05,0.026107,0.08777,2SEG,1,LIDAR,-0.007107000000000002,0.11223000000000001,0.37405263157894747,0.56115,0.4676013157894737
M4480,0.0001,1e-06,0.5,-0.5,0.08,0.025913,0.1159,2SEG,1,LIDAR,-0.006912999999999999,0.08410000000000001,0.36384210526315786,0.42050000000000004,0.3921710526315789
M4481,0.0001,1e-06,0.5,-0.25,0.03,0.026268,0.05742,2SEG,1,LIDAR,-0.007268,0.14258,0.3825263157894737,0.7129,0.5477131578947368
M4482,0.0001,1e-06,0.5,-0.25,0.035,0.026226,0.06292,2SEG,1,LIDAR,-0.007226,0.13708,0.3803157894736842,0.6854,0.5328578947368421
M4483,0.0001,1e-06,0.5,-0.25,0.04,0.026186,0.06811,2SEG,1,LIDAR,-0.007186000000000001,0.13189,0.37821052631578955,0.65945,0.5188302631578947
M4484,0.0001,1e-06,0.5,-0.25,0.05,0.026111,0.07773,2SEG,1,LIDAR,-0.007110999999999999,0.12227000000000002,0.3742631578947368,0.6113500000000001,0.49280657894736846
M4485,0.0001,1e-06,0.5,-0.25,0.08,0.025919,0.1026,2SEG,1,LIDAR,-0.0069190000000000015,0.09740000000000001,0.3641578947368422,0.48700000000000004,0.4255789473684211
M4486,0.0001,1e-06,0.5,0.0,0.03,0.02627,0.05267,2SEG,1,LIDAR,-0.007270000000000002,0.14733000000000002,0.38263157894736854,0.73665,0.5596407894736843
M4487,0.0001,1e-06,0.5,0.0,0.035,0.026228,0.05772,2SEG,1,LIDAR,-0.007228000000000002,0.14228000000000002,0.38042105263157905,0.7114,0.5459105263157895
M4488,0.0001,1e-06,0.5,0.0,0.04,0.026188,0.06248,2SEG,1,LIDAR,-0.007188,0.13752,0.3783157894736842,0.6876,0.5329578947368421
M4489,0.0001,1e-06,0.5,0.0,0.05,0.026114,0.07131,2SEG,1,LIDAR,-0.007113999999999999,0.12869000000000003,0.3744210526315789,0.6434500000000001,0.5089355263157895
M4490,0.0001,1e-06,0.5,0.0,0.08,0.025923,0.09412,2SEG,1,LIDAR,-0.006923000000000002,0.10588000000000002,0.3643684210526317,0.5294000000000001,0.4468842105263159
M4491,0.0001,1e-06,0.5,0.25,0.03,0.026272,0.04926,2SEG,1,LIDAR,-0.007272000000000001,0.15074,0.3827368421052632,0.7537,0.5682184210526317
M4492,0.0001,1e-06,0.5,0.25,0.035,0.02623,0.05398,2SEG,1,LIDAR,-0.00723,0.14602,0.3805263157894737,0.7301,0.5553131578947368
M4493,0.0001,1e-06,0.5,0.25,0.04,0.02619,0.05843,2SEG,1,LIDAR,-0.007190000000000002,0.14157,0.37842105263157905,0.70785,0.5431355263157895
M4494,0.0001,1e-06,0.5,0.25,0.05,0.026116,0.06669,2SEG,1,LIDAR,-0.007116000000000001,0.13331,0.37452631578947376,0.66655,0.5205381578947369
M4495,0.0001,1e-06,0.5,0.25,0.08,0.025925,0.08803,2SEG,1,LIDAR,-0.006925000000000001,0.11197000000000001,0.36447368421052634,0.5598500000000001,0.46216184210526323
M4496,0.0001,1e-06,0.5,0.5,0.03,0.026273,0.04664,2SEG,1,LIDAR,-0.007273000000000002,0.15336,0.3827894736842106,0.7667999999999999,0.5747947368421052
M4497,0.0001,1e-06,0.5,0.5,0.035,0.026231,0.05111,2SEG,1,LIDAR,-0.007231000000000001,0.14889000000000002,0.3805789473684211,0.7444500000000001,0.5625144736842106
M4498,0.0001,1e-06,0.5,0.5,0.04,0.026191,0.05533,2SEG,1,LIDAR,-0.0071909999999999995,0.14467000000000002,0.3784736842105263,0.72335,0.5509118421052632
M4499,0.0001,1e-06,0.5,0.5,0.05,0.026118,0.06315,2SEG,1,LIDAR,-0.007117999999999999,0.13685000000000003,0.37463157894736837,0.6842500000000001,0.5294407894736842
M4500,0.0001,1e-06,0.5,0.5,0.08,0.025927,0.08335,2SEG,1,LIDAR,-0.006926999999999999,0.11665000000000002,0.364578947368421,0.58325,0.4739144736842105
M4501,0.0001,5.5e-06,-0.5,-0.5,0.03,0.027586,0.06676,2SEG,1,LIDAR,-0.008586,0.13324000000000003,0.4518947368421053,0.6662000000000001,0.5590473684210527
M4502,0.0001,5.5e-06,-0.5,-0.5,0.035,0.027517,0.07311,2SEG,1,LIDAR,-0.008517,0.12689,0.44826315789473686,0.63445,0.5413565789473684
M4503,0.0001,5.5e-06,-0.5,-0.5,0.04,0.027451,0.0791,2SEG,1,LIDAR,-0.008451,0.12090000000000001,0.44478947368421057,0.6045,0.5246447368421053
M4504,0.0001,5.5e-06,-0.5,-0.5,0.05,0.027329,0.09019,2SEG,1,LIDAR,-0.008329,0.10981,0.4383684210526316,0.54905,0.4937092105263158
M4505,0.0001,5.5e-06,-0.5,-0.5,0.08,0.027014,0.1187,2SEG,1,LIDAR,-0.008014,0.08130000000000001,0.42178947368421055,0.40650000000000003,0.4141447368421053
M4506,0.0001,5.5e-06,-0.5,-0.25,0.03,0.027604,0.05913,2SEG,1,LIDAR,-0.008604,0.14087,0.45284210526315793,0.7043499999999999,0.578596052631579
M4507,0.0001,5.5e-06,-0.5,-0.25,0.035,0.027536,0.06477,2SEG,1,LIDAR,-0.008536000000000002,0.13523000000000002,0.449263157894737,0.67615,0.5627065789473685
M4508,0.0001,5.5e-06,-0.5,-0.25,0.04,0.027472,0.07007,2SEG,1,LIDAR,-0.008472,0.12993000000000002,0.4458947368421053,0.6496500000000001,0.5477723684210527
M4509,0.0001,5.5e-06,-0.5,-0.25,0.05,0.027354,0.0799,2SEG,1,LIDAR,-0.008354,0.12010000000000001,0.43968421052631584,0.6005,0.520092105263158
M4510,0.0001,5.5e-06,-0.5,-0.25,0.08,0.027046,0.1052,2SEG,1,LIDAR,-0.008046000000000001,0.09480000000000001,0.4234736842105264,0.47400000000000003,0.4487368421052632
M4511,0.0001,5.5e-06,-0.5,0.0,0.03,0.027616,0.05426,2SEG,1,LIDAR,-0.008616000000000002,0.14574,0.4534736842105264,0.7287,0.5910868421052632
M4512,0.0001,5.5e-06,-0.5,0.0,0.035,0.027549,0.05943,2SEG,1,LIDAR,-0.008549000000000001,0.14057000000000003,0.4499473684210527,0.7028500000000001,0.5763986842105264
M4513,0.0001,5.5e-06,-0.5,0.0,0.04,0.027486,0.0643,2SEG,1,LIDAR,-0.008486,0.13570000000000002,0.44663157894736844,0.6785,0.5625657894736842
M4514,0.0001,5.5e-06,-0.5,0.0,0.05,0.027369,0.07332,2SEG,1,LIDAR,-0.008369000000000001,0.12668000000000001,0.4404736842105264,0.6334000000000001,0.5369368421052633
M4515,0.0001,5.5e-06,-0.5,0.0,0.08,0.027067,0.09656,2SEG,1,LIDAR,-0.008067000000000001,0.10344,0.4245789473684211,0.5172,0.4708894736842105
M4516,0.0001,5.5e-06,-0.5,0.25,0.03,0.027624,0.05075,2SEG,1,LIDAR,-0.008624,0.14925,0.45389473684210524,0.74625,0.6000723684210526
M4517,0.0001,5.5e-06,-0.5,0.25,0.035,0.027558,0.05559,2SEG,1,LIDAR,-0.008558,0.14441,0.45042105263157894,0.72205,0.5862355263157895
M4518,0.0001,5.5e-06,-0.5,0.25,0.04,0.027496,0.06015,2SEG,1,LIDAR,-0.008496,0.13985,0.44715789473684214,0.6992499999999999,0.5732039473684211
M4519,0.0001,5.5e-06,-0.5,0.25,0.05,0.02738,0.06859,2SEG,1,LIDAR,-0.008380000000000002,0.13141000000000003,0.4410526315789475,0.6570500000000001,0.5490513157894739
M4520,0.0001,5.5e-06,-0.5,0.25,0.08,0.027082,0.09034,2SEG,1,LIDAR,-0.008081999999999999,0.10966000000000001,0.4253684210526315,0.5483,0.48683421052631576
M4521,0.0001,5.5e-06,-0.5,0.5,0.03,0.027631,0.04806,2SEG,1,LIDAR,-0.008631,0.15194000000000002,0.45426315789473687,0.7597,0.6069815789473685
M4522,0.0001,5.5e-06,-0.5,0.5,0.035,0.027565,0.05264,2SEG,1,LIDAR,-0.008565,0.14736000000000002,0.4507894736842105,0.7368,0.5937947368421053
M4523,0.0001,5.5e-06,-0.5,0.5,0.04,0.027503,0.05695,2SEG,1,LIDAR,-0.008503,0.14305,0.4475263157894737,0.71525,0.5813881578947369
M4524,0.0001,5.5e-06,-0.5,0.5,0.05,0.027389,0.06495,2SEG,1,LIDAR,-0.008389,0.13505,0.4415263157894737,0.67525,0.5583881578947368
M4525,0.0001,5.5e-06,-0.5,0.5,0.08,0.027093,0.08555,2SEG,1,LIDAR,-0.008093,0.11445000000000001,0.42594736842105263,0.57225,0.49909868421052633
M4526,0.0001,5.5e-06,-0.25,-0.5,0.03,0.027651,0.06685,2SEG,1,LIDAR,-0.008650999999999999,0.13315,0.4553157894736842,0.66575,0.5605328947368421
M4527,0.0001,5.5e-06,-0.25,-0.5,0.035,0.027587,0.07323,2SEG,1,LIDAR,-0.008587000000000001,0.12677,0.4519473684210527,0.6338499999999999,0.5428986842105263
M4528,0.0001,5.5e-06,-0.25,-0.5,0.04,0.027527,0.07923,2SEG,1,LIDAR,-0.008527,0.12077000000000002,0.4487894736842105,0.60385,0.5263197368421053
M4529,0.0001,5.5e-06,-0.25,-0.5,0.05,0.027416,0.09036,2SEG,1,LIDAR,-0.008416,0.10964000000000002,0.44294736842105265,0.5482,0.49557368421052633
M4530,0.0001,5.5e-06,-0.25,-0.5,0.08,0.027128,0.119,2SEG,1,LIDAR,-0.008128,0.08100000000000002,0.42778947368421055,0.4050000000000001,0.4163947368421053
M4531,0.0001,5.5e-06,-0.25,-0.25,0.03,0.027669,0.05922,2SEG,1,LIDAR,-0.008669,0.14078000000000002,0.4562631578947368,0.7039000000000001,0.5800815789473684
M4532,0.0001,5.5e-06,-0.25,-0.25,0.035,0.027607,0.06487,2SEG,1,LIDAR,-0.008607,0.13513000000000003,0.453,0.6756500000000001,0.5643250000000001
M4533,0.0001,5.5e-06,-0.25,-0.25,0.04,0.027549,0.07019,2SEG,1,LIDAR,-0.008549000000000001,0.12981,0.4499473684210527,0.64905,0.5494986842105264
M4534,0.0001,5.5e-06,-0.25,-0.25,0.05,0.02744,0.08006,2SEG,1,LIDAR,-0.00844,0.11994,0.44421052631578944,0.5997,0.5219552631578948
M4535,0.0001,5.5e-06,-0.25,-0.25,0.08,0.02716,0.1055,2SEG,1,LIDAR,-0.00816,0.09450000000000001,0.42947368421052634,0.47250000000000003,0.4509868421052632
M4536,0.0001,5.5e-06,-0.25,0.0,0.03,0.02768,0.05433,2SEG,1,LIDAR,-0.00868,0.14567000000000002,0.45684210526315794,0.72835,0.592596052631579
M4537,0.0001,5.5e-06,-0.25,0.0,0.035,0.02762,0.05952,2SEG,1,LIDAR,-0.00862,0.14048,0.45368421052631575,0.7023999999999999,0.5780421052631578
M4538,0.0001,5.5e-06,-0.25,0.0,0.04,0.027562,0.0644,2SEG,1,LIDAR,-0.008562,0.1356,0.45063157894736844,0.6779999999999999,0.5643157894736842
M4539,0.0001,5.5e-06,-0.25,0.0,0.05,0.027456,0.07346,2SEG,1,LIDAR,-0.008456000000000002,0.12654,0.4450526315789475,0.6327,0.5388763157894738
M4540,0.0001,5.5e-06,-0.25,0.0,0.08,0.027181,0.09681,2SEG,1,LIDAR,-0.008181,0.10319000000000002,0.4305789473684211,0.51595,0.47326447368421054
M4541,0.0001,5.5e-06,-0.25,0.25,0.03,0.027689,0.05082,2SEG,1,LIDAR,-0.008688999999999999,0.14918,0.4573157894736842,0.7459,0.6016078947368421
M4542,0.0001,5.5e-06,-0.25,0.25,0.035,0.027629,0.05568,2SEG,1,LIDAR,-0.008629000000000001,0.14432,0.4541578947368422,0.7216,0.5878789473684212
M4543,0.0001,5.5e-06,-0.25,0.25,0.04,0.027572,0.06025,2SEG,1,LIDAR,-0.008572,0.13975,0.4511578947368421,0.69875,0.5749539473684211
M4544,0.0001,5.5e-06,-0.25,0.25,0.05,0.027467,0.06872,2SEG,1,LIDAR,-0.008466999999999999,0.13128,0.4456315789473684,0.6564,0.5510157894736842
M4545,0.0001,5.5e-06,-0.25,0.25,0.08,0.027196,0.09057,2SEG,1,LIDAR,-0.008196000000000002,0.10943000000000001,0.4313684210526317,0.54715,0.4892592105263158
M4546,0.0001,5.5e-06,-0.25,0.5,0.03,0.027695,0.04812,2SEG,1,LIDAR,-0.008695000000000001,0.15188000000000001,0.4576315789473685,0.7594000000000001,0.6085157894736843
M4547,0.0001,5.5e-06,-0.25,0.5,0.035,0.027636,0.05272,2SEG,1,LIDAR,-0.008636000000000001,0.14728000000000002,0.4545263157894738,0.7364,0.5954631578947369
M4548,0.0001,5.5e-06,-0.25,0.5,0.04,0.02758,0.05705,2SEG,1,LIDAR,-0.00858,0.14295000000000002,0.4515789473684211,0.7147500000000001,0.5831644736842105
M4549,0.0001,5.5e-06,-0.25,0.5,0.05,0.027476,0.06507,2SEG,1,LIDAR,-0.008476000000000001,0.13493,0.4461052631578948,0.67465,0.5603776315789474
M4550,0.0001,5.5e-06,-0.25,0.5,0.08,0.027207,0.08577,2SEG,1,LIDAR,-0.008206999999999999,0.11423000000000001,0.4319473684210526,0.57115,0.5015486842105263
M4551,0.0001,5.5e-06,0.0,-0.5,0.03,0.027692,0.06691,2SEG,1,LIDAR,-0.008692000000000002,0.13309,0.4574736842105264,0.66545,0.5614618421052632
M4552,0.0001,5.5e-06,0.0,-0.5,0.035,0.027632,0.0733,2SEG,1,LIDAR,-0.008632,0.1267,0.4543157894736843,0.6335,0.5439078947368421
M4553,0.0001,5.5e-06,0.0,-0.5,0.04,0.027576,0.07932,2SEG,1,LIDAR,-0.008576,0.12068000000000001,0.4513684210526316,0.6034,0.5273842105263158
M4554,0.0001,5.5e-06,0.0,-0.5,0.05,0.027472,0.09047,2SEG,1,LIDAR,-0.008472,0.10953000000000002,0.4458947368421053,0.5476500000000001,0.49677236842105266
M4555,0.0001,5.5e-06,0.0,-0.5,0.08,0.027201,0.1192,2SEG,1,LIDAR,-0.008201,0.08080000000000001,0.4316315789473684,0.404,0.41781578947368425
M4556,0.0001,5.5e-06,0.0,-0.25,0.03,0.02771,0.05927,2SEG,1,LIDAR,-0.008709999999999999,0.14073000000000002,0.4584210526315789,0.7036500000000001,0.5810355263157895
M4557,0.0001,5.5e-06,0.0,-0.25,0.035,0.027652,0.06493,2SEG,1,LIDAR,-0.008652,0.13507000000000002,0.4553684210526316,0.6753500000000001,0.5653592105263159
M4558,0.0001,5.5e-06,0.0,-0.25,0.04,0.027598,0.07026,2SEG,1,LIDAR,-0.008598000000000001,0.12974000000000002,0.4525263157894738,0.6487,0.5506131578947369
M4559,0.0001,5.5e-06,0.0,-0.25,0.05,0.027496,0.08015,2SEG,1,LIDAR,-0.008496,0.11985000000000001,0.44715789473684214,0.5992500000000001,0.5232039473684211
M4560,0.0001,5.5e-06,0.0,-0.25,0.08,0.027234,0.1057,2SEG,1,LIDAR,-0.008234000000000002,0.09430000000000001,0.4333684210526317,0.47150000000000003,0.4524342105263158
M4561,0.0001,5.5e-06,0.0,0.0,0.03,0.027722,0.05438,2SEG,1,LIDAR,-0.008722,0.14562000000000003,0.45905263157894743,0.7281000000000001,0.5935763157894738
M4562,0.0001,5.5e-06,0.0,0.0,0.035,0.027665,0.05958,2SEG,1,LIDAR,-0.008664999999999999,0.14042000000000002,0.4560526315789473,0.7021000000000001,0.5790763157894737
M4563,0.0001,5.5e-06,0.0,0.0,0.04,0.027611,0.06447,2SEG,1,LIDAR,-0.008611,0.13553,0.4532105263157895,0.67765,0.5654302631578947
M4564,0.0001,5.5e-06,0.0,0.0,0.05,0.027512,0.07355,2SEG,1,LIDAR,-0.008512000000000002,0.12645,0.4480000000000001,0.63225,0.5401250000000001
M4565,0.0001,5.5e-06,0.0,0.0,0.08,0.027254,0.09696,2SEG,1,LIDAR,-0.008254000000000001,0.10304,0.434421052631579,0.5152,0.47481052631578946
M4566,0.0001,5.5e-06,0.0,0.25,0.03,0.02773,0.05087,2SEG,1,LIDAR,-0.008730000000000002,0.14913,0.4594736842105264,0.74565,0.6025618421052632
M4567,0.0001,5.5e-06,0.0,0.25,0.035,0.027674,0.05573,2SEG,1,LIDAR,-0.008674000000000001,0.14427,0.4565263157894738,0.72135,0.5889381578947369
M4568,0.0001,5.5e-06,0.0,0.25,0.04,0.027621,0.06031,2SEG,1,LIDAR,-0.008621,0.13969,0.45373684210526316,0.69845,0.5760934210526316
M4569,0.0001,5.5e-06,0.0,0.25,0.05,0.027523,0.0688,2SEG,1,LIDAR,-0.008523,0.1312,0.448578947368421,0.656,0.5522894736842106
M4570,0.0001,5.5e-06,0.0,0.25,0.08,0.027269,0.09072,2SEG,1,LIDAR,-0.008269000000000002,0.10928000000000002,0.4352105263157896,0.5464,0.4908052631578948
M4571,0.0001,5.5e-06,0.0,0.5,0.03,0.027736,0.04817,2SEG,1,LIDAR,-0.008736,0.15183000000000002,0.4597894736842106,0.7591500000000001,0.6094697368421054
M4572,0.0001,5.5e-06,0.0,0.5,0.035,0.027681,0.05277,2SEG,1,LIDAR,-0.008681000000000001,0.14723000000000003,0.45689473684210535,0.7361500000000001,0.5965223684210528
M4573,0.0001,5.5e-06,0.0,0.5,0.04,0.027629,0.05711,2SEG,1,LIDAR,-0.008629000000000001,0.14289000000000002,0.4541578947368422,0.71445,0.5843039473684211
M4574,0.0001,5.5e-06,0.0,0.5,0.05,0.027532,0.06515,2SEG,1,LIDAR,-0.008532000000000001,0.13485000000000003,0.4490526315789474,0.6742500000000001,0.5616513157894738
M4575,0.0001,5.5e-06,0.0,0.5,0.08,0.027281,0.08591,2SEG,1,LIDAR,-0.008281,0.11409000000000001,0.4358421052631579,0.57045,0.503146052631579
M4576,0.0001,5.5e-06,0.25,-0.5,0.03,0.027722,0.06695,2SEG,1,LIDAR,-0.008722,0.13305,0.45905263157894743,0.66525,0.5621513157894737
M4577,0.0001,5.5e-06,0.25,-0.5,0.035,0.027665,0.07335,2SEG,1,LIDAR,-0.008664999999999999,0.12665,0.4560526315789473,0.63325,0.5446513157894737
M4578,0.0001,5.5e-06,0.25,-0.5,0.04,0.027611,0.07938,2SEG,1,LIDAR,-0.008611,0.12062,0.4532105263157895,0.6031,0.5281552631578947
M4579,0.0001,5.5e-06,0.25,-0.5,0.05,0.027512,0.09055,2SEG,1,LIDAR,-0.008512000000000002,0.10945,0.4480000000000001,0.54725,0.4976250000000001
M4580,0.0001,5.5e-06,0.25,-0.5,0.08,0.027254,0.1194,2SEG,1,LIDAR,-0.008254000000000001,0.0806,0.434421052631579,0.403,0.41871052631578953
M4581,0.0001,5.5e-06,0.25,-0.25,0.03,0.02774,0.05931,2SEG,1,LIDAR,-0.008740000000000001,0.14069,0.4600000000000001,0.70345,0.581725
M4582,0.0001,5.5e-06,0.25,-0.25,0.035,0.027685,0.06498,2SEG,1,LIDAR,-0.008685000000000002,0.13502000000000003,0.45710526315789485,0.6751000000000001,0.5661026315789475
M4583,0.0001,5.5e-06,0.25,-0.25,0.04,0.027633,0.07032,2SEG,1,LIDAR,-0.008633000000000002,0.12968000000000002,0.4543684210526317,0.6484000000000001,0.5513842105263159
M4584,0.0001,5.5e-06,0.25,-0.25,0.05,0.027536,0.08022,2SEG,1,LIDAR,-0.008536000000000002,0.11978000000000001,0.449263157894737,0.5989,0.5240815789473685
M4585,0.0001,5.5e-06,0.25,-0.25,0.08,0.027286,0.1058,2SEG,1,LIDAR,-0.008286000000000002,0.0942,0.43610526315789483,0.47100000000000003,0.45355263157894743
M4586,0.0001,5.5e-06,0.25,0.0,0.03,0.027751,0.05442,2SEG,1,LIDAR,-0.008751000000000002,0.14558000000000001,0.46057894736842114,0.7279,0.5942394736842106
M4587,0.0001,5.5e-06,0.25,0.0,0.035,0.027697,0.05962,2SEG,1,LIDAR,-0.008697,0.14038,0.45773684210526316,0.7019,0.5798184210526316
M4588,0.0001,5.5e-06,0.25,0.0,0.04,0.027646,0.06452,2SEG,1,LIDAR,-0.008646000000000001,0.13548000000000002,0.45505263157894743,0.6774,0.5662263157894737
M4589,0.0001,5.5e-06,0.25,0.0,0.05,0.027552,0.07361,2SEG,1,LIDAR,-0.008552,0.12639,0.4501052631578948,0.63195,0.5410276315789474
M4590,0.0001,5.5e-06,0.25,0.0,0.08,0.027307,0.09708,2SEG,1,LIDAR,-0.008307000000000002,0.10292000000000001,0.4372105263157896,0.5146000000000001,0.47590526315789483
M4591,0.0001,5.5e-06,0.25,0.25,0.03,0.02776,0.0509,2SEG,1,LIDAR,-0.00876,0.1491,0.4610526315789474,0.7455,0.6032763157894737
M4592,0.0001,5.5e-06,0.25,0.25,0.035,0.027706,0.05577,2SEG,1,LIDAR,-0.008706000000000002,0.14423000000000002,0.45821052631578957,0.7211500000000001,0.5896802631578948
M4593,0.0001,5.5e-06,0.25,0.25,0.04,0.027656,0.06036,2SEG,1,LIDAR,-0.008656,0.13964000000000001,0.4555789473684211,0.6982,0.5768894736842105
M4594,0.0001,5.5e-06,0.25,0.25,0.05,0.027563,0.06886,2SEG,1,LIDAR,-0.008563000000000001,0.13114,0.45068421052631585,0.6557,0.5531921052631579
M4595,0.0001,5.5e-06,0.25,0.25,0.08,0.027322,0.09082,2SEG,1,LIDAR,-0.008322,0.10918000000000001,0.438,0.5459,0.49195
M4596,0.0001,5.5e-06,0.25,0.5,0.03,0.027766,0.0482,2SEG,1,LIDAR,-0.008766,0.15180000000000002,0.46136842105263154,0.759,0.6101842105263158
M4597,0.0001,5.5e-06,0.25,0.5,0.035,0.027713,0.05281,2SEG,1,LIDAR,-0.008713000000000002,0.14719000000000002,0.45857894736842114,0.73595,0.5972644736842105
M4598,0.0001,5.5e-06,0.25,0.5,0.04,0.027664,0.05715,2SEG,1,LIDAR,-0.008664000000000002,0.14285,0.45600000000000007,0.7142499999999999,0.585125
M4599,0.0001,5.5e-06,0.25,0.5,0.05,0.027572,0.06521,2SEG,1,LIDAR,-0.008572,0.13479000000000002,0.4511578947368421,0.67395,0.5625539473684211
M4600,0.0001,5.5e-06,0.25,0.5,0.08,0.027334,0.08601,2SEG,1,LIDAR,-0.008334000000000001,0.11399000000000001,0.4386315789473685,0.56995,0.5042907894736842
M4601,0.0001,5.5e-06,0.5,-0.5,0.03,0.027744,0.06698,2SEG,1,LIDAR,-0.008744000000000002,0.13302000000000003,0.46021052631578957,0.6651000000000001,0.5626552631578948
M4602,0.0001,5.5e-06,0.5,-0.5,0.035,0.02769,0.07339,2SEG,1,LIDAR,-0.00869,0.12661,0.4573684210526316,0.63305,0.5452092105263158
M4603,0.0001,5.5e-06,0.5,-0.5,0.04,0.027638,0.07942,2SEG,1,LIDAR,-0.008638,0.12058,0.45463157894736844,0.6029,0.5287657894736842
M4604,0.0001,5.5e-06,0.5,-0.5,0.05,0.027542,0.09061,2SEG,1,LIDAR,-0.008542000000000001,0.10939000000000002,0.44957894736842113,0.54695,0.49826447368421056
M4605,0.0001,5.5e-06,0.5,-0.5,0.08,0.027294,0.1195,2SEG,1,LIDAR,-0.008294,0.08050000000000002,0.43652631578947365,0.4025000000000001,0.41951315789473687
M4606,0.0001,5.5e-06,0.5,-0.25,0.03,0.027762,0.05934,2SEG,1,LIDAR,-0.008761999999999999,0.14066,0.46115789473684204,0.7033,0.582228947368421
M4607,0.0001,5.5e-06,0.5,-0.25,0.035,0.02771,0.06501,2SEG,1,LIDAR,-0.008709999999999999,0.13499,0.4584210526315789,0.6749499999999999,0.5666855263157894
M4608,0.0001,5.5e-06,0.5,-0.25,0.04,0.02766,0.07036,2SEG,1,LIDAR,-0.008660000000000001,0.12964,0.4557894736842106,0.6482,0.5519947368421053
M4609,0.0001,5.5e-06,0.5,-0.25,0.05,0.027567,0.08028,2SEG,1,LIDAR,-0.008567000000000002,0.11972000000000001,0.45089473684210535,0.5986,0.5247473684210526
M4610,0.0001,5.5e-06,0.5,-0.25,0.08,0.027327,0.1059,2SEG,1,LIDAR,-0.008327000000000001,0.09410000000000002,0.4382631578947369,0.4705000000000001,0.4543815789473685
M4611,0.0001,5.5e-06,0.5,0.0,0.03,0.027774,0.05444,2SEG,1,LIDAR,-0.008774,0.14556000000000002,0.4617894736842106,0.7278000000000001,0.5947947368421054
M4612,0.0001,5.5e-06,0.5,0.0,0.035,0.027722,0.05965,2SEG,1,LIDAR,-0.008722,0.14035,0.45905263157894743,0.70175,0.5804013157894737
M4613,0.0001,5.5e-06,0.5,0.0,0.04,0.027673,0.06456,2SEG,1,LIDAR,-0.008673,0.13544,0.4564736842105263,0.6772,0.5668368421052632
M4614,0.0001,5.5e-06,0.5,0.0,0.05,0.027583,0.07366,2SEG,1,LIDAR,-0.008583,0.12634,0.4517368421052632,0.6317,0.5417184210526316
M4615,0.0001,5.5e-06,0.5,0.0,0.08,0.027348,0.09716,2SEG,1,LIDAR,-0.008348000000000001,0.10284000000000001,0.43936842105263163,0.5142,0.4767842105263158
M4616,0.0001,5.5e-06,0.5,0.25,0.03,0.027782,0.05093,2SEG,1,LIDAR,-0.008782000000000002,0.14907,0.46221052631578957,0.74535,0.6037802631578948
M4617,0.0001,5.5e-06,0.5,0.25,0.035,0.027731,0.0558,2SEG,1,LIDAR,-0.008731,0.1442,0.45952631578947367,0.721,0.5902631578947368
M4618,0.0001,5.5e-06,0.5,0.25,0.04,0.027683,0.06039,2SEG,1,LIDAR,-0.008683,0.13961,0.457,0.6980500000000001,0.5775250000000001
M4619,0.0001,5.5e-06,0.5,0.25,0.05,0.027594,0.06891,2SEG,1,LIDAR,-0.008594000000000001,0.13109,0.4523157894736843,0.65545,0.5538828947368422
M4620,0.0001,5.5e-06,0.5,0.25,0.08,0.027363,0.0909,2SEG,1,LIDAR,-0.008362999999999999,0.10910000000000002,0.4401578947368421,0.5455000000000001,0.4928289473684211
M4621,0.0001,5.5e-06,0.5,0.5,0.03,0.027789,0.04822,2SEG,1,LIDAR,-0.008789000000000002,0.15178000000000003,0.46257894736842115,0.7589000000000001,0.6107394736842107
M4622,0.0001,5.5e-06,0.5,0.5,0.035,0.027738,0.05284,2SEG,1,LIDAR,-0.008738,0.14716,0.45989473684210525,0.7358,0.5978473684210526
M4623,0.0001,5.5e-06,0.5,0.5,0.04,0.027691,0.05719,2SEG,1,LIDAR,-0.008691,0.14281000000000002,0.457421052631579,0.7140500000000001,0.5857355263157895
M4624,0.0001,5.5e-06,0.5,0.5,0.05,0.027603,0.06525,2SEG,1,LIDAR,-0.008603,0.13475,0.4527894736842105,0.67375,0.5632697368421052
M4625,0.0001,5.5e-06,0.5,0.5,0.08,0.027374,0.08608,2SEG,1,LIDAR,-0.008374,0.11392000000000001,0.44073684210526315,0.5696,0.5051684210526316
M4626,0.0001,1e-05,-0.5,-0.5,0.03,0.029029,0.06881,2SEG,1,LIDAR,-0.010029,0.13119000000000003,0.5278421052631579,0.6559500000000001,0.5918960526315791
M4627,0.0001,1e-05,-0.5,-0.5,0.035,0.028949,0.07535,2SEG,1,LIDAR,-0.009949,0.12465000000000001,0.5236315789473684,0.62325,0.5734407894736842
M4628,0.0001,1e-05,-0.5,-0.5,0.04,0.028872,0.08151,2SEG,1,LIDAR,-0.009871999999999999,0.11849000000000001,0.519578947368421,0.59245,0.5560144736842105
M4629,0.0001,1e-05,-0.5,-0.5,0.05,0.028731,0.09292,2SEG,1,LIDAR,-0.009731,0.10708000000000001,0.5121578947368421,0.5354,0.5237789473684211
M4630,0.0001,1e-05,-0.5,-0.5,0.08,0.028365,0.1222,2SEG,1,LIDAR,-0.009365000000000002,0.07780000000000001,0.4928947368421054,0.389,0.4409473684210527
M4631,0.0001,1e-05,-0.5,-0.25,0.03,0.029061,0.06097,2SEG,1,LIDAR,-0.010061,0.13903000000000001,0.5295263157894737,0.69515,0.6123381578947369
M4632,0.0001,1e-05,-0.5,-0.25,0.035,0.028983,0.06677,2SEG,1,LIDAR,-0.009982999999999999,0.13323000000000002,0.5254210526315789,0.66615,0.5957855263157894
M4633,0.0001,1e-05,-0.5,-0.25,0.04,0.028911,0.07223,2SEG,1,LIDAR,-0.009911,0.12777,0.5216315789473684,0.6388499999999999,0.5802407894736842
M4634,0.0001,1e-05,-0.5,-0.25,0.05,0.028775,0.08235,2SEG,1,LIDAR,-0.009774999999999999,0.11765,0.5144736842105263,0.5882499999999999,0.5513618421052631
M4635,0.0001,1e-05,-0.5,-0.25,0.08,0.028423,0.1084,2SEG,1,LIDAR,-0.009423,0.09160000000000001,0.4959473684210527,0.4580000000000001,0.4769736842105264
M4636,0.0001,1e-05,-0.5,0.0,0.03,0.029081,0.05595,2SEG,1,LIDAR,-0.010081,0.14405,0.530578947368421,0.7202500000000001,0.6254144736842105
M4637,0.0001,1e-05,-0.5,0.0,0.035,0.029005,0.06128,2SEG,1,LIDAR,-0.010005,0.13872,0.526578947368421,0.6936,0.6100894736842105
M4638,0.0001,1e-05,-0.5,0.0,0.04,0.028934,0.06629,2SEG,1,LIDAR,-0.009934000000000002,0.13371,0.522842105263158,0.66855,0.595696052631579
M4639,0.0001,1e-05,-0.5,0.0,0.05,0.028803,0.07558,2SEG,1,LIDAR,-0.009803,0.12442000000000002,0.5159473684210526,0.6221000000000001,0.5690236842105263
M4640,0.0001,1e-05,-0.5,0.0,0.08,0.02846,0.09949,2SEG,1,LIDAR,-0.00946,0.10051000000000002,0.4978947368421053,0.50255,0.5002223684210527
M4641,0.0001,1e-05,-0.5,0.25,0.03,0.029096,0.05234,2SEG,1,LIDAR,-0.010096,0.14766,0.5313684210526316,0.7383000000000001,0.6348342105263158
M4642,0.0001,1e-05,-0.5,0.25,0.035,0.029022,0.05733,2SEG,1,LIDAR,-0.010022,0.14267000000000002,0.5274736842105263,0.71335,0.6204118421052631
M4643,0.0001,1e-05,-0.5,0.25,0.04,0.028952,0.06202,2SEG,1,LIDAR,-0.009951999999999999,0.13798000000000002,0.5237894736842105,0.6899000000000001,0.6068447368421053
M4644,0.0001,1e-05,-0.5,0.25,0.05,0.028823,0.07072,2SEG,1,LIDAR,-0.009823000000000002,0.12928,0.5170000000000001,0.6464,0.5817000000000001
M4645,0.0001,1e-05,-0.5,0.25,0.08,0.028486,0.0931,2SEG,1,LIDAR,-0.009486000000000001,0.10690000000000001,0.4992631578947369,0.5345,0.5168815789473684
M4646,0.0001,1e-05,-0.5,0.5,0.03,0.029107,0.04957,2SEG,1,LIDAR,-0.010107000000000001,0.15043,0.5319473684210527,0.75215,0.6420486842105264
M4647,0.0001,1e-05,-0.5,0.5,0.035,0.029034,0.05429,2SEG,1,LIDAR,-0.010034000000000001,0.14571,0.5281052631578949,0.72855,0.6283276315789474
M4648,0.0001,1e-05,-0.5,0.5,0.04,0.028965,0.05874,2SEG,1,LIDAR,-0.009965000000000002,0.14126,0.5244736842105264,0.7062999999999999,0.6153868421052632
M4649,0.0001,1e-05,-0.5,0.5,0.05,0.028837,0.06697,2SEG,1,LIDAR,-0.009837000000000002,0.13303,0.5177368421052633,0.66515,0.5914434210526316
M4650,0.0001,1e-05,-0.5,0.5,0.08,0.028507,0.08818,2SEG,1,LIDAR,-0.009507000000000002,0.11182000000000002,0.5003684210526317,0.5591,0.5297342105263159
M4651,0.0001,1e-05,-0.25,-0.5,0.03,0.029092,0.0689,2SEG,1,LIDAR,-0.010092,0.1311,0.5311578947368422,0.6555,0.5933289473684211
M4652,0.0001,1e-05,-0.25,-0.5,0.035,0.029018,0.07546,2SEG,1,LIDAR,-0.010017999999999999,0.12454000000000001,0.5272631578947368,0.6227,0.5749815789473685
M4653,0.0001,1e-05,-0.25,-0.5,0.04,0.028948,0.08164,2SEG,1,LIDAR,-0.009948000000000002,0.11836,0.5235789473684211,0.5918,0.5576894736842106
M4654,0.0001,1e-05,-0.25,-0.5,0.05,0.028817,0.09308,2SEG,1,LIDAR,-0.009817,0.10692000000000002,0.5166842105263157,0.5346000000000001,0.5256421052631579
M4655,0.0001,1e-05,-0.25,-0.5,0.08,0.028477,0.1225,2SEG,1,LIDAR,-0.009477,0.07750000000000001,0.4987894736842105,0.38750000000000007,0.4431447368421053
M4656,0.0001,1e-05,-0.25,-0.25,0.03,0.029124,0.06105,2SEG,1,LIDAR,-0.010124000000000001,0.13895000000000002,0.532842105263158,0.6947500000000001,0.6137960526315791
M4657,0.0001,1e-05,-0.25,-0.25,0.035,0.029052,0.06687,2SEG,1,LIDAR,-0.010052000000000002,0.13313000000000003,0.5290526315789474,0.6656500000000001,0.5973513157894738
M4658,0.0001,1e-05,-0.25,-0.25,0.04,0.028985,0.07234,2SEG,1,LIDAR,-0.009985,0.12766,0.5255263157894737,0.6383,0.5819131578947369
M4659,0.0001,1e-05,-0.25,-0.25,0.05,0.02886,0.08249,2SEG,1,LIDAR,-0.00986,0.11751000000000002,0.5189473684210527,0.58755,0.5532486842105264
M4660,0.0001,1e-05,-0.25,-0.25,0.08,0.028535,0.1086,2SEG,1,LIDAR,-0.009535000000000002,0.09140000000000001,0.501842105263158,0.457,0.47942105263157897
M4661,0.0001,1e-05,-0.25,0.0,0.03,0.029145,0.05602,2SEG,1,LIDAR,-0.010145000000000001,0.14398,0.5339473684210527,0.7199,0.6269236842105264
M4662,0.0001,1e-05,-0.25,0.0,0.035,0.029075,0.06137,2SEG,1,LIDAR,-0.010075,0.13863,0.5302631578947369,0.6931499999999999,0.6117065789473684
M4663,0.0001,1e-05,-0.25,0.0,0.04,0.029009,0.06639,2SEG,1,LIDAR,-0.010009,0.13361,0.5267894736842106,0.66805,0.5974197368421053
M4664,0.0001,1e-05,-0.25,0.0,0.05,0.028888,0.07572,2SEG,1,LIDAR,-0.009888000000000001,0.12428000000000002,0.520421052631579,0.6214000000000001,0.5709105263157895
M4665,0.0001,1e-05,-0.25,0.0,0.08,0.028572,0.09973,2SEG,1,LIDAR,-0.009572,0.10027000000000001,0.5037894736842106,0.5013500000000001,0.5025697368421054
M4666,0.0001,1e-05,-0.25,0.25,0.03,0.029159,0.05241,2SEG,1,LIDAR,-0.010159000000000001,0.14759,0.5346842105263159,0.73795,0.636317105263158
M4667,0.0001,1e-05,-0.25,0.25,0.035,0.029091,0.05741,2SEG,1,LIDAR,-0.010091,0.14259,0.5311052631578947,0.71295,0.6220276315789474
M4668,0.0001,1e-05,-0.25,0.25,0.04,0.029027,0.06212,2SEG,1,LIDAR,-0.010027000000000001,0.13788,0.5277368421052633,0.6894,0.6085684210526316
M4669,0.0001,1e-05,-0.25,0.25,0.05,0.028907,0.07084,2SEG,1,LIDAR,-0.009907,0.12916,0.5214210526315789,0.6457999999999999,0.5836105263157894
M4670,0.0001,1e-05,-0.25,0.25,0.08,0.028599,0.09332,2SEG,1,LIDAR,-0.009599,0.10668000000000001,0.5052105263157894,0.5334,0.5193052631578947
M4671,0.0001,1e-05,-0.25,0.5,0.03,0.029171,0.04963,2SEG,1,LIDAR,-0.010171,0.15037,0.5353157894736842,0.75185,0.643582894736842
M4672,0.0001,1e-05,-0.25,0.5,0.035,0.029104,0.05437,2SEG,1,LIDAR,-0.010104000000000002,0.14563,0.5317894736842106,0.72815,0.6299697368421053
M4673,0.0001,1e-05,-0.25,0.5,0.04,0.02904,0.05883,2SEG,1,LIDAR,-0.01004,0.14117000000000002,0.528421052631579,0.7058500000000001,0.6171355263157896
M4674,0.0001,1e-05,-0.25,0.5,0.05,0.028923,0.06709,2SEG,1,LIDAR,-0.009923000000000001,0.13291000000000003,0.5222631578947369,0.6645500000000001,0.5934065789473685
M4675,0.0001,1e-05,-0.25,0.5,0.08,0.028619,0.08839,2SEG,1,LIDAR,-0.009618999999999999,0.11161000000000001,0.5062631578947369,0.55805,0.5321565789473685
M4676,0.0001,1e-05,0.0,-0.5,0.03,0.029133,0.06896,2SEG,1,LIDAR,-0.010133,0.13104000000000002,0.5333157894736842,0.6552,0.5942578947368421
M4677,0.0001,1e-05,0.0,-0.5,0.035,0.029062,0.07553,2SEG,1,LIDAR,-0.010062000000000001,0.12447000000000001,0.5295789473684211,0.6223500000000001,0.5759644736842107
M4678,0.0001,1e-05,0.0,-0.5,0.04,0.028996,0.08172,2SEG,1,LIDAR,-0.009996000000000001,0.11828000000000001,0.5261052631578949,0.5914,0.5587526315789475
M4679,0.0001,1e-05,0.0,-0.5,0.05,0.028871,0.09319,2SEG,1,LIDAR,-0.009871000000000001,0.10681000000000002,0.5195263157894737,0.53405,0.5267881578947369
M4680,0.0001,1e-05,0.0,-0.5,0.08,0.028549,0.1227,2SEG,1,LIDAR,-0.009549000000000002,0.07730000000000001,0.5025789473684211,0.3865,0.44453947368421054
M4681,0.0001,1e-05,0.0,-0.25,0.03,0.029165,0.0611,2SEG,1,LIDAR,-0.010165,0.13890000000000002,0.535,0.6945000000000001,0.6147500000000001
M4682,0.0001,1e-05,0.0,-0.25,0.035,0.029097,0.06693,2SEG,1,LIDAR,-0.010097000000000002,0.13307000000000002,0.531421052631579,0.6653500000000001,0.5983855263157896
M4683,0.0001,1e-05,0.0,-0.25,0.04,0.029033,0.07242,2SEG,1,LIDAR,-0.010033,0.12758000000000003,0.5280526315789474,0.6379000000000001,0.5829763157894738
M4684,0.0001,1e-05,0.0,-0.25,0.05,0.028915,0.08259,2SEG,1,LIDAR,-0.009915,0.11741000000000001,0.5218421052631579,0.5870500000000001,0.554446052631579
M4685,0.0001,1e-05,0.0,-0.25,0.08,0.028607,0.1088,2SEG,1,LIDAR,-0.009607000000000001,0.09120000000000002,0.5056315789473684,0.45600000000000007,0.48081578947368425
M4686,0.0001,1e-05,0.0,0.0,0.03,0.029185,0.05607,2SEG,1,LIDAR,-0.010185,0.14393,0.5360526315789473,0.71965,0.6278513157894736
M4687,0.0001,1e-05,0.0,0.0,0.035,0.02912,0.06142,2SEG,1,LIDAR,-0.01012,0.13858,0.5326315789473685,0.6929,0.6127657894736842
M4688,0.0001,1e-05,0.0,0.0,0.04,0.029058,0.06646,2SEG,1,LIDAR,-0.010058000000000001,0.13354,0.5293684210526316,0.6677,0.5985342105263158
M4689,0.0001,1e-05,0.0,0.0,0.05,0.028943,0.0758,2SEG,1,LIDAR,-0.009943,0.1242,0.5233157894736843,0.621,0.5721578947368422
M4690,0.0001,1e-05,0.0,0.0,0.08,0.028644,0.09988,2SEG,1,LIDAR,-0.009644,0.10012000000000001,0.507578947368421,0.5006,0.5040894736842105
M4691,0.0001,1e-05,0.0,0.25,0.03,0.0292,0.05246,2SEG,1,LIDAR,-0.0102,0.14754,0.5368421052631579,0.7377,0.637271052631579
M4692,0.0001,1e-05,0.0,0.25,0.035,0.029136,0.05746,2SEG,1,LIDAR,-0.010136,0.14254,0.5334736842105263,0.7127,0.6230868421052631
M4693,0.0001,1e-05,0.0,0.25,0.04,0.029075,0.06218,2SEG,1,LIDAR,-0.010075,0.13782,0.5302631578947369,0.6890999999999999,0.6096815789473684
M4694,0.0001,1e-05,0.0,0.25,0.05,0.028962,0.07092,2SEG,1,LIDAR,-0.009962000000000002,0.12908000000000003,0.5243157894736843,0.6454000000000001,0.5848578947368421
M4695,0.0001,1e-05,0.0,0.25,0.08,0.028671,0.09346,2SEG,1,LIDAR,-0.009670999999999999,0.10654000000000001,0.509,0.5327000000000001,0.52085
M4696,0.0001,1e-05,0.0,0.5,0.03,0.029211,0.04968,2SEG,1,LIDAR,-0.010211000000000001,0.15032,0.537421052631579,0.7516,0.6445105263157895
M4697,0.0001,1e-05,0.0,0.5,0.035,0.029148,0.05442,2SEG,1,LIDAR,-0.010148,0.14558000000000001,0.5341052631578947,0.7279,0.6310026315789474
M4698,0.0001,1e-05,0.0,0.5,0.04,0.029088,0.05889,2SEG,1,LIDAR,-0.010088,0.14111,0.5309473684210526,0.70555,0.6182486842105264
M4699,0.0001,1e-05,0.0,0.5,0.05,0.028978,0.06717,2SEG,1,LIDAR,-0.009978,0.13283,0.5251578947368422,0.66415,0.5946539473684211
M4700,0.0001,1e-05,0.0,0.5,0.08,0.028691,0.08852,2SEG,1,LIDAR,-0.009691000000000002,0.11148000000000001,0.5100526315789474,0.5574,0.5337263157894737
M4701,0.0001,1e-05,0.25,-0.5,0.03,0.029162,0.069,2SEG,1,LIDAR,-0.010162000000000001,0.131,0.534842105263158,0.655,0.594921052631579
M4702,0.0001,1e-05,0.25,-0.5,0.035,0.029094,0.07558,2SEG,1,LIDAR,-0.010093999999999999,0.12442000000000002,0.5312631578947368,0.6221000000000001,0.5766815789473685
M4703,0.0001,1e-05,0.25,-0.5,0.04,0.02903,0.08178,2SEG,1,LIDAR,-0.01003,0.11822,0.5278947368421053,0.5911,0.5594973684210527
M4704,0.0001,1e-05,0.25,-0.5,0.05,0.028911,0.09326,2SEG,1,LIDAR,-0.009911,0.10674000000000002,0.5216315789473684,0.5337000000000001,0.5276657894736843
M4705,0.0001,1e-05,0.25,-0.5,0.08,0.028601,0.1229,2SEG,1,LIDAR,-0.009601000000000002,0.07710000000000002,0.5053157894736843,0.38550000000000006,0.44540789473684217
M4706,0.0001,1e-05,0.25,-0.25,0.03,0.029194,0.06114,2SEG,1,LIDAR,-0.010194000000000002,0.13886,0.5365263157894737,0.6943,0.6154131578947368
M4707,0.0001,1e-05,0.25,-0.25,0.035,0.029129,0.06697,2SEG,1,LIDAR,-0.010128999999999999,0.13303,0.5331052631578947,0.66515,0.5991276315789473
M4708,0.0001,1e-05,0.25,-0.25,0.04,0.029068,0.07247,2SEG,1,LIDAR,-0.010068,0.12753,0.5298947368421053,0.6376499999999999,0.5837723684210526
M4709,0.0001,1e-05,0.25,-0.25,0.05,0.028955,0.08266,2SEG,1,LIDAR,-0.009955000000000002,0.11734000000000001,0.5239473684210527,0.5867,0.5553236842105264
M4710,0.0001,1e-05,0.25,-0.25,0.08,0.028659,0.1089,2SEG,1,LIDAR,-0.009659000000000001,0.09110000000000001,0.5083684210526317,0.45550000000000007,0.4819342105263159
M4711,0.0001,1e-05,0.25,0.0,0.03,0.029215,0.0561,2SEG,1,LIDAR,-0.010215000000000002,0.14390000000000003,0.5376315789473686,0.7195000000000001,0.6285657894736844
M4712,0.0001,1e-05,0.25,0.0,0.035,0.029152,0.06146,2SEG,1,LIDAR,-0.010152000000000001,0.13854,0.5343157894736843,0.6927,0.6135078947368422
M4713,0.0001,1e-05,0.25,0.0,0.04,0.029092,0.06651,2SEG,1,LIDAR,-0.010092,0.13349,0.5311578947368422,0.66745,0.5993039473684211
M4714,0.0001,1e-05,0.25,0.0,0.05,0.028983,0.07586,2SEG,1,LIDAR,-0.009982999999999999,0.12414000000000001,0.5254210526315789,0.6207,0.5730605263157895
M4715,0.0001,1e-05,0.25,0.0,0.08,0.028696,0.09999,2SEG,1,LIDAR,-0.009696,0.10001000000000002,0.5103157894736842,0.50005,0.5051828947368421
M4716,0.0001,1e-05,0.25,0.25,0.03,0.029229,0.05249,2SEG,1,LIDAR,-0.010229000000000002,0.14751,0.5383684210526317,0.7375499999999999,0.6379592105263159
M4717,0.0001,1e-05,0.25,0.25,0.035,0.029168,0.0575,2SEG,1,LIDAR,-0.010168,0.14250000000000002,0.5351578947368422,0.7125,0.6238289473684211
M4718,0.0001,1e-05,0.25,0.25,0.04,0.02911,0.06222,2SEG,1,LIDAR,-0.010110000000000001,0.13778,0.5321052631578947,0.6889000000000001,0.6105026315789475
M4719,0.0001,1e-05,0.25,0.25,0.05,0.029002,0.07098,2SEG,1,LIDAR,-0.010002,0.12902000000000002,0.526421052631579,0.6451000000000001,0.5857605263157896
M4720,0.0001,1e-05,0.25,0.25,0.08,0.028723,0.09356,2SEG,1,LIDAR,-0.009722999999999999,0.10644,0.5117368421052632,0.5322,0.5219684210526316
M4721,0.0001,1e-05,0.25,0.5,0.03,0.029241,0.04971,2SEG,1,LIDAR,-0.010241,0.15029,0.539,0.75145,0.6452249999999999
M4722,0.0001,1e-05,0.25,0.5,0.035,0.02918,0.05445,2SEG,1,LIDAR,-0.010180000000000002,0.14555,0.5357894736842106,0.72775,0.6317697368421054
M4723,0.0001,1e-05,0.25,0.5,0.04,0.029123,0.05893,2SEG,1,LIDAR,-0.010123,0.14107,0.5327894736842106,0.7053499999999999,0.6190697368421052
M4724,0.0001,1e-05,0.25,0.5,0.05,0.029017,0.06722,2SEG,1,LIDAR,-0.010017000000000002,0.13278,0.5272105263157896,0.6639,0.5955552631578949
M4725,0.0001,1e-05,0.25,0.5,0.08,0.028743,0.08862,2SEG,1,LIDAR,-0.009743000000000002,0.11138,0.5127894736842106,0.5569,0.5348447368421052
M4726,0.0001,1e-05,0.5,-0.5,0.03,0.029184,0.06903,2SEG,1,LIDAR,-0.010184000000000002,0.13097000000000003,0.5360000000000001,0.6548500000000002,0.5954250000000001
M4727,0.0001,1e-05,0.5,-0.5,0.035,0.029118,0.07562,2SEG,1,LIDAR,-0.010118000000000002,0.12438,0.5325263157894738,0.6219,0.5772131578947369
M4728,0.0001,1e-05,0.5,-0.5,0.04,0.029057,0.08182,2SEG,1,LIDAR,-0.010057,0.11818000000000001,0.5293157894736842,0.5909,0.5601078947368421
M4729,0.0001,1e-05,0.5,-0.5,0.05,0.028941,0.09332,2SEG,1,LIDAR,-0.009941000000000002,0.10668000000000001,0.5232105263157896,0.5334,0.5283052631578948
M4730,0.0001,1e-05,0.5,-0.5,0.08,0.028641,0.123,2SEG,1,LIDAR,-0.009641,0.07700000000000001,0.507421052631579,0.38500000000000006,0.4462105263157895
M4731,0.0001,1e-05,0.5,-0.25,0.03,0.029217,0.06116,2SEG,1,LIDAR,-0.010217,0.13884000000000002,0.5377368421052632,0.6942,0.6159684210526316
M4732,0.0001,1e-05,0.5,-0.25,0.035,0.029154,0.06701,2SEG,1,LIDAR,-0.010154,0.13299,0.5344210526315789,0.6649499999999999,0.5996855263157894
M4733,0.0001,1e-05,0.5,-0.25,0.04,0.029094,0.07251,2SEG,1,LIDAR,-0.010093999999999999,0.12749,0.5312631578947368,0.63745,0.5843565789473684
M4734,0.0001,1e-05,0.5,-0.25,0.05,0.028985,0.08271,2SEG,1,LIDAR,-0.009985,0.11729,0.5255263157894737,0.58645,0.5559881578947369
M4735,0.0001,1e-05,0.5,-0.25,0.08,0.028699,0.109,2SEG,1,LIDAR,-0.009699,0.09100000000000001,0.5104736842105263,0.455,0.48273684210526313
M4736,0.0001,1e-05,0.5,0.0,0.03,0.029237,0.05613,2SEG,1,LIDAR,-0.010237,0.14387,0.5387894736842105,0.7193499999999999,0.6290697368421052
M4737,0.0001,1e-05,0.5,0.0,0.035,0.029176,0.06149,2SEG,1,LIDAR,-0.010176000000000001,0.13851000000000002,0.5355789473684212,0.6925500000000001,0.6140644736842107
M4738,0.0001,1e-05,0.5,0.0,0.04,0.029119,0.06654,2SEG,1,LIDAR,-0.010119,0.13346000000000002,0.532578947368421,0.6673000000000001,0.5999394736842105
M4739,0.0001,1e-05,0.5,0.0,0.05,0.029013,0.07591,2SEG,1,LIDAR,-0.010013000000000001,0.12409,0.527,0.62045,0.573725
M4740,0.0001,1e-05,0.5,0.0,0.08,0.028736,0.1001,2SEG,1,LIDAR,-0.009736000000000002,0.09990000000000002,0.512421052631579,0.49950000000000006,0.5059605263157896
M4741,0.0001,1e-05,0.5,0.25,0.03,0.029252,0.05251,2SEG,1,LIDAR,-0.010252,0.14749,0.5395789473684212,0.73745,0.6385144736842105
M4742,0.0001,1e-05,0.5,0.25,0.035,0.029192,0.05753,2SEG,1,LIDAR,-0.010192,0.14247,0.5364210526315789,0.71235,0.6243855263157895
M4743,0.0001,1e-05,0.5,0.25,0.04,0.029136,0.06226,2SEG,1,LIDAR,-0.010136,0.13774,0.5334736842105263,0.6887,0.6110868421052631
M4744,0.0001,1e-05,0.5,0.25,0.05,0.029032,0.07103,2SEG,1,LIDAR,-0.010032,0.12897000000000003,0.528,0.6448500000000001,0.5864250000000001
M4745,0.0001,1e-05,0.5,0.25,0.08,0.028763,0.09364,2SEG,1,LIDAR,-0.009763,0.10636000000000001,0.513842105263158,0.5318,0.5228210526315791
M4746,0.0001,1e-05,0.5,0.5,0.03,0.029263,0.04973,2SEG,1,LIDAR,-0.010263000000000001,0.15027000000000001,0.5401578947368422,0.7513500000000001,0.6457539473684211
M4747,0.0001,1e-05,0.5,0.5,0.035,0.029205,0.05448,2SEG,1,LIDAR,-0.010204999999999999,0.14552,0.5371052631578946,0.7276,0.6323526315789474
M4748,0.0001,1e-05,0.5,0.5,0.04,0.02915,0.05896,2SEG,1,LIDAR,-0.01015,0.14104,0.5342105263157895,0.7051999999999999,0.6197052631578948
M4749,0.0001,1e-05,0.5,0.5,0.05,0.029048,0.06727,2SEG,1,LIDAR,-0.010048000000000001,0.13273000000000001,0.528842105263158,0.6636500000000001,0.596246052631579
M4750,0.0001,1e-05,0.5,0.5,0.08,0.028783,0.08869,2SEG,1,LIDAR,-0.009783,0.11131,0.5148947368421053,0.55655,0.5357223684210526
M4751,0.0001,5.5e-05,-0.5,-0.5,0.03,0.041851,0.08557,2SEG,1,LIDAR,-0.022851,0.11443000000000002,1.2026842105263158,0.57215,0.8874171052631579
M4752,0.0001,5.5e-05,-0.5,-0.5,0.035,0.041682,0.09364,2SEG,1,LIDAR,-0.022681999999999997,0.10636000000000001,1.1937894736842105,0.5318,0.8627947368421053
M4753,0.0001,5.5e-05,-0.5,-0.5,0.04,0.041521,0.1012,2SEG,1,LIDAR,-0.022521000000000003,0.09880000000000001,1.1853157894736843,0.49400000000000005,0.8396578947368422
M4754,0.0001,5.5e-05,-0.5,-0.5,0.05,0.041222,0.1152,2SEG,1,LIDAR,-0.022222000000000002,0.08480000000000001,1.1695789473684213,0.42400000000000004,0.7967894736842107
M4755,0.0001,5.5e-05,-0.5,-0.5,0.08,0.040439,0.151,2SEG,1,LIDAR,-0.021439000000000003,0.049000000000000016,1.1283684210526317,0.24500000000000008,0.6866842105263159
M4756,0.0001,5.5e-05,-0.5,-0.25,0.03,0.041994,0.07592,2SEG,1,LIDAR,-0.022993999999999997,0.12408000000000001,1.2102105263157894,0.6204000000000001,0.9153052631578947
M4757,0.0001,5.5e-05,-0.5,-0.25,0.035,0.041839,0.0831,2SEG,1,LIDAR,-0.022839,0.11690000000000002,1.2020526315789475,0.5845,0.8932763157894738
M4758,0.0001,5.5e-05,-0.5,-0.25,0.04,0.041693,0.08984,2SEG,1,LIDAR,-0.022693,0.11016000000000001,1.1943684210526317,0.5508,0.8725842105263159
M4759,0.0001,5.5e-05,-0.5,-0.25,0.05,0.04142,0.1023,2SEG,1,LIDAR,-0.02242,0.09770000000000001,1.18,0.48850000000000005,0.8342499999999999
M4760,0.0001,5.5e-05,-0.5,-0.25,0.08,0.040707,0.1343,2SEG,1,LIDAR,-0.021707,0.06570000000000001,1.1424736842105263,0.3285,0.7354868421052632
M4761,0.0001,5.5e-05,-0.5,0.0,0.03,0.042085,0.06974,2SEG,1,LIDAR,-0.023084999999999998,0.13026000000000001,1.2149999999999999,0.6513,0.9331499999999999
M4762,0.0001,5.5e-05,-0.5,0.0,0.035,0.04194,0.07634,2SEG,1,LIDAR,-0.02294,0.12366,1.2073684210526314,0.6183,0.9128342105263156
M4763,0.0001,5.5e-05,-0.5,0.0,0.04,0.041802,0.08254,2SEG,1,LIDAR,-0.022802,0.11746000000000001,1.2001052631578948,0.5873,0.8937026315789474
M4764,0.0001,5.5e-05,-0.5,0.0,0.05,0.041546,0.09402,2SEG,1,LIDAR,-0.022546,0.10598,1.1866315789473685,0.5299,0.8582657894736843
M4765,0.0001,5.5e-05,-0.5,0.0,0.08,0.040876,0.1235,2SEG,1,LIDAR,-0.021876000000000003,0.07650000000000001,1.1513684210526318,0.38250000000000006,0.7669342105263159
M4766,0.0001,5.5e-05,-0.5,0.25,0.03,0.04215,0.06528,2SEG,1,LIDAR,-0.02315,0.13472,1.218421052631579,0.6736,0.9460105263157895
M4767,0.0001,5.5e-05,-0.5,0.25,0.035,0.042011,0.07147,2SEG,1,LIDAR,-0.023011,0.12853,1.2111052631578947,0.6426499999999999,0.9268776315789473
M4768,0.0001,5.5e-05,-0.5,0.25,0.04,0.04188,0.07728,2SEG,1,LIDAR,-0.02288,0.12272000000000001,1.2042105263157896,0.6136,0.9089052631578949
M4769,0.0001,5.5e-05,-0.5,0.25,0.05,0.041636,0.08805,2SEG,1,LIDAR,-0.022636,0.11195000000000001,1.1913684210526316,0.55975,0.8755592105263158
M4770,0.0001,5.5e-05,-0.5,0.25,0.08,0.040998,0.1157,2SEG,1,LIDAR,-0.021998,0.08430000000000001,1.1577894736842105,0.42150000000000004,0.7896447368421052
M4771,0.0001,5.5e-05,-0.5,0.5,0.03,0.0422,0.06185,2SEG,1,LIDAR,-0.023200000000000002,0.13815,1.2210526315789474,0.69075,0.9559013157894737
M4772,0.0001,5.5e-05,-0.5,0.5,0.035,0.042066,0.06771,2SEG,1,LIDAR,-0.023066,0.13229000000000002,1.214,0.6614500000000001,0.937725
M4773,0.0001,5.5e-05,-0.5,0.5,0.04,0.04194,0.07323,2SEG,1,LIDAR,-0.02294,0.12677,1.2073684210526314,0.6338499999999999,0.9206092105263157
M4774,0.0001,5.5e-05,-0.5,0.5,0.05,0.041705,0.08344,2SEG,1,LIDAR,-0.022705,0.11656000000000001,1.195,0.5828,0.8889
M4775,0.0001,5.5e-05,-0.5,0.5,0.08,0.04109,0.1097,2SEG,1,LIDAR,-0.022090000000000002,0.0903,1.1626315789473685,0.4515,0.8070657894736842
M4776,0.0001,5.5e-05,-0.25,-0.5,0.03,0.041907,0.08564,2SEG,1,LIDAR,-0.022907,0.11436000000000002,1.2056315789473684,0.5718000000000001,0.8887157894736842
M4777,0.0001,5.5e-05,-0.25,-0.5,0.035,0.041743,0.09372,2SEG,1,LIDAR,-0.022743000000000003,0.10628000000000001,1.1970000000000003,0.5314,0.8642000000000001
M4778,0.0001,5.5e-05,-0.25,-0.5,0.04,0.041587,0.1013,2SEG,1,LIDAR,-0.022587,0.09870000000000001,1.1887894736842106,0.49350000000000005,0.8411447368421053
M4779,0.0001,5.5e-05,-0.25,-0.5,0.05,0.041297,0.1153,2SEG,1,LIDAR,-0.022297,0.08470000000000001,1.1735263157894738,0.42350000000000004,0.7985131578947369
M4780,0.0001,5.5e-05,-0.25,-0.5,0.08,0.040537,0.1512,2SEG,1,LIDAR,-0.021536999999999997,0.04880000000000001,1.1335263157894735,0.24400000000000005,0.6887631578947367
M4781,0.0001,5.5e-05,-0.25,-0.25,0.03,0.04205,0.07599,2SEG,1,LIDAR,-0.023049999999999998,0.12401000000000001,1.213157894736842,0.62005,0.916603947368421
M4782,0.0001,5.5e-05,-0.25,-0.25,0.035,0.041901,0.08317,2SEG,1,LIDAR,-0.022901,0.11683000000000002,1.2053157894736843,0.5841500000000001,0.8947328947368423
M4783,0.0001,5.5e-05,-0.25,-0.25,0.04,0.041759,0.08993,2SEG,1,LIDAR,-0.022758999999999998,0.11007000000000002,1.1978421052631578,0.55035,0.8740960526315789
M4784,0.0001,5.5e-05,-0.25,-0.25,0.05,0.041496,0.1024,2SEG,1,LIDAR,-0.022496,0.0976,1.184,0.488,0.836
M4785,0.0001,5.5e-05,-0.25,-0.25,0.08,0.040805,0.1344,2SEG,1,LIDAR,-0.021805,0.06560000000000002,1.1476315789473686,0.32800000000000007,0.7378157894736843
M4786,0.0001,5.5e-05,-0.25,0.0,0.03,0.042141,0.06979,2SEG,1,LIDAR,-0.023141,0.13021,1.2179473684210527,0.6510499999999999,0.9344986842105263
M4787,0.0001,5.5e-05,-0.25,0.0,0.035,0.042001,0.0764,2SEG,1,LIDAR,-0.023000999999999997,0.12360000000000002,1.210578947368421,0.618,0.9142894736842104
M4788,0.0001,5.5e-05,-0.25,0.0,0.04,0.041869,0.08262,2SEG,1,LIDAR,-0.022869000000000004,0.11738000000000001,1.2036315789473686,0.5869,0.8952657894736843
M4789,0.0001,5.5e-05,-0.25,0.0,0.05,0.041622,0.09413,2SEG,1,LIDAR,-0.022622,0.10587,1.1906315789473685,0.52935,0.8599907894736842
M4790,0.0001,5.5e-05,-0.25,0.0,0.08,0.040975,0.1236,2SEG,1,LIDAR,-0.021974999999999998,0.07640000000000001,1.156578947368421,0.382,0.7692894736842104
M4791,0.0001,5.5e-05,-0.25,0.25,0.03,0.042206,0.06533,2SEG,1,LIDAR,-0.023206,0.13467,1.2213684210526317,0.67335,0.9473592105263158
M4792,0.0001,5.5e-05,-0.25,0.25,0.035,0.042073,0.07153,2SEG,1,LIDAR,-0.023073,0.12847000000000003,1.2143684210526315,0.6423500000000001,0.9283592105263159
M4793,0.0001,5.5e-05,-0.25,0.25,0.04,0.041947,0.07736,2SEG,1,LIDAR,-0.022947,0.12264000000000001,1.2077368421052632,0.6132000000000001,0.9104684210526317
M4794,0.0001,5.5e-05,-0.25,0.25,0.05,0.041711,0.08814,2SEG,1,LIDAR,-0.022711,0.11186000000000001,1.195315789473684,0.5593,0.877307894736842
M4795,0.0001,5.5e-05,-0.25,0.25,0.08,0.041096,0.1158,2SEG,1,LIDAR,-0.022096,0.08420000000000001,1.1629473684210527,0.42100000000000004,0.7919736842105264
M4796,0.0001,5.5e-05,-0.25,0.5,0.03,0.042256,0.0619,2SEG,1,LIDAR,-0.023256000000000002,0.1381,1.2240000000000002,0.6905,0.9572500000000002
M4797,0.0001,5.5e-05,-0.25,0.5,0.035,0.042128,0.06777,2SEG,1,LIDAR,-0.023128,0.13223000000000001,1.2172631578947368,0.66115,0.9392065789473685
M4798,0.0001,5.5e-05,-0.25,0.5,0.04,0.042007,0.0733,2SEG,1,LIDAR,-0.023007000000000003,0.1267,1.2108947368421055,0.6335,0.9221973684210527
M4799,0.0001,5.5e-05,-0.25,0.5,0.05,0.04178,0.08353,2SEG,1,LIDAR,-0.022779999999999998,0.11647000000000002,1.1989473684210525,0.58235,0.8906486842105263
M4800,0.0001,5.5e-05,-0.25,0.5,0.08,0.041189,0.1098,2SEG,1,LIDAR,-0.022189000000000004,0.09020000000000002,1.1678421052631582,0.45100000000000007,0.8094210526315792
M4801,0.0001,5.5e-05,0.0,-0.5,0.03,0.041943,0.08569,2SEG,1,LIDAR,-0.022943,0.11431000000000001,1.2075263157894738,0.57155,0.8895381578947369
M4802,0.0001,5.5e-05,0.0,-0.5,0.035,0.041782,0.09377,2SEG,1,LIDAR,-0.022782,0.10623,1.1990526315789474,0.53115,0.8651013157894737
M4803,0.0001,5.5e-05,0.0,-0.5,0.04,0.04163,0.1014,2SEG,1,LIDAR,-0.02263,0.09860000000000001,1.1910526315789474,0.493,0.8420263157894736
M4804,0.0001,5.5e-05,0.0,-0.5,0.05,0.041346,0.1154,2SEG,1,LIDAR,-0.022346,0.08460000000000001,1.1761052631578948,0.42300000000000004,0.7995526315789474
M4805,0.0001,5.5e-05,0.0,-0.5,0.08,0.040599,0.1514,2SEG,1,LIDAR,-0.021599000000000004,0.048600000000000004,1.1367894736842108,0.24300000000000002,0.6898947368421054
M4806,0.0001,5.5e-05,0.0,-0.25,0.03,0.042086,0.07602,2SEG,1,LIDAR,-0.023086,0.12398,1.2150526315789474,0.6199,0.9174763157894736
M4807,0.0001,5.5e-05,0.0,-0.25,0.035,0.04194,0.08322,2SEG,1,LIDAR,-0.02294,0.11678000000000001,1.2073684210526314,0.5839,0.8956342105263158
M4808,0.0001,5.5e-05,0.0,-0.25,0.04,0.041802,0.08998,2SEG,1,LIDAR,-0.022802,0.11002,1.2001052631578948,0.5501,0.8751026315789474
M4809,0.0001,5.5e-05,0.0,-0.25,0.05,0.041544,0.1025,2SEG,1,LIDAR,-0.022543999999999998,0.09750000000000002,1.1865263157894737,0.48750000000000004,0.8370131578947368
M4810,0.0001,5.5e-05,0.0,-0.25,0.08,0.040868,0.1346,2SEG,1,LIDAR,-0.021868000000000002,0.06540000000000001,1.1509473684210527,0.32700000000000007,0.7389736842105263
M4811,0.0001,5.5e-05,0.0,0.0,0.03,0.042177,0.06983,2SEG,1,LIDAR,-0.023177,0.13017,1.2198421052631578,0.65085,0.9353460526315789
M4812,0.0001,5.5e-05,0.0,0.0,0.035,0.042041,0.07645,2SEG,1,LIDAR,-0.023041000000000002,0.12355000000000001,1.212684210526316,0.61775,0.915217105263158
M4813,0.0001,5.5e-05,0.0,0.0,0.04,0.041911,0.08267,2SEG,1,LIDAR,-0.022910999999999997,0.11733000000000002,1.2058421052631578,0.58665,0.896246052631579
M4814,0.0001,5.5e-05,0.0,0.0,0.05,0.04167,0.09419,2SEG,1,LIDAR,-0.02267,0.10581000000000002,1.1931578947368422,0.52905,0.8611039473684211
M4815,0.0001,5.5e-05,0.0,0.0,0.08,0.041038,0.1237,2SEG,1,LIDAR,-0.022038,0.0763,1.1598947368421053,0.3815,0.7706973684210526
M4816,0.0001,5.5e-05,0.0,0.25,0.03,0.042242,0.06537,2SEG,1,LIDAR,-0.023242000000000002,0.13463000000000003,1.223263157894737,0.6731500000000001,0.9482065789473686
M4817,0.0001,5.5e-05,0.0,0.25,0.035,0.042112,0.07157,2SEG,1,LIDAR,-0.023111999999999997,0.12843000000000002,1.2164210526315788,0.64215,0.9292855263157894
M4818,0.0001,5.5e-05,0.0,0.25,0.04,0.041989,0.0774,2SEG,1,LIDAR,-0.022989,0.12260000000000001,1.2099473684210527,0.613,0.9114736842105263
M4819,0.0001,5.5e-05,0.0,0.25,0.05,0.04176,0.08821,2SEG,1,LIDAR,-0.02276,0.11179000000000001,1.1978947368421053,0.5589500000000001,0.8784223684210527
M4820,0.0001,5.5e-05,0.0,0.25,0.08,0.04116,0.1159,2SEG,1,LIDAR,-0.022160000000000003,0.08410000000000001,1.1663157894736844,0.42050000000000004,0.7934078947368423
M4821,0.0001,5.5e-05,0.0,0.5,0.03,0.042292,0.06193,2SEG,1,LIDAR,-0.023292000000000004,0.13807000000000003,1.2258947368421056,0.6903500000000001,0.9581223684210529
M4822,0.0001,5.5e-05,0.0,0.5,0.035,0.042167,0.06781,2SEG,1,LIDAR,-0.023167000000000004,0.13219000000000003,1.2193157894736844,0.6609500000000001,0.9401328947368423
M4823,0.0001,5.5e-05,0.0,0.5,0.04,0.042049,0.07335,2SEG,1,LIDAR,-0.023049000000000004,0.12665,1.213105263157895,0.63325,0.9231776315789475
M4824,0.0001,5.5e-05,0.0,0.5,0.05,0.041829,0.08359,2SEG,1,LIDAR,-0.022829,0.11641000000000001,1.2015263157894736,0.5820500000000001,0.8917881578947369
M4825,0.0001,5.5e-05,0.0,0.5,0.08,0.041253,0.1099,2SEG,1,LIDAR,-0.022253,0.09010000000000001,1.1712105263157895,0.45050000000000007,0.8108552631578948
M4826,0.0001,5.5e-05,0.25,-0.5,0.03,0.041968,0.08572,2SEG,1,LIDAR,-0.022968,0.11428,1.208842105263158,0.5714,0.890121052631579
M4827,0.0001,5.5e-05,0.25,-0.5,0.035,0.04181,0.09381,2SEG,1,LIDAR,-0.02281,0.10619,1.2005263157894737,0.53095,0.8657381578947368
M4828,0.0001,5.5e-05,0.25,-0.5,0.04,0.04166,0.1014,2SEG,1,LIDAR,-0.022660000000000003,0.09860000000000001,1.1926315789473687,0.493,0.8428157894736843
M4829,0.0001,5.5e-05,0.25,-0.5,0.05,0.04138,0.1155,2SEG,1,LIDAR,-0.02238,0.0845,1.1778947368421053,0.4225,0.8001973684210526
M4830,0.0001,5.5e-05,0.25,-0.5,0.08,0.040644,0.1515,2SEG,1,LIDAR,-0.021644,0.048500000000000015,1.1391578947368421,0.24250000000000008,0.6908289473684212
M4831,0.0001,5.5e-05,0.25,-0.25,0.03,0.042112,0.07605,2SEG,1,LIDAR,-0.023111999999999997,0.12395,1.2164210526315788,0.61975,0.9180855263157894
M4832,0.0001,5.5e-05,0.25,-0.25,0.035,0.041968,0.08325,2SEG,1,LIDAR,-0.022968,0.11675,1.208842105263158,0.58375,0.896296052631579
M4833,0.0001,5.5e-05,0.25,-0.25,0.04,0.041833,0.09002,2SEG,1,LIDAR,-0.022833000000000003,0.10998000000000001,1.2017368421052632,0.5499,0.8758184210526316
M4834,0.0001,5.5e-05,0.25,-0.25,0.05,0.041579,0.1026,2SEG,1,LIDAR,-0.022579,0.09740000000000001,1.1883684210526315,0.48700000000000004,0.8376842105263158
M4835,0.0001,5.5e-05,0.25,-0.25,0.08,0.040913,0.1347,2SEG,1,LIDAR,-0.021913,0.06530000000000002,1.153315789473684,0.3265000000000001,0.739907894736842
M4836,0.0001,5.5e-05,0.25,0.0,0.03,0.042203,0.06985,2SEG,1,LIDAR,-0.023202999999999998,0.13015000000000002,1.2212105263157893,0.65075,0.9359802631578946
M4837,0.0001,5.5e-05,0.25,0.0,0.035,0.042069,0.07648,2SEG,1,LIDAR,-0.023069000000000003,0.12352,1.2141578947368423,0.6176,0.9158789473684212
M4838,0.0001,5.5e-05,0.25,0.0,0.04,0.041942,0.08271,2SEG,1,LIDAR,-0.022942,0.11729,1.2074736842105265,0.58645,0.8969618421052632
M4839,0.0001,5.5e-05,0.25,0.0,0.05,0.041705,0.09424,2SEG,1,LIDAR,-0.022705,0.10576,1.195,0.5288,0.8619000000000001
M4840,0.0001,5.5e-05,0.25,0.0,0.08,0.041084,0.1238,2SEG,1,LIDAR,-0.022084000000000003,0.07620000000000002,1.1623157894736844,0.38100000000000006,0.7716578947368422
M4841,0.0001,5.5e-05,0.25,0.25,0.03,0.042268,0.06539,2SEG,1,LIDAR,-0.023268,0.13461,1.2246315789473685,0.67305,0.9488407894736843
M4842,0.0001,5.5e-05,0.25,0.25,0.035,0.042141,0.0716,2SEG,1,LIDAR,-0.023141,0.12840000000000001,1.2179473684210527,0.642,0.9299736842105264
M4843,0.0001,5.5e-05,0.25,0.25,0.04,0.04202,0.07744,2SEG,1,LIDAR,-0.023020000000000002,0.12256000000000002,1.2115789473684213,0.6128,0.9121894736842107
M4844,0.0001,5.5e-05,0.25,0.25,0.05,0.041795,0.08825,2SEG,1,LIDAR,-0.022795,0.11175000000000002,1.1997368421052632,0.5587500000000001,0.8792434210526316
M4845,0.0001,5.5e-05,0.25,0.25,0.08,0.041205,0.116,2SEG,1,LIDAR,-0.022205,0.084,1.1686842105263158,0.42,0.7943421052631578
M4846,0.0001,5.5e-05,0.25,0.5,0.03,0.042318,0.06195,2SEG,1,LIDAR,-0.023318000000000002,0.13805,1.227263157894737,0.69025,0.9587565789473685
M4847,0.0001,5.5e-05,0.25,0.5,0.035,0.042196,0.06784,2SEG,1,LIDAR,-0.023195999999999998,0.13216,1.2208421052631577,0.6607999999999999,0.9408210526315788
M4848,0.0001,5.5e-05,0.25,0.5,0.04,0.04208,0.07338,2SEG,1,LIDAR,-0.02308,0.12662,1.2147368421052631,0.6331,0.9239184210526316
M4849,0.0001,5.5e-05,0.25,0.5,0.05,0.041864,0.08363,2SEG,1,LIDAR,-0.022864,0.11637000000000002,1.2033684210526316,0.5818500000000001,0.8926092105263159
M4850,0.0001,5.5e-05,0.25,0.5,0.08,0.041298,0.11,2SEG,1,LIDAR,-0.022298000000000002,0.09000000000000001,1.1735789473684213,0.45,0.8117894736842106
M4851,0.0001,5.5e-05,0.5,-0.5,0.03,0.041988,0.08574,2SEG,1,LIDAR,-0.022987999999999998,0.11426000000000001,1.2098947368421051,0.5713,0.8905973684210526
M4852,0.0001,5.5e-05,0.5,-0.5,0.035,0.041832,0.09384,2SEG,1,LIDAR,-0.022832,0.10616,1.201684210526316,0.5307999999999999,0.8662421052631579
M4853,0.0001,5.5e-05,0.5,-0.5,0.04,0.041684,0.1015,2SEG,1,LIDAR,-0.022684,0.0985,1.1938947368421053,0.4925,0.8431973684210526
M4854,0.0001,5.5e-05,0.5,-0.5,0.05,0.041407,0.1155,2SEG,1,LIDAR,-0.022407,0.0845,1.1793157894736843,0.4225,0.8009078947368422
M4855,0.0001,5.5e-05,0.5,-0.5,0.08,0.040679,0.1516,2SEG,1,LIDAR,-0.021679,0.0484,1.141,0.242,0.6915
M4856,0.0001,5.5e-05,0.5,-0.25,0.03,0.042132,0.07607,2SEG,1,LIDAR,-0.023132000000000003,0.12393000000000001,1.2174736842105265,0.61965,0.9185618421052633
M4857,0.0001,5.5e-05,0.5,-0.25,0.035,0.04199,0.08328,2SEG,1,LIDAR,-0.02299,0.11672,1.21,0.5836,0.8968
M4858,0.0001,5.5e-05,0.5,-0.25,0.04,0.041856,0.09005,2SEG,1,LIDAR,-0.022855999999999998,0.10995,1.2029473684210525,0.54975,0.8763486842105263
M4859,0.0001,5.5e-05,0.5,-0.25,0.05,0.041605,0.1026,2SEG,1,LIDAR,-0.022605000000000004,0.09740000000000001,1.1897368421052634,0.48700000000000004,0.8383684210526318
M4860,0.0001,5.5e-05,0.5,-0.25,0.08,0.040948,0.1347,2SEG,1,LIDAR,-0.021948,0.06530000000000002,1.1551578947368422,0.3265000000000001,0.7408289473684211
M4861,0.0001,5.5e-05,0.5,0.0,0.03,0.042223,0.06987,2SEG,1,LIDAR,-0.023222999999999997,0.13013000000000002,1.2222631578947367,0.6506500000000001,0.9364565789473684
M4862,0.0001,5.5e-05,0.5,0.0,0.035,0.042091,0.0765,2SEG,1,LIDAR,-0.023091000000000004,0.12350000000000001,1.2153157894736843,0.6175,0.9164078947368421
M4863,0.0001,5.5e-05,0.5,0.0,0.04,0.041965,0.08274,2SEG,1,LIDAR,-0.022965000000000003,0.11726000000000002,1.208684210526316,0.5863,0.897492105263158
M4864,0.0001,5.5e-05,0.5,0.0,0.05,0.041731,0.09428,2SEG,1,LIDAR,-0.022730999999999998,0.10572000000000001,1.1963684210526315,0.5286,0.8624842105263157
M4865,0.0001,5.5e-05,0.5,0.0,0.08,0.041119,0.1239,2SEG,1,LIDAR,-0.022119000000000003,0.07610000000000001,1.1641578947368423,0.38050000000000006,0.7723289473684212
M4866,0.0001,5.5e-05,0.5,0.25,0.03,0.042288,0.06541,2SEG,1,LIDAR,-0.023288,0.13459000000000002,1.2256842105263157,0.67295,0.9493171052631579
M4867,0.0001,5.5e-05,0.5,0.25,0.035,0.042163,0.07162,2SEG,1,LIDAR,-0.023163,0.12838,1.2191052631578947,0.6418999999999999,0.9305026315789473
M4868,0.0001,5.5e-05,0.5,0.25,0.04,0.042044,0.07746,2SEG,1,LIDAR,-0.023044,0.12254000000000001,1.212842105263158,0.6127,0.912771052631579
M4869,0.0001,5.5e-05,0.5,0.25,0.05,0.041822,0.08828,2SEG,1,LIDAR,-0.022822,0.11172000000000001,1.201157894736842,0.5586,0.879878947368421
M4870,0.0001,5.5e-05,0.5,0.25,0.08,0.04124,0.1161,2SEG,1,LIDAR,-0.02224,0.08390000000000002,1.1705263157894736,0.41950000000000004,0.7950131578947368
M4871,0.0001,5.5e-05,0.5,0.5,0.03,0.042338,0.06197,2SEG,1,LIDAR,-0.023338,0.13803,1.2283157894736842,0.69015,0.9592328947368421
M4872,0.0001,5.5e-05,0.5,0.5,0.035,0.042218,0.06786,2SEG,1,LIDAR,-0.023218,0.13214,1.222,0.6607,0.9413499999999999
M4873,0.0001,5.5e-05,0.5,0.5,0.04,0.042104,0.0734,2SEG,1,LIDAR,-0.023104000000000003,0.1266,1.2160000000000002,0.6329999999999999,0.9245000000000001
M4874,0.0001,5.5e-05,0.5,0.5,0.05,0.041891,0.08367,2SEG,1,LIDAR,-0.022890999999999998,0.11633000000000002,1.2047894736842104,0.58165,0.8932197368421052
M4875,0.0001,5.5e-05,0.5,0.5,0.08,0.041333,0.11,2SEG,1,LIDAR,-0.022333000000000002,0.09000000000000001,1.1754210526315791,0.45,0.8127105263157895
M4876,0.0001,0.0001,-0.5,-0.5,0.03,0.052489,0.09797,2SEG,1,LIDAR,-0.033489000000000005,0.10203000000000001,1.7625789473684212,0.51015,1.1363644736842107
M4877,0.0001,0.0001,-0.5,-0.5,0.035,0.052263,0.1072,2SEG,1,LIDAR,-0.033263,0.09280000000000001,1.7506842105263158,0.464,1.107342105263158
M4878,0.0001,0.0001,-0.5,-0.5,0.04,0.05205,0.1159,2SEG,1,LIDAR,-0.033049999999999996,0.08410000000000001,1.739473684210526,0.42050000000000004,1.079986842105263
M4879,0.0001,0.0001,-0.5,-0.5,0.05,0.051648,0.1318,2SEG,1,LIDAR,-0.032647999999999996,0.06820000000000001,1.718315789473684,0.341,1.029657894736842
M4880,0.0001,0.0001,-0.5,-0.5,0.08,0.050498,0.1725,2SEG,1,LIDAR,-0.031498,0.027500000000000024,1.6577894736842105,0.13750000000000012,0.8976447368421053
M4881,0.0001,0.0001,-0.5,-0.25,0.03,0.052704,0.08696,2SEG,1,LIDAR,-0.033704,0.11304000000000002,1.7738947368421052,0.5652,1.1695473684210527
M4882,0.0001,0.0001,-0.5,-0.25,0.035,0.052501,0.09517,2SEG,1,LIDAR,-0.033501,0.10483,1.7632105263157898,0.52415,1.1436802631578948
M4883,0.0001,0.0001,-0.5,-0.25,0.04,0.052308,0.1029,2SEG,1,LIDAR,-0.033308000000000004,0.0971,1.7530526315789476,0.4855,1.1192763157894738
M4884,0.0001,0.0001,-0.5,-0.25,0.05,0.051948,0.1171,2SEG,1,LIDAR,-0.032948000000000005,0.08290000000000002,1.734105263157895,0.41450000000000004,1.0743026315789475
M4885,0.0001,0.0001,-0.5,-0.25,0.08,0.050938,0.1535,2SEG,1,LIDAR,-0.031937999999999994,0.046500000000000014,1.6809473684210523,0.23250000000000007,0.9567236842105262
M4886,0.0001,0.0001,-0.5,0.0,0.03,0.05284,0.07989,2SEG,1,LIDAR,-0.033839999999999995,0.12011000000000001,1.7810526315789472,0.60055,1.1908013157894737
M4887,0.0001,0.0001,-0.5,0.0,0.035,0.052651,0.08745,2SEG,1,LIDAR,-0.033651,0.11255000000000001,1.7711052631578947,0.56275,1.1669276315789474
M4888,0.0001,0.0001,-0.5,0.0,0.04,0.052472,0.09455,2SEG,1,LIDAR,-0.033472,0.10545000000000002,1.761684210526316,0.52725,1.1444671052631579
M4889,0.0001,0.0001,-0.5,0.0,0.05,0.052136,0.1077,2SEG,1,LIDAR,-0.033136,0.09230000000000001,1.744,0.4615,1.10275
M4890,0.0001,0.0001,-0.5,0.0,0.08,0.051211,0.1413,2SEG,1,LIDAR,-0.032211000000000004,0.0587,1.6953157894736843,0.2935,0.9944078947368422
M4891,0.0001,0.0001,-0.5,0.25,0.03,0.052936,0.0748,2SEG,1,LIDAR,-0.033935999999999994,0.1252,1.7861052631578944,0.626,1.2060526315789473
M4892,0.0001,0.0001,-0.5,0.25,0.035,0.052758,0.08188,2SEG,1,LIDAR,-0.033757999999999996,0.11812000000000002,1.776736842105263,0.5906,1.1836684210526314
M4893,0.0001,0.0001,-0.5,0.25,0.04,0.052588,0.08854,2SEG,1,LIDAR,-0.03358800000000001,0.11146000000000002,1.767789473684211,0.5573,1.1625447368421056
M4894,0.0001,0.0001,-0.5,0.25,0.05,0.052271,0.1009,2SEG,1,LIDAR,-0.033270999999999995,0.09910000000000001,1.7511052631578945,0.4955,1.1233026315789472
M4895,0.0001,0.0001,-0.5,0.25,0.08,0.051403,0.1324,2SEG,1,LIDAR,-0.032403,0.06760000000000002,1.705421052631579,0.3380000000000001,1.0217105263157895
M4896,0.0001,0.0001,-0.5,0.5,0.03,0.053012,0.07088,2SEG,1,LIDAR,-0.034012,0.12912,1.7901052631578949,0.6456000000000001,1.2178526315789475
M4897,0.0001,0.0001,-0.5,0.5,0.035,0.05284,0.0776,2SEG,1,LIDAR,-0.033839999999999995,0.12240000000000001,1.7810526315789472,0.612,1.1965263157894737
M4898,0.0001,0.0001,-0.5,0.5,0.04,0.052678,0.08392,2SEG,1,LIDAR,-0.033678,0.11608000000000002,1.7725263157894737,0.5804,1.1764631578947369
M4899,0.0001,0.0001,-0.5,0.5,0.05,0.052375,0.09561,2SEG,1,LIDAR,-0.033375,0.10439000000000001,1.7565789473684212,0.52195,1.1392644736842106
M4900,0.0001,0.0001,-0.5,0.5,0.08,0.051579,0.1256,2SEG,1,LIDAR,-0.032579,0.07440000000000002,1.7146842105263156,0.3720000000000001,1.0433421052631577
M4901,0.0001,0.0001,-0.25,-0.5,0.03,0.05254,0.09803,2SEG,1,LIDAR,-0.03354,0.10197,1.7652631578947369,0.50985,1.1375565789473685
M4902,0.0001,0.0001,-0.25,-0.5,0.035,0.052318,0.1073,2SEG,1,LIDAR,-0.033318,0.0927,1.7535789473684211,0.4635,1.1085394736842105
M4903,0.0001,0.0001,-0.25,-0.5,0.04,0.05211,0.1159,2SEG,1,LIDAR,-0.03311,0.08410000000000001,1.7426315789473685,0.42050000000000004,1.0815657894736843
M4904,0.0001,0.0001,-0.25,-0.5,0.05,0.051716,0.1319,2SEG,1,LIDAR,-0.032715999999999995,0.06810000000000002,1.7218947368421051,0.3405000000000001,1.0311973684210527
M4905,0.0001,0.0001,-0.25,-0.5,0.08,0.050586,0.1726,2SEG,1,LIDAR,-0.031586,0.027400000000000008,1.6624210526315792,0.13700000000000004,0.8997105263157896
M4906,0.0001,0.0001,-0.25,-0.25,0.03,0.052755,0.08701,2SEG,1,LIDAR,-0.03375500000000001,0.11299000000000001,1.7765789473684215,0.56495,1.1707644736842107
M4907,0.0001,0.0001,-0.25,-0.25,0.035,0.052556,0.09523,2SEG,1,LIDAR,-0.033556,0.10477000000000002,1.7661052631578948,0.52385,1.1449776315789475
M4908,0.0001,0.0001,-0.25,-0.25,0.04,0.052367,0.103,2SEG,1,LIDAR,-0.033366999999999994,0.09700000000000002,1.756157894736842,0.48500000000000004,1.120578947368421
M4909,0.0001,0.0001,-0.25,-0.25,0.05,0.052016,0.1172,2SEG,1,LIDAR,-0.033016000000000004,0.08280000000000001,1.737684210526316,0.41400000000000003,1.075842105263158
M4910,0.0001,0.0001,-0.25,-0.25,0.08,0.051027,0.1537,2SEG,1,LIDAR,-0.032027,0.04630000000000001,1.6856315789473684,0.23150000000000004,0.9585657894736842
M4911,0.0001,0.0001,-0.25,0.0,0.03,0.052891,0.07994,2SEG,1,LIDAR,-0.033891000000000004,0.12006000000000001,1.7837368421052635,0.6003000000000001,1.192018421052632
M4912,0.0001,0.0001,-0.25,0.0,0.035,0.052706,0.0875,2SEG,1,LIDAR,-0.033706,0.11250000000000002,1.774,0.5625,1.16825
M4913,0.0001,0.0001,-0.25,0.0,0.04,0.052532,0.09462,2SEG,1,LIDAR,-0.033532000000000006,0.10538000000000002,1.7648421052631582,0.5269,1.1458710526315792
M4914,0.0001,0.0001,-0.25,0.0,0.05,0.052204,0.1078,2SEG,1,LIDAR,-0.033204,0.0922,1.747578947368421,0.461,1.1042894736842104
M4915,0.0001,0.0001,-0.25,0.0,0.08,0.0513,0.1414,2SEG,1,LIDAR,-0.032299999999999995,0.05860000000000001,1.6999999999999997,0.29300000000000004,0.9964999999999999
M4916,0.0001,0.0001,-0.25,0.25,0.03,0.052987,0.07484,2SEG,1,LIDAR,-0.033987,0.12516,1.7887894736842107,0.6257999999999999,1.2072947368421052
M4917,0.0001,0.0001,-0.25,0.25,0.035,0.052814,0.08194,2SEG,1,LIDAR,-0.033814,0.11806000000000001,1.7796842105263158,0.5903,1.184992105263158
M4918,0.0001,0.0001,-0.25,0.25,0.04,0.052649,0.08861,2SEG,1,LIDAR,-0.033649,0.11139000000000002,1.771,0.5569500000000001,1.163975
M4919,0.0001,0.0001,-0.25,0.25,0.05,0.052339,0.1009,2SEG,1,LIDAR,-0.033338999999999994,0.09910000000000001,1.7546842105263154,0.4955,1.1250921052631577
M4920,0.0001,0.0001,-0.25,0.25,0.08,0.051492,0.1325,2SEG,1,LIDAR,-0.03249200000000001,0.0675,1.7101052631578952,0.3375,1.0238026315789477
M4921,0.0001,0.0001,-0.25,0.5,0.03,0.053063,0.07092,2SEG,1,LIDAR,-0.034062999999999996,0.12908000000000003,1.7927894736842103,0.6454000000000001,1.2190947368421052
M4922,0.0001,0.0001,-0.25,0.5,0.035,0.052895,0.07765,2SEG,1,LIDAR,-0.033894999999999995,0.12235000000000001,1.7839473684210523,0.61175,1.197848684210526
M4923,0.0001,0.0001,-0.25,0.5,0.04,0.052738,0.08397,2SEG,1,LIDAR,-0.033738000000000004,0.11603000000000001,1.775684210526316,0.58015,1.177917105263158
M4924,0.0001,0.0001,-0.25,0.5,0.05,0.052443,0.09568,2SEG,1,LIDAR,-0.033443,0.10432000000000001,1.7601578947368421,0.5216000000000001,1.140878947368421
M4925,0.0001,0.0001,-0.25,0.5,0.08,0.051668,0.1257,2SEG,1,LIDAR,-0.032668,0.0743,1.7193684210526317,0.3715,1.045434210526316
M4926,0.0001,0.0001,0.0,-0.5,0.03,0.052572,0.09807,2SEG,1,LIDAR,-0.033572000000000005,0.10193,1.7669473684210528,0.50965,1.1382986842105265
M4927,0.0001,0.0001,0.0,-0.5,0.035,0.052354,0.1073,2SEG,1,LIDAR,-0.033353999999999995,0.0927,1.755473684210526,0.4635,1.109486842105263
M4928,0.0001,0.0001,0.0,-0.5,0.04,0.052148,0.116,2SEG,1,LIDAR,-0.033148,0.084,1.7446315789473683,0.42,1.0823157894736841
M4929,0.0001,0.0001,0.0,-0.5,0.05,0.051759,0.132,2SEG,1,LIDAR,-0.032758999999999996,0.068,1.724157894736842,0.34,1.0320789473684209
M4930,0.0001,0.0001,0.0,-0.5,0.08,0.050642,0.1728,2SEG,1,LIDAR,-0.031642,0.027200000000000002,1.6653684210526318,0.136,0.900684210526316
M4931,0.0001,0.0001,0.0,-0.25,0.03,0.052787,0.08704,2SEG,1,LIDAR,-0.033787,0.11296,1.7782631578947368,0.5648,1.1715315789473684
M4932,0.0001,0.0001,0.0,-0.25,0.035,0.052592,0.09527,2SEG,1,LIDAR,-0.033592,0.10473000000000002,1.7679999999999998,0.5236500000000001,1.1458249999999999
M4933,0.0001,0.0001,0.0,-0.25,0.04,0.052406,0.103,2SEG,1,LIDAR,-0.033406000000000005,0.09700000000000002,1.75821052631579,0.48500000000000004,1.121605263157895
M4934,0.0001,0.0001,0.0,-0.25,0.05,0.052059,0.1173,2SEG,1,LIDAR,-0.033059000000000005,0.08270000000000001,1.739947368421053,0.41350000000000003,1.0767236842105266
M4935,0.0001,0.0001,0.0,-0.25,0.08,0.051083,0.1538,2SEG,1,LIDAR,-0.032083,0.04620000000000002,1.6885789473684212,0.2310000000000001,0.9597894736842106
M4936,0.0001,0.0001,0.0,0.0,0.03,0.052923,0.07997,2SEG,1,LIDAR,-0.033922999999999995,0.12003000000000001,1.7854210526315788,0.6001500000000001,1.1927855263157894
M4937,0.0001,0.0001,0.0,0.0,0.035,0.052742,0.08754,2SEG,1,LIDAR,-0.033741999999999994,0.11246,1.775894736842105,0.5623,1.1690973684210526
M4938,0.0001,0.0001,0.0,0.0,0.04,0.05257,0.09466,2SEG,1,LIDAR,-0.03357,0.10534000000000002,1.766842105263158,0.5267000000000001,1.146771052631579
M4939,0.0001,0.0001,0.0,0.0,0.05,0.052248,0.1078,2SEG,1,LIDAR,-0.033248,0.0922,1.7498947368421054,0.461,1.1054473684210526
M4940,0.0001,0.0001,0.0,0.0,0.08,0.051357,0.1415,2SEG,1,LIDAR,-0.032357,0.058500000000000024,1.7029999999999998,0.2925000000000001,0.9977499999999999
M4941,0.0001,0.0001,0.0,0.25,0.03,0.05302,0.07487,2SEG,1,LIDAR,-0.034019999999999995,0.12513000000000002,1.7905263157894735,0.62565,1.208088157894737
M4942,0.0001,0.0001,0.0,0.25,0.035,0.052849,0.08197,2SEG,1,LIDAR,-0.033849000000000004,0.11803000000000001,1.7815263157894738,0.5901500000000001,1.185838157894737
M4943,0.0001,0.0001,0.0,0.25,0.04,0.052687,0.08864,2SEG,1,LIDAR,-0.033686999999999995,0.11136000000000001,1.7729999999999997,0.5568000000000001,1.1648999999999998
M4944,0.0001,0.0001,0.0,0.25,0.05,0.052383,0.101,2SEG,1,LIDAR,-0.033382999999999996,0.099,1.757,0.495,1.126
M4945,0.0001,0.0001,0.0,0.25,0.08,0.051549,0.1326,2SEG,1,LIDAR,-0.032548999999999995,0.06740000000000002,1.7131052631578945,0.3370000000000001,1.0250526315789472
M4946,0.0001,0.0001,0.0,0.5,0.03,0.053095,0.07095,2SEG,1,LIDAR,-0.034095,0.12905,1.7944736842105264,0.64525,1.2198618421052632
M4947,0.0001,0.0001,0.0,0.5,0.035,0.052931,0.07768,2SEG,1,LIDAR,-0.033931,0.12232000000000001,1.7858421052631581,0.6116,1.198721052631579
M4948,0.0001,0.0001,0.0,0.5,0.04,0.052776,0.08401,2SEG,1,LIDAR,-0.033776,0.11599000000000001,1.7776842105263158,0.57995,1.1788171052631577
M4949,0.0001,0.0001,0.0,0.5,0.05,0.052487,0.09573,2SEG,1,LIDAR,-0.033487,0.10427000000000002,1.7624736842105264,0.5213500000000001,1.1419118421052632
M4950,0.0001,0.0001,0.0,0.5,0.08,0.051725,0.1258,2SEG,1,LIDAR,-0.032725000000000004,0.07420000000000002,1.7223684210526318,0.37100000000000005,1.0466842105263159
M4951,0.0001,0.0001,0.25,-0.5,0.03,0.052596,0.09809,2SEG,1,LIDAR,-0.033596,0.10191000000000001,1.7682105263157895,0.5095500000000001,1.1388802631578947
M4952,0.0001,0.0001,0.25,-0.5,0.035,0.052379,0.1073,2SEG,1,LIDAR,-0.033379000000000006,0.0927,1.756789473684211,0.4635,1.1101447368421056
M4953,0.0001,0.0001,0.25,-0.5,0.04,0.052175,0.116,2SEG,1,LIDAR,-0.033174999999999996,0.084,1.7460526315789473,0.42,1.0830263157894737
M4954,0.0001,0.0001,0.25,-0.5,0.05,0.05179,0.1321,2SEG,1,LIDAR,-0.03279,0.06790000000000002,1.7257894736842105,0.3395000000000001,1.0326447368421052
M4955,0.0001,0.0001,0.25,-0.5,0.08,0.050683,0.1728,2SEG,1,LIDAR,-0.031683,0.027200000000000002,1.667526315789474,0.136,0.9017631578947369
M4956,0.0001,0.0001,0.25,-0.25,0.03,0.052811,0.08707,2SEG,1,LIDAR,-0.033810999999999994,0.11293000000000002,1.7795263157894734,0.5646500000000001,1.1720881578947369
M4957,0.0001,0.0001,0.25,-0.25,0.035,0.052617,0.0953,2SEG,1,LIDAR,-0.033616999999999994,0.10470000000000002,1.769315789473684,0.5235000000000001,1.146407894736842
M4958,0.0001,0.0001,0.25,-0.25,0.04,0.052433,0.103,2SEG,1,LIDAR,-0.033433000000000004,0.09700000000000002,1.7596315789473687,0.48500000000000004,1.1223157894736844
M4959,0.0001,0.0001,0.25,-0.25,0.05,0.052091,0.1173,2SEG,1,LIDAR,-0.033090999999999995,0.08270000000000001,1.7416315789473682,0.41350000000000003,1.077565789473684
M4960,0.0001,0.0001,0.25,-0.25,0.08,0.051124,0.1538,2SEG,1,LIDAR,-0.032124,0.04620000000000002,1.690736842105263,0.2310000000000001,0.9608684210526316
M4961,0.0001,0.0001,0.25,0.0,0.03,0.052947,0.07999,2SEG,1,LIDAR,-0.033947000000000005,0.12001,1.786684210526316,0.60005,1.193367105263158
M4962,0.0001,0.0001,0.25,0.0,0.035,0.052768,0.08756,2SEG,1,LIDAR,-0.033768000000000006,0.11244000000000001,1.7772631578947373,0.5622,1.1697315789473688
M4963,0.0001,0.0001,0.25,0.0,0.04,0.052598,0.09469,2SEG,1,LIDAR,-0.033598,0.10531000000000001,1.7683157894736845,0.5265500000000001,1.1474328947368422
M4964,0.0001,0.0001,0.25,0.0,0.05,0.052279,0.1079,2SEG,1,LIDAR,-0.033279,0.09210000000000002,1.7515263157894738,0.4605000000000001,1.106013157894737
M4965,0.0001,0.0001,0.25,0.0,0.08,0.051398,0.1416,2SEG,1,LIDAR,-0.032397999999999996,0.05840000000000001,1.705157894736842,0.29200000000000004,0.998578947368421
M4966,0.0001,0.0001,0.25,0.25,0.03,0.053043,0.07489,2SEG,1,LIDAR,-0.034043000000000004,0.12511,1.7917368421052633,0.6255499999999999,1.2086434210526316
M4967,0.0001,0.0001,0.25,0.25,0.035,0.052875,0.08199,2SEG,1,LIDAR,-0.033875,0.11801000000000002,1.7828947368421055,0.5900500000000001,1.1864723684210527
M4968,0.0001,0.0001,0.25,0.25,0.04,0.052715,0.08867,2SEG,1,LIDAR,-0.033714999999999995,0.11133000000000001,1.7744736842105262,0.55665,1.1655618421052631
M4969,0.0001,0.0001,0.25,0.25,0.05,0.052415,0.101,2SEG,1,LIDAR,-0.033415,0.099,1.7586842105263158,0.495,1.1268421052631579
M4970,0.0001,0.0001,0.25,0.25,0.08,0.05159,0.1327,2SEG,1,LIDAR,-0.032589999999999994,0.0673,1.7152631578947366,0.33649999999999997,1.0258815789473683
M4971,0.0001,0.0001,0.25,0.5,0.03,0.053119,0.07096,2SEG,1,LIDAR,-0.034119,0.12904000000000002,1.795736842105263,0.6452,1.2204684210526315
M4972,0.0001,0.0001,0.25,0.5,0.035,0.052957,0.0777,2SEG,1,LIDAR,-0.033957,0.1223,1.7872105263157896,0.6115,1.1993552631578948
M4973,0.0001,0.0001,0.25,0.5,0.04,0.052804,0.08404,2SEG,1,LIDAR,-0.033804,0.11596000000000001,1.7791578947368423,0.5798,1.179478947368421
M4974,0.0001,0.0001,0.25,0.5,0.05,0.052518,0.09577,2SEG,1,LIDAR,-0.033518000000000006,0.10423000000000002,1.764105263157895,0.52115,1.1426276315789474
M4975,0.0001,0.0001,0.25,0.5,0.08,0.051766,0.1259,2SEG,1,LIDAR,-0.032766,0.0741,1.724526315789474,0.3705,1.047513157894737
M4976,0.0001,0.0001,0.5,-0.5,0.03,0.052614,0.09811,2SEG,1,LIDAR,-0.033614000000000005,0.10189000000000001,1.7691578947368425,0.50945,1.1393039473684212
M4977,0.0001,0.0001,0.5,-0.5,0.035,0.052399,0.1074,2SEG,1,LIDAR,-0.033399,0.09260000000000002,1.7578421052631579,0.4630000000000001,1.110421052631579
M4978,0.0001,0.0001,0.5,-0.5,0.04,0.052197,0.116,2SEG,1,LIDAR,-0.033197000000000004,0.084,1.7472105263157898,0.42,1.083605263157895
M4979,0.0001,0.0001,0.5,-0.5,0.05,0.051814,0.1321,2SEG,1,LIDAR,-0.032813999999999996,0.06790000000000002,1.7270526315789472,0.3395000000000001,1.0332763157894735
M4980,0.0001,0.0001,0.5,-0.5,0.08,0.050714,0.1729,2SEG,1,LIDAR,-0.031714000000000006,0.027100000000000013,1.6691578947368424,0.13550000000000006,0.9023289473684213
M4981,0.0001,0.0001,0.5,-0.25,0.03,0.052829,0.08709,2SEG,1,LIDAR,-0.033829,0.11291000000000001,1.7804736842105262,0.56455,1.1725118421052632
M4982,0.0001,0.0001,0.5,-0.25,0.035,0.052637,0.09532,2SEG,1,LIDAR,-0.033637,0.10468000000000001,1.7703684210526316,0.5234,1.1468842105263157
M4983,0.0001,0.0001,0.5,-0.25,0.04,0.052455,0.1031,2SEG,1,LIDAR,-0.033455,0.09690000000000001,1.7607894736842105,0.48450000000000004,1.1226447368421053
M4984,0.0001,0.0001,0.5,-0.25,0.05,0.052115,0.1174,2SEG,1,LIDAR,-0.033115000000000006,0.0826,1.7428947368421055,0.41300000000000003,1.0779473684210528
M4985,0.0001,0.0001,0.5,-0.25,0.08,0.051156,0.1539,2SEG,1,LIDAR,-0.032156000000000004,0.0461,1.6924210526315793,0.2305,0.9614605263157896
M4986,0.0001,0.0001,0.5,0.0,0.03,0.052965,0.08001,2SEG,1,LIDAR,-0.033964999999999995,0.11999000000000001,1.7876315789473682,0.59995,1.193790789473684
M4987,0.0001,0.0001,0.5,0.0,0.035,0.052787,0.08758,2SEG,1,LIDAR,-0.033787,0.11242,1.7782631578947368,0.5621,1.1701815789473684
M4988,0.0001,0.0001,0.5,0.0,0.04,0.052619,0.09471,2SEG,1,LIDAR,-0.033618999999999996,0.10529000000000001,1.7694210526315788,0.52645,1.1479355263157893
M4989,0.0001,0.0001,0.5,0.0,0.05,0.052303,0.1079,2SEG,1,LIDAR,-0.033303,0.09210000000000002,1.7527894736842105,0.4605000000000001,1.1066447368421053
M4990,0.0001,0.0001,0.5,0.0,0.08,0.051429,0.1416,2SEG,1,LIDAR,-0.032429,0.05840000000000001,1.7067894736842106,0.29200000000000004,0.9993947368421053
M4991,0.0001,0.0001,0.5,0.25,0.03,0.053062,0.07491,2SEG,1,LIDAR,-0.034061999999999995,0.12509,1.792736842105263,0.62545,1.2090934210526314
M4992,0.0001,0.0001,0.5,0.25,0.035,0.052895,0.08201,2SEG,1,LIDAR,-0.033894999999999995,0.11799000000000001,1.7839473684210523,0.58995,1.1869486842105261
M4993,0.0001,0.0001,0.5,0.25,0.04,0.052736,0.08869,2SEG,1,LIDAR,-0.033736,0.11131,1.7755789473684211,0.55655,1.1660644736842105
M4994,0.0001,0.0001,0.5,0.25,0.05,0.052439,0.1011,2SEG,1,LIDAR,-0.033438999999999997,0.09890000000000002,1.7599473684210525,0.49450000000000005,1.1272236842105263
M4995,0.0001,0.0001,0.5,0.25,0.08,0.051622,0.1327,2SEG,1,LIDAR,-0.032622,0.0673,1.7169473684210526,0.33649999999999997,1.0267236842105263
M4996,0.0001,0.0001,0.5,0.5,0.03,0.053137,0.07098,2SEG,1,LIDAR,-0.034137,0.12902000000000002,1.7966842105263159,0.6451000000000001,1.220892105263158
M4997,0.0001,0.0001,0.5,0.5,0.035,0.052977,0.07772,2SEG,1,LIDAR,-0.03397700000000001,0.12228000000000001,1.7882631578947372,0.6114,1.1998315789473686
M4998,0.0001,0.0001,0.5,0.5,0.04,0.052826,0.08406,2SEG,1,LIDAR,-0.033825999999999995,0.11594000000000002,1.780315789473684,0.5797,1.180007894736842
M4999,0.0001,0.0001,0.5,0.5,0.05,0.052542,0.09579,2SEG,1,LIDAR,-0.033542,0.10421000000000001,1.7653684210526317,0.52105,1.1432092105263159
M5000,0.0001,0.0001,0.5,0.5,0.08,0.051798,0.1259,2SEG,1,LIDAR,-0.032797999999999994,0.0741,1.7262105263157892,0.3705,1.0483552631578945
M5001,0.00055,1e-06,-0.5,-0.5,0.03,0.079059,0.1256,2SEG,1,LIDAR,-0.060059,0.07440000000000002,3.161,0.3720000000000001,1.7665000000000002
M5002,0.00055,1e-06,-0.5,-0.5,0.035,0.078722,0.1374,2SEG,1,LIDAR,-0.059722,0.06260000000000002,3.143263157894737,0.31300000000000006,1.7281315789473686
M5003,0.00055,1e-06,-0.5,-0.5,0.04,0.078404,0.1485,2SEG,1,LIDAR,-0.059404,0.05150000000000002,3.126526315789474,0.25750000000000006,1.692013157894737
M5004,0.00055,1e-06,-0.5,-0.5,0.05,0.077817,0.169,2SEG,1,LIDAR,-0.058816999999999994,0.031,3.0956315789473683,0.155,1.625315789473684
M5005,0.00055,1e-06,-0.5,-0.5,0.08,0.076294,0.2215,2SEG,1,LIDAR,-0.057294,-0.02149999999999999,3.015473684210526,0.10749999999999996,1.561486842105263
M5006,0.00055,1e-06,-0.5,-0.25,0.03,0.07906,0.1112,2SEG,1,LIDAR,-0.06006,0.08880000000000002,3.1610526315789476,0.44400000000000006,1.8025263157894738
M5007,0.00055,1e-06,-0.5,-0.25,0.035,0.078723,0.1217,2SEG,1,LIDAR,-0.059723,0.07830000000000001,3.143315789473684,0.3915,1.7674078947368421
M5008,0.00055,1e-06,-0.5,-0.25,0.04,0.078405,0.1315,2SEG,1,LIDAR,-0.059405,0.0685,3.126578947368421,0.3425,1.7345394736842104
M5009,0.00055,1e-06,-0.5,-0.25,0.05,0.077817,0.1497,2SEG,1,LIDAR,-0.058816999999999994,0.05030000000000001,3.0956315789473683,0.25150000000000006,1.6735657894736842
M5010,0.00055,1e-06,-0.5,-0.25,0.08,0.076296,0.1961,2SEG,1,LIDAR,-0.057296,0.0039000000000000146,3.015578947368421,0.019500000000000073,1.5175394736842107
M5011,0.00055,1e-06,-0.5,0.0,0.03,0.079061,0.102,2SEG,1,LIDAR,-0.060061,0.09800000000000002,3.161105263157895,0.49000000000000005,1.8255526315789476
M5012,0.00055,1e-06,-0.5,0.0,0.035,0.078723,0.1116,2SEG,1,LIDAR,-0.059723,0.0884,3.143315789473684,0.442,1.7926578947368421
M5013,0.00055,1e-06,-0.5,0.0,0.04,0.078406,0.1206,2SEG,1,LIDAR,-0.059406,0.07940000000000001,3.1266315789473684,0.397,1.7618157894736841
M5014,0.00055,1e-06,-0.5,0.0,0.05,0.077819,0.1373,2SEG,1,LIDAR,-0.058818999999999996,0.0627,3.095736842105263,0.3135,1.7046184210526314
M5015,0.00055,1e-06,-0.5,0.0,0.08,0.076297,0.1799,2SEG,1,LIDAR,-0.057297,0.020100000000000007,3.0156315789473687,0.10050000000000003,1.5580657894736842
M5016,0.00055,1e-06,-0.5,0.25,0.03,0.079061,0.09542,2SEG,1,LIDAR,-0.060061,0.10458,3.161105263157895,0.5229,1.8420026315789475
M5017,0.00055,1e-06,-0.5,0.25,0.035,0.078724,0.1044,2SEG,1,LIDAR,-0.059724,0.0956,3.1433684210526316,0.478,1.8106842105263157
M5018,0.00055,1e-06,-0.5,0.25,0.04,0.078407,0.1128,2SEG,1,LIDAR,-0.059407,0.08720000000000001,3.126684210526316,0.43600000000000005,1.781342105263158
M5019,0.00055,1e-06,-0.5,0.25,0.05,0.077819,0.1284,2SEG,1,LIDAR,-0.058818999999999996,0.07160000000000002,3.095736842105263,0.3580000000000001,1.7268684210526315
M5020,0.00055,1e-06,-0.5,0.25,0.08,0.076298,0.1682,2SEG,1,LIDAR,-0.057298,0.03180000000000002,3.0156842105263157,0.1590000000000001,1.587342105263158
M5021,0.00055,1e-06,-0.5,0.5,0.03,0.079062,0.09034,2SEG,1,LIDAR,-0.06006199999999999,0.10966000000000001,3.1611578947368417,0.5483,1.8547289473684208
M5022,0.00055,1e-06,-0.5,0.5,0.035,0.078724,0.09884,2SEG,1,LIDAR,-0.059724,0.10116000000000001,3.1433684210526316,0.5058,1.8245842105263157
M5023,0.00055,1e-06,-0.5,0.5,0.04,0.078407,0.1068,2SEG,1,LIDAR,-0.059407,0.0932,3.126684210526316,0.466,1.796342105263158
M5024,0.00055,1e-06,-0.5,0.5,0.05,0.07782,0.1216,2SEG,1,LIDAR,-0.05882,0.07840000000000001,3.0957894736842104,0.392,1.7438947368421052
M5025,0.00055,1e-06,-0.5,0.5,0.08,0.076299,0.1593,2SEG,1,LIDAR,-0.057299,0.040700000000000014,3.0157368421052633,0.20350000000000007,1.6096184210526316
M5026,0.00055,1e-06,-0.25,-0.5,0.03,0.079458,0.126,2SEG,1,LIDAR,-0.060458,0.07400000000000001,3.182,0.37000000000000005,1.776
M5027,0.00055,1e-06,-0.25,-0.5,0.035,0.079158,0.1379,2SEG,1,LIDAR,-0.060158,0.062100000000000016,3.1662105263157896,0.31050000000000005,1.738355263157895
M5028,0.00055,1e-06,-0.25,-0.5,0.04,0.078875,0.1491,2SEG,1,LIDAR,-0.059875,0.0509,3.151315789473684,0.2545,1.7029078947368421
M5029,0.00055,1e-06,-0.25,-0.5,0.05,0.078352,0.1697,2SEG,1,LIDAR,-0.059352,0.03030000000000002,3.123789473684211,0.1515000000000001,1.6376447368421054
M5030,0.00055,1e-06,-0.25,-0.5,0.08,0.077005,0.2227,2SEG,1,LIDAR,-0.058005,-0.022699999999999998,3.0528947368421053,0.11349999999999999,1.5831973684210527
M5031,0.00055,1e-06,-0.25,-0.25,0.03,0.079459,0.1116,2SEG,1,LIDAR,-0.060459,0.0884,3.1820526315789475,0.442,1.8120263157894738
M5032,0.00055,1e-06,-0.25,-0.25,0.035,0.079159,0.1221,2SEG,1,LIDAR,-0.06015899999999999,0.07790000000000001,3.1662631578947362,0.3895,1.777881578947368
M5033,0.00055,1e-06,-0.25,-0.25,0.04,0.078877,0.132,2SEG,1,LIDAR,-0.059877,0.068,3.151421052631579,0.34,1.7457105263157895
M5034,0.00055,1e-06,-0.25,-0.25,0.05,0.078354,0.1503,2SEG,1,LIDAR,-0.05935399999999999,0.04970000000000002,3.1238947368421046,0.2485000000000001,1.6861973684210523
M5035,0.00055,1e-06,-0.25,-0.25,0.08,0.077007,0.1972,2SEG,1,LIDAR,-0.058007,0.0028000000000000247,3.0530000000000004,0.014000000000000123,1.5335000000000003
M5036,0.00055,1e-06,-0.25,0.0,0.03,0.07946,0.1023,2SEG,1,LIDAR,-0.06046,0.09770000000000001,3.182105263157895,0.48850000000000005,1.8353026315789476
M5037,0.00055,1e-06,-0.25,0.0,0.035,0.07916,0.112,2SEG,1,LIDAR,-0.06015999999999999,0.08800000000000001,3.1663157894736838,0.44,1.8031578947368418
M5038,0.00055,1e-06,-0.25,0.0,0.04,0.078878,0.1211,2SEG,1,LIDAR,-0.059878,0.07890000000000001,3.1514736842105266,0.3945,1.7729868421052632
M5039,0.00055,1e-06,-0.25,0.0,0.05,0.078354,0.1379,2SEG,1,LIDAR,-0.05935399999999999,0.062100000000000016,3.1238947368421046,0.31050000000000005,1.7171973684210524
M5040,0.00055,1e-06,-0.25,0.0,0.08,0.077008,0.1809,2SEG,1,LIDAR,-0.05800799999999999,0.019100000000000006,3.053052631578947,0.09550000000000003,1.5742763157894735
M5041,0.00055,1e-06,-0.25,0.25,0.03,0.07946,0.09571,2SEG,1,LIDAR,-0.06046,0.10429000000000001,3.182105263157895,0.52145,1.8517776315789476
M5042,0.00055,1e-06,-0.25,0.25,0.035,0.07916,0.1047,2SEG,1,LIDAR,-0.06015999999999999,0.09530000000000001,3.1663157894736838,0.47650000000000003,1.821407894736842
M5043,0.00055,1e-06,-0.25,0.25,0.04,0.078878,0.1132,2SEG,1,LIDAR,-0.059878,0.08680000000000002,3.1514736842105266,0.43400000000000005,1.7927368421052634
M5044,0.00055,1e-06,-0.25,0.25,0.05,0.078355,0.1289,2SEG,1,LIDAR,-0.05935499999999999,0.07110000000000002,3.123947368421052,0.3555000000000001,1.7397236842105261
M5045,0.00055,1e-06,-0.25,0.25,0.08,0.077009,0.1692,2SEG,1,LIDAR,-0.05800899999999999,0.030800000000000022,3.0531052631578945,0.1540000000000001,1.6035526315789472
M5046,0.00055,1e-06,-0.25,0.5,0.03,0.079461,0.09061,2SEG,1,LIDAR,-0.060461,0.10939000000000002,3.182157894736842,0.54695,1.864553947368421
M5047,0.00055,1e-06,-0.25,0.5,0.035,0.079161,0.09917,2SEG,1,LIDAR,-0.06016099999999999,0.10083000000000002,3.1663684210526313,0.5041500000000001,1.8352592105263157
M5048,0.00055,1e-06,-0.25,0.5,0.04,0.078878,0.1072,2SEG,1,LIDAR,-0.059878,0.09280000000000001,3.1514736842105266,0.464,1.8077368421052633
M5049,0.00055,1e-06,-0.25,0.5,0.05,0.078356,0.1221,2SEG,1,LIDAR,-0.05935599999999999,0.07790000000000001,3.1239999999999997,0.3895,1.7567499999999998
M5050,0.00055,1e-06,-0.25,0.5,0.08,0.077009,0.1602,2SEG,1,LIDAR,-0.05800899999999999,0.0398,3.0531052631578945,0.199,1.6260526315789472
M5051,0.00055,1e-06,0.0,-0.5,0.03,0.079714,0.1262,2SEG,1,LIDAR,-0.06071399999999999,0.0738,3.195473684210526,0.369,1.782236842105263
M5052,0.00055,1e-06,0.0,-0.5,0.035,0.079438,0.1382,2SEG,1,LIDAR,-0.06043799999999999,0.06180000000000002,3.180947368421052,0.3090000000000001,1.7449736842105261
M5053,0.00055,1e-06,0.0,-0.5,0.04,0.079178,0.1494,2SEG,1,LIDAR,-0.060177999999999995,0.050600000000000006,3.1672631578947366,0.253,1.7101315789473683
M5054,0.00055,1e-06,0.0,-0.5,0.05,0.078696,0.1702,2SEG,1,LIDAR,-0.059696,0.02980000000000002,3.1418947368421053,0.1490000000000001,1.6454473684210527
M5055,0.00055,1e-06,0.0,-0.5,0.08,0.077455,0.2235,2SEG,1,LIDAR,-0.05845499999999999,-0.023499999999999993,3.0765789473684206,0.11749999999999997,1.5970394736842104
M5056,0.00055,1e-06,0.0,-0.25,0.03,0.079715,0.1118,2SEG,1,LIDAR,-0.06071499999999999,0.08820000000000001,3.1955263157894733,0.44100000000000006,1.8182631578947368
M5057,0.00055,1e-06,0.0,-0.25,0.035,0.079439,0.1223,2SEG,1,LIDAR,-0.06043899999999999,0.0777,3.1809999999999996,0.3885,1.7847499999999998
M5058,0.00055,1e-06,0.0,-0.25,0.04,0.07918,0.1323,2SEG,1,LIDAR,-0.06018,0.06770000000000001,3.1673684210526316,0.3385,1.7529342105263157
M5059,0.00055,1e-06,0.0,-0.25,0.05,0.078698,0.1507,2SEG,1,LIDAR,-0.059698,0.04930000000000001,3.1420000000000003,0.24650000000000005,1.6942500000000003
M5060,0.00055,1e-06,0.0,-0.25,0.08,0.077456,0.1979,2SEG,1,LIDAR,-0.058455999999999994,0.0021000000000000185,3.076631578947368,0.010500000000000093,1.543565789473684
M5061,0.00055,1e-06,0.0,0.0,0.03,0.079716,0.1025,2SEG,1,LIDAR,-0.06071599999999999,0.09750000000000002,3.195578947368421,0.48750000000000004,1.8415394736842106
M5062,0.00055,1e-06,0.0,0.0,0.035,0.07944,0.1122,2SEG,1,LIDAR,-0.060439999999999994,0.08780000000000002,3.181052631578947,0.43900000000000006,1.8100263157894736
M5063,0.00055,1e-06,0.0,0.0,0.04,0.07918,0.1214,2SEG,1,LIDAR,-0.06018,0.07860000000000002,3.1673684210526316,0.39300000000000007,1.780184210526316
M5064,0.00055,1e-06,0.0,0.0,0.05,0.078699,0.1382,2SEG,1,LIDAR,-0.059699,0.06180000000000002,3.1420526315789474,0.3090000000000001,1.7255263157894738
M5065,0.00055,1e-06,0.0,0.0,0.08,0.077458,0.1815,2SEG,1,LIDAR,-0.058457999999999996,0.018500000000000016,3.076736842105263,0.09250000000000008,1.5846184210526317
M5066,0.00055,1e-06,0.0,0.25,0.03,0.079716,0.09589,2SEG,1,LIDAR,-0.06071599999999999,0.10411000000000001,3.195578947368421,0.52055,1.8580644736842105
M5067,0.00055,1e-06,0.0,0.25,0.035,0.07944,0.105,2SEG,1,LIDAR,-0.060439999999999994,0.09500000000000001,3.181052631578947,0.47500000000000003,1.8280263157894736
M5068,0.00055,1e-06,0.0,0.25,0.04,0.07918,0.1135,2SEG,1,LIDAR,-0.06018,0.08650000000000001,3.1673684210526316,0.4325,1.7999342105263159
M5069,0.00055,1e-06,0.0,0.25,0.05,0.078699,0.1293,2SEG,1,LIDAR,-0.059699,0.07070000000000001,3.1420526315789474,0.35350000000000004,1.7477763157894737
M5070,0.00055,1e-06,0.0,0.25,0.08,0.077458,0.1698,2SEG,1,LIDAR,-0.058457999999999996,0.030200000000000005,3.076736842105263,0.15100000000000002,1.6138684210526315
M5071,0.00055,1e-06,0.0,0.5,0.03,0.079716,0.09079,2SEG,1,LIDAR,-0.06071599999999999,0.10921000000000002,3.195578947368421,0.54605,1.8708144736842105
M5072,0.00055,1e-06,0.0,0.5,0.035,0.079441,0.09938,2SEG,1,LIDAR,-0.060440999999999995,0.10062000000000001,3.1811052631578947,0.5031,1.8421026315789473
M5073,0.00055,1e-06,0.0,0.5,0.04,0.079181,0.1075,2SEG,1,LIDAR,-0.060181,0.09250000000000001,3.167421052631579,0.4625,1.8149605263157895
M5074,0.00055,1e-06,0.0,0.5,0.05,0.0787,0.1224,2SEG,1,LIDAR,-0.0597,0.07760000000000002,3.142105263157895,0.38800000000000007,1.7650526315789474
M5075,0.00055,1e-06,0.0,0.5,0.08,0.077459,0.1607,2SEG,1,LIDAR,-0.058459,0.0393,3.0767894736842103,0.1965,1.636644736842105
M5076,0.00055,1e-06,0.25,-0.5,0.03,0.079898,0.1264,2SEG,1,LIDAR,-0.060897999999999994,0.0736,3.2051578947368418,0.368,1.7865789473684208
M5077,0.00055,1e-06,0.25,-0.5,0.035,0.07964,0.1384,2SEG,1,LIDAR,-0.06064,0.061600000000000016,3.1915789473684213,0.30800000000000005,1.7497894736842108
M5078,0.00055,1e-06,0.25,-0.5,0.04,0.079396,0.1497,2SEG,1,LIDAR,-0.06039599999999999,0.05030000000000001,3.1787368421052626,0.25150000000000006,1.7151184210526313
M5079,0.00055,1e-06,0.25,-0.5,0.05,0.078944,0.1705,2SEG,1,LIDAR,-0.059944,0.0295,3.1549473684210527,0.1475,1.6512236842105263
M5080,0.00055,1e-06,0.25,-0.5,0.08,0.077779,0.224,2SEG,1,LIDAR,-0.058779,-0.023999999999999994,3.0936315789473685,0.11999999999999997,1.6068157894736843
M5081,0.00055,1e-06,0.25,-0.25,0.03,0.079899,0.1119,2SEG,1,LIDAR,-0.060898999999999995,0.08810000000000001,3.2052105263157893,0.44050000000000006,1.8228552631578947
M5082,0.00055,1e-06,0.25,-0.25,0.035,0.079641,0.1225,2SEG,1,LIDAR,-0.060641,0.07750000000000001,3.1916315789473684,0.38750000000000007,1.7895657894736843
M5083,0.00055,1e-06,0.25,-0.25,0.04,0.079397,0.1325,2SEG,1,LIDAR,-0.06039699999999999,0.0675,3.17878947368421,0.3375,1.758144736842105
M5084,0.00055,1e-06,0.25,-0.25,0.05,0.078946,0.151,2SEG,1,LIDAR,-0.059946,0.049000000000000016,3.1550526315789473,0.24500000000000008,1.7000263157894737
M5085,0.00055,1e-06,0.25,-0.25,0.08,0.077781,0.1984,2SEG,1,LIDAR,-0.058781,0.001600000000000018,3.093736842105263,0.00800000000000009,1.5508684210526316
M5086,0.00055,1e-06,0.25,0.0,0.03,0.0799,0.1027,2SEG,1,LIDAR,-0.060899999999999996,0.09730000000000001,3.205263157894737,0.48650000000000004,1.8458815789473684
M5087,0.00055,1e-06,0.25,0.0,0.035,0.079642,0.1124,2SEG,1,LIDAR,-0.060642,0.08760000000000001,3.191684210526316,0.43800000000000006,1.814842105263158
M5088,0.00055,1e-06,0.25,0.0,0.04,0.079398,0.1216,2SEG,1,LIDAR,-0.06039799999999999,0.07840000000000001,3.1788421052631577,0.392,1.7854210526315788
M5089,0.00055,1e-06,0.25,0.0,0.05,0.078946,0.1385,2SEG,1,LIDAR,-0.059946,0.0615,3.1550526315789473,0.3075,1.7312763157894737
M5090,0.00055,1e-06,0.25,0.0,0.08,0.077782,0.182,2SEG,1,LIDAR,-0.058782,0.018000000000000016,3.0937894736842106,0.09000000000000008,1.5918947368421055
M5091,0.00055,1e-06,0.25,0.25,0.03,0.079901,0.09602,2SEG,1,LIDAR,-0.060901,0.10398000000000002,3.2053157894736843,0.5199,1.862607894736842
M5092,0.00055,1e-06,0.25,0.25,0.035,0.079642,0.1051,2SEG,1,LIDAR,-0.060642,0.09490000000000001,3.191684210526316,0.47450000000000003,1.833092105263158
M5093,0.00055,1e-06,0.25,0.25,0.04,0.079399,0.1137,2SEG,1,LIDAR,-0.060398999999999994,0.08630000000000002,3.178894736842105,0.43150000000000005,1.8051973684210527
M5094,0.00055,1e-06,0.25,0.25,0.05,0.078947,0.1295,2SEG,1,LIDAR,-0.059947,0.07050000000000001,3.155105263157895,0.35250000000000004,1.7538026315789474
M5095,0.00055,1e-06,0.25,0.25,0.08,0.077783,0.1702,2SEG,1,LIDAR,-0.058783,0.02980000000000002,3.093842105263158,0.1490000000000001,1.621421052631579
M5096,0.00055,1e-06,0.25,0.5,0.03,0.079901,0.09091,2SEG,1,LIDAR,-0.060901,0.10909,3.2053157894736843,0.54545,1.875382894736842
M5097,0.00055,1e-06,0.25,0.5,0.035,0.079642,0.09953,2SEG,1,LIDAR,-0.060642,0.10047000000000002,3.191684210526316,0.5023500000000001,1.8470171052631579
M5098,0.00055,1e-06,0.25,0.5,0.04,0.079399,0.1076,2SEG,1,LIDAR,-0.060398999999999994,0.09240000000000001,3.178894736842105,0.462,1.8204473684210527
M5099,0.00055,1e-06,0.25,0.5,0.05,0.078948,0.1226,2SEG,1,LIDAR,-0.059948,0.07740000000000001,3.1551578947368424,0.387,1.7710789473684212
M5100,0.00055,1e-06,0.25,0.5,0.08,0.077784,0.1611,2SEG,1,LIDAR,-0.058784,0.03890000000000002,3.0938947368421057,0.1945000000000001,1.644197368421053
M5101,0.00055,1e-06,0.5,-0.5,0.03,0.080041,0.1265,2SEG,1,LIDAR,-0.061041,0.07350000000000001,3.212684210526316,0.36750000000000005,1.790092105263158
M5102,0.00055,1e-06,0.5,-0.5,0.035,0.079795,0.1385,2SEG,1,LIDAR,-0.060795,0.0615,3.1997368421052634,0.3075,1.7536184210526318
M5103,0.00055,1e-06,0.5,-0.5,0.04,0.079564,0.1498,2SEG,1,LIDAR,-0.06056399999999999,0.05020000000000002,3.187578947368421,0.2510000000000001,1.7192894736842104
M5104,0.00055,1e-06,0.5,-0.5,0.05,0.079136,0.1708,2SEG,1,LIDAR,-0.060135999999999995,0.029200000000000004,3.165052631578947,0.14600000000000002,1.6555263157894735
M5105,0.00055,1e-06,0.5,-0.5,0.08,0.078029,0.2245,2SEG,1,LIDAR,-0.059029,-0.024499999999999994,3.1067894736842105,0.12249999999999997,1.6146447368421053
M5106,0.00055,1e-06,0.5,-0.25,0.03,0.080041,0.112,2SEG,1,LIDAR,-0.061041,0.08800000000000001,3.212684210526316,0.44,1.8263421052631579
M5107,0.00055,1e-06,0.5,-0.25,0.035,0.079796,0.1227,2SEG,1,LIDAR,-0.060796,0.07730000000000001,3.199789473684211,0.3865,1.7931447368421054
M5108,0.00055,1e-06,0.5,-0.25,0.04,0.079565,0.1327,2SEG,1,LIDAR,-0.060564999999999994,0.0673,3.1876315789473684,0.33649999999999997,1.7620657894736842
M5109,0.00055,1e-06,0.5,-0.25,0.05,0.079137,0.1512,2SEG,1,LIDAR,-0.060136999999999996,0.04880000000000001,3.1651052631578946,0.24400000000000005,1.7045526315789474
M5110,0.00055,1e-06,0.5,-0.25,0.08,0.078031,0.1988,2SEG,1,LIDAR,-0.059031,0.0012000000000000066,3.106894736842105,0.006000000000000033,1.5564473684210527
M5111,0.00055,1e-06,0.5,0.0,0.03,0.080042,0.1028,2SEG,1,LIDAR,-0.061042,0.09720000000000001,3.2127368421052633,0.48600000000000004,1.8493684210526318
M5112,0.00055,1e-06,0.5,0.0,0.035,0.079797,0.1125,2SEG,1,LIDAR,-0.060797000000000004,0.08750000000000001,3.199842105263158,0.4375,1.818671052631579
M5113,0.00055,1e-06,0.5,0.0,0.04,0.079566,0.1217,2SEG,1,LIDAR,-0.060565999999999995,0.07830000000000001,3.1876842105263155,0.3915,1.7895921052631578
M5114,0.00055,1e-06,0.5,0.0,0.05,0.079138,0.1387,2SEG,1,LIDAR,-0.060138,0.06130000000000002,3.165157894736842,0.3065000000000001,1.7358289473684212
M5115,0.00055,1e-06,0.5,0.0,0.08,0.078033,0.1823,2SEG,1,LIDAR,-0.059033,0.01770000000000002,3.107,0.0885000000000001,1.5977500000000002
M5116,0.00055,1e-06,0.5,0.25,0.03,0.080042,0.09613,2SEG,1,LIDAR,-0.061042,0.10387000000000002,3.2127368421052633,0.5193500000000001,1.8660434210526318
M5117,0.00055,1e-06,0.5,0.25,0.035,0.079797,0.1052,2SEG,1,LIDAR,-0.060797000000000004,0.09480000000000001,3.199842105263158,0.47400000000000003,1.8369210526315791
M5118,0.00055,1e-06,0.5,0.25,0.04,0.079566,0.1138,2SEG,1,LIDAR,-0.060565999999999995,0.08620000000000001,3.1876842105263155,0.43100000000000005,1.8093421052631578
M5119,0.00055,1e-06,0.5,0.25,0.05,0.079138,0.1297,2SEG,1,LIDAR,-0.060138,0.0703,3.165157894736842,0.3515,1.7583289473684212
M5120,0.00055,1e-06,0.5,0.25,0.08,0.078033,0.1705,2SEG,1,LIDAR,-0.059033,0.0295,3.107,0.1475,1.62725
M5121,0.00055,1e-06,0.5,0.5,0.03,0.080042,0.09101,2SEG,1,LIDAR,-0.061042,0.10899000000000002,3.2127368421052633,0.54495,1.8788434210526317
M5122,0.00055,1e-06,0.5,0.5,0.035,0.079798,0.09965,2SEG,1,LIDAR,-0.06079799999999999,0.10035000000000001,3.1998947368421047,0.50175,1.8508223684210523
M5123,0.00055,1e-06,0.5,0.5,0.04,0.079567,0.1078,2SEG,1,LIDAR,-0.060566999999999996,0.0922,3.187736842105263,0.461,1.8243684210526314
M5124,0.00055,1e-06,0.5,0.5,0.05,0.079139,0.1228,2SEG,1,LIDAR,-0.060139,0.0772,3.1652105263157893,0.386,1.7756052631578947
M5125,0.00055,1e-06,0.5,0.5,0.08,0.078034,0.1615,2SEG,1,LIDAR,-0.059034,0.038500000000000006,3.1070526315789477,0.19250000000000003,1.6497763157894738
M5126,0.00055,5.5e-06,-0.5,-0.5,0.03,0.079918,0.1264,2SEG,1,LIDAR,-0.060918,0.0736,3.2062105263157896,0.368,1.7871052631578948
M5127,0.00055,5.5e-06,-0.5,-0.5,0.035,0.079579,0.1383,2SEG,1,LIDAR,-0.060578999999999994,0.061700000000000005,3.1883684210526315,0.3085,1.7484342105263158
M5128,0.00055,5.5e-06,-0.5,-0.5,0.04,0.079261,0.1495,2SEG,1,LIDAR,-0.060260999999999995,0.05050000000000002,3.1716315789473684,0.25250000000000006,1.7120657894736842
M5129,0.00055,5.5e-06,-0.5,-0.5,0.05,0.07867,0.1701,2SEG,1,LIDAR,-0.05967,0.02990000000000001,3.1405263157894736,0.14950000000000005,1.645013157894737
M5130,0.00055,5.5e-06,-0.5,-0.5,0.08,0.077126,0.2229,2SEG,1,LIDAR,-0.058126,-0.022899999999999976,3.059263157894737,0.11449999999999988,1.5868815789473685
M5131,0.00055,5.5e-06,-0.5,-0.25,0.03,0.079924,0.1119,2SEG,1,LIDAR,-0.06092399999999999,0.08810000000000001,3.2065263157894734,0.44050000000000006,1.8235131578947368
M5132,0.00055,5.5e-06,-0.5,-0.25,0.035,0.079585,0.1225,2SEG,1,LIDAR,-0.060585,0.07750000000000001,3.188684210526316,0.38750000000000007,1.788092105263158
M5133,0.00055,5.5e-06,-0.5,-0.25,0.04,0.079267,0.1324,2SEG,1,LIDAR,-0.060267,0.06760000000000002,3.1719473684210526,0.3380000000000001,1.7549736842105264
M5134,0.00055,5.5e-06,-0.5,-0.25,0.05,0.078677,0.1507,2SEG,1,LIDAR,-0.059676999999999994,0.04930000000000001,3.140894736842105,0.24650000000000005,1.6936973684210526
M5135,0.00055,5.5e-06,-0.5,-0.25,0.08,0.07714,0.1974,2SEG,1,LIDAR,-0.05814,0.002600000000000019,3.06,0.013000000000000095,1.5365
M5136,0.00055,5.5e-06,-0.5,0.0,0.03,0.079927,0.1027,2SEG,1,LIDAR,-0.060926999999999995,0.09730000000000001,3.2066842105263156,0.48650000000000004,1.8465921052631578
M5137,0.00055,5.5e-06,-0.5,0.0,0.035,0.079589,0.1124,2SEG,1,LIDAR,-0.06058899999999999,0.08760000000000001,3.188894736842105,0.43800000000000006,1.8134473684210526
M5138,0.00055,5.5e-06,-0.5,0.0,0.04,0.079271,0.1214,2SEG,1,LIDAR,-0.06027099999999999,0.07860000000000002,3.172157894736842,0.39300000000000007,1.782578947368421
M5139,0.00055,5.5e-06,-0.5,0.0,0.05,0.078682,0.1382,2SEG,1,LIDAR,-0.059682,0.06180000000000002,3.141157894736842,0.3090000000000001,1.7250789473684212
M5140,0.00055,5.5e-06,-0.5,0.0,0.08,0.077147,0.1811,2SEG,1,LIDAR,-0.05814699999999999,0.0189,3.060368421052631,0.0945,1.5774342105263155
M5141,0.00055,5.5e-06,-0.5,0.25,0.03,0.07993,0.09604,2SEG,1,LIDAR,-0.06093,0.10396000000000001,3.2068421052631577,0.5198,1.8633210526315789
M5142,0.00055,5.5e-06,-0.5,0.25,0.035,0.079592,0.1051,2SEG,1,LIDAR,-0.06059199999999999,0.09490000000000001,3.189052631578947,0.47450000000000003,1.8317763157894735
M5143,0.00055,5.5e-06,-0.5,0.25,0.04,0.079274,0.1136,2SEG,1,LIDAR,-0.060273999999999994,0.0864,3.172315789473684,0.432,1.802157894736842
M5144,0.00055,5.5e-06,-0.5,0.25,0.05,0.078685,0.1293,2SEG,1,LIDAR,-0.059685,0.07070000000000001,3.1413157894736843,0.35350000000000004,1.747407894736842
M5145,0.00055,5.5e-06,-0.5,0.25,0.08,0.077151,0.1694,2SEG,1,LIDAR,-0.058150999999999994,0.030600000000000016,3.0605789473684206,0.15300000000000008,1.6067894736842103
M5146,0.00055,5.5e-06,-0.5,0.5,0.03,0.079932,0.09093,2SEG,1,LIDAR,-0.060932,0.10907000000000001,3.2069473684210528,0.54535,1.8761486842105264
M5147,0.00055,5.5e-06,-0.5,0.5,0.035,0.079594,0.09949,2SEG,1,LIDAR,-0.060593999999999995,0.10051000000000002,3.1891578947368417,0.50255,1.845853947368421
M5148,0.00055,5.5e-06,-0.5,0.5,0.04,0.079276,0.1075,2SEG,1,LIDAR,-0.060275999999999996,0.09250000000000001,3.172421052631579,0.4625,1.8174605263157895
M5149,0.00055,5.5e-06,-0.5,0.5,0.05,0.078688,0.1224,2SEG,1,LIDAR,-0.05968799999999999,0.07760000000000002,3.141473684210526,0.38800000000000007,1.764736842105263
M5150,0.00055,5.5e-06,-0.5,0.5,0.08,0.077155,0.1604,2SEG,1,LIDAR,-0.058155,0.039600000000000024,3.0607894736842107,0.19800000000000012,1.6293947368421053
M5151,0.00055,5.5e-06,-0.25,-0.5,0.03,0.080315,0.1268,2SEG,1,LIDAR,-0.061314999999999995,0.07320000000000002,3.2271052631578945,0.36600000000000005,1.7965526315789473
M5152,0.00055,5.5e-06,-0.25,-0.5,0.035,0.080013,0.1388,2SEG,1,LIDAR,-0.061013,0.061200000000000004,3.2112105263157895,0.306,1.7586052631578948
M5153,0.00055,5.5e-06,-0.25,-0.5,0.04,0.079729,0.15,2SEG,1,LIDAR,-0.06072899999999999,0.05000000000000002,3.1962631578947365,0.25000000000000006,1.7231315789473682
M5154,0.00055,5.5e-06,-0.25,-0.5,0.05,0.079202,0.1708,2SEG,1,LIDAR,-0.06020199999999999,0.029200000000000004,3.168526315789473,0.14600000000000002,1.6572631578947365
M5155,0.00055,5.5e-06,-0.25,-0.5,0.08,0.077829,0.2241,2SEG,1,LIDAR,-0.05882899999999999,-0.024099999999999983,3.0962631578947364,0.12049999999999991,1.608381578947368
M5156,0.00055,5.5e-06,-0.25,-0.25,0.03,0.08032,0.1123,2SEG,1,LIDAR,-0.06132,0.08770000000000001,3.2273684210526317,0.43850000000000006,1.8329342105263158
M5157,0.00055,5.5e-06,-0.25,-0.25,0.035,0.080019,0.1229,2SEG,1,LIDAR,-0.061019000000000004,0.07710000000000002,3.211526315789474,0.38550000000000006,1.7985131578947369
M5158,0.00055,5.5e-06,-0.25,-0.25,0.04,0.079735,0.1328,2SEG,1,LIDAR,-0.060735,0.06720000000000001,3.196578947368421,0.336,1.7662894736842105
M5159,0.00055,5.5e-06,-0.25,-0.25,0.05,0.079209,0.1513,2SEG,1,LIDAR,-0.060209,0.04870000000000002,3.1688947368421054,0.2435000000000001,1.7061973684210527
M5160,0.00055,5.5e-06,-0.25,-0.25,0.08,0.077839,0.1985,2SEG,1,LIDAR,-0.058839,0.0015000000000000013,3.0967894736842108,0.007500000000000007,1.5521447368421053
M5161,0.00055,5.5e-06,-0.25,0.0,0.03,0.080324,0.103,2SEG,1,LIDAR,-0.061324000000000004,0.09700000000000002,3.2275789473684213,0.48500000000000004,1.8562894736842106
M5162,0.00055,5.5e-06,-0.25,0.0,0.035,0.080023,0.1127,2SEG,1,LIDAR,-0.061022999999999994,0.08730000000000002,3.211736842105263,0.43650000000000005,1.8241184210526316
M5163,0.00055,5.5e-06,-0.25,0.0,0.04,0.079739,0.1219,2SEG,1,LIDAR,-0.060739,0.07810000000000002,3.196789473684211,0.39050000000000007,1.7936447368421056
M5164,0.00055,5.5e-06,-0.25,0.0,0.05,0.079214,0.1388,2SEG,1,LIDAR,-0.060214000000000004,0.061200000000000004,3.169157894736842,0.306,1.7375789473684211
M5165,0.00055,5.5e-06,-0.25,0.0,0.08,0.077846,0.1821,2SEG,1,LIDAR,-0.058845999999999996,0.0179,3.097157894736842,0.0895,1.5933289473684211
M5166,0.00055,5.5e-06,-0.25,0.25,0.03,0.080326,0.09632,2SEG,1,LIDAR,-0.06132599999999999,0.10368000000000001,3.2276842105263155,0.5184,1.8730421052631576
M5167,0.00055,5.5e-06,-0.25,0.25,0.035,0.080025,0.1054,2SEG,1,LIDAR,-0.061024999999999996,0.09460000000000002,3.2118421052631576,0.4730000000000001,1.842421052631579
M5168,0.00055,5.5e-06,-0.25,0.25,0.04,0.079742,0.114,2SEG,1,LIDAR,-0.06074199999999999,0.08600000000000001,3.196947368421052,0.43,1.8134736842105261
M5169,0.00055,5.5e-06,-0.25,0.25,0.05,0.079218,0.1298,2SEG,1,LIDAR,-0.060217999999999994,0.07020000000000001,3.1693684210526314,0.35100000000000003,1.7601842105263157
M5170,0.00055,5.5e-06,-0.25,0.25,0.08,0.07785,0.1703,2SEG,1,LIDAR,-0.05885,0.029700000000000004,3.0973684210526318,0.14850000000000002,1.6229342105263158
M5171,0.00055,5.5e-06,-0.25,0.5,0.03,0.080328,0.0912,2SEG,1,LIDAR,-0.061327999999999994,0.10880000000000001,3.22778947368421,0.544,1.885894736842105
M5172,0.00055,5.5e-06,-0.25,0.5,0.035,0.080027,0.09981,2SEG,1,LIDAR,-0.061027,0.10019000000000002,3.2119473684210527,0.50095,1.8564486842105263
M5173,0.00055,5.5e-06,-0.25,0.5,0.04,0.079745,0.1079,2SEG,1,LIDAR,-0.06074499999999999,0.09210000000000002,3.1971052631578947,0.4605000000000001,1.8288026315789474
M5174,0.00055,5.5e-06,-0.25,0.5,0.05,0.079221,0.1229,2SEG,1,LIDAR,-0.060221,0.07710000000000002,3.1695263157894735,0.38550000000000006,1.7775131578947367
M5175,0.00055,5.5e-06,-0.25,0.5,0.08,0.077854,0.1612,2SEG,1,LIDAR,-0.058854000000000004,0.0388,3.0975789473684214,0.194,1.6457894736842107
M5176,0.00055,5.5e-06,0.0,-0.5,0.03,0.080569,0.127,2SEG,1,LIDAR,-0.061569,0.07300000000000001,3.240473684210526,0.36500000000000005,1.8027368421052632
M5177,0.00055,5.5e-06,0.0,-0.5,0.035,0.080291,0.1391,2SEG,1,LIDAR,-0.061291,0.06090000000000001,3.225842105263158,0.30450000000000005,1.765171052631579
M5178,0.00055,5.5e-06,0.0,-0.5,0.04,0.080029,0.1504,2SEG,1,LIDAR,-0.061029,0.049600000000000005,3.2120526315789473,0.24800000000000003,1.7300263157894737
M5179,0.00055,5.5e-06,0.0,-0.5,0.05,0.079544,0.1713,2SEG,1,LIDAR,-0.060544,0.028700000000000003,3.186526315789474,0.14350000000000002,1.665013157894737
M5180,0.00055,5.5e-06,0.0,-0.5,0.08,0.078276,0.2249,2SEG,1,LIDAR,-0.059275999999999995,-0.024899999999999978,3.1197894736842104,0.12449999999999989,1.6221447368421051
M5181,0.00055,5.5e-06,0.0,-0.25,0.03,0.080574,0.1125,2SEG,1,LIDAR,-0.061574000000000004,0.08750000000000001,3.2407368421052634,0.4375,1.8391184210526317
M5182,0.00055,5.5e-06,0.0,-0.25,0.035,0.080297,0.1231,2SEG,1,LIDAR,-0.06129699999999999,0.07690000000000001,3.2261578947368417,0.3845,1.8053289473684209
M5183,0.00055,5.5e-06,0.0,-0.25,0.04,0.080036,0.1331,2SEG,1,LIDAR,-0.06103599999999999,0.06690000000000002,3.2124210526315786,0.3345000000000001,1.7734605263157894
M5184,0.00055,5.5e-06,0.0,-0.25,0.05,0.079551,0.1517,2SEG,1,LIDAR,-0.060550999999999994,0.04830000000000001,3.1868947368421052,0.24150000000000005,1.7141973684210527
M5185,0.00055,5.5e-06,0.0,-0.25,0.08,0.078286,0.1991,2SEG,1,LIDAR,-0.05928599999999999,0.0009000000000000119,3.120315789473684,0.0045000000000000595,1.562407894736842
M5186,0.00055,5.5e-06,0.0,0.0,0.03,0.080578,0.1032,2SEG,1,LIDAR,-0.061577999999999994,0.09680000000000001,3.2409473684210526,0.48400000000000004,1.8624736842105263
M5187,0.00055,5.5e-06,0.0,0.0,0.035,0.080301,0.113,2SEG,1,LIDAR,-0.061300999999999994,0.08700000000000001,3.2263684210526313,0.435,1.8306842105263157
M5188,0.00055,5.5e-06,0.0,0.0,0.04,0.08004,0.1221,2SEG,1,LIDAR,-0.06104,0.07790000000000001,3.2126315789473683,0.3895,1.8010657894736841
M5189,0.00055,5.5e-06,0.0,0.0,0.05,0.079556,0.1391,2SEG,1,LIDAR,-0.060556,0.06090000000000001,3.187157894736842,0.30450000000000005,1.745828947368421
M5190,0.00055,5.5e-06,0.0,0.0,0.08,0.078292,0.1827,2SEG,1,LIDAR,-0.059292,0.01730000000000001,3.120631578947368,0.08650000000000005,1.6035657894736841
M5191,0.00055,5.5e-06,0.0,0.25,0.03,0.08058,0.09651,2SEG,1,LIDAR,-0.061579999999999996,0.10349000000000001,3.241052631578947,0.5174500000000001,1.8792513157894737
M5192,0.00055,5.5e-06,0.0,0.25,0.035,0.080303,0.1056,2SEG,1,LIDAR,-0.061302999999999996,0.09440000000000001,3.2264736842105264,0.47200000000000003,1.8492368421052632
M5193,0.00055,5.5e-06,0.0,0.25,0.04,0.080043,0.1142,2SEG,1,LIDAR,-0.061043,0.08580000000000002,3.2127894736842104,0.42900000000000005,1.8208947368421051
M5194,0.00055,5.5e-06,0.0,0.25,0.05,0.079559,0.1301,2SEG,1,LIDAR,-0.060559,0.06990000000000002,3.1873157894736845,0.3495000000000001,1.7684078947368422
M5195,0.00055,5.5e-06,0.0,0.25,0.08,0.078297,0.1709,2SEG,1,LIDAR,-0.059297,0.029100000000000015,3.1208947368421054,0.14550000000000007,1.6331973684210528
M5196,0.00055,5.5e-06,0.0,0.5,0.03,0.080582,0.09137,2SEG,1,LIDAR,-0.061582,0.10863,3.2411578947368422,0.54315,1.892153947368421
M5197,0.00055,5.5e-06,0.0,0.5,0.035,0.080306,0.1,2SEG,1,LIDAR,-0.061306,0.1,3.2266315789473685,0.5,1.8633157894736843
M5198,0.00055,5.5e-06,0.0,0.5,0.04,0.080045,0.1082,2SEG,1,LIDAR,-0.061045,0.0918,3.2128947368421055,0.459,1.8359473684210528
M5199,0.00055,5.5e-06,0.0,0.5,0.05,0.079562,0.1232,2SEG,1,LIDAR,-0.06056199999999999,0.07680000000000001,3.187473684210526,0.384,1.7857368421052628
M5200,0.00055,5.5e-06,0.0,0.5,0.08,0.078301,0.1618,2SEG,1,LIDAR,-0.05930099999999999,0.03820000000000001,3.1211052631578946,0.19100000000000006,1.6560526315789472
M5201,0.00055,5.5e-06,0.25,-0.5,0.03,0.080752,0.1272,2SEG,1,LIDAR,-0.061752,0.0728,3.250105263157895,0.364,1.8070526315789475
M5202,0.00055,5.5e-06,0.25,-0.5,0.035,0.080492,0.1393,2SEG,1,LIDAR,-0.06149199999999999,0.060700000000000004,3.2364210526315786,0.3035,1.7699605263157894
M5203,0.00055,5.5e-06,0.25,-0.5,0.04,0.080246,0.1506,2SEG,1,LIDAR,-0.061245999999999995,0.0494,3.2234736842105263,0.247,1.735236842105263
M5204,0.00055,5.5e-06,0.25,-0.5,0.05,0.07979,0.1716,2SEG,1,LIDAR,-0.06079,0.02840000000000001,3.1994736842105262,0.14200000000000004,1.670736842105263
M5205,0.00055,5.5e-06,0.25,-0.5,0.08,0.078615,0.2255,2SEG,1,LIDAR,-0.059615,-0.025499999999999995,3.1376315789473685,0.12749999999999997,1.6325657894736842
M5206,0.00055,5.5e-06,0.25,-0.25,0.03,0.080757,0.1126,2SEG,1,LIDAR,-0.06175699999999999,0.0874,3.2503684210526314,0.437,1.8436842105263156
M5207,0.00055,5.5e-06,0.25,-0.25,0.035,0.080497,0.1233,2SEG,1,LIDAR,-0.061496999999999996,0.0767,3.236684210526316,0.3835,1.810092105263158
M5208,0.00055,5.5e-06,0.25,-0.25,0.04,0.080252,0.1334,2SEG,1,LIDAR,-0.061252,0.06660000000000002,3.2237894736842105,0.3330000000000001,1.7783947368421054
M5209,0.00055,5.5e-06,0.25,-0.25,0.05,0.079798,0.1519,2SEG,1,LIDAR,-0.06079799999999999,0.048100000000000004,3.1998947368421047,0.24050000000000002,1.7201973684210523
M5210,0.00055,5.5e-06,0.25,-0.25,0.08,0.078625,0.1997,2SEG,1,LIDAR,-0.059625,0.00030000000000002247,3.138157894736842,0.0015000000000001124,1.569828947368421
M5211,0.00055,5.5e-06,0.25,0.0,0.03,0.080761,0.1033,2SEG,1,LIDAR,-0.061760999999999996,0.09670000000000001,3.250578947368421,0.48350000000000004,1.8670394736842106
M5212,0.00055,5.5e-06,0.25,0.0,0.035,0.080501,0.1131,2SEG,1,LIDAR,-0.061501,0.0869,3.2368947368421055,0.4345,1.8356973684210527
M5213,0.00055,5.5e-06,0.25,0.0,0.04,0.080256,0.1223,2SEG,1,LIDAR,-0.06125599999999999,0.0777,3.2239999999999998,0.3885,1.80625
M5214,0.00055,5.5e-06,0.25,0.0,0.05,0.079803,0.1394,2SEG,1,LIDAR,-0.060802999999999996,0.060600000000000015,3.200157894736842,0.30300000000000005,1.751578947368421
M5215,0.00055,5.5e-06,0.25,0.0,0.08,0.078631,0.1832,2SEG,1,LIDAR,-0.059631,0.01680000000000001,3.1384736842105267,0.08400000000000005,1.6112368421052634
M5216,0.00055,5.5e-06,0.25,0.25,0.03,0.080763,0.09664,2SEG,1,LIDAR,-0.061763,0.10336000000000001,3.2506842105263156,0.5168,1.8837421052631578
M5217,0.00055,5.5e-06,0.25,0.25,0.035,0.080504,0.1058,2SEG,1,LIDAR,-0.061504,0.0942,3.2370526315789476,0.47100000000000003,1.8540263157894739
M5218,0.00055,5.5e-06,0.25,0.25,0.04,0.080259,0.1144,2SEG,1,LIDAR,-0.061258999999999994,0.08560000000000001,3.224157894736842,0.42800000000000005,1.826078947368421
M5219,0.00055,5.5e-06,0.25,0.25,0.05,0.079806,0.1304,2SEG,1,LIDAR,-0.060806,0.06960000000000002,3.2003157894736844,0.3480000000000001,1.7741578947368422
M5220,0.00055,5.5e-06,0.25,0.25,0.08,0.078636,0.1713,2SEG,1,LIDAR,-0.059635999999999995,0.028700000000000003,3.138736842105263,0.14350000000000002,1.6411184210526315
M5221,0.00055,5.5e-06,0.25,0.5,0.03,0.080765,0.0915,2SEG,1,LIDAR,-0.061765,0.10850000000000001,3.2507894736842107,0.5425,1.8966447368421053
M5222,0.00055,5.5e-06,0.25,0.5,0.035,0.080506,0.1002,2SEG,1,LIDAR,-0.06150599999999999,0.09980000000000001,3.237157894736842,0.49900000000000005,1.868078947368421
M5223,0.00055,5.5e-06,0.25,0.5,0.04,0.080262,0.1083,2SEG,1,LIDAR,-0.061262,0.09170000000000002,3.224315789473684,0.4585000000000001,1.841407894736842
M5224,0.00055,5.5e-06,0.25,0.5,0.05,0.079808,0.1234,2SEG,1,LIDAR,-0.060808,0.07660000000000002,3.200421052631579,0.38300000000000006,1.7917105263157895
M5225,0.00055,5.5e-06,0.25,0.5,0.08,0.07864,0.1622,2SEG,1,LIDAR,-0.05964,0.0378,3.1389473684210527,0.189,1.6639736842105264
M5226,0.00055,5.5e-06,0.5,-0.5,0.03,0.080893,0.1273,2SEG,1,LIDAR,-0.061893000000000004,0.07270000000000001,3.257526315789474,0.36350000000000005,1.810513157894737
M5227,0.00055,5.5e-06,0.5,-0.5,0.035,0.080646,0.1394,2SEG,1,LIDAR,-0.06164599999999999,0.060600000000000015,3.2445263157894733,0.30300000000000005,1.7737631578947366
M5228,0.00055,5.5e-06,0.5,-0.5,0.04,0.080413,0.1508,2SEG,1,LIDAR,-0.061412999999999995,0.04920000000000002,3.2322631578947365,0.2460000000000001,1.7391315789473683
M5229,0.00055,5.5e-06,0.5,-0.5,0.05,0.07998,0.1718,2SEG,1,LIDAR,-0.06097999999999999,0.028200000000000003,3.209473684210526,0.14100000000000001,1.675236842105263
M5230,0.00055,5.5e-06,0.5,-0.5,0.08,0.078863,0.2259,2SEG,1,LIDAR,-0.059863,-0.02589999999999998,3.150684210526316,0.1294999999999999,1.6400921052631579
M5231,0.00055,5.5e-06,0.5,-0.25,0.03,0.080899,0.1128,2SEG,1,LIDAR,-0.061898999999999996,0.08720000000000001,3.257842105263158,0.43600000000000005,1.846921052631579
M5232,0.00055,5.5e-06,0.5,-0.25,0.035,0.080652,0.1235,2SEG,1,LIDAR,-0.061652,0.07650000000000001,3.244842105263158,0.38250000000000006,1.813671052631579
M5233,0.00055,5.5e-06,0.5,-0.25,0.04,0.080419,0.1335,2SEG,1,LIDAR,-0.061419,0.0665,3.232578947368421,0.3325,1.7825394736842106
M5234,0.00055,5.5e-06,0.5,-0.25,0.05,0.079987,0.1522,2SEG,1,LIDAR,-0.060987,0.04780000000000001,3.209842105263158,0.23900000000000005,1.7244210526315789
M5235,0.00055,5.5e-06,0.5,-0.25,0.08,0.078873,0.2,2SEG,1,LIDAR,-0.059872999999999996,0.0,3.1512105263157895,0.0,1.5756052631578947
M5236,0.00055,5.5e-06,0.5,0.0,0.03,0.080902,0.1034,2SEG,1,LIDAR,-0.061902,0.0966,3.258,0.483,1.8705
M5237,0.00055,5.5e-06,0.5,0.0,0.035,0.080656,0.1133,2SEG,1,LIDAR,-0.061656,0.08670000000000001,3.2450526315789476,0.43350000000000005,1.8392763157894738
M5238,0.00055,5.5e-06,0.5,0.0,0.04,0.080423,0.1225,2SEG,1,LIDAR,-0.06142299999999999,0.07750000000000001,3.23278947368421,0.38750000000000007,1.810144736842105
M5239,0.00055,5.5e-06,0.5,0.0,0.05,0.079992,0.1396,2SEG,1,LIDAR,-0.06099199999999999,0.06040000000000001,3.210105263157894,0.30200000000000005,1.756052631578947
M5240,0.00055,5.5e-06,0.5,0.0,0.08,0.07888,0.1835,2SEG,1,LIDAR,-0.05988,0.016500000000000015,3.1515789473684213,0.08250000000000007,1.6170394736842106
M5241,0.00055,5.5e-06,0.5,0.25,0.03,0.080905,0.09674,2SEG,1,LIDAR,-0.061905,0.10326,3.258157894736842,0.5163,1.887228947368421
M5242,0.00055,5.5e-06,0.5,0.25,0.035,0.080658,0.1059,2SEG,1,LIDAR,-0.06165799999999999,0.09410000000000002,3.245157894736842,0.4705000000000001,1.8578289473684209
M5243,0.00055,5.5e-06,0.5,0.25,0.04,0.080426,0.1146,2SEG,1,LIDAR,-0.061425999999999994,0.08540000000000002,3.2329473684210526,0.42700000000000005,1.8299736842105263
M5244,0.00055,5.5e-06,0.5,0.25,0.05,0.079996,0.1305,2SEG,1,LIDAR,-0.060995999999999995,0.0695,3.210315789473684,0.34750000000000003,1.778907894736842
M5245,0.00055,5.5e-06,0.5,0.25,0.08,0.078885,0.1716,2SEG,1,LIDAR,-0.059884999999999994,0.02840000000000001,3.1518421052631576,0.14200000000000004,1.6469210526315787
M5246,0.00055,5.5e-06,0.5,0.5,0.03,0.080906,0.09159,2SEG,1,LIDAR,-0.061906,0.10841,3.2582105263157897,0.54205,1.900130263157895
M5247,0.00055,5.5e-06,0.5,0.5,0.035,0.08066,0.1003,2SEG,1,LIDAR,-0.06165999999999999,0.09970000000000001,3.2452631578947364,0.49850000000000005,1.8718815789473682
M5248,0.00055,5.5e-06,0.5,0.5,0.04,0.080428,0.1085,2SEG,1,LIDAR,-0.061427999999999996,0.09150000000000001,3.233052631578947,0.4575,1.8452763157894736
M5249,0.00055,5.5e-06,0.5,0.5,0.05,0.079998,0.1236,2SEG,1,LIDAR,-0.060998,0.07640000000000001,3.210421052631579,0.382,1.7962105263157895
M5250,0.00055,5.5e-06,0.5,0.5,0.08,0.078888,0.1625,2SEG,1,LIDAR,-0.059888,0.037500000000000006,3.1519999999999997,0.18750000000000003,1.6697499999999998
M5251,0.00055,1e-05,-0.5,-0.5,0.03,0.080751,0.1272,2SEG,1,LIDAR,-0.061751,0.0728,3.2500526315789475,0.364,1.8070263157894737
M5252,0.00055,1e-05,-0.5,-0.5,0.035,0.080411,0.1392,2SEG,1,LIDAR,-0.06141099999999999,0.06080000000000002,3.232157894736842,0.3040000000000001,1.768078947368421
M5253,0.00055,1e-05,-0.5,-0.5,0.04,0.08009,0.1504,2SEG,1,LIDAR,-0.06108999999999999,0.049600000000000005,3.2152631578947366,0.24800000000000003,1.7316315789473684
M5254,0.00055,1e-05,-0.5,-0.5,0.05,0.079475,0.1712,2SEG,1,LIDAR,-0.060475,0.02880000000000002,3.182894736842105,0.1440000000000001,1.6634473684210527
M5255,0.00055,1e-05,-0.5,-0.5,0.08,0.077944,0.2243,2SEG,1,LIDAR,-0.058943999999999996,-0.02429999999999999,3.102315789473684,0.12149999999999994,1.611907894736842
M5256,0.00055,1e-05,-0.5,-0.25,0.03,0.080761,0.1126,2SEG,1,LIDAR,-0.061760999999999996,0.0874,3.250578947368421,0.437,1.8437894736842104
M5257,0.00055,1e-05,-0.5,-0.25,0.035,0.080421,0.1232,2SEG,1,LIDAR,-0.061421,0.07680000000000001,3.232684210526316,0.384,1.8083421052631579
M5258,0.00055,1e-05,-0.5,-0.25,0.04,0.080102,0.1332,2SEG,1,LIDAR,-0.061102000000000004,0.0668,3.2158947368421056,0.33399999999999996,1.7749473684210528
M5259,0.00055,1e-05,-0.5,-0.25,0.05,0.079489,0.1516,2SEG,1,LIDAR,-0.060489,0.0484,3.1836315789473684,0.242,1.7128157894736842
M5260,0.00055,1e-05,-0.5,-0.25,0.08,0.077964,0.1986,2SEG,1,LIDAR,-0.058964,0.0014000000000000123,3.103368421052632,0.007000000000000062,1.555184210526316
M5261,0.00055,1e-05,-0.5,0.0,0.03,0.080767,0.1033,2SEG,1,LIDAR,-0.061767,0.09670000000000001,3.2508947368421053,0.48350000000000004,1.8671973684210528
M5262,0.00055,1e-05,-0.5,0.0,0.035,0.080428,0.1131,2SEG,1,LIDAR,-0.061427999999999996,0.0869,3.233052631578947,0.4345,1.8337763157894735
M5263,0.00055,1e-05,-0.5,0.0,0.04,0.08011,0.1222,2SEG,1,LIDAR,-0.06111,0.07780000000000001,3.216315789473684,0.389,1.802657894736842
M5264,0.00055,1e-05,-0.5,0.0,0.05,0.079498,0.1391,2SEG,1,LIDAR,-0.060497999999999996,0.06090000000000001,3.1841052631578948,0.30450000000000005,1.7443026315789474
M5265,0.00055,1e-05,-0.5,0.0,0.08,0.077976,0.1822,2SEG,1,LIDAR,-0.058976,0.01780000000000001,3.104,0.08900000000000005,1.5965
M5266,0.00055,1e-05,-0.5,0.25,0.03,0.080771,0.09664,2SEG,1,LIDAR,-0.06177099999999999,0.10336000000000001,3.2511052631578945,0.5168,1.8839526315789472
M5267,0.00055,1e-05,-0.5,0.25,0.035,0.080433,0.1057,2SEG,1,LIDAR,-0.061433,0.09430000000000001,3.2333157894736844,0.47150000000000003,1.8524078947368423
M5268,0.00055,1e-05,-0.5,0.25,0.04,0.080115,0.1143,2SEG,1,LIDAR,-0.061115,0.08570000000000001,3.216578947368421,0.42850000000000005,1.8225394736842107
M5269,0.00055,1e-05,-0.5,0.25,0.05,0.079504,0.1301,2SEG,1,LIDAR,-0.060504,0.06990000000000002,3.184421052631579,0.3495000000000001,1.7669605263157895
M5270,0.00055,1e-05,-0.5,0.25,0.08,0.077985,0.1704,2SEG,1,LIDAR,-0.058984999999999996,0.029600000000000015,3.104473684210526,0.14800000000000008,1.626236842105263
M5271,0.00055,1e-05,-0.5,0.5,0.03,0.080775,0.0915,2SEG,1,LIDAR,-0.061775,0.10850000000000001,3.251315789473684,0.5425,1.896907894736842
M5272,0.00055,1e-05,-0.5,0.5,0.035,0.080437,0.1001,2SEG,1,LIDAR,-0.06143699999999999,0.09990000000000002,3.233526315789473,0.49950000000000006,1.8665131578947367
M5273,0.00055,1e-05,-0.5,0.5,0.04,0.080119,0.1082,2SEG,1,LIDAR,-0.06111899999999999,0.0918,3.2167894736842104,0.459,1.8378947368421052
M5274,0.00055,1e-05,-0.5,0.5,0.05,0.07953,0.1232,2SEG,1,LIDAR,-0.06053,0.07680000000000001,3.1857894736842107,0.384,1.7848947368421053
M5275,0.00055,1e-05,-0.5,0.5,0.08,0.077992,0.1614,2SEG,1,LIDAR,-0.058992,0.03860000000000002,3.1048421052631583,0.19300000000000012,1.6489210526315792
M5276,0.00055,1e-05,-0.25,-0.5,0.03,0.081145,0.1276,2SEG,1,LIDAR,-0.06214499999999999,0.07240000000000002,3.2707894736842102,0.3620000000000001,1.8163947368421052
M5277,0.00055,1e-05,-0.25,-0.5,0.035,0.080841,0.1396,2SEG,1,LIDAR,-0.06184099999999999,0.06040000000000001,3.2547894736842102,0.30200000000000005,1.7783947368421051
M5278,0.00055,1e-05,-0.25,-0.5,0.04,0.080555,0.1509,2SEG,1,LIDAR,-0.061555,0.049100000000000005,3.239736842105263,0.24550000000000002,1.7426184210526314
M5279,0.00055,1e-05,-0.25,-0.5,0.05,0.080025,0.1719,2SEG,1,LIDAR,-0.061024999999999996,0.028100000000000014,3.2118421052631576,0.14050000000000007,1.6761710526315787
M5280,0.00055,1e-05,-0.25,-0.5,0.08,0.078633,0.2255,2SEG,1,LIDAR,-0.05963299999999999,-0.025499999999999995,3.1385789473684205,0.12749999999999997,1.6330394736842102
M5281,0.00055,1e-05,-0.25,-0.25,0.03,0.081155,0.113,2SEG,1,LIDAR,-0.062155,0.08700000000000001,3.271315789473684,0.435,1.8531578947368421
M5282,0.00055,1e-05,-0.25,-0.25,0.035,0.080852,0.1236,2SEG,1,LIDAR,-0.06185199999999999,0.07640000000000001,3.2553684210526312,0.382,1.8186842105263157
M5283,0.00055,1e-05,-0.25,-0.25,0.04,0.080567,0.1337,2SEG,1,LIDAR,-0.061567,0.0663,3.2403684210526316,0.33149999999999996,1.7859342105263158
M5284,0.00055,1e-05,-0.25,-0.25,0.05,0.080039,0.1522,2SEG,1,LIDAR,-0.061038999999999996,0.04780000000000001,3.2125789473684208,0.23900000000000005,1.7257894736842103
M5285,0.00055,1e-05,-0.25,-0.25,0.08,0.078653,0.1997,2SEG,1,LIDAR,-0.059653,0.00030000000000002247,3.1396315789473683,0.0015000000000001124,1.5705657894736842
M5286,0.00055,1e-05,-0.25,0.0,0.03,0.081161,0.1036,2SEG,1,LIDAR,-0.062160999999999994,0.09640000000000001,3.271631578947368,0.48200000000000004,1.876815789473684
M5287,0.00055,1e-05,-0.25,0.0,0.035,0.080859,0.1134,2SEG,1,LIDAR,-0.061859,0.08660000000000001,3.255736842105263,0.43300000000000005,1.8443684210526317
M5288,0.00055,1e-05,-0.25,0.0,0.04,0.080574,0.1226,2SEG,1,LIDAR,-0.061574000000000004,0.07740000000000001,3.2407368421052634,0.387,1.8138684210526317
M5289,0.00055,1e-05,-0.25,0.0,0.05,0.080048,0.1396,2SEG,1,LIDAR,-0.06104799999999999,0.06040000000000001,3.213052631578947,0.30200000000000005,1.7575263157894736
M5290,0.00055,1e-05,-0.25,0.0,0.08,0.078665,0.1832,2SEG,1,LIDAR,-0.059664999999999996,0.01680000000000001,3.140263157894737,0.08400000000000005,1.6121315789473685
M5291,0.00055,1e-05,-0.25,0.25,0.03,0.081165,0.09692,2SEG,1,LIDAR,-0.062165,0.10308,3.2718421052631577,0.5154,1.8936210526315789
M5292,0.00055,1e-05,-0.25,0.25,0.035,0.080864,0.1061,2SEG,1,LIDAR,-0.061864,0.09390000000000001,3.2560000000000002,0.46950000000000003,1.8627500000000001
M5293,0.00055,1e-05,-0.25,0.25,0.04,0.08058,0.1147,2SEG,1,LIDAR,-0.061579999999999996,0.08530000000000001,3.241052631578947,0.42650000000000005,1.8337763157894735
M5294,0.00055,1e-05,-0.25,0.25,0.05,0.080054,0.1306,2SEG,1,LIDAR,-0.061054,0.06940000000000002,3.2133684210526314,0.3470000000000001,1.7801842105263157
M5295,0.00055,1e-05,-0.25,0.25,0.08,0.078674,0.1714,2SEG,1,LIDAR,-0.05967399999999999,0.028600000000000014,3.140736842105263,0.14300000000000007,1.6418684210526315
M5296,0.00055,1e-05,-0.25,0.5,0.03,0.081169,0.09176,2SEG,1,LIDAR,-0.062169,0.10824000000000002,3.2720526315789478,0.5412,1.9066263157894738
M5297,0.00055,1e-05,-0.25,0.5,0.035,0.080868,0.1004,2SEG,1,LIDAR,-0.06186799999999999,0.09960000000000001,3.256210526315789,0.498,1.8771052631578944
M5298,0.00055,1e-05,-0.25,0.5,0.04,0.080584,0.1086,2SEG,1,LIDAR,-0.061584,0.09140000000000001,3.241263157894737,0.457,1.8491315789473683
M5299,0.00055,1e-05,-0.25,0.5,0.05,0.080059,0.1237,2SEG,1,LIDAR,-0.061059,0.0763,3.2136315789473686,0.3815,1.7975657894736843
M5300,0.00055,1e-05,-0.25,0.5,0.08,0.078681,0.1622,2SEG,1,LIDAR,-0.059681,0.0378,3.1411052631578946,0.189,1.6650526315789473
M5301,0.00055,1e-05,0.0,-0.5,0.03,0.081398,0.1278,2SEG,1,LIDAR,-0.062397999999999995,0.07220000000000001,3.2841052631578944,0.36100000000000004,1.8225526315789473
M5302,0.00055,1e-05,0.0,-0.5,0.035,0.081117,0.1399,2SEG,1,LIDAR,-0.06211699999999999,0.060100000000000015,3.269315789473684,0.30050000000000004,1.784907894736842
M5303,0.00055,1e-05,0.0,-0.5,0.04,0.080854,0.1513,2SEG,1,LIDAR,-0.06185399999999999,0.04870000000000002,3.255473684210526,0.2435000000000001,1.749486842105263
M5304,0.00055,1e-05,0.0,-0.5,0.05,0.080364,0.1723,2SEG,1,LIDAR,-0.061364,0.027700000000000002,3.229684210526316,0.1385,1.6840921052631581
M5305,0.00055,1e-05,0.0,-0.5,0.08,0.079077,0.2263,2SEG,1,LIDAR,-0.06007699999999999,-0.02629999999999999,3.1619473684210524,0.13149999999999995,1.6467236842105262
M5306,0.00055,1e-05,0.0,-0.25,0.03,0.081407,0.1132,2SEG,1,LIDAR,-0.06240699999999999,0.08680000000000002,3.284578947368421,0.43400000000000005,1.8592894736842105
M5307,0.00055,1e-05,0.0,-0.25,0.035,0.081128,0.1239,2SEG,1,LIDAR,-0.062128,0.07610000000000001,3.2698947368421054,0.38050000000000006,1.8251973684210527
M5308,0.00055,1e-05,0.0,-0.25,0.04,0.080865,0.134,2SEG,1,LIDAR,-0.061865,0.066,3.2560526315789478,0.33,1.793026315789474
M5309,0.00055,1e-05,0.0,-0.25,0.05,0.080378,0.1526,2SEG,1,LIDAR,-0.061378,0.0474,3.2304210526315793,0.237,1.7337105263157897
M5310,0.00055,1e-05,0.0,-0.25,0.08,0.0791,0.2004,2SEG,1,LIDAR,-0.0601,-0.0003999999999999837,3.1631578947368424,0.0019999999999999185,1.582578947368421
M5311,0.00055,1e-05,0.0,0.0,0.03,0.081414,0.1038,2SEG,1,LIDAR,-0.062414,0.09620000000000001,3.2849473684210526,0.48100000000000004,1.8829736842105262
M5312,0.00055,1e-05,0.0,0.0,0.035,0.081135,0.1136,2SEG,1,LIDAR,-0.062134999999999996,0.0864,3.2702631578947368,0.432,1.8511315789473684
M5313,0.00055,1e-05,0.0,0.0,0.04,0.080873,0.1229,2SEG,1,LIDAR,-0.061873,0.07710000000000002,3.256473684210526,0.38550000000000006,1.820986842105263
M5314,0.00055,1e-05,0.0,0.0,0.05,0.080387,0.14,2SEG,1,LIDAR,-0.061387,0.06,3.2308947368421053,0.3,1.7654473684210525
M5315,0.00055,1e-05,0.0,0.0,0.08,0.079112,0.1838,2SEG,1,LIDAR,-0.060112,0.01620000000000002,3.1637894736842105,0.0810000000000001,1.6223947368421052
M5316,0.00055,1e-05,0.0,0.25,0.03,0.081418,0.0971,2SEG,1,LIDAR,-0.062418,0.1029,3.2851578947368423,0.5145,1.8998289473684211
M5317,0.00055,1e-05,0.0,0.25,0.035,0.08114,0.1063,2SEG,1,LIDAR,-0.06214,0.0937,3.270526315789474,0.4685,1.869513157894737
M5318,0.00055,1e-05,0.0,0.25,0.04,0.080879,0.1149,2SEG,1,LIDAR,-0.061879,0.08510000000000001,3.256789473684211,0.42550000000000004,1.8411447368421054
M5319,0.00055,1e-05,0.0,0.25,0.05,0.080393,0.1309,2SEG,1,LIDAR,-0.061393,0.06910000000000002,3.2312105263157895,0.3455000000000001,1.7883552631578947
M5320,0.00055,1e-05,0.0,0.25,0.08,0.079121,0.1719,2SEG,1,LIDAR,-0.060120999999999994,0.028100000000000014,3.1642631578947364,0.14050000000000007,1.6523815789473684
M5321,0.00055,1e-05,0.0,0.5,0.03,0.081421,0.09193,2SEG,1,LIDAR,-0.06242099999999999,0.10807000000000001,3.285315789473684,0.54035,1.912832894736842
M5322,0.00055,1e-05,0.0,0.5,0.035,0.081144,0.1006,2SEG,1,LIDAR,-0.06214399999999999,0.09940000000000002,3.2707368421052627,0.49700000000000005,1.8838684210526313
M5323,0.00055,1e-05,0.0,0.5,0.04,0.080883,0.1088,2SEG,1,LIDAR,-0.061882999999999994,0.09120000000000002,3.2569999999999997,0.45600000000000007,1.8564999999999998
M5324,0.00055,1e-05,0.0,0.5,0.05,0.080398,0.124,2SEG,1,LIDAR,-0.061397999999999994,0.07600000000000001,3.2314736842105263,0.38000000000000006,1.805736842105263
M5325,0.00055,1e-05,0.0,0.5,0.08,0.079128,0.1628,2SEG,1,LIDAR,-0.060128,0.03720000000000001,3.1646315789473687,0.18600000000000005,1.6753157894736843
M5326,0.00055,1e-05,0.25,-0.5,0.03,0.081579,0.128,2SEG,1,LIDAR,-0.062579,0.07200000000000001,3.2936315789473682,0.36000000000000004,1.826815789473684
M5327,0.00055,1e-05,0.25,-0.5,0.035,0.081316,0.1401,2SEG,1,LIDAR,-0.062315999999999996,0.05990000000000001,3.2797894736842106,0.29950000000000004,1.7896447368421053
M5328,0.00055,1e-05,0.25,-0.5,0.04,0.081069,0.1515,2SEG,1,LIDAR,-0.062069,0.048500000000000015,3.2667894736842107,0.24250000000000008,1.7546447368421054
M5329,0.00055,1e-05,0.25,-0.5,0.05,0.080609,0.1726,2SEG,1,LIDAR,-0.061609,0.027400000000000008,3.242578947368421,0.13700000000000004,1.6897894736842105
M5330,0.00055,1e-05,0.25,-0.5,0.08,0.079401,0.2268,2SEG,1,LIDAR,-0.060400999999999996,-0.02679999999999999,3.179,0.13399999999999995,1.6564999999999999
M5331,0.00055,1e-05,0.25,-0.25,0.03,0.081589,0.1133,2SEG,1,LIDAR,-0.06258899999999999,0.08670000000000001,3.2941578947368417,0.43350000000000005,1.8638289473684209
M5332,0.00055,1e-05,0.25,-0.25,0.035,0.081327,0.1241,2SEG,1,LIDAR,-0.062326999999999994,0.07590000000000001,3.280368421052631,0.3795,1.8299342105263157
M5333,0.00055,1e-05,0.25,-0.25,0.04,0.081081,0.1342,2SEG,1,LIDAR,-0.062081,0.0658,3.267421052631579,0.32899999999999996,1.7982105263157893
M5334,0.00055,1e-05,0.25,-0.25,0.05,0.080623,0.1529,2SEG,1,LIDAR,-0.061623,0.0471,3.243315789473684,0.23550000000000001,1.739407894736842
M5335,0.00055,1e-05,0.25,-0.25,0.08,0.07942,0.2009,2SEG,1,LIDAR,-0.06042,-0.0008999999999999841,3.18,0.004499999999999921,1.59225
M5336,0.00055,1e-05,0.25,0.0,0.03,0.081596,0.104,2SEG,1,LIDAR,-0.062596,0.09600000000000002,3.2945263157894735,0.48000000000000004,1.8872631578947368
M5337,0.00055,1e-05,0.25,0.0,0.035,0.081334,0.1138,2SEG,1,LIDAR,-0.062334,0.08620000000000001,3.2807368421052634,0.43100000000000005,1.8558684210526317
M5338,0.00055,1e-05,0.25,0.0,0.04,0.081088,0.1231,2SEG,1,LIDAR,-0.06208799999999999,0.07690000000000001,3.26778947368421,0.3845,1.826144736842105
M5339,0.00055,1e-05,0.25,0.0,0.05,0.080631,0.1402,2SEG,1,LIDAR,-0.06163099999999999,0.05980000000000002,3.2437368421052626,0.2990000000000001,1.7713684210526313
M5340,0.00055,1e-05,0.25,0.0,0.08,0.079432,0.1843,2SEG,1,LIDAR,-0.060432,0.01570000000000002,3.1806315789473687,0.0785000000000001,1.6295657894736844
M5341,0.00055,1e-05,0.25,0.25,0.03,0.0816,0.09723,2SEG,1,LIDAR,-0.0626,0.10277000000000001,3.294736842105263,0.51385,1.9042934210526317
M5342,0.00055,1e-05,0.25,0.25,0.035,0.081339,0.1064,2SEG,1,LIDAR,-0.06233899999999999,0.09360000000000002,3.2809999999999997,0.4680000000000001,1.8744999999999998
M5343,0.00055,1e-05,0.25,0.25,0.04,0.081093,0.1151,2SEG,1,LIDAR,-0.062092999999999995,0.08490000000000002,3.2680526315789473,0.42450000000000004,1.8462763157894737
M5344,0.00055,1e-05,0.25,0.25,0.05,0.080638,0.1312,2SEG,1,LIDAR,-0.061638,0.0688,3.244105263157895,0.344,1.7940526315789473
M5345,0.00055,1e-05,0.25,0.25,0.08,0.079441,0.1724,2SEG,1,LIDAR,-0.060440999999999995,0.027600000000000013,3.1811052631578947,0.13800000000000007,1.6595526315789473
M5346,0.00055,1e-05,0.25,0.5,0.03,0.081603,0.09206,2SEG,1,LIDAR,-0.06260299999999999,0.10794000000000001,3.294894736842105,0.5397,1.9172973684210524
M5347,0.00055,1e-05,0.25,0.5,0.035,0.081343,0.1008,2SEG,1,LIDAR,-0.062342999999999996,0.09920000000000001,3.2812105263157894,0.49600000000000005,1.8886052631578947
M5348,0.00055,1e-05,0.25,0.5,0.04,0.081098,0.109,2SEG,1,LIDAR,-0.062098,0.09100000000000001,3.2683157894736845,0.455,1.8616578947368423
M5349,0.00055,1e-05,0.25,0.5,0.05,0.080643,0.1242,2SEG,1,LIDAR,-0.061643,0.0758,3.244368421052632,0.379,1.811684210526316
M5350,0.00055,1e-05,0.25,0.5,0.08,0.079448,0.1632,2SEG,1,LIDAR,-0.060448,0.0368,3.1814736842105265,0.184,1.6827368421052633
M5351,0.00055,1e-05,0.5,-0.5,0.03,0.081719,0.1281,2SEG,1,LIDAR,-0.062719,0.07190000000000002,3.3009999999999997,0.3595000000000001,1.83025
M5352,0.00055,1e-05,0.5,-0.5,0.035,0.08147,0.1403,2SEG,1,LIDAR,-0.06247,0.0597,3.287894736842105,0.2985,1.7931973684210525
M5353,0.00055,1e-05,0.5,-0.5,0.04,0.081234,0.1517,2SEG,1,LIDAR,-0.062234,0.04830000000000001,3.2754736842105263,0.24150000000000005,1.7584868421052633
M5354,0.00055,1e-05,0.5,-0.5,0.05,0.080797,0.1729,2SEG,1,LIDAR,-0.06179699999999999,0.027100000000000013,3.2524736842105257,0.13550000000000006,1.6939868421052628
M5355,0.00055,1e-05,0.5,-0.5,0.08,0.079648,0.2272,2SEG,1,LIDAR,-0.060647999999999994,-0.027200000000000002,3.1919999999999997,0.136,1.664
M5356,0.00055,1e-05,0.5,-0.25,0.03,0.081729,0.1134,2SEG,1,LIDAR,-0.062729,0.08660000000000001,3.301526315789473,0.43300000000000005,1.8672631578947367
M5357,0.00055,1e-05,0.5,-0.25,0.035,0.081481,0.1242,2SEG,1,LIDAR,-0.062480999999999995,0.0758,3.288473684210526,0.379,1.833736842105263
M5358,0.00055,1e-05,0.5,-0.25,0.04,0.081246,0.1343,2SEG,1,LIDAR,-0.062245999999999996,0.06570000000000001,3.2761052631578944,0.3285,1.8023026315789472
M5359,0.00055,1e-05,0.5,-0.25,0.05,0.080811,0.1531,2SEG,1,LIDAR,-0.06181099999999999,0.0469,3.253210526315789,0.2345,1.7438552631578945
M5360,0.00055,1e-05,0.5,-0.25,0.08,0.079667,0.2012,2SEG,1,LIDAR,-0.060667,-0.0011999999999999789,3.193,0.005999999999999894,1.5995
M5361,0.00055,1e-05,0.5,0.0,0.03,0.081735,0.1041,2SEG,1,LIDAR,-0.062735,0.09590000000000001,3.301842105263158,0.47950000000000004,1.8906710526315789
M5362,0.00055,1e-05,0.5,0.0,0.035,0.081487,0.1139,2SEG,1,LIDAR,-0.062487,0.08610000000000001,3.2887894736842105,0.43050000000000005,1.8596447368421052
M5363,0.00055,1e-05,0.5,0.0,0.04,0.081254,0.1232,2SEG,1,LIDAR,-0.062254000000000004,0.07680000000000001,3.276526315789474,0.384,1.830263157894737
M5364,0.00055,1e-05,0.5,0.0,0.05,0.080821,0.1404,2SEG,1,LIDAR,-0.061821,0.059600000000000014,3.2537368421052633,0.29800000000000004,1.7758684210526317
M5365,0.00055,1e-05,0.5,0.0,0.08,0.079679,0.1846,2SEG,1,LIDAR,-0.060679,0.015400000000000025,3.193631578947368,0.07700000000000012,1.635315789473684
M5366,0.00055,1e-05,0.5,0.25,0.03,0.08174,0.09733,2SEG,1,LIDAR,-0.06273999999999999,0.10267000000000001,3.302105263157894,0.51335,1.907727631578947
M5367,0.00055,1e-05,0.5,0.25,0.035,0.081492,0.1066,2SEG,1,LIDAR,-0.06249199999999999,0.09340000000000001,3.2890526315789472,0.467,1.8780263157894737
M5368,0.00055,1e-05,0.5,0.25,0.04,0.081259,0.1153,2SEG,1,LIDAR,-0.062258999999999995,0.08470000000000001,3.2767894736842105,0.42350000000000004,1.8501447368421053
M5369,0.00055,1e-05,0.5,0.25,0.05,0.080827,0.1314,2SEG,1,LIDAR,-0.06182699999999999,0.06860000000000002,3.254052631578947,0.3430000000000001,1.7985263157894735
M5370,0.00055,1e-05,0.5,0.25,0.08,0.079688,0.1727,2SEG,1,LIDAR,-0.06068799999999999,0.02730000000000002,3.1941052631578946,0.1365000000000001,1.6653026315789474
M5371,0.00055,1e-05,0.5,0.5,0.03,0.081744,0.09215,2SEG,1,LIDAR,-0.062744,0.10785000000000002,3.302315789473684,0.53925,1.920782894736842
M5372,0.00055,1e-05,0.5,0.5,0.035,0.081496,0.1009,2SEG,1,LIDAR,-0.062495999999999996,0.09910000000000001,3.289263157894737,0.4955,1.8923815789473684
M5373,0.00055,1e-05,0.5,0.5,0.04,0.081263,0.1091,2SEG,1,LIDAR,-0.062263,0.09090000000000001,3.277,0.4545,1.86575
M5374,0.00055,1e-05,0.5,0.5,0.05,0.080831,0.1244,2SEG,1,LIDAR,-0.061831,0.07560000000000001,3.2542631578947367,0.37800000000000006,1.8161315789473684
M5375,0.00055,1e-05,0.5,0.5,0.08,0.079695,0.1635,2SEG,1,LIDAR,-0.060695,0.036500000000000005,3.1944736842105264,0.18250000000000002,1.6884868421052632
M5376,0.00055,5.5e-05,-0.5,-0.5,0.03,0.08843,0.1342,2SEG,1,LIDAR,-0.06942999999999999,0.0658,3.654210526315789,0.32899999999999996,1.9916052631578944
M5377,0.00055,5.5e-05,-0.5,-0.5,0.035,0.088074,0.1469,2SEG,1,LIDAR,-0.069074,0.05310000000000001,3.635473684210526,0.2655,1.950486842105263
M5378,0.00055,5.5e-05,-0.5,-0.5,0.04,0.087738,0.1588,2SEG,1,LIDAR,-0.068738,0.041200000000000014,3.61778947368421,0.20600000000000007,1.911894736842105
M5379,0.00055,5.5e-05,-0.5,-0.5,0.05,0.087108,0.1808,2SEG,1,LIDAR,-0.068108,0.019200000000000023,3.5846315789473686,0.09600000000000011,1.8403157894736843
M5380,0.00055,5.5e-05,-0.5,-0.5,0.08,0.085281,0.2367,2SEG,1,LIDAR,-0.06628099999999999,-0.03669999999999998,3.488473684210526,0.1834999999999999,1.835986842105263
M5381,0.00055,5.5e-05,-0.5,-0.25,0.03,0.088489,0.1189,2SEG,1,LIDAR,-0.069489,0.0811,3.657315789473684,0.4055,2.031407894736842
M5382,0.00055,5.5e-05,-0.5,-0.25,0.035,0.088134,0.1301,2SEG,1,LIDAR,-0.069134,0.06990000000000002,3.6386315789473684,0.3495000000000001,1.9940657894736842
M5383,0.00055,5.5e-05,-0.5,-0.25,0.04,0.087804,0.1407,2SEG,1,LIDAR,-0.06880399999999999,0.05930000000000002,3.6212631578947363,0.2965000000000001,1.9588815789473681
M5384,0.00055,5.5e-05,-0.5,-0.25,0.05,0.087193,0.1602,2SEG,1,LIDAR,-0.068193,0.0398,3.589105263157895,0.199,1.8940526315789474
M5385,0.00055,5.5e-05,-0.5,-0.25,0.08,0.085428,0.2098,2SEG,1,LIDAR,-0.066428,-0.009799999999999975,3.4962105263157897,0.04899999999999988,1.7726052631578948
M5386,0.00055,5.5e-05,-0.5,0.0,0.03,0.088541,0.1091,2SEG,1,LIDAR,-0.06954099999999999,0.09090000000000001,3.6600526315789472,0.4545,2.0572763157894736
M5387,0.00055,5.5e-05,-0.5,0.0,0.035,0.08817,0.1194,2SEG,1,LIDAR,-0.06917,0.0806,3.6405263157894736,0.403,2.021763157894737
M5388,0.00055,5.5e-05,-0.5,0.0,0.04,0.087845,0.1291,2SEG,1,LIDAR,-0.068845,0.07090000000000002,3.623421052631579,0.3545000000000001,1.9889605263157897
M5389,0.00055,5.5e-05,-0.5,0.0,0.05,0.087242,0.147,2SEG,1,LIDAR,-0.068242,0.05300000000000002,3.591684210526316,0.26500000000000007,1.928342105263158
M5390,0.00055,5.5e-05,-0.5,0.0,0.08,0.085528,0.1925,2SEG,1,LIDAR,-0.066528,0.007500000000000007,3.5014736842105267,0.03750000000000003,1.7694868421052634
M5391,0.00055,5.5e-05,-0.5,0.25,0.03,0.088563,0.1021,2SEG,1,LIDAR,-0.069563,0.09790000000000001,3.6612105263157897,0.48950000000000005,2.0753552631578946
M5392,0.00055,5.5e-05,-0.5,0.25,0.035,0.088195,0.1117,2SEG,1,LIDAR,-0.06919499999999999,0.08830000000000002,3.6418421052631578,0.44150000000000006,2.041671052631579
M5393,0.00055,5.5e-05,-0.5,0.25,0.04,0.087873,0.1207,2SEG,1,LIDAR,-0.068873,0.07930000000000001,3.6248947368421054,0.3965,2.0106973684210527
M5394,0.00055,5.5e-05,-0.5,0.25,0.05,0.087275,0.1375,2SEG,1,LIDAR,-0.068275,0.0625,3.5934210526315793,0.3125,1.9529605263157896
M5395,0.00055,5.5e-05,-0.5,0.25,0.08,0.085589,0.1801,2SEG,1,LIDAR,-0.066589,0.0199,3.5046842105263156,0.0995,1.8020921052631578
M5396,0.00055,5.5e-05,-0.5,0.5,0.03,0.088579,0.09665,2SEG,1,LIDAR,-0.069579,0.10335000000000001,3.6620526315789474,0.51675,2.0894013157894737
M5397,0.00055,5.5e-05,-0.5,0.5,0.035,0.088221,0.1058,2SEG,1,LIDAR,-0.06922099999999999,0.0942,3.643210526315789,0.47100000000000003,2.0571052631578945
M5398,0.00055,5.5e-05,-0.5,0.5,0.04,0.087894,0.1143,2SEG,1,LIDAR,-0.068894,0.08570000000000001,3.626,0.42850000000000005,2.02725
M5399,0.00055,5.5e-05,-0.5,0.5,0.05,0.087301,0.1302,2SEG,1,LIDAR,-0.068301,0.0698,3.5947894736842105,0.349,1.9718947368421054
M5400,0.00055,5.5e-05,-0.5,0.5,0.08,0.085762,0.1708,2SEG,1,LIDAR,-0.066762,0.029200000000000004,3.5137894736842106,0.14600000000000002,1.8298947368421052
M5401,0.00055,5.5e-05,-0.25,-0.5,0.03,0.088805,0.1346,2SEG,1,LIDAR,-0.06980499999999999,0.06540000000000001,3.6739473684210524,0.32700000000000007,2.0004736842105264
M5402,0.00055,5.5e-05,-0.25,-0.5,0.035,0.088476,0.1473,2SEG,1,LIDAR,-0.069476,0.052700000000000025,3.6566315789473682,0.2635000000000001,1.9600657894736842
M5403,0.00055,5.5e-05,-0.25,-0.5,0.04,0.088172,0.1593,2SEG,1,LIDAR,-0.069172,0.040700000000000014,3.640631578947368,0.20350000000000007,1.9220657894736841
M5404,0.00055,5.5e-05,-0.25,-0.5,0.05,0.087604,0.1814,2SEG,1,LIDAR,-0.068604,0.018600000000000005,3.610736842105263,0.09300000000000003,1.8518684210526315
M5405,0.00055,5.5e-05,-0.25,-0.5,0.08,0.08594,0.2378,2SEG,1,LIDAR,-0.06694,-0.0378,3.5231578947368423,0.189,1.8560789473684212
M5406,0.00055,5.5e-05,-0.25,-0.25,0.03,0.088857,0.1192,2SEG,1,LIDAR,-0.069857,0.08080000000000001,3.676684210526316,0.404,2.040342105263158
M5407,0.00055,5.5e-05,-0.25,-0.25,0.035,0.088536,0.1305,2SEG,1,LIDAR,-0.069536,0.0695,3.6597894736842105,0.34750000000000003,2.003644736842105
M5408,0.00055,5.5e-05,-0.25,-0.25,0.04,0.088238,0.1411,2SEG,1,LIDAR,-0.069238,0.05890000000000001,3.6441052631578943,0.29450000000000004,1.9693026315789472
M5409,0.00055,5.5e-05,-0.25,-0.25,0.05,0.087684,0.1607,2SEG,1,LIDAR,-0.068684,0.0393,3.6149473684210522,0.1965,1.905723684210526
M5410,0.00055,5.5e-05,-0.25,-0.25,0.08,0.086087,0.2107,2SEG,1,LIDAR,-0.067087,-0.010699999999999987,3.530894736842105,0.053499999999999936,1.7921973684210526
M5411,0.00055,5.5e-05,-0.25,0.0,0.03,0.088909,0.1094,2SEG,1,LIDAR,-0.069909,0.09060000000000001,3.679421052631579,0.45300000000000007,2.0662105263157895
M5412,0.00055,5.5e-05,-0.25,0.0,0.035,0.088579,0.1197,2SEG,1,LIDAR,-0.069579,0.08030000000000001,3.6620526315789474,0.4015,2.031776315789474
M5413,0.00055,5.5e-05,-0.25,0.0,0.04,0.088279,0.1295,2SEG,1,LIDAR,-0.069279,0.07050000000000001,3.6462631578947367,0.35250000000000004,1.9993815789473683
M5414,0.00055,5.5e-05,-0.25,0.0,0.05,0.087733,0.1475,2SEG,1,LIDAR,-0.068733,0.05250000000000002,3.617526315789474,0.26250000000000007,1.940013157894737
M5415,0.00055,5.5e-05,-0.25,0.0,0.08,0.086197,0.1934,2SEG,1,LIDAR,-0.06719699999999999,0.0066000000000000225,3.5366842105263157,0.03300000000000011,1.7848421052631578
M5416,0.00055,5.5e-05,-0.25,0.25,0.03,0.08893,0.1023,2SEG,1,LIDAR,-0.06992999999999999,0.09770000000000001,3.680526315789473,0.48850000000000005,2.0845131578947367
M5417,0.00055,5.5e-05,-0.25,0.25,0.035,0.088604,0.112,2SEG,1,LIDAR,-0.069604,0.08800000000000001,3.6633684210526316,0.44,2.0516842105263158
M5418,0.00055,5.5e-05,-0.25,0.25,0.04,0.088307,0.1211,2SEG,1,LIDAR,-0.069307,0.07890000000000001,3.647736842105263,0.3945,2.0211184210526314
M5419,0.00055,5.5e-05,-0.25,0.25,0.05,0.087768,0.1379,2SEG,1,LIDAR,-0.068768,0.062100000000000016,3.6193684210526316,0.31050000000000005,1.964934210526316
M5420,0.00055,5.5e-05,-0.25,0.25,0.08,0.086257,0.181,2SEG,1,LIDAR,-0.067257,0.019000000000000017,3.539842105263158,0.09500000000000008,1.817421052631579
M5421,0.00055,5.5e-05,-0.25,0.5,0.03,0.088947,0.09689,2SEG,1,LIDAR,-0.069947,0.10311000000000001,3.681421052631579,0.51555,2.0984855263157893
M5422,0.00055,5.5e-05,-0.25,0.5,0.035,0.088643,0.1061,2SEG,1,LIDAR,-0.069643,0.09390000000000001,3.665421052631579,0.46950000000000003,2.0674605263157897
M5423,0.00055,5.5e-05,-0.25,0.5,0.04,0.088329,0.1147,2SEG,1,LIDAR,-0.069329,0.08530000000000001,3.6488947368421054,0.42650000000000005,2.037697368421053
M5424,0.00055,5.5e-05,-0.25,0.5,0.05,0.087793,0.1306,2SEG,1,LIDAR,-0.06879299999999999,0.06940000000000002,3.6206842105263157,0.3470000000000001,1.9838421052631579
M5425,0.00055,5.5e-05,-0.25,0.5,0.08,0.086401,0.1715,2SEG,1,LIDAR,-0.067401,0.028499999999999998,3.547421052631579,0.1425,1.8449605263157896
M5426,0.00055,5.5e-05,0.0,-0.5,0.03,0.089041,0.1348,2SEG,1,LIDAR,-0.07004099999999999,0.06520000000000001,3.6863684210526313,0.326,2.0061842105263157
M5427,0.00055,5.5e-05,0.0,-0.5,0.035,0.088741,0.1476,2SEG,1,LIDAR,-0.069741,0.0524,3.670578947368421,0.262,1.9662894736842105
M5428,0.00055,5.5e-05,0.0,-0.5,0.04,0.08845,0.1596,2SEG,1,LIDAR,-0.06945,0.04040000000000002,3.655263157894737,0.2020000000000001,1.9286315789473685
M5429,0.00055,5.5e-05,0.0,-0.5,0.05,0.087921,0.1818,2SEG,1,LIDAR,-0.068921,0.01820000000000002,3.6274210526315787,0.09100000000000011,1.8592105263157894
M5430,0.00055,5.5e-05,0.0,-0.5,0.08,0.086364,0.2385,2SEG,1,LIDAR,-0.067364,-0.03849999999999998,3.545473684210526,0.1924999999999999,1.868986842105263
M5431,0.00055,5.5e-05,0.0,-0.25,0.03,0.089093,0.1194,2SEG,1,LIDAR,-0.070093,0.0806,3.689105263157895,0.403,2.046052631578948
M5432,0.00055,5.5e-05,0.0,-0.25,0.035,0.0888,0.1307,2SEG,1,LIDAR,-0.0698,0.0693,3.673684210526316,0.3465,2.010092105263158
M5433,0.00055,5.5e-05,0.0,-0.25,0.04,0.088517,0.1414,2SEG,1,LIDAR,-0.069517,0.05860000000000001,3.6587894736842106,0.29300000000000004,1.9758947368421054
M5434,0.00055,5.5e-05,0.0,-0.25,0.05,0.088,0.161,2SEG,1,LIDAR,-0.06899999999999999,0.03900000000000001,3.631578947368421,0.19500000000000003,1.9132894736842103
M5435,0.00055,5.5e-05,0.0,-0.25,0.08,0.086521,0.2114,2SEG,1,LIDAR,-0.067521,-0.011399999999999993,3.553736842105263,0.05699999999999997,1.8053684210526315
M5436,0.00055,5.5e-05,0.0,0.0,0.03,0.089144,0.1096,2SEG,1,LIDAR,-0.070144,0.09040000000000001,3.6917894736842105,0.452,2.0718947368421055
M5437,0.00055,5.5e-05,0.0,0.0,0.035,0.088837,0.1199,2SEG,1,LIDAR,-0.069837,0.0801,3.6756315789473684,0.4005,2.038065789473684
M5438,0.00055,5.5e-05,0.0,0.0,0.04,0.088564,0.1297,2SEG,1,LIDAR,-0.069564,0.0703,3.6612631578947368,0.3515,2.0063815789473685
M5439,0.00055,5.5e-05,0.0,0.0,0.05,0.08805,0.1478,2SEG,1,LIDAR,-0.06905,0.052200000000000024,3.6342105263157896,0.2610000000000001,1.9476052631578948
M5440,0.00055,5.5e-05,0.0,0.0,0.08,0.086619,0.194,2SEG,1,LIDAR,-0.067619,0.006000000000000005,3.558894736842105,0.030000000000000027,1.7944473684210527
M5441,0.00055,5.5e-05,0.0,0.25,0.03,0.089166,0.1025,2SEG,1,LIDAR,-0.07016599999999999,0.09750000000000002,3.6929473684210525,0.48750000000000004,2.0902236842105264
M5442,0.00055,5.5e-05,0.0,0.25,0.035,0.088882,0.1122,2SEG,1,LIDAR,-0.069882,0.08780000000000002,3.678,0.43900000000000006,2.0585
M5443,0.00055,5.5e-05,0.0,0.25,0.04,0.088592,0.1213,2SEG,1,LIDAR,-0.069592,0.0787,3.6627368421052635,0.3935,2.028118421052632
M5444,0.00055,5.5e-05,0.0,0.25,0.05,0.088084,0.1382,2SEG,1,LIDAR,-0.06908399999999999,0.06180000000000002,3.6359999999999997,0.3090000000000001,1.9725
M5445,0.00055,5.5e-05,0.0,0.25,0.08,0.086775,0.1816,2SEG,1,LIDAR,-0.067775,0.0184,3.567105263157895,0.092,1.8295526315789474
M5446,0.00055,5.5e-05,0.0,0.5,0.03,0.089183,0.09704,2SEG,1,LIDAR,-0.070183,0.10296000000000001,3.693842105263158,0.5148,2.1043210526315788
M5447,0.00055,5.5e-05,0.0,0.5,0.035,0.088901,0.1062,2SEG,1,LIDAR,-0.06990099999999999,0.09380000000000001,3.679,0.46900000000000003,2.074
M5448,0.00055,5.5e-05,0.0,0.5,0.04,0.088614,0.1149,2SEG,1,LIDAR,-0.069614,0.08510000000000001,3.663894736842105,0.42550000000000004,2.0446973684210525
M5449,0.00055,5.5e-05,0.0,0.5,0.05,0.08811,0.1309,2SEG,1,LIDAR,-0.06910999999999999,0.06910000000000002,3.6373684210526314,0.3455000000000001,1.9914342105263156
M5450,0.00055,5.5e-05,0.0,0.5,0.08,0.086813,0.172,2SEG,1,LIDAR,-0.067813,0.028000000000000025,3.5691052631578946,0.14000000000000012,1.8545526315789473
M5451,0.00055,5.5e-05,0.25,-0.5,0.03,0.089211,0.135,2SEG,1,LIDAR,-0.070211,0.065,3.695315789473684,0.325,2.010157894736842
M5452,0.00055,5.5e-05,0.25,-0.5,0.035,0.088927,0.1478,2SEG,1,LIDAR,-0.069927,0.052200000000000024,3.680368421052632,0.2610000000000001,1.970684210526316
M5453,0.00055,5.5e-05,0.25,-0.5,0.04,0.088651,0.1598,2SEG,1,LIDAR,-0.06965099999999999,0.040200000000000014,3.6658421052631573,0.20100000000000007,1.9334210526315787
M5454,0.00055,5.5e-05,0.25,-0.5,0.05,0.088148,0.1821,2SEG,1,LIDAR,-0.069148,0.0179,3.6393684210526316,0.0895,1.8644342105263159
M5455,0.00055,5.5e-05,0.25,-0.5,0.08,0.08667,0.239,2SEG,1,LIDAR,-0.06767,-0.03899999999999998,3.561578947368421,0.1949999999999999,1.8782894736842104
M5456,0.00055,5.5e-05,0.25,-0.25,0.03,0.089263,0.1195,2SEG,1,LIDAR,-0.07026299999999999,0.08050000000000002,3.698052631578947,0.4025000000000001,2.0502763157894734
M5457,0.00055,5.5e-05,0.25,-0.25,0.035,0.088986,0.1309,2SEG,1,LIDAR,-0.06998599999999999,0.06910000000000002,3.6834736842105262,0.3455000000000001,2.014486842105263
M5458,0.00055,5.5e-05,0.25,-0.25,0.04,0.088725,0.1416,2SEG,1,LIDAR,-0.069725,0.05840000000000001,3.669736842105263,0.29200000000000004,1.9808684210526315
M5459,0.00055,5.5e-05,0.25,-0.25,0.05,0.088229,0.1613,2SEG,1,LIDAR,-0.069229,0.03870000000000001,3.6436315789473683,0.19350000000000006,1.9185657894736843
M5460,0.00055,5.5e-05,0.25,-0.25,0.08,0.086837,0.2118,2SEG,1,LIDAR,-0.067837,-0.011799999999999977,3.570368421052631,0.058999999999999886,1.8146842105263155
M5461,0.00055,5.5e-05,0.25,0.0,0.03,0.089314,0.1097,2SEG,1,LIDAR,-0.070314,0.0903,3.7007368421052633,0.4515,2.0761184210526316
M5462,0.00055,5.5e-05,0.25,0.0,0.035,0.089023,0.1201,2SEG,1,LIDAR,-0.070023,0.07990000000000001,3.685421052631579,0.3995,2.0424605263157893
M5463,0.00055,5.5e-05,0.25,0.0,0.04,0.088765,0.1299,2SEG,1,LIDAR,-0.069765,0.07010000000000002,3.6718421052631576,0.3505000000000001,2.0111710526315787
M5464,0.00055,5.5e-05,0.25,0.0,0.05,0.088278,0.148,2SEG,1,LIDAR,-0.06927799999999999,0.05200000000000002,3.646210526315789,0.26000000000000006,1.9531052631578947
M5465,0.00055,5.5e-05,0.25,0.0,0.08,0.086923,0.1944,2SEG,1,LIDAR,-0.067923,0.005600000000000022,3.574894736842105,0.028000000000000108,1.8014473684210526
M5466,0.00055,5.5e-05,0.25,0.25,0.03,0.089336,0.1026,2SEG,1,LIDAR,-0.070336,0.09740000000000001,3.7018947368421053,0.48700000000000004,2.0944473684210525
M5467,0.00055,5.5e-05,0.25,0.25,0.035,0.089068,0.1123,2SEG,1,LIDAR,-0.07006799999999999,0.08770000000000001,3.68778947368421,0.43850000000000006,2.063144736842105
M5468,0.00055,5.5e-05,0.25,0.25,0.04,0.088794,0.1215,2SEG,1,LIDAR,-0.069794,0.07850000000000001,3.6733684210526314,0.39250000000000007,2.0329342105263155
M5469,0.00055,5.5e-05,0.25,0.25,0.05,0.088312,0.1385,2SEG,1,LIDAR,-0.069312,0.0615,3.648,0.3075,1.9777500000000001
M5470,0.00055,5.5e-05,0.25,0.25,0.08,0.087072,0.182,2SEG,1,LIDAR,-0.068072,0.018000000000000016,3.582736842105263,0.09000000000000008,1.8363684210526316
M5471,0.00055,5.5e-05,0.25,0.5,0.03,0.089352,0.09715,2SEG,1,LIDAR,-0.070352,0.10285000000000001,3.702736842105263,0.51425,2.1084934210526316
M5472,0.00055,5.5e-05,0.25,0.5,0.035,0.089086,0.1064,2SEG,1,LIDAR,-0.070086,0.09360000000000002,3.688736842105263,0.4680000000000001,2.0783684210526316
M5473,0.00055,5.5e-05,0.25,0.5,0.04,0.088815,0.115,2SEG,1,LIDAR,-0.069815,0.085,3.6744736842105263,0.425,2.049736842105263
M5474,0.00055,5.5e-05,0.25,0.5,0.05,0.088338,0.1311,2SEG,1,LIDAR,-0.069338,0.06890000000000002,3.6493684210526314,0.3445000000000001,1.9969342105263157
M5475,0.00055,5.5e-05,0.25,0.5,0.08,0.087116,0.1724,2SEG,1,LIDAR,-0.068116,0.027600000000000013,3.585052631578947,0.13800000000000007,1.8615263157894735
M5476,0.00055,5.5e-05,0.5,-0.5,0.03,0.089342,0.1351,2SEG,1,LIDAR,-0.070342,0.06490000000000001,3.7022105263157896,0.32450000000000007,2.013355263157895
M5477,0.00055,5.5e-05,0.5,-0.5,0.035,0.08907,0.1479,2SEG,1,LIDAR,-0.07007,0.05210000000000001,3.687894736842105,0.2605,1.9741973684210525
M5478,0.00055,5.5e-05,0.5,-0.5,0.04,0.088813,0.16,2SEG,1,LIDAR,-0.069813,0.04000000000000001,3.6743684210526317,0.20000000000000004,1.937184210526316
M5479,0.00055,5.5e-05,0.5,-0.5,0.05,0.088324,0.1823,2SEG,1,LIDAR,-0.069324,0.01770000000000002,3.6486315789473682,0.0885000000000001,1.8685657894736842
M5480,0.00055,5.5e-05,0.5,-0.5,0.08,0.086906,0.2394,2SEG,1,LIDAR,-0.067906,-0.03939999999999999,3.574,0.19699999999999995,1.8855
M5481,0.00055,5.5e-05,0.5,-0.25,0.03,0.089403,0.1197,2SEG,1,LIDAR,-0.070403,0.08030000000000001,3.7054210526315785,0.4015,2.0534605263157895
M5482,0.00055,5.5e-05,0.5,-0.25,0.035,0.08913,0.131,2SEG,1,LIDAR,-0.07013,0.069,3.6910526315789474,0.34500000000000003,2.0180263157894736
M5483,0.00055,5.5e-05,0.5,-0.25,0.04,0.088879,0.1417,2SEG,1,LIDAR,-0.069879,0.05830000000000002,3.677842105263158,0.2915000000000001,1.984671052631579
M5484,0.00055,5.5e-05,0.5,-0.25,0.05,0.088405,0.1615,2SEG,1,LIDAR,-0.069405,0.038500000000000006,3.652894736842105,0.19250000000000003,1.9226973684210524
M5485,0.00055,5.5e-05,0.5,-0.25,0.08,0.087072,0.2122,2SEG,1,LIDAR,-0.068072,-0.012199999999999989,3.582736842105263,0.06099999999999994,1.8218684210526315
M5486,0.00055,5.5e-05,0.5,0.0,0.03,0.089445,0.1098,2SEG,1,LIDAR,-0.070445,0.09020000000000002,3.7076315789473684,0.45100000000000007,2.079315789473684
M5487,0.00055,5.5e-05,0.5,0.0,0.035,0.089166,0.1202,2SEG,1,LIDAR,-0.07016599999999999,0.07980000000000001,3.6929473684210525,0.399,2.0459736842105265
M5488,0.00055,5.5e-05,0.5,0.0,0.04,0.08892,0.13,2SEG,1,LIDAR,-0.06992,0.07,3.6799999999999997,0.35000000000000003,2.0149999999999997
M5489,0.00055,5.5e-05,0.5,0.0,0.05,0.088454,0.1482,2SEG,1,LIDAR,-0.069454,0.05180000000000001,3.6554736842105267,0.25900000000000006,1.9572368421052633
M5490,0.00055,5.5e-05,0.5,0.0,0.08,0.087158,0.1947,2SEG,1,LIDAR,-0.068158,0.005299999999999999,3.587263157894737,0.026499999999999996,1.8068815789473684
M5491,0.00055,5.5e-05,0.5,0.25,0.03,0.089467,0.1027,2SEG,1,LIDAR,-0.070467,0.09730000000000001,3.708789473684211,0.48650000000000004,2.0976447368421054
M5492,0.00055,5.5e-05,0.5,0.25,0.035,0.089211,0.1125,2SEG,1,LIDAR,-0.070211,0.08750000000000001,3.695315789473684,0.4375,2.066407894736842
M5493,0.00055,5.5e-05,0.5,0.25,0.04,0.088948,0.1216,2SEG,1,LIDAR,-0.069948,0.07840000000000001,3.681473684210526,0.392,2.036736842105263
M5494,0.00055,5.5e-05,0.5,0.25,0.05,0.088488,0.1386,2SEG,1,LIDAR,-0.069488,0.06140000000000001,3.6572631578947368,0.30700000000000005,1.9821315789473684
M5495,0.00055,5.5e-05,0.5,0.25,0.08,0.087302,0.1823,2SEG,1,LIDAR,-0.068302,0.01770000000000002,3.594842105263158,0.0885000000000001,1.8416710526315792
M5496,0.00055,5.5e-05,0.5,0.5,0.03,0.089483,0.09724,2SEG,1,LIDAR,-0.07048299999999999,0.10276000000000002,3.709631578947368,0.5138,2.111715789473684
M5497,0.00055,5.5e-05,0.5,0.5,0.035,0.08923,0.1065,2SEG,1,LIDAR,-0.07023,0.09350000000000001,3.6963157894736844,0.4675,2.081907894736842
M5498,0.00055,5.5e-05,0.5,0.5,0.04,0.088969,0.1152,2SEG,1,LIDAR,-0.069969,0.08480000000000001,3.6825789473684214,0.42400000000000004,2.053289473684211
M5499,0.00055,5.5e-05,0.5,0.5,0.05,0.088514,0.1313,2SEG,1,LIDAR,-0.06951399999999999,0.06870000000000001,3.658631578947368,0.3435,2.001065789473684
M5500,0.00055,5.5e-05,0.5,0.5,0.08,0.087345,0.1727,2SEG,1,LIDAR,-0.068345,0.02730000000000002,3.597105263157895,0.1365000000000001,1.8668026315789477
M5501,0.00055,0.0001,-0.5,-0.5,0.03,0.095036,0.1401,2SEG,1,LIDAR,-0.07603599999999999,0.05990000000000001,4.001894736842105,0.29950000000000004,2.1506973684210524
M5502,0.00055,0.0001,-0.5,-0.5,0.035,0.094644,0.1533,2SEG,1,LIDAR,-0.075644,0.04670000000000002,3.981263157894737,0.2335000000000001,2.1073815789473684
M5503,0.00055,0.0001,-0.5,-0.5,0.04,0.094222,0.1657,2SEG,1,LIDAR,-0.075222,0.034300000000000025,3.959052631578947,0.17150000000000012,2.0652763157894736
M5504,0.00055,0.0001,-0.5,-0.5,0.05,0.093505,0.1886,2SEG,1,LIDAR,-0.074505,0.011400000000000021,3.9213157894736845,0.057000000000000106,1.9891578947368422
M5505,0.00055,0.0001,-0.5,-0.5,0.08,0.091574,0.2469,2SEG,1,LIDAR,-0.072574,-0.0469,3.819684210526316,0.2345,2.027092105263158
M5506,0.00055,0.0001,-0.5,-0.25,0.03,0.095148,0.1242,2SEG,1,LIDAR,-0.076148,0.0758,4.00778947368421,0.379,2.193394736842105
M5507,0.00055,0.0001,-0.5,-0.25,0.035,0.094766,0.1359,2SEG,1,LIDAR,-0.075766,0.06410000000000002,3.9876842105263157,0.32050000000000006,2.154092105263158
M5508,0.00055,0.0001,-0.5,-0.25,0.04,0.094409,0.1469,2SEG,1,LIDAR,-0.075409,0.05310000000000001,3.9688947368421057,0.2655,2.1171973684210528
M5509,0.00055,0.0001,-0.5,-0.25,0.05,0.093685,0.1671,2SEG,1,LIDAR,-0.074685,0.03290000000000001,3.930789473684211,0.16450000000000006,2.0476447368421056
M5510,0.00055,0.0001,-0.5,-0.25,0.08,0.091861,0.219,2SEG,1,LIDAR,-0.072861,-0.01899999999999999,3.8347894736842103,0.09499999999999995,1.964894736842105
M5511,0.00055,0.0001,-0.5,0.0,0.03,0.095285,0.114,2SEG,1,LIDAR,-0.07628499999999999,0.08600000000000001,4.015,0.43,2.2224999999999997
M5512,0.00055,0.0001,-0.5,0.0,0.035,0.094847,0.1247,2SEG,1,LIDAR,-0.075847,0.0753,3.9919473684210525,0.3765,2.1842236842105263
M5513,0.00055,0.0001,-0.5,0.0,0.04,0.094492,0.1348,2SEG,1,LIDAR,-0.075492,0.06520000000000001,3.973263157894737,0.326,2.1496315789473686
M5514,0.00055,0.0001,-0.5,0.0,0.05,0.093829,0.1535,2SEG,1,LIDAR,-0.07482899999999999,0.046500000000000014,3.938368421052631,0.23250000000000007,2.0854342105263157
M5515,0.00055,0.0001,-0.5,0.0,0.08,0.092033,0.2011,2SEG,1,LIDAR,-0.073033,-0.0010999999999999899,3.843842105263158,0.005499999999999949,1.9246710526315791
M5516,0.00055,0.0001,-0.5,0.25,0.03,0.095319,0.1066,2SEG,1,LIDAR,-0.076319,0.09340000000000001,4.01678947368421,0.467,2.241894736842105
M5517,0.00055,0.0001,-0.5,0.25,0.035,0.094896,0.1167,2SEG,1,LIDAR,-0.07589599999999999,0.08330000000000001,3.9945263157894733,0.41650000000000004,2.2055131578947367
M5518,0.00055,0.0001,-0.5,0.25,0.04,0.094549,0.1261,2SEG,1,LIDAR,-0.07554899999999999,0.07390000000000002,3.9762631578947363,0.3695000000000001,2.172881578947368
M5519,0.00055,0.0001,-0.5,0.25,0.05,0.093912,0.1436,2SEG,1,LIDAR,-0.07491199999999999,0.056400000000000006,3.942736842105263,0.28200000000000003,2.1123684210526315
M5520,0.00055,0.0001,-0.5,0.25,0.08,0.09215,0.1882,2SEG,1,LIDAR,-0.07314999999999999,0.011800000000000005,3.8499999999999996,0.059000000000000025,1.9545
M5521,0.00055,0.0001,-0.5,0.5,0.03,0.095344,0.101,2SEG,1,LIDAR,-0.076344,0.099,4.018105263157895,0.495,2.2565526315789475
M5522,0.00055,0.0001,-0.5,0.5,0.035,0.09501,0.1105,2SEG,1,LIDAR,-0.07601,0.08950000000000001,4.0005263157894735,0.4475,2.2240131578947366
M5523,0.00055,0.0001,-0.5,0.5,0.04,0.094599,0.1194,2SEG,1,LIDAR,-0.075599,0.0806,3.9788947368421055,0.403,2.1909473684210528
M5524,0.00055,0.0001,-0.5,0.5,0.05,0.093964,0.136,2SEG,1,LIDAR,-0.074964,0.064,3.9454736842105267,0.32,2.1327368421052633
M5525,0.00055,0.0001,-0.5,0.5,0.08,0.092241,0.1783,2SEG,1,LIDAR,-0.073241,0.021700000000000025,3.8547894736842108,0.10850000000000012,1.9816447368421055
M5526,0.00055,0.0001,-0.25,-0.5,0.03,0.095389,0.1404,2SEG,1,LIDAR,-0.076389,0.059600000000000014,4.020473684210526,0.29800000000000004,2.1592368421052632
M5527,0.00055,0.0001,-0.25,-0.5,0.035,0.09503,0.1537,2SEG,1,LIDAR,-0.07603,0.04630000000000001,4.001578947368421,0.23150000000000004,2.1165394736842105
M5528,0.00055,0.0001,-0.25,-0.5,0.04,0.094641,0.1661,2SEG,1,LIDAR,-0.075641,0.03390000000000001,3.981105263157895,0.16950000000000007,2.0753026315789476
M5529,0.00055,0.0001,-0.25,-0.5,0.05,0.093981,0.1891,2SEG,1,LIDAR,-0.07498099999999999,0.01090000000000002,3.946368421052631,0.054500000000000104,2.0004342105263158
M5530,0.00055,0.0001,-0.25,-0.5,0.08,0.092196,0.2479,2SEG,1,LIDAR,-0.073196,-0.0479,3.8524210526315787,0.2395,2.045960526315789
M5531,0.00055,0.0001,-0.25,-0.25,0.03,0.0955,0.1244,2SEG,1,LIDAR,-0.0765,0.07560000000000001,4.026315789473684,0.37800000000000006,2.202157894736842
M5532,0.00055,0.0001,-0.25,-0.25,0.035,0.095151,0.1362,2SEG,1,LIDAR,-0.076151,0.06380000000000002,4.0079473684210525,0.3190000000000001,2.163473684210526
M5533,0.00055,0.0001,-0.25,-0.25,0.04,0.094826,0.1473,2SEG,1,LIDAR,-0.07582599999999999,0.052700000000000025,3.9908421052631575,0.2635000000000001,2.127171052631579
M5534,0.00055,0.0001,-0.25,-0.25,0.05,0.094161,0.1677,2SEG,1,LIDAR,-0.07516099999999999,0.03230000000000002,3.9558421052631574,0.16150000000000012,2.0586710526315786
M5535,0.00055,0.0001,-0.25,-0.25,0.08,0.092483,0.2199,2SEG,1,LIDAR,-0.07348299999999999,-0.0199,3.8675263157894735,0.0995,1.9835131578947367
M5536,0.00055,0.0001,-0.25,0.0,0.03,0.095628,0.1142,2SEG,1,LIDAR,-0.076628,0.08580000000000002,4.033052631578948,0.42900000000000005,2.231026315789474
M5537,0.00055,0.0001,-0.25,0.0,0.035,0.095232,0.125,2SEG,1,LIDAR,-0.076232,0.07500000000000001,4.01221052631579,0.37500000000000006,2.193605263157895
M5538,0.00055,0.0001,-0.25,0.0,0.04,0.094908,0.1352,2SEG,1,LIDAR,-0.075908,0.06480000000000002,3.9951578947368422,0.3240000000000001,2.1595789473684213
M5539,0.00055,0.0001,-0.25,0.0,0.05,0.094302,0.1539,2SEG,1,LIDAR,-0.075302,0.0461,3.963263157894737,0.2305,2.0968815789473685
M5540,0.00055,0.0001,-0.25,0.0,0.08,0.092654,0.2019,2SEG,1,LIDAR,-0.073654,-0.001899999999999985,3.876526315789474,0.009499999999999925,1.943013157894737
M5541,0.00055,0.0001,-0.25,0.25,0.03,0.095663,0.1069,2SEG,1,LIDAR,-0.076663,0.09310000000000002,4.034894736842105,0.4655000000000001,2.250197368421053
M5542,0.00055,0.0001,-0.25,0.25,0.035,0.09528,0.1169,2SEG,1,LIDAR,-0.07628,0.08310000000000001,4.014736842105263,0.41550000000000004,2.2151184210526313
M5543,0.00055,0.0001,-0.25,0.25,0.04,0.094973,0.1264,2SEG,1,LIDAR,-0.075973,0.0736,3.9985789473684212,0.368,2.183289473684211
M5544,0.00055,0.0001,-0.25,0.25,0.05,0.094384,0.144,2SEG,1,LIDAR,-0.07538399999999999,0.05600000000000002,3.9675789473684206,0.2800000000000001,2.1237894736842104
M5545,0.00055,0.0001,-0.25,0.25,0.08,0.092771,0.189,2SEG,1,LIDAR,-0.073771,0.01100000000000001,3.882684210526316,0.05500000000000005,1.9688421052631582
M5546,0.00055,0.0001,-0.25,0.5,0.03,0.095693,0.1012,2SEG,1,LIDAR,-0.076693,0.09880000000000001,4.036473684210526,0.49400000000000005,2.265236842105263
M5547,0.00055,0.0001,-0.25,0.5,0.035,0.095386,0.1108,2SEG,1,LIDAR,-0.076386,0.08920000000000002,4.020315789473684,0.44600000000000006,2.233157894736842
M5548,0.00055,0.0001,-0.25,0.5,0.04,0.095014,0.1197,2SEG,1,LIDAR,-0.076014,0.08030000000000001,4.000736842105264,0.4015,2.201118421052632
M5549,0.00055,0.0001,-0.25,0.5,0.05,0.094437,0.1364,2SEG,1,LIDAR,-0.07543699999999999,0.06360000000000002,3.970368421052631,0.31800000000000006,2.1441842105263156
M5550,0.00055,0.0001,-0.25,0.5,0.08,0.092862,0.179,2SEG,1,LIDAR,-0.073862,0.02100000000000002,3.8874736842105264,0.1050000000000001,1.9962368421052632
M5551,0.00055,0.0001,0.0,-0.5,0.03,0.095615,0.1406,2SEG,1,LIDAR,-0.076615,0.05940000000000001,4.032368421052632,0.29700000000000004,2.1646842105263158
M5552,0.00055,0.0001,0.0,-0.5,0.035,0.095277,0.1539,2SEG,1,LIDAR,-0.076277,0.0461,4.014578947368421,0.2305,2.1225394736842107
M5553,0.00055,0.0001,0.0,-0.5,0.04,0.09491,0.1664,2SEG,1,LIDAR,-0.07590999999999999,0.03360000000000002,3.9952631578947364,0.1680000000000001,2.081631578947368
M5554,0.00055,0.0001,0.0,-0.5,0.05,0.094287,0.1895,2SEG,1,LIDAR,-0.07528699999999999,0.01050000000000001,3.962473684210526,0.05250000000000005,2.007486842105263
M5555,0.00055,0.0001,0.0,-0.5,0.08,0.092597,0.2486,2SEG,1,LIDAR,-0.073597,-0.04859999999999998,3.8735263157894737,0.24299999999999988,2.0582631578947366
M5556,0.00055,0.0001,0.0,-0.25,0.03,0.095725,0.1246,2SEG,1,LIDAR,-0.076725,0.07540000000000001,4.038157894736842,0.377,2.207578947368421
M5557,0.00055,0.0001,0.0,-0.25,0.035,0.095398,0.1364,2SEG,1,LIDAR,-0.076398,0.06360000000000002,4.020947368421052,0.31800000000000006,2.1694736842105264
M5558,0.00055,0.0001,0.0,-0.25,0.04,0.095093,0.1475,2SEG,1,LIDAR,-0.076093,0.05250000000000002,4.004894736842105,0.26250000000000007,2.1336973684210525
M5559,0.00055,0.0001,0.0,-0.25,0.05,0.094466,0.168,2SEG,1,LIDAR,-0.07546599999999999,0.032,3.971894736842105,0.16,2.0659473684210523
M5560,0.00055,0.0001,0.0,-0.25,0.08,0.092883,0.2205,2SEG,1,LIDAR,-0.07388299999999999,-0.02049999999999999,3.8885789473684205,0.10249999999999995,1.9955394736842103
M5561,0.00055,0.0001,0.0,0.0,0.03,0.095849,0.1144,2SEG,1,LIDAR,-0.076849,0.08560000000000001,4.044684210526316,0.42800000000000005,2.236342105263158
M5562,0.00055,0.0001,0.0,0.0,0.035,0.095478,0.1252,2SEG,1,LIDAR,-0.07647799999999999,0.0748,4.025157894736842,0.374,2.199578947368421
M5563,0.00055,0.0001,0.0,0.0,0.04,0.095175,0.1354,2SEG,1,LIDAR,-0.07617499999999999,0.06460000000000002,4.00921052631579,0.32300000000000006,2.166105263157895
M5564,0.00055,0.0001,0.0,0.0,0.05,0.094617,0.1542,2SEG,1,LIDAR,-0.075617,0.04580000000000001,3.9798421052631583,0.22900000000000004,2.104421052631579
M5565,0.00055,0.0001,0.0,0.0,0.08,0.093054,0.2025,2SEG,1,LIDAR,-0.074054,-0.0025000000000000022,3.897578947368421,0.012500000000000011,1.9550394736842105
M5566,0.00055,0.0001,0.0,0.25,0.03,0.095884,0.107,2SEG,1,LIDAR,-0.076884,0.09300000000000001,4.046526315789474,0.465,2.255763157894737
M5567,0.00055,0.0001,0.0,0.25,0.035,0.095597,0.1172,2SEG,1,LIDAR,-0.076597,0.08280000000000001,4.031421052631579,0.41400000000000003,2.2227105263157894
M5568,0.00055,0.0001,0.0,0.25,0.04,0.09524,0.1267,2SEG,1,LIDAR,-0.07624,0.0733,4.012631578947369,0.3665,2.1895657894736846
M5569,0.00055,0.0001,0.0,0.25,0.05,0.094688,0.1443,2SEG,1,LIDAR,-0.07568799999999999,0.0557,3.9835789473684207,0.27849999999999997,2.1310394736842104
M5570,0.00055,0.0001,0.0,0.25,0.08,0.093175,0.1895,2SEG,1,LIDAR,-0.07417499999999999,0.01050000000000001,3.9039473684210524,0.05250000000000005,1.9782236842105263
M5571,0.00055,0.0001,0.0,0.5,0.03,0.095913,0.1013,2SEG,1,LIDAR,-0.076913,0.09870000000000001,4.048052631578948,0.49350000000000005,2.270776315789474
M5572,0.00055,0.0001,0.0,0.5,0.035,0.095627,0.111,2SEG,1,LIDAR,-0.076627,0.08900000000000001,4.033,0.445,2.2390000000000003
M5573,0.00055,0.0001,0.0,0.5,0.04,0.095281,0.1199,2SEG,1,LIDAR,-0.076281,0.0801,4.0147894736842105,0.4005,2.2076447368421053
M5574,0.00055,0.0001,0.0,0.5,0.05,0.09474,0.1367,2SEG,1,LIDAR,-0.07574,0.06330000000000002,3.9863157894736845,0.3165000000000001,2.1514078947368422
M5575,0.00055,0.0001,0.0,0.5,0.08,0.093262,0.1795,2SEG,1,LIDAR,-0.074262,0.020500000000000018,3.9085263157894734,0.10250000000000009,2.005513157894737
M5576,0.00055,0.0001,0.25,-0.5,0.03,0.095778,0.1408,2SEG,1,LIDAR,-0.076778,0.0592,4.040947368421053,0.296,2.1684736842105266
M5577,0.00055,0.0001,0.25,-0.5,0.035,0.095456,0.1541,2SEG,1,LIDAR,-0.076456,0.045900000000000024,4.024,0.22950000000000012,2.12675
M5578,0.00055,0.0001,0.25,-0.5,0.04,0.095138,0.1666,2SEG,1,LIDAR,-0.076138,0.03340000000000001,4.007263157894736,0.16700000000000007,2.087131578947368
M5579,0.00055,0.0001,0.25,-0.5,0.05,0.094508,0.1898,2SEG,1,LIDAR,-0.07550799999999999,0.010200000000000015,3.9741052631578944,0.05100000000000007,2.0125526315789473
M5580,0.00055,0.0001,0.25,-0.5,0.08,0.092886,0.249,2SEG,1,LIDAR,-0.073886,-0.04899999999999999,3.888736842105263,0.24499999999999994,2.0668684210526314
M5581,0.00055,0.0001,0.25,-0.25,0.03,0.095888,0.1247,2SEG,1,LIDAR,-0.076888,0.0753,4.046736842105263,0.3765,2.2116184210526315
M5582,0.00055,0.0001,0.25,-0.25,0.035,0.095577,0.1366,2SEG,1,LIDAR,-0.07657699999999999,0.06340000000000001,4.030368421052631,0.31700000000000006,2.1736842105263157
M5583,0.00055,0.0001,0.25,-0.25,0.04,0.095285,0.1477,2SEG,1,LIDAR,-0.07628499999999999,0.05230000000000001,4.015,0.26150000000000007,2.1382499999999998
M5584,0.00055,0.0001,0.25,-0.25,0.05,0.094687,0.1682,2SEG,1,LIDAR,-0.07568699999999999,0.03180000000000002,3.983526315789473,0.1590000000000001,2.0712631578947365
M5585,0.00055,0.0001,0.25,-0.25,0.08,0.093172,0.2209,2SEG,1,LIDAR,-0.074172,-0.020900000000000002,3.9037894736842107,0.10450000000000001,2.0041447368421053
M5586,0.00055,0.0001,0.25,0.0,0.03,0.096008,0.1145,2SEG,1,LIDAR,-0.077008,0.0855,4.0530526315789475,0.4275,2.240276315789474
M5587,0.00055,0.0001,0.25,0.0,0.035,0.095656,0.1253,2SEG,1,LIDAR,-0.076656,0.07470000000000002,4.034526315789474,0.37350000000000005,2.204013157894737
M5588,0.00055,0.0001,0.25,0.0,0.04,0.095367,0.1355,2SEG,1,LIDAR,-0.07636699999999999,0.0645,4.0193157894736835,0.3225,2.1709078947368416
M5589,0.00055,0.0001,0.25,0.0,0.05,0.094836,0.1544,2SEG,1,LIDAR,-0.075836,0.0456,3.991368421052632,0.228,2.109684210526316
M5590,0.00055,0.0001,0.25,0.0,0.08,0.093343,0.2028,2SEG,1,LIDAR,-0.07434299999999999,-0.002799999999999997,3.91278947368421,0.013999999999999985,1.963394736842105
M5591,0.00055,0.0001,0.25,0.25,0.03,0.096043,0.1071,2SEG,1,LIDAR,-0.077043,0.09290000000000001,4.0548947368421056,0.4645,2.259697368421053
M5592,0.00055,0.0001,0.25,0.25,0.035,0.095772,0.1173,2SEG,1,LIDAR,-0.07677199999999999,0.08270000000000001,4.040631578947369,0.41350000000000003,2.2270657894736843
M5593,0.00055,0.0001,0.25,0.25,0.04,0.095432,0.1268,2SEG,1,LIDAR,-0.076432,0.07320000000000002,4.022736842105263,0.36600000000000005,2.1943684210526313
M5594,0.00055,0.0001,0.25,0.25,0.05,0.094907,0.1445,2SEG,1,LIDAR,-0.075907,0.05550000000000002,3.995105263157895,0.2775000000000001,2.1363026315789475
M5595,0.00055,0.0001,0.25,0.25,0.08,0.093464,0.1899,2SEG,1,LIDAR,-0.074464,0.010099999999999998,3.919157894736842,0.05049999999999999,1.984828947368421
M5596,0.00055,0.0001,0.25,0.5,0.03,0.096073,0.1014,2SEG,1,LIDAR,-0.077073,0.09860000000000001,4.056473684210527,0.493,2.2747368421052636
M5597,0.00055,0.0001,0.25,0.5,0.035,0.095801,0.1111,2SEG,1,LIDAR,-0.076801,0.0889,4.0421578947368415,0.4445,2.2433289473684206
M5598,0.00055,0.0001,0.25,0.5,0.04,0.095473,0.1201,2SEG,1,LIDAR,-0.076473,0.07990000000000001,4.024894736842105,0.3995,2.2121973684210525
M5599,0.00055,0.0001,0.25,0.5,0.05,0.094959,0.1369,2SEG,1,LIDAR,-0.075959,0.06310000000000002,3.997842105263158,0.31550000000000006,2.156671052631579
M5600,0.00055,0.0001,0.25,0.5,0.08,0.09355,0.1798,2SEG,1,LIDAR,-0.07454999999999999,0.020200000000000023,3.923684210526315,0.10100000000000012,2.0123421052631576
M5601,0.00055,0.0001,0.5,-0.5,0.03,0.095903,0.1409,2SEG,1,LIDAR,-0.076903,0.059100000000000014,4.047526315789474,0.29550000000000004,2.171513157894737
M5602,0.00055,0.0001,0.5,-0.5,0.035,0.095593,0.1543,2SEG,1,LIDAR,-0.076593,0.04570000000000002,4.031210526315789,0.2285000000000001,2.1298552631578946
M5603,0.00055,0.0001,0.5,-0.5,0.04,0.095287,0.1668,2SEG,1,LIDAR,-0.076287,0.03320000000000001,4.015105263157895,0.16600000000000004,2.0905526315789476
M5604,0.00055,0.0001,0.5,-0.5,0.05,0.094678,0.19,2SEG,1,LIDAR,-0.075678,0.010000000000000009,3.983052631578947,0.050000000000000044,2.0165263157894735
M5605,0.00055,0.0001,0.5,-0.5,0.08,0.093109,0.2494,2SEG,1,LIDAR,-0.074109,-0.0494,3.9004736842105263,0.247,2.073736842105263
M5606,0.00055,0.0001,0.5,-0.25,0.03,0.096013,0.1248,2SEG,1,LIDAR,-0.077013,0.07520000000000002,4.053315789473684,0.37600000000000006,2.2146578947368423
M5607,0.00055,0.0001,0.5,-0.25,0.035,0.095714,0.1367,2SEG,1,LIDAR,-0.07671399999999999,0.06330000000000002,4.037578947368421,0.3165000000000001,2.1770394736842107
M5608,0.00055,0.0001,0.5,-0.25,0.04,0.095434,0.1478,2SEG,1,LIDAR,-0.076434,0.052200000000000024,4.022842105263158,0.2610000000000001,2.141921052631579
M5609,0.00055,0.0001,0.5,-0.25,0.05,0.094857,0.1684,2SEG,1,LIDAR,-0.075857,0.03160000000000002,3.992473684210526,0.15800000000000008,2.075236842105263
M5610,0.00055,0.0001,0.5,-0.25,0.08,0.093394,0.2212,2SEG,1,LIDAR,-0.074394,-0.021199999999999997,3.9154736842105264,0.10599999999999998,2.0107368421052634
M5611,0.00055,0.0001,0.5,0.0,0.03,0.096131,0.1146,2SEG,1,LIDAR,-0.07713099999999999,0.08540000000000002,4.059526315789474,0.42700000000000005,2.243263157894737
M5612,0.00055,0.0001,0.5,0.0,0.035,0.095793,0.1254,2SEG,1,LIDAR,-0.076793,0.0746,4.041736842105263,0.373,2.2073684210526316
M5613,0.00055,0.0001,0.5,0.0,0.04,0.095516,0.1357,2SEG,1,LIDAR,-0.076516,0.06430000000000002,4.027157894736842,0.3215000000000001,2.174328947368421
M5614,0.00055,0.0001,0.5,0.0,0.05,0.095005,0.1546,2SEG,1,LIDAR,-0.076005,0.045400000000000024,4.000263157894737,0.22700000000000012,2.1136315789473685
M5615,0.00055,0.0001,0.5,0.0,0.08,0.093565,0.2031,2SEG,1,LIDAR,-0.07456499999999999,-0.0030999999999999917,3.924473684210526,0.015499999999999958,1.9699868421052629
M5616,0.00055,0.0001,0.5,0.25,0.03,0.096169,0.1072,2SEG,1,LIDAR,-0.077169,0.09280000000000001,4.061526315789473,0.464,2.262763157894737
M5617,0.00055,0.0001,0.5,0.25,0.035,0.095905,0.1174,2SEG,1,LIDAR,-0.076905,0.0826,4.047631578947368,0.41300000000000003,2.2303157894736843
M5618,0.00055,0.0001,0.5,0.25,0.04,0.09558,0.1269,2SEG,1,LIDAR,-0.07658,0.0731,4.030526315789474,0.3655,2.198013157894737
M5619,0.00055,0.0001,0.5,0.25,0.05,0.095076,0.1447,2SEG,1,LIDAR,-0.07607599999999999,0.055300000000000016,4.004,0.2765000000000001,2.14025
M5620,0.00055,0.0001,0.5,0.25,0.08,0.093686,0.1901,2SEG,1,LIDAR,-0.074686,0.00990000000000002,3.930842105263158,0.0495000000000001,1.990171052631579
M5621,0.00055,0.0001,0.5,0.5,0.03,0.096196,0.1015,2SEG,1,LIDAR,-0.077196,0.0985,4.062947368421053,0.4925,2.2777236842105264
M5622,0.00055,0.0001,0.5,0.5,0.035,0.095935,0.1112,2SEG,1,LIDAR,-0.076935,0.08880000000000002,4.04921052631579,0.44400000000000006,2.2466052631578948
M5623,0.00055,0.0001,0.5,0.5,0.04,0.09562,0.1202,2SEG,1,LIDAR,-0.07662,0.07980000000000001,4.032631578947369,0.399,2.2158157894736843
M5624,0.00055,0.0001,0.5,0.5,0.05,0.095128,0.137,2SEG,1,LIDAR,-0.076128,0.063,4.006736842105263,0.315,2.1608684210526317
M5625,0.00055,0.0001,0.5,0.5,0.08,0.093772,0.1801,2SEG,1,LIDAR,-0.07477199999999999,0.0199,3.9353684210526314,0.0995,2.0174342105263157
M5626,0.001,1e-06,-0.5,-0.5,0.03,0.099716,0.1444,2SEG,1,LIDAR,-0.080716,0.05560000000000001,4.248210526315789,0.278,2.263105263157895
M5627,0.001,1e-06,-0.5,-0.5,0.035,0.099243,0.1579,2SEG,1,LIDAR,-0.080243,0.0421,4.223315789473684,0.2105,2.216907894736842
M5628,0.001,1e-06,-0.5,-0.5,0.04,0.098796,0.1706,2SEG,1,LIDAR,-0.07979599999999999,0.02940000000000001,4.19978947368421,0.14700000000000005,2.173394736842105
M5629,0.001,1e-06,-0.5,-0.5,0.05,0.097985,0.1941,2SEG,1,LIDAR,-0.078985,0.005900000000000016,4.157105263157895,0.02950000000000008,2.093302631578948
M5630,0.001,1e-06,-0.5,-0.5,0.08,0.095939,0.2541,2SEG,1,LIDAR,-0.076939,-0.05409999999999998,4.049421052631579,0.2704999999999999,2.1599605263157895
M5631,0.001,1e-06,-0.5,-0.25,0.03,0.099714,0.1278,2SEG,1,LIDAR,-0.080714,0.07220000000000001,4.248105263157894,0.36100000000000004,2.304552631578947
M5632,0.001,1e-06,-0.5,-0.25,0.035,0.099242,0.1398,2SEG,1,LIDAR,-0.080242,0.060200000000000004,4.223263157894737,0.301,2.2621315789473684
M5633,0.001,1e-06,-0.5,-0.25,0.04,0.098794,0.1511,2SEG,1,LIDAR,-0.079794,0.0489,4.199684210526316,0.2445,2.222092105263158
M5634,0.001,1e-06,-0.5,-0.25,0.05,0.097982,0.1719,2SEG,1,LIDAR,-0.078982,0.028100000000000014,4.1569473684210525,0.14050000000000007,2.1487236842105264
M5635,0.001,1e-06,-0.5,-0.25,0.08,0.095936,0.225,2SEG,1,LIDAR,-0.07693599999999999,-0.024999999999999994,4.049263157894736,0.12499999999999997,2.087131578947368
M5636,0.001,1e-06,-0.5,0.0,0.03,0.099714,0.1173,2SEG,1,LIDAR,-0.080714,0.08270000000000001,4.248105263157894,0.41350000000000003,2.330802631578947
M5637,0.001,1e-06,-0.5,0.0,0.035,0.099241,0.1283,2SEG,1,LIDAR,-0.08024099999999999,0.07170000000000001,4.223210526315789,0.35850000000000004,2.2908552631578947
M5638,0.001,1e-06,-0.5,0.0,0.04,0.098793,0.1386,2SEG,1,LIDAR,-0.079793,0.06140000000000001,4.199631578947368,0.30700000000000005,2.2533157894736844
M5639,0.001,1e-06,-0.5,0.0,0.05,0.097981,0.1577,2SEG,1,LIDAR,-0.078981,0.042300000000000004,4.156894736842105,0.21150000000000002,2.1841973684210525
M5640,0.001,1e-06,-0.5,0.0,0.08,0.095934,0.2064,2SEG,1,LIDAR,-0.076934,-0.006399999999999989,4.049157894736842,0.031999999999999945,2.040578947368421
M5641,0.001,1e-06,-0.5,0.25,0.03,0.099713,0.1097,2SEG,1,LIDAR,-0.080713,0.0903,4.248052631578947,0.4515,2.3497763157894735
M5642,0.001,1e-06,-0.5,0.25,0.035,0.09924,0.12,2SEG,1,LIDAR,-0.08023999999999999,0.08000000000000002,4.2231578947368416,0.4000000000000001,2.311578947368421
M5643,0.001,1e-06,-0.5,0.25,0.04,0.098791,0.1296,2SEG,1,LIDAR,-0.079791,0.07040000000000002,4.199526315789474,0.3520000000000001,2.2757631578947373
M5644,0.001,1e-06,-0.5,0.25,0.05,0.097979,0.1475,2SEG,1,LIDAR,-0.078979,0.05250000000000002,4.15678947368421,0.26250000000000007,2.209644736842105
M5645,0.001,1e-06,-0.5,0.25,0.08,0.095932,0.1931,2SEG,1,LIDAR,-0.076932,0.006900000000000017,4.049052631578948,0.034500000000000086,2.041776315789474
M5646,0.001,1e-06,-0.5,0.5,0.03,0.099712,0.1038,2SEG,1,LIDAR,-0.08071199999999999,0.09620000000000001,4.247999999999999,0.48100000000000004,2.3644999999999996
M5647,0.001,1e-06,-0.5,0.5,0.035,0.099239,0.1136,2SEG,1,LIDAR,-0.08023899999999999,0.0864,4.223105263157894,0.432,2.327552631578947
M5648,0.001,1e-06,-0.5,0.5,0.04,0.098791,0.1227,2SEG,1,LIDAR,-0.079791,0.07730000000000001,4.199526315789474,0.3865,2.293013157894737
M5649,0.001,1e-06,-0.5,0.5,0.05,0.097979,0.1396,2SEG,1,LIDAR,-0.078979,0.06040000000000001,4.15678947368421,0.30200000000000005,2.2293947368421048
M5650,0.001,1e-06,-0.5,0.5,0.08,0.095931,0.1828,2SEG,1,LIDAR,-0.076931,0.01720000000000002,4.049,0.0860000000000001,2.0675000000000003
M5651,0.001,1e-06,-0.25,-0.5,0.03,0.10028,0.1449,2SEG,1,LIDAR,-0.08127999999999999,0.05510000000000001,4.2778947368421045,0.2755,2.2766973684210523
M5652,0.001,1e-06,-0.25,-0.5,0.035,0.099859,0.1585,2SEG,1,LIDAR,-0.080859,0.04150000000000001,4.2557368421052635,0.20750000000000005,2.231618421052632
M5653,0.001,1e-06,-0.25,-0.5,0.04,0.099463,0.1713,2SEG,1,LIDAR,-0.08046299999999999,0.028700000000000003,4.234894736842105,0.14350000000000002,2.189197368421053
M5654,0.001,1e-06,-0.25,-0.5,0.05,0.098728,0.195,2SEG,1,LIDAR,-0.079728,0.0050000000000000044,4.196210526315789,0.025000000000000022,2.1106052631578947
M5655,0.001,1e-06,-0.25,-0.5,0.08,0.096882,0.2556,2SEG,1,LIDAR,-0.07788199999999999,-0.05559999999999998,4.099052631578947,0.2779999999999999,2.188526315789473
M5656,0.001,1e-06,-0.25,-0.25,0.03,0.10028,0.1283,2SEG,1,LIDAR,-0.08127999999999999,0.07170000000000001,4.2778947368421045,0.35850000000000004,2.3181973684210524
M5657,0.001,1e-06,-0.25,-0.25,0.035,0.099857,0.1403,2SEG,1,LIDAR,-0.080857,0.0597,4.255631578947368,0.2985,2.277065789473684
M5658,0.001,1e-06,-0.25,-0.25,0.04,0.099461,0.1517,2SEG,1,LIDAR,-0.08046099999999999,0.04830000000000001,4.23478947368421,0.24150000000000005,2.2381447368421052
M5659,0.001,1e-06,-0.25,-0.25,0.05,0.098726,0.1727,2SEG,1,LIDAR,-0.07972599999999999,0.02730000000000002,4.196105263157895,0.1365000000000001,2.1663026315789473
M5660,0.001,1e-06,-0.25,-0.25,0.08,0.096878,0.2263,2SEG,1,LIDAR,-0.077878,-0.02629999999999999,4.0988421052631585,0.13149999999999995,2.1151710526315792
M5661,0.001,1e-06,-0.25,0.0,0.03,0.10028,0.1177,2SEG,1,LIDAR,-0.08127999999999999,0.08230000000000001,4.2778947368421045,0.41150000000000003,2.3446973684210524
M5662,0.001,1e-06,-0.25,0.0,0.035,0.099856,0.1287,2SEG,1,LIDAR,-0.080856,0.0713,4.255578947368421,0.3565,2.3060394736842103
M5663,0.001,1e-06,-0.25,0.0,0.04,0.099459,0.1392,2SEG,1,LIDAR,-0.080459,0.06080000000000002,4.234684210526316,0.3040000000000001,2.269342105263158
M5664,0.001,1e-06,-0.25,0.0,0.05,0.098724,0.1584,2SEG,1,LIDAR,-0.079724,0.0416,4.196000000000001,0.208,2.2020000000000004
M5665,0.001,1e-06,-0.25,0.0,0.08,0.096877,0.2076,2SEG,1,LIDAR,-0.077877,-0.007599999999999996,4.098789473684211,0.03799999999999998,2.0683947368421056
M5666,0.001,1e-06,-0.25,0.25,0.03,0.10028,0.11,2SEG,1,LIDAR,-0.08127999999999999,0.09000000000000001,4.2778947368421045,0.45,2.3639473684210524
M5667,0.001,1e-06,-0.25,0.25,0.035,0.099856,0.1204,2SEG,1,LIDAR,-0.080856,0.07960000000000002,4.255578947368421,0.3980000000000001,2.3267894736842103
M5668,0.001,1e-06,-0.25,0.25,0.04,0.099458,0.1301,2SEG,1,LIDAR,-0.080458,0.06990000000000002,4.2346315789473685,0.3495000000000001,2.2920657894736842
M5669,0.001,1e-06,-0.25,0.25,0.05,0.098723,0.1481,2SEG,1,LIDAR,-0.079723,0.0519,4.195947368421053,0.2595,2.2277236842105266
M5670,0.001,1e-06,-0.25,0.25,0.08,0.096875,0.1942,2SEG,1,LIDAR,-0.077875,0.0058,4.098684210526316,0.028999999999999998,2.063842105263158
M5671,0.001,1e-06,-0.25,0.5,0.03,0.10028,0.1042,2SEG,1,LIDAR,-0.08127999999999999,0.09580000000000001,4.2778947368421045,0.47900000000000004,2.3784473684210523
M5672,0.001,1e-06,-0.25,0.5,0.035,0.099855,0.114,2SEG,1,LIDAR,-0.080855,0.08600000000000001,4.255526315789473,0.43,2.3427631578947365
M5673,0.001,1e-06,-0.25,0.5,0.04,0.099458,0.1232,2SEG,1,LIDAR,-0.080458,0.07680000000000001,4.2346315789473685,0.384,2.3093157894736844
M5674,0.001,1e-06,-0.25,0.5,0.05,0.098722,0.1402,2SEG,1,LIDAR,-0.079722,0.05980000000000002,4.195894736842106,0.2990000000000001,2.247447368421053
M5675,0.001,1e-06,-0.25,0.5,0.08,0.096874,0.1838,2SEG,1,LIDAR,-0.077874,0.01620000000000002,4.098631578947368,0.0810000000000001,2.0898157894736844
M5676,0.001,1e-06,0.0,-0.5,0.03,0.10068,0.1452,2SEG,1,LIDAR,-0.08168,0.054800000000000015,4.298947368421053,0.2740000000000001,2.2864736842105264
M5677,0.001,1e-06,0.0,-0.5,0.035,0.10026,0.1589,2SEG,1,LIDAR,-0.08126,0.0411,4.276842105263158,0.2055,2.2411710526315787
M5678,0.001,1e-06,0.0,-0.5,0.04,0.09989,0.1718,2SEG,1,LIDAR,-0.08089,0.028200000000000003,4.2573684210526315,0.14100000000000001,2.1991842105263157
M5679,0.001,1e-06,0.0,-0.5,0.05,0.099215,0.1956,2SEG,1,LIDAR,-0.080215,0.004400000000000015,4.221842105263158,0.022000000000000075,2.121921052631579
M5680,0.001,1e-06,0.0,-0.5,0.08,0.097499,0.2566,2SEG,1,LIDAR,-0.078499,-0.056599999999999984,4.131526315789474,0.2829999999999999,2.2072631578947366
M5681,0.001,1e-06,0.0,-0.25,0.03,0.10068,0.1286,2SEG,1,LIDAR,-0.08168,0.07140000000000002,4.298947368421053,0.3570000000000001,2.3279736842105265
M5682,0.001,1e-06,0.0,-0.25,0.035,0.10025,0.1407,2SEG,1,LIDAR,-0.08125,0.05930000000000002,4.276315789473684,0.2965000000000001,2.286407894736842
M5683,0.001,1e-06,0.0,-0.25,0.04,0.099888,0.1521,2SEG,1,LIDAR,-0.080888,0.0479,4.257263157894737,0.2395,2.2483815789473685
M5684,0.001,1e-06,0.0,-0.25,0.05,0.099213,0.1732,2SEG,1,LIDAR,-0.08021299999999999,0.026800000000000018,4.221736842105263,0.1340000000000001,2.1778684210526316
M5685,0.001,1e-06,0.0,-0.25,0.08,0.097496,0.2272,2SEG,1,LIDAR,-0.078496,-0.027200000000000002,4.131368421052631,0.136,2.1336842105263156
M5686,0.001,1e-06,0.0,0.0,0.03,0.10068,0.1179,2SEG,1,LIDAR,-0.08168,0.0821,4.298947368421053,0.41050000000000003,2.3547236842105264
M5687,0.001,1e-06,0.0,0.0,0.035,0.10025,0.1291,2SEG,1,LIDAR,-0.08125,0.07090000000000002,4.276315789473684,0.3545000000000001,2.315407894736842
M5688,0.001,1e-06,0.0,0.0,0.04,0.099886,0.1395,2SEG,1,LIDAR,-0.080886,0.0605,4.257157894736842,0.3025,2.2798289473684212
M5689,0.001,1e-06,0.0,0.0,0.05,0.099211,0.1588,2SEG,1,LIDAR,-0.08021099999999999,0.041200000000000014,4.221631578947368,0.20600000000000007,2.213815789473684
M5690,0.001,1e-06,0.0,0.0,0.08,0.097494,0.2084,2SEG,1,LIDAR,-0.078494,-0.00839999999999999,4.131263157894737,0.041999999999999954,2.0866315789473684
M5691,0.001,1e-06,0.0,0.25,0.03,0.10068,0.1103,2SEG,1,LIDAR,-0.08168,0.08970000000000002,4.298947368421053,0.44850000000000007,2.3737236842105265
M5692,0.001,1e-06,0.0,0.25,0.035,0.10025,0.1207,2SEG,1,LIDAR,-0.08125,0.07930000000000001,4.276315789473684,0.3965,2.336407894736842
M5693,0.001,1e-06,0.0,0.25,0.04,0.099886,0.1305,2SEG,1,LIDAR,-0.080886,0.0695,4.257157894736842,0.34750000000000003,2.302328947368421
M5694,0.001,1e-06,0.0,0.25,0.05,0.09921,0.1486,2SEG,1,LIDAR,-0.08021,0.0514,4.221578947368421,0.257,2.2392894736842104
M5695,0.001,1e-06,0.0,0.25,0.08,0.097493,0.1949,2SEG,1,LIDAR,-0.078493,0.005100000000000021,4.1312105263157894,0.025500000000000106,2.0783552631578948
M5696,0.001,1e-06,0.0,0.5,0.03,0.10068,0.1044,2SEG,1,LIDAR,-0.08168,0.0956,4.298947368421053,0.478,2.3884736842105263
M5697,0.001,1e-06,0.0,0.5,0.035,0.10025,0.1143,2SEG,1,LIDAR,-0.08125,0.08570000000000001,4.276315789473684,0.42850000000000005,2.352407894736842
M5698,0.001,1e-06,0.0,0.5,0.04,0.099885,0.1235,2SEG,1,LIDAR,-0.080885,0.07650000000000001,4.257105263157895,0.38250000000000006,2.3198026315789475
M5699,0.001,1e-06,0.0,0.5,0.05,0.09921,0.1407,2SEG,1,LIDAR,-0.08021,0.05930000000000002,4.221578947368421,0.2965000000000001,2.2590394736842105
M5700,0.001,1e-06,0.0,0.5,0.08,0.097492,0.1845,2SEG,1,LIDAR,-0.07849199999999999,0.015500000000000014,4.131157894736842,0.07750000000000007,2.104328947368421
M5701,0.001,1e-06,0.25,-0.5,0.03,0.10094,0.1454,2SEG,1,LIDAR,-0.08194,0.05460000000000001,4.312631578947369,0.273,2.2928157894736843
M5702,0.001,1e-06,0.25,-0.5,0.035,0.10058,0.1592,2SEG,1,LIDAR,-0.08158,0.0408,4.293684210526316,0.20400000000000001,2.248842105263158
M5703,0.001,1e-06,0.25,-0.5,0.04,0.1002,0.1721,2SEG,1,LIDAR,-0.0812,0.027900000000000008,4.273684210526316,0.13950000000000004,2.206592105263158
M5704,0.001,1e-06,0.25,-0.5,0.05,0.099564,0.196,2SEG,1,LIDAR,-0.080564,0.0040000000000000036,4.240210526315789,0.020000000000000018,2.130105263157895
M5705,0.001,1e-06,0.25,-0.5,0.08,0.097945,0.2573,2SEG,1,LIDAR,-0.078945,-0.05729999999999996,4.155,0.2864999999999998,2.2207500000000002
M5706,0.001,1e-06,0.25,-0.25,0.03,0.10094,0.1288,2SEG,1,LIDAR,-0.08194,0.07120000000000001,4.312631578947369,0.35600000000000004,2.3343157894736843
M5707,0.001,1e-06,0.25,-0.25,0.035,0.10057,0.141,2SEG,1,LIDAR,-0.08157,0.059000000000000025,4.293157894736843,0.2950000000000001,2.2940789473684213
M5708,0.001,1e-06,0.25,-0.25,0.04,0.1002,0.1524,2SEG,1,LIDAR,-0.0812,0.0476,4.273684210526316,0.23800000000000002,2.255842105263158
M5709,0.001,1e-06,0.25,-0.25,0.05,0.099562,0.1735,2SEG,1,LIDAR,-0.080562,0.026500000000000024,4.240105263157894,0.13250000000000012,2.1863026315789473
M5710,0.001,1e-06,0.25,-0.25,0.08,0.097942,0.2278,2SEG,1,LIDAR,-0.078942,-0.02779999999999999,4.154842105263158,0.13899999999999996,2.146921052631579
M5711,0.001,1e-06,0.25,0.0,0.03,0.10094,0.1181,2SEG,1,LIDAR,-0.08194,0.08190000000000001,4.312631578947369,0.40950000000000003,2.3610657894736846
M5712,0.001,1e-06,0.25,0.0,0.035,0.10057,0.1293,2SEG,1,LIDAR,-0.08157,0.07070000000000001,4.293157894736843,0.35350000000000004,2.3233289473684215
M5713,0.001,1e-06,0.25,0.0,0.04,0.1002,0.1398,2SEG,1,LIDAR,-0.0812,0.060200000000000004,4.273684210526316,0.301,2.287342105263158
M5714,0.001,1e-06,0.25,0.0,0.05,0.09956,0.1592,2SEG,1,LIDAR,-0.08055999999999999,0.0408,4.239999999999999,0.20400000000000001,2.2219999999999995
M5715,0.001,1e-06,0.25,0.0,0.08,0.09794,0.209,2SEG,1,LIDAR,-0.07894,-0.00899999999999998,4.1547368421052635,0.0449999999999999,2.0998684210526317
M5716,0.001,1e-06,0.25,0.25,0.03,0.10094,0.1105,2SEG,1,LIDAR,-0.08194,0.08950000000000001,4.312631578947369,0.4475,2.3800657894736843
M5717,0.001,1e-06,0.25,0.25,0.035,0.10057,0.1209,2SEG,1,LIDAR,-0.08157,0.07910000000000002,4.293157894736843,0.3955000000000001,2.3443289473684215
M5718,0.001,1e-06,0.25,0.25,0.04,0.10019,0.1307,2SEG,1,LIDAR,-0.08119,0.0693,4.273157894736842,0.3465,2.309828947368421
M5719,0.001,1e-06,0.25,0.25,0.05,0.099559,0.1489,2SEG,1,LIDAR,-0.08055899999999999,0.051100000000000007,4.239947368421053,0.2555,2.247723684210526
M5720,0.001,1e-06,0.25,0.25,0.08,0.097939,0.1954,2SEG,1,LIDAR,-0.078939,0.004600000000000021,4.154684210526316,0.023000000000000104,2.088842105263158
M5721,0.001,1e-06,0.25,0.5,0.03,0.10094,0.1046,2SEG,1,LIDAR,-0.08194,0.09540000000000001,4.312631578947369,0.47700000000000004,2.3948157894736846
M5722,0.001,1e-06,0.25,0.5,0.035,0.10057,0.1145,2SEG,1,LIDAR,-0.08157,0.0855,4.293157894736843,0.4275,2.3603289473684215
M5723,0.001,1e-06,0.25,0.5,0.04,0.10019,0.1238,2SEG,1,LIDAR,-0.08119,0.07620000000000002,4.273157894736842,0.38100000000000006,2.3270789473684212
M5724,0.001,1e-06,0.25,0.5,0.05,0.099558,0.1409,2SEG,1,LIDAR,-0.08055799999999999,0.059100000000000014,4.239894736842105,0.29550000000000004,2.2676973684210524
M5725,0.001,1e-06,0.25,0.5,0.08,0.097938,0.185,2SEG,1,LIDAR,-0.078938,0.015000000000000013,4.1546315789473685,0.07500000000000007,2.1148157894736843
M5726,0.001,1e-06,0.5,-0.5,0.03,0.10115,0.1456,2SEG,1,LIDAR,-0.08215,0.054400000000000004,4.323684210526316,0.272,2.297842105263158
M5727,0.001,1e-06,0.5,-0.5,0.035,0.1008,0.1594,2SEG,1,LIDAR,-0.0818,0.040600000000000025,4.3052631578947365,0.20300000000000012,2.2541315789473684
M5728,0.001,1e-06,0.5,-0.5,0.04,0.10044,0.1723,2SEG,1,LIDAR,-0.08144,0.027700000000000002,4.286315789473684,0.1385,2.2124078947368417
M5729,0.001,1e-06,0.5,-0.5,0.05,0.099834,0.1963,2SEG,1,LIDAR,-0.080834,0.003700000000000009,4.254421052631579,0.018500000000000044,2.1364605263157896
M5730,0.001,1e-06,0.5,-0.5,0.08,0.098291,0.2578,2SEG,1,LIDAR,-0.079291,-0.05779999999999996,4.173210526315789,0.2889999999999998,2.2311052631578945
M5731,0.001,1e-06,0.5,-0.25,0.03,0.10114,0.1289,2SEG,1,LIDAR,-0.08213999999999999,0.07110000000000002,4.323157894736842,0.3555000000000001,2.339328947368421
M5732,0.001,1e-06,0.5,-0.25,0.035,0.1008,0.1411,2SEG,1,LIDAR,-0.0818,0.05890000000000001,4.3052631578947365,0.29450000000000004,2.2998815789473683
M5733,0.001,1e-06,0.5,-0.25,0.04,0.10044,0.1526,2SEG,1,LIDAR,-0.08144,0.0474,4.286315789473684,0.237,2.261657894736842
M5734,0.001,1e-06,0.5,-0.25,0.05,0.099832,0.1738,2SEG,1,LIDAR,-0.080832,0.0262,4.254315789473685,0.131,2.1926578947368425
M5735,0.001,1e-06,0.5,-0.25,0.08,0.098288,0.2283,2SEG,1,LIDAR,-0.079288,-0.028299999999999992,4.173052631578948,0.14149999999999996,2.1572763157894737
M5736,0.001,1e-06,0.5,0.0,0.03,0.10114,0.1183,2SEG,1,LIDAR,-0.08213999999999999,0.08170000000000001,4.323157894736842,0.40850000000000003,2.365828947368421
M5737,0.001,1e-06,0.5,0.0,0.035,0.1008,0.1295,2SEG,1,LIDAR,-0.0818,0.07050000000000001,4.3052631578947365,0.35250000000000004,2.3288815789473682
M5738,0.001,1e-06,0.5,0.0,0.04,0.10043,0.14,2SEG,1,LIDAR,-0.08143,0.06,4.28578947368421,0.3,2.292894736842105
M5739,0.001,1e-06,0.5,0.0,0.05,0.09983,0.1594,2SEG,1,LIDAR,-0.08083,0.040600000000000025,4.25421052631579,0.20300000000000012,2.228605263157895
M5740,0.001,1e-06,0.5,0.0,0.08,0.098286,0.2094,2SEG,1,LIDAR,-0.079286,-0.009399999999999992,4.1729473684210525,0.04699999999999996,2.109973684210526
M5741,0.001,1e-06,0.5,0.25,0.03,0.10114,0.1106,2SEG,1,LIDAR,-0.08213999999999999,0.08940000000000001,4.323157894736842,0.447,2.385078947368421
M5742,0.001,1e-06,0.5,0.25,0.035,0.10079,0.1211,2SEG,1,LIDAR,-0.08179,0.07890000000000001,4.304736842105263,0.3945,2.3496184210526314
M5743,0.001,1e-06,0.5,0.25,0.04,0.10043,0.1309,2SEG,1,LIDAR,-0.08143,0.06910000000000002,4.28578947368421,0.3455000000000001,2.3156447368421054
M5744,0.001,1e-06,0.5,0.25,0.05,0.099829,0.1491,2SEG,1,LIDAR,-0.080829,0.0509,4.254157894736842,0.2545,2.254328947368421
M5745,0.001,1e-06,0.5,0.25,0.08,0.098285,0.1959,2SEG,1,LIDAR,-0.079285,0.00410000000000002,4.172894736842105,0.0205000000000001,2.0966973684210526
M5746,0.001,1e-06,0.5,0.5,0.03,0.10114,0.1047,2SEG,1,LIDAR,-0.08213999999999999,0.09530000000000001,4.323157894736842,0.47650000000000003,2.399828947368421
M5747,0.001,1e-06,0.5,0.5,0.035,0.10079,0.1146,2SEG,1,LIDAR,-0.08179,0.08540000000000002,4.304736842105263,0.42700000000000005,2.3658684210526317
M5748,0.001,1e-06,0.5,0.5,0.04,0.10043,0.1239,2SEG,1,LIDAR,-0.08143,0.07610000000000001,4.28578947368421,0.38050000000000006,2.3331447368421054
M5749,0.001,1e-06,0.5,0.5,0.05,0.099828,0.1412,2SEG,1,LIDAR,-0.080828,0.05880000000000002,4.254105263157895,0.2940000000000001,2.2740526315789475
M5750,0.001,1e-06,0.5,0.5,0.08,0.098284,0.1854,2SEG,1,LIDAR,-0.079284,0.014600000000000002,4.1728421052631575,0.07300000000000001,2.122921052631579
M5751,0.001,5.5e-06,-0.5,-0.5,0.03,0.10049,0.145,2SEG,1,LIDAR,-0.08148999999999999,0.05500000000000002,4.288947368421052,0.2750000000000001,2.2819736842105263
M5752,0.001,5.5e-06,-0.5,-0.5,0.035,0.10002,0.1587,2SEG,1,LIDAR,-0.08102,0.0413,4.2642105263157895,0.20650000000000002,2.235355263157895
M5753,0.001,5.5e-06,-0.5,-0.5,0.04,0.099588,0.1714,2SEG,1,LIDAR,-0.08058799999999999,0.028600000000000014,4.241473684210526,0.14300000000000007,2.1922368421052627
M5754,0.001,5.5e-06,-0.5,-0.5,0.05,0.098782,0.1951,2SEG,1,LIDAR,-0.07978199999999999,0.0049000000000000155,4.199052631578947,0.024500000000000077,2.1117763157894736
M5755,0.001,5.5e-06,-0.5,-0.5,0.08,0.09638,0.2548,2SEG,1,LIDAR,-0.07737999999999999,-0.054800000000000015,4.072631578947368,0.2740000000000001,2.173315789473684
M5756,0.001,5.5e-06,-0.5,-0.25,0.03,0.10048,0.1284,2SEG,1,LIDAR,-0.08148,0.07160000000000002,4.288421052631579,0.3580000000000001,2.3232105263157896
M5757,0.001,5.5e-06,-0.5,-0.25,0.035,0.10001,0.1405,2SEG,1,LIDAR,-0.08101,0.0595,4.263684210526316,0.2975,2.280592105263158
M5758,0.001,5.5e-06,-0.5,-0.25,0.04,0.099578,0.1518,2SEG,1,LIDAR,-0.080578,0.04820000000000002,4.240947368421052,0.2410000000000001,2.240973684210526
M5759,0.001,5.5e-06,-0.5,-0.25,0.05,0.09877,0.1727,2SEG,1,LIDAR,-0.07977,0.02730000000000002,4.198421052631579,0.1365000000000001,2.1674605263157893
M5760,0.001,5.5e-06,-0.5,-0.25,0.08,0.096368,0.2256,2SEG,1,LIDAR,-0.07736799999999999,-0.025599999999999984,4.072,0.12799999999999992,2.1
M5761,0.001,5.5e-06,-0.5,0.0,0.03,0.10047,0.1178,2SEG,1,LIDAR,-0.08147,0.08220000000000001,4.287894736842105,0.41100000000000003,2.3494473684210524
M5762,0.001,5.5e-06,-0.5,0.0,0.035,0.10001,0.1289,2SEG,1,LIDAR,-0.08101,0.07110000000000002,4.263684210526316,0.3555000000000001,2.309592105263158
M5763,0.001,5.5e-06,-0.5,0.0,0.04,0.099571,0.1392,2SEG,1,LIDAR,-0.080571,0.06080000000000002,4.240578947368421,0.3040000000000001,2.2722894736842107
M5764,0.001,5.5e-06,-0.5,0.0,0.05,0.098763,0.1584,2SEG,1,LIDAR,-0.079763,0.0416,4.198052631578948,0.208,2.203026315789474
M5765,0.001,5.5e-06,-0.5,0.0,0.08,0.096359,0.2069,2SEG,1,LIDAR,-0.077359,-0.0068999999999999895,4.071526315789473,0.03449999999999995,2.0530131578947364
M5766,0.001,5.5e-06,-0.5,0.25,0.03,0.10047,0.1102,2SEG,1,LIDAR,-0.08147,0.0898,4.287894736842105,0.449,2.3684473684210525
M5767,0.001,5.5e-06,-0.5,0.25,0.035,0.1,0.1205,2SEG,1,LIDAR,-0.081,0.07950000000000002,4.2631578947368425,0.3975000000000001,2.330328947368421
M5768,0.001,5.5e-06,-0.5,0.25,0.04,0.099566,0.1302,2SEG,1,LIDAR,-0.080566,0.0698,4.2403157894736845,0.349,2.2946578947368423
M5769,0.001,5.5e-06,-0.5,0.25,0.05,0.09876,0.1482,2SEG,1,LIDAR,-0.07976,0.05180000000000001,4.197894736842105,0.25900000000000006,2.228447368421053
M5770,0.001,5.5e-06,-0.5,0.25,0.08,0.096353,0.1935,2SEG,1,LIDAR,-0.07735299999999999,0.006500000000000006,4.071210526315789,0.03250000000000003,2.0518552631578943
M5771,0.001,5.5e-06,-0.5,0.5,0.03,0.10046,0.1043,2SEG,1,LIDAR,-0.08145999999999999,0.09570000000000001,4.287368421052631,0.47850000000000004,2.3829342105263156
M5772,0.001,5.5e-06,-0.5,0.5,0.035,0.099998,0.1141,2SEG,1,LIDAR,-0.080998,0.08590000000000002,4.263052631578947,0.42950000000000005,2.3462763157894737
M5773,0.001,5.5e-06,-0.5,0.5,0.04,0.099562,0.1233,2SEG,1,LIDAR,-0.080562,0.0767,4.240105263157894,0.3835,2.311802631578947
M5774,0.001,5.5e-06,-0.5,0.5,0.05,0.098756,0.1403,2SEG,1,LIDAR,-0.079756,0.0597,4.197684210526315,0.2985,2.2480921052631575
M5775,0.001,5.5e-06,-0.5,0.5,0.08,0.096349,0.1832,2SEG,1,LIDAR,-0.077349,0.01680000000000001,4.071,0.08400000000000005,2.0774999999999997
M5776,0.001,5.5e-06,-0.25,-0.5,0.03,0.10107,0.1455,2SEG,1,LIDAR,-0.08206999999999999,0.05450000000000002,4.319473684210526,0.2725000000000001,2.295986842105263
M5777,0.001,5.5e-06,-0.25,-0.5,0.035,0.10063,0.1592,2SEG,1,LIDAR,-0.08163,0.0408,4.296315789473684,0.20400000000000001,2.2501578947368417
M5778,0.001,5.5e-06,-0.25,-0.5,0.04,0.10025,0.1721,2SEG,1,LIDAR,-0.08125,0.027900000000000008,4.276315789473684,0.13950000000000004,2.207907894736842
M5779,0.001,5.5e-06,-0.25,-0.5,0.05,0.099531,0.1959,2SEG,1,LIDAR,-0.08053099999999999,0.00410000000000002,4.238473684210526,0.0205000000000001,2.1294868421052633
M5780,0.001,5.5e-06,-0.25,-0.5,0.08,0.09772,0.2569,2SEG,1,LIDAR,-0.07872,-0.056900000000000006,4.143157894736842,0.28450000000000003,2.2138289473684214
M5781,0.001,5.5e-06,-0.25,-0.25,0.03,0.10106,0.1289,2SEG,1,LIDAR,-0.08206,0.07110000000000002,4.318947368421052,0.3555000000000001,2.3372236842105263
M5782,0.001,5.5e-06,-0.25,-0.25,0.035,0.10062,0.141,2SEG,1,LIDAR,-0.08162,0.059000000000000025,4.29578947368421,0.2950000000000001,2.295394736842105
M5783,0.001,5.5e-06,-0.25,-0.25,0.04,0.10024,0.1524,2SEG,1,LIDAR,-0.08123999999999999,0.0476,4.275789473684211,0.23800000000000002,2.2568947368421055
M5784,0.001,5.5e-06,-0.25,-0.25,0.05,0.099519,0.1735,2SEG,1,LIDAR,-0.080519,0.026500000000000024,4.237842105263158,0.13250000000000012,2.185171052631579
M5785,0.001,5.5e-06,-0.25,-0.25,0.08,0.097704,0.2275,2SEG,1,LIDAR,-0.078704,-0.027499999999999997,4.142315789473684,0.13749999999999998,2.139907894736842
M5786,0.001,5.5e-06,-0.25,0.0,0.03,0.10106,0.1182,2SEG,1,LIDAR,-0.08206,0.08180000000000001,4.318947368421052,0.40900000000000003,2.363973684210526
M5787,0.001,5.5e-06,-0.25,0.0,0.035,0.10062,0.1293,2SEG,1,LIDAR,-0.08162,0.07070000000000001,4.29578947368421,0.35350000000000004,2.3246447368421053
M5788,0.001,5.5e-06,-0.25,0.0,0.04,0.10023,0.1398,2SEG,1,LIDAR,-0.08123,0.060200000000000004,4.275263157894737,0.301,2.2881315789473686
M5789,0.001,5.5e-06,-0.25,0.0,0.05,0.099511,0.1591,2SEG,1,LIDAR,-0.080511,0.04090000000000002,4.237421052631579,0.2045000000000001,2.22096052631579
M5790,0.001,5.5e-06,-0.25,0.0,0.08,0.097693,0.2087,2SEG,1,LIDAR,-0.078693,-0.008699999999999986,4.141736842105264,0.04349999999999993,2.0926184210526317
M5791,0.001,5.5e-06,-0.25,0.25,0.03,0.10105,0.1106,2SEG,1,LIDAR,-0.08205,0.08940000000000001,4.318421052631579,0.447,2.3827105263157895
M5792,0.001,5.5e-06,-0.25,0.25,0.035,0.10061,0.121,2SEG,1,LIDAR,-0.08161,0.07900000000000001,4.295263157894737,0.3950000000000001,2.3451315789473686
M5793,0.001,5.5e-06,-0.25,0.25,0.04,0.10022,0.1307,2SEG,1,LIDAR,-0.08122,0.0693,4.274736842105264,0.3465,2.3106184210526317
M5794,0.001,5.5e-06,-0.25,0.25,0.05,0.099506,0.1488,2SEG,1,LIDAR,-0.080506,0.05120000000000002,4.237157894736842,0.2560000000000001,2.246578947368421
M5795,0.001,5.5e-06,-0.25,0.25,0.08,0.097686,0.1951,2SEG,1,LIDAR,-0.07868599999999999,0.0049000000000000155,4.141368421052631,0.024500000000000077,2.0829342105263153
M5796,0.001,5.5e-06,-0.25,0.5,0.03,0.10105,0.1047,2SEG,1,LIDAR,-0.08205,0.09530000000000001,4.318421052631579,0.47650000000000003,2.3974605263157893
M5797,0.001,5.5e-06,-0.25,0.5,0.035,0.10061,0.1145,2SEG,1,LIDAR,-0.08161,0.0855,4.295263157894737,0.4275,2.3613815789473684
M5798,0.001,5.5e-06,-0.25,0.5,0.04,0.10022,0.1238,2SEG,1,LIDAR,-0.08122,0.07620000000000002,4.274736842105264,0.38100000000000006,2.327868421052632
M5799,0.001,5.5e-06,-0.25,0.5,0.05,0.099501,0.1409,2SEG,1,LIDAR,-0.080501,0.059100000000000014,4.236894736842106,0.29550000000000004,2.266197368421053
M5800,0.001,5.5e-06,-0.25,0.5,0.08,0.09768,0.1847,2SEG,1,LIDAR,-0.07868,0.015300000000000008,4.1410526315789475,0.07650000000000004,2.108776315789474
M5801,0.001,5.5e-06,0.0,-0.5,0.03,0.10143,0.1459,2SEG,1,LIDAR,-0.08243,0.05410000000000001,4.338421052631579,0.2705,2.30446052631579
M5802,0.001,5.5e-06,0.0,-0.5,0.035,0.10105,0.1596,2SEG,1,LIDAR,-0.08205,0.04040000000000002,4.318421052631579,0.2020000000000001,2.2602105263157894
M5803,0.001,5.5e-06,0.0,-0.5,0.04,0.10067,0.1726,2SEG,1,LIDAR,-0.08166999999999999,0.027400000000000008,4.2984210526315785,0.13700000000000004,2.2177105263157895
M5804,0.001,5.5e-06,0.0,-0.5,0.05,0.10001,0.1965,2SEG,1,LIDAR,-0.08101,0.003500000000000003,4.263684210526316,0.017500000000000016,2.140592105263158
M5805,0.001,5.5e-06,0.0,-0.5,0.08,0.098329,0.2579,2SEG,1,LIDAR,-0.079329,-0.05790000000000001,4.175210526315789,0.28950000000000004,2.2323552631578947
M5806,0.001,5.5e-06,0.0,-0.25,0.03,0.10143,0.1291,2SEG,1,LIDAR,-0.08243,0.07090000000000002,4.338421052631579,0.3545000000000001,2.3464605263157896
M5807,0.001,5.5e-06,0.0,-0.25,0.035,0.10104,0.1413,2SEG,1,LIDAR,-0.08204,0.0587,4.3178947368421055,0.2935,2.3056973684210527
M5808,0.001,5.5e-06,0.0,-0.25,0.04,0.10066,0.1528,2SEG,1,LIDAR,-0.08166,0.04720000000000002,4.297894736842105,0.2360000000000001,2.2669473684210524
M5809,0.001,5.5e-06,0.0,-0.25,0.05,0.099998,0.174,2SEG,1,LIDAR,-0.080998,0.026000000000000023,4.263052631578947,0.13000000000000012,2.1965263157894737
M5810,0.001,5.5e-06,0.0,-0.25,0.08,0.098312,0.2283,2SEG,1,LIDAR,-0.079312,-0.028299999999999992,4.174315789473684,0.14149999999999996,2.1579078947368417
M5811,0.001,5.5e-06,0.0,0.0,0.03,0.10142,0.1185,2SEG,1,LIDAR,-0.08242,0.08150000000000002,4.337894736842105,0.4075000000000001,2.3726973684210524
M5812,0.001,5.5e-06,0.0,0.0,0.035,0.10104,0.1296,2SEG,1,LIDAR,-0.08204,0.07040000000000002,4.3178947368421055,0.3520000000000001,2.334947368421053
M5813,0.001,5.5e-06,0.0,0.0,0.04,0.10065,0.1401,2SEG,1,LIDAR,-0.08165,0.05990000000000001,4.2973684210526315,0.29950000000000004,2.298434210526316
M5814,0.001,5.5e-06,0.0,0.0,0.05,0.09999,0.1596,2SEG,1,LIDAR,-0.08098999999999999,0.04040000000000002,4.262631578947368,0.2020000000000001,2.232315789473684
M5815,0.001,5.5e-06,0.0,0.0,0.08,0.098302,0.2094,2SEG,1,LIDAR,-0.079302,-0.009399999999999992,4.17378947368421,0.04699999999999996,2.110394736842105
M5816,0.001,5.5e-06,0.0,0.25,0.03,0.10142,0.1108,2SEG,1,LIDAR,-0.08242,0.08920000000000002,4.337894736842105,0.44600000000000006,2.3919473684210524
M5817,0.001,5.5e-06,0.0,0.25,0.035,0.10103,0.1213,2SEG,1,LIDAR,-0.08202999999999999,0.0787,4.317368421052631,0.3935,2.3554342105263157
M5818,0.001,5.5e-06,0.0,0.25,0.04,0.10065,0.1311,2SEG,1,LIDAR,-0.08165,0.06890000000000002,4.2973684210526315,0.3445000000000001,2.3209342105263158
M5819,0.001,5.5e-06,0.0,0.25,0.05,0.099985,0.1493,2SEG,1,LIDAR,-0.080985,0.05070000000000002,4.262368421052631,0.2535000000000001,2.2579342105263156
M5820,0.001,5.5e-06,0.0,0.25,0.08,0.098295,0.1959,2SEG,1,LIDAR,-0.07929499999999999,0.00410000000000002,4.1734210526315785,0.0205000000000001,2.0969605263157893
M5821,0.001,5.5e-06,0.0,0.5,0.03,0.10141,0.1049,2SEG,1,LIDAR,-0.08241,0.09510000000000002,4.3373684210526315,0.4755000000000001,2.406434210526316
M5822,0.001,5.5e-06,0.0,0.5,0.035,0.10103,0.1148,2SEG,1,LIDAR,-0.08202999999999999,0.08520000000000001,4.317368421052631,0.42600000000000005,2.3716842105263156
M5823,0.001,5.5e-06,0.0,0.5,0.04,0.10065,0.1241,2SEG,1,LIDAR,-0.08165,0.07590000000000001,4.2973684210526315,0.3795,2.338434210526316
M5824,0.001,5.5e-06,0.0,0.5,0.05,0.099981,0.1413,2SEG,1,LIDAR,-0.080981,0.0587,4.262157894736842,0.2935,2.277828947368421
M5825,0.001,5.5e-06,0.0,0.5,0.08,0.098289,0.1854,2SEG,1,LIDAR,-0.079289,0.014600000000000002,4.173105263157895,0.07300000000000001,2.1230526315789477
M5826,0.001,5.5e-06,0.25,-0.5,0.03,0.10174,0.1461,2SEG,1,LIDAR,-0.08274,0.0539,4.354736842105263,0.2695,2.3121184210526313
M5827,0.001,5.5e-06,0.25,-0.5,0.035,0.10134,0.1599,2SEG,1,LIDAR,-0.08234,0.040100000000000025,4.333684210526315,0.20050000000000012,2.2670921052631576
M5828,0.001,5.5e-06,0.25,-0.5,0.04,0.10098,0.1729,2SEG,1,LIDAR,-0.08198,0.027100000000000013,4.314736842105263,0.13550000000000006,2.2251184210526316
M5829,0.001,5.5e-06,0.25,-0.5,0.05,0.10036,0.1969,2SEG,1,LIDAR,-0.08136,0.0031000000000000194,4.282105263157895,0.015500000000000097,2.1488026315789477
M5830,0.001,5.5e-06,0.25,-0.5,0.08,0.098771,0.2586,2SEG,1,LIDAR,-0.079771,-0.058599999999999985,4.198473684210526,0.2929999999999999,2.2457368421052633
M5831,0.001,5.5e-06,0.25,-0.25,0.03,0.10173,0.1294,2SEG,1,LIDAR,-0.08273,0.07060000000000002,4.354210526315789,0.3530000000000001,2.3536052631578945
M5832,0.001,5.5e-06,0.25,-0.25,0.035,0.10133,0.1416,2SEG,1,LIDAR,-0.08233,0.05840000000000001,4.333157894736842,0.29200000000000004,2.312578947368421
M5833,0.001,5.5e-06,0.25,-0.25,0.04,0.10097,0.1531,2SEG,1,LIDAR,-0.08197,0.0469,4.314210526315789,0.2345,2.2743552631578945
M5834,0.001,5.5e-06,0.25,-0.25,0.05,0.10034,0.1743,2SEG,1,LIDAR,-0.08134,0.0257,4.281052631578947,0.1285,2.2047763157894735
M5835,0.001,5.5e-06,0.25,-0.25,0.08,0.098755,0.2289,2SEG,1,LIDAR,-0.07975499999999999,-0.02889999999999998,4.197631578947368,0.1444999999999999,2.171065789473684
M5836,0.001,5.5e-06,0.25,0.0,0.03,0.10172,0.1187,2SEG,1,LIDAR,-0.08272,0.08130000000000001,4.353684210526316,0.40650000000000003,2.380092105263158
M5837,0.001,5.5e-06,0.25,0.0,0.035,0.10132,0.1299,2SEG,1,LIDAR,-0.08231999999999999,0.07010000000000002,4.332631578947368,0.3505000000000001,2.3415657894736843
M5838,0.001,5.5e-06,0.25,0.0,0.04,0.10098,0.1404,2SEG,1,LIDAR,-0.08198,0.059600000000000014,4.314736842105263,0.29800000000000004,2.3063684210526314
M5839,0.001,5.5e-06,0.25,0.0,0.05,0.10034,0.1599,2SEG,1,LIDAR,-0.08134,0.040100000000000025,4.281052631578947,0.20050000000000012,2.2407763157894736
M5840,0.001,5.5e-06,0.25,0.0,0.08,0.098745,0.21,2SEG,1,LIDAR,-0.079745,-0.009999999999999981,4.197105263157894,0.049999999999999906,2.123552631578947
M5841,0.001,5.5e-06,0.25,0.25,0.03,0.10172,0.111,2SEG,1,LIDAR,-0.08272,0.08900000000000001,4.353684210526316,0.445,2.399342105263158
M5842,0.001,5.5e-06,0.25,0.25,0.035,0.10132,0.1215,2SEG,1,LIDAR,-0.08231999999999999,0.07850000000000001,4.332631578947368,0.39250000000000007,2.3625657894736842
M5843,0.001,5.5e-06,0.25,0.25,0.04,0.10098,0.1313,2SEG,1,LIDAR,-0.08198,0.06870000000000001,4.314736842105263,0.3435,2.3291184210526312
M5844,0.001,5.5e-06,0.25,0.25,0.05,0.10033,0.1496,2SEG,1,LIDAR,-0.08133,0.0504,4.280526315789474,0.252,2.2662631578947368
M5845,0.001,5.5e-06,0.25,0.25,0.08,0.098738,0.1964,2SEG,1,LIDAR,-0.079738,0.00360000000000002,4.196736842105263,0.0180000000000001,2.1073684210526316
M5846,0.001,5.5e-06,0.25,0.5,0.03,0.10171,0.1051,2SEG,1,LIDAR,-0.08270999999999999,0.09490000000000001,4.3531578947368414,0.47450000000000003,2.4138289473684207
M5847,0.001,5.5e-06,0.25,0.5,0.035,0.10131,0.115,2SEG,1,LIDAR,-0.08231,0.085,4.332105263157895,0.425,2.3785526315789474
M5848,0.001,5.5e-06,0.25,0.5,0.04,0.10097,0.1243,2SEG,1,LIDAR,-0.08197,0.07570000000000002,4.314210526315789,0.37850000000000006,2.3463552631578946
M5849,0.001,5.5e-06,0.25,0.5,0.05,0.10033,0.1416,2SEG,1,LIDAR,-0.08133,0.05840000000000001,4.280526315789474,0.29200000000000004,2.2862631578947368
M5850,0.001,5.5e-06,0.25,0.5,0.08,0.098732,0.1859,2SEG,1,LIDAR,-0.079732,0.014100000000000001,4.196421052631579,0.07050000000000001,2.1334605263157895
M5851,0.001,5.5e-06,0.5,-0.5,0.03,0.10194,0.1463,2SEG,1,LIDAR,-0.08294,0.0537,4.365263157894737,0.26849999999999996,2.3168815789473687
M5852,0.001,5.5e-06,0.5,-0.5,0.035,0.10156,0.1601,2SEG,1,LIDAR,-0.08256,0.03990000000000002,4.3452631578947365,0.1995000000000001,2.2723815789473685
M5853,0.001,5.5e-06,0.5,-0.5,0.04,0.10124,0.1731,2SEG,1,LIDAR,-0.08224,0.026900000000000007,4.328421052631579,0.13450000000000004,2.2314605263157894
M5854,0.001,5.5e-06,0.5,-0.5,0.05,0.10063,0.1972,2SEG,1,LIDAR,-0.08163,0.0028000000000000247,4.296315789473684,0.014000000000000123,2.155157894736842
M5855,0.001,5.5e-06,0.5,-0.5,0.08,0.099115,0.2591,2SEG,1,LIDAR,-0.08011499999999999,-0.059099999999999986,4.21657894736842,0.29549999999999993,2.25603947368421
M5856,0.001,5.5e-06,0.5,-0.25,0.03,0.10193,0.1295,2SEG,1,LIDAR,-0.08293,0.07050000000000001,4.3647368421052635,0.35250000000000004,2.3586184210526318
M5857,0.001,5.5e-06,0.5,-0.25,0.035,0.10155,0.1418,2SEG,1,LIDAR,-0.08255,0.0582,4.344736842105263,0.291,2.3178684210526317
M5858,0.001,5.5e-06,0.5,-0.25,0.04,0.10123,0.1533,2SEG,1,LIDAR,-0.08223,0.04670000000000002,4.327894736842105,0.2335000000000001,2.2806973684210528
M5859,0.001,5.5e-06,0.5,-0.25,0.05,0.10061,0.1746,2SEG,1,LIDAR,-0.08161,0.025400000000000006,4.295263157894737,0.12700000000000003,2.2111315789473682
M5860,0.001,5.5e-06,0.5,-0.25,0.08,0.099099,0.2294,2SEG,1,LIDAR,-0.080099,-0.02939999999999998,4.2157368421052634,0.1469999999999999,2.181368421052632
M5861,0.001,5.5e-06,0.5,0.0,0.03,0.10192,0.1188,2SEG,1,LIDAR,-0.08292,0.08120000000000001,4.364210526315789,0.406,2.3851052631578944
M5862,0.001,5.5e-06,0.5,0.0,0.035,0.10158,0.1301,2SEG,1,LIDAR,-0.08258,0.06990000000000002,4.346315789473684,0.3495000000000001,2.347907894736842
M5863,0.001,5.5e-06,0.5,0.0,0.04,0.10122,0.1406,2SEG,1,LIDAR,-0.08222,0.05940000000000001,4.327368421052632,0.29700000000000004,2.3121842105263157
M5864,0.001,5.5e-06,0.5,0.0,0.05,0.10061,0.1602,2SEG,1,LIDAR,-0.08161,0.0398,4.295263157894737,0.199,2.2471315789473683
M5865,0.001,5.5e-06,0.5,0.0,0.08,0.099092,0.2104,2SEG,1,LIDAR,-0.080092,-0.010399999999999993,4.215368421052632,0.05199999999999996,2.1336842105263156
M5866,0.001,5.5e-06,0.5,0.25,0.03,0.10192,0.1111,2SEG,1,LIDAR,-0.08292,0.0889,4.364210526315789,0.4445,2.4043552631578944
M5867,0.001,5.5e-06,0.5,0.25,0.035,0.10158,0.1216,2SEG,1,LIDAR,-0.08258,0.07840000000000001,4.346315789473684,0.392,2.3691578947368424
M5868,0.001,5.5e-06,0.5,0.25,0.04,0.10122,0.1315,2SEG,1,LIDAR,-0.08222,0.0685,4.327368421052632,0.3425,2.334934210526316
M5869,0.001,5.5e-06,0.5,0.25,0.05,0.1006,0.1498,2SEG,1,LIDAR,-0.08159999999999999,0.05020000000000002,4.294736842105263,0.2510000000000001,2.2728684210526318
M5870,0.001,5.5e-06,0.5,0.25,0.08,0.099085,0.1968,2SEG,1,LIDAR,-0.080085,0.0032000000000000084,4.215,0.016000000000000042,2.1155
M5871,0.001,5.5e-06,0.5,0.5,0.03,0.10192,0.1052,2SEG,1,LIDAR,-0.08292,0.09480000000000001,4.364210526315789,0.47400000000000003,2.4191052631578946
M5872,0.001,5.5e-06,0.5,0.5,0.035,0.10157,0.1152,2SEG,1,LIDAR,-0.08256999999999999,0.08480000000000001,4.34578947368421,0.42400000000000004,2.384894736842105
M5873,0.001,5.5e-06,0.5,0.5,0.04,0.10121,0.1245,2SEG,1,LIDAR,-0.08220999999999999,0.07550000000000001,4.326842105263157,0.37750000000000006,2.352171052631579
M5874,0.001,5.5e-06,0.5,0.5,0.05,0.1006,0.1418,2SEG,1,LIDAR,-0.08159999999999999,0.0582,4.294736842105263,0.291,2.2928684210526318
M5875,0.001,5.5e-06,0.5,0.5,0.08,0.09908,0.1863,2SEG,1,LIDAR,-0.08008,0.013700000000000018,4.214736842105263,0.06850000000000009,2.1416184210526317
M5876,0.001,1e-05,-0.5,-0.5,0.03,0.10124,0.1457,2SEG,1,LIDAR,-0.08224,0.054300000000000015,4.328421052631579,0.2715000000000001,2.2999605263157896
M5877,0.001,1e-05,-0.5,-0.5,0.035,0.10079,0.1594,2SEG,1,LIDAR,-0.08179,0.040600000000000025,4.304736842105263,0.20300000000000012,2.2538684210526316
M5878,0.001,1e-05,-0.5,-0.5,0.04,0.10036,0.1722,2SEG,1,LIDAR,-0.08136,0.02780000000000002,4.282105263157895,0.1390000000000001,2.2105526315789477
M5879,0.001,1e-05,-0.5,-0.5,0.05,0.099571,0.196,2SEG,1,LIDAR,-0.080571,0.0040000000000000036,4.240578947368421,0.020000000000000018,2.1302894736842104
M5880,0.001,1e-05,-0.5,-0.5,0.08,0.097172,0.2561,2SEG,1,LIDAR,-0.07817199999999999,-0.05609999999999998,4.114315789473684,0.2804999999999999,2.197407894736842
M5881,0.001,1e-05,-0.5,-0.25,0.03,0.10123,0.129,2SEG,1,LIDAR,-0.08223,0.07100000000000001,4.327894736842105,0.35500000000000004,2.341447368421053
M5882,0.001,1e-05,-0.5,-0.25,0.035,0.10077,0.1411,2SEG,1,LIDAR,-0.08177,0.05890000000000001,4.303684210526316,0.29450000000000004,2.299092105263158
M5883,0.001,1e-05,-0.5,-0.25,0.04,0.10034,0.1525,2SEG,1,LIDAR,-0.08134,0.047500000000000014,4.281052631578947,0.23750000000000007,2.2592763157894735
M5884,0.001,1e-05,-0.5,-0.25,0.05,0.09955,0.1735,2SEG,1,LIDAR,-0.08055,0.026500000000000024,4.239473684210526,0.13250000000000012,2.185986842105263
M5885,0.001,1e-05,-0.5,-0.25,0.08,0.097152,0.2267,2SEG,1,LIDAR,-0.078152,-0.0267,4.113263157894737,0.1335,2.1233815789473685
M5886,0.001,1e-05,-0.5,0.0,0.03,0.10122,0.1183,2SEG,1,LIDAR,-0.08222,0.08170000000000001,4.327368421052632,0.40850000000000003,2.367934210526316
M5887,0.001,1e-05,-0.5,0.0,0.035,0.10076,0.1294,2SEG,1,LIDAR,-0.08176,0.07060000000000002,4.3031578947368425,0.3530000000000001,2.328078947368421
M5888,0.001,1e-05,-0.5,0.0,0.04,0.10033,0.1399,2SEG,1,LIDAR,-0.08133,0.060100000000000015,4.280526315789474,0.30050000000000004,2.290513157894737
M5889,0.001,1e-05,-0.5,0.0,0.05,0.099537,0.1592,2SEG,1,LIDAR,-0.080537,0.0408,4.238789473684211,0.20400000000000001,2.221394736842105
M5890,0.001,1e-05,-0.5,0.0,0.08,0.097133,0.2079,2SEG,1,LIDAR,-0.078133,-0.00789999999999999,4.112263157894737,0.03949999999999995,2.0758815789473686
M5891,0.001,1e-05,-0.5,0.25,0.03,0.10121,0.1107,2SEG,1,LIDAR,-0.08220999999999999,0.0893,4.326842105263157,0.4465,2.386671052631579
M5892,0.001,1e-05,-0.5,0.25,0.035,0.10075,0.121,2SEG,1,LIDAR,-0.08175,0.07900000000000001,4.302631578947369,0.3950000000000001,2.3488157894736847
M5893,0.001,1e-05,-0.5,0.25,0.04,0.10032,0.1308,2SEG,1,LIDAR,-0.08132,0.06920000000000001,4.28,0.34600000000000003,2.313
M5894,0.001,1e-05,-0.5,0.25,0.05,0.099527,0.1488,2SEG,1,LIDAR,-0.080527,0.05120000000000002,4.238263157894737,0.2560000000000001,2.2471315789473687
M5895,0.001,1e-05,-0.5,0.25,0.08,0.097123,0.1944,2SEG,1,LIDAR,-0.078123,0.005600000000000022,4.111736842105263,0.028000000000000108,2.069868421052632
M5896,0.001,1e-05,-0.5,0.5,0.03,0.1012,0.1048,2SEG,1,LIDAR,-0.0822,0.0952,4.326315789473684,0.47600000000000003,2.401157894736842
M5897,0.001,1e-05,-0.5,0.5,0.035,0.10074,0.1146,2SEG,1,LIDAR,-0.08174,0.08540000000000002,4.302105263157895,0.42700000000000005,2.364552631578947
M5898,0.001,1e-05,-0.5,0.5,0.04,0.10031,0.1238,2SEG,1,LIDAR,-0.08131,0.07620000000000002,4.279473684210526,0.38100000000000006,2.330236842105263
M5899,0.001,1e-05,-0.5,0.5,0.05,0.099519,0.1409,2SEG,1,LIDAR,-0.080519,0.059100000000000014,4.237842105263158,0.29550000000000004,2.2666710526315788
M5900,0.001,1e-05,-0.5,0.5,0.08,0.097137,0.1841,2SEG,1,LIDAR,-0.078137,0.015899999999999997,4.112473684210526,0.07949999999999999,2.095986842105263
M5901,0.001,1e-05,-0.25,-0.5,0.03,0.1018,0.1462,2SEG,1,LIDAR,-0.0828,0.053800000000000014,4.3578947368421055,0.2690000000000001,2.313447368421053
M5902,0.001,1e-05,-0.25,-0.5,0.035,0.10139,0.16,2SEG,1,LIDAR,-0.08238999999999999,0.04000000000000001,4.336315789473684,0.20000000000000004,2.268157894736842
M5903,0.001,1e-05,-0.25,-0.5,0.04,0.10101,0.1729,2SEG,1,LIDAR,-0.08201,0.027100000000000013,4.316315789473684,0.13550000000000006,2.2259078947368423
M5904,0.001,1e-05,-0.25,-0.5,0.05,0.10031,0.1969,2SEG,1,LIDAR,-0.08131,0.0031000000000000194,4.279473684210526,0.015500000000000097,2.147486842105263
M5905,0.001,1e-05,-0.25,-0.5,0.08,0.098192,0.2577,2SEG,1,LIDAR,-0.079192,-0.057699999999999974,4.168,0.28849999999999987,2.22825
M5906,0.001,1e-05,-0.25,-0.25,0.03,0.10179,0.1294,2SEG,1,LIDAR,-0.08279,0.07060000000000002,4.357368421052632,0.3530000000000001,2.355184210526316
M5907,0.001,1e-05,-0.25,-0.25,0.035,0.10138,0.1416,2SEG,1,LIDAR,-0.08238,0.05840000000000001,4.33578947368421,0.29200000000000004,2.313894736842105
M5908,0.001,1e-05,-0.25,-0.25,0.04,0.10099,0.1531,2SEG,1,LIDAR,-0.08199,0.0469,4.315263157894736,0.2345,2.274881578947368
M5909,0.001,1e-05,-0.25,-0.25,0.05,0.10029,0.1743,2SEG,1,LIDAR,-0.08129,0.0257,4.278421052631579,0.1285,2.2034605263157894
M5910,0.001,1e-05,-0.25,-0.25,0.08,0.098179,0.2281,2SEG,1,LIDAR,-0.079179,-0.028099999999999986,4.167315789473684,0.14049999999999993,2.153907894736842
M5911,0.001,1e-05,-0.25,0.0,0.03,0.10178,0.1187,2SEG,1,LIDAR,-0.08277999999999999,0.08130000000000001,4.356842105263158,0.40650000000000003,2.381671052631579
M5912,0.001,1e-05,-0.25,0.0,0.035,0.10137,0.1299,2SEG,1,LIDAR,-0.08237,0.07010000000000002,4.335263157894737,0.3505000000000001,2.3428815789473685
M5913,0.001,1e-05,-0.25,0.0,0.04,0.10098,0.1404,2SEG,1,LIDAR,-0.08198,0.059600000000000014,4.314736842105263,0.29800000000000004,2.3063684210526314
M5914,0.001,1e-05,-0.25,0.0,0.05,0.10028,0.1599,2SEG,1,LIDAR,-0.08127999999999999,0.040100000000000025,4.2778947368421045,0.20050000000000012,2.239197368421052
M5915,0.001,1e-05,-0.25,0.0,0.08,0.098159,0.2092,2SEG,1,LIDAR,-0.079159,-0.009199999999999986,4.166263157894736,0.04599999999999993,2.1061315789473682
M5916,0.001,1e-05,-0.25,0.25,0.03,0.10177,0.111,2SEG,1,LIDAR,-0.08277,0.08900000000000001,4.356315789473684,0.445,2.400657894736842
M5917,0.001,1e-05,-0.25,0.25,0.035,0.10136,0.1215,2SEG,1,LIDAR,-0.08236,0.07850000000000001,4.334736842105263,0.39250000000000007,2.3636184210526316
M5918,0.001,1e-05,-0.25,0.25,0.04,0.10097,0.1313,2SEG,1,LIDAR,-0.08197,0.06870000000000001,4.314210526315789,0.3435,2.3288552631578945
M5919,0.001,1e-05,-0.25,0.25,0.05,0.10027,0.1495,2SEG,1,LIDAR,-0.08127,0.05050000000000002,4.277368421052631,0.25250000000000006,2.2649342105263157
M5920,0.001,1e-05,-0.25,0.25,0.08,0.098149,0.1957,2SEG,1,LIDAR,-0.079149,0.004299999999999998,4.165736842105263,0.02149999999999999,2.093618421052631
M5921,0.001,1e-05,-0.25,0.5,0.03,0.10176,0.1051,2SEG,1,LIDAR,-0.08276,0.09490000000000001,4.355789473684211,0.47450000000000003,2.4151447368421053
M5922,0.001,1e-05,-0.25,0.5,0.035,0.10135,0.115,2SEG,1,LIDAR,-0.08234999999999999,0.085,4.334210526315789,0.425,2.3796052631578943
M5923,0.001,1e-05,-0.25,0.5,0.04,0.10097,0.1243,2SEG,1,LIDAR,-0.08197,0.07570000000000002,4.314210526315789,0.37850000000000006,2.3463552631578946
M5924,0.001,1e-05,-0.25,0.5,0.05,0.10026,0.1415,2SEG,1,LIDAR,-0.08126,0.058500000000000024,4.276842105263158,0.2925000000000001,2.284671052631579
M5925,0.001,1e-05,-0.25,0.5,0.08,0.098142,0.1853,2SEG,1,LIDAR,-0.07914199999999999,0.014700000000000019,4.165368421052631,0.07350000000000009,2.1194342105263155
M5926,0.001,1e-05,0.0,-0.5,0.03,0.10216,0.1465,2SEG,1,LIDAR,-0.08316,0.05350000000000002,4.376842105263158,0.26750000000000007,2.322171052631579
M5927,0.001,1e-05,0.0,-0.5,0.035,0.10179,0.1603,2SEG,1,LIDAR,-0.08279,0.03970000000000001,4.357368421052632,0.19850000000000007,2.277934210526316
M5928,0.001,1e-05,0.0,-0.5,0.04,0.10143,0.1733,2SEG,1,LIDAR,-0.08243,0.0267,4.338421052631579,0.1335,2.2359605263157896
M5929,0.001,1e-05,0.0,-0.5,0.05,0.10079,0.1974,2SEG,1,LIDAR,-0.08179,0.002600000000000019,4.304736842105263,0.013000000000000095,2.1588684210526314
M5930,0.001,1e-05,0.0,-0.5,0.08,0.098857,0.2587,2SEG,1,LIDAR,-0.079857,-0.058699999999999974,4.203,0.29349999999999987,2.24825
M5931,0.001,1e-05,0.0,-0.25,0.03,0.10215,0.1297,2SEG,1,LIDAR,-0.08315,0.0703,4.376315789473685,0.3515,2.363907894736842
M5932,0.001,1e-05,0.0,-0.25,0.035,0.10177,0.1419,2SEG,1,LIDAR,-0.08277,0.05810000000000001,4.356315789473684,0.29050000000000004,2.323407894736842
M5933,0.001,1e-05,0.0,-0.25,0.04,0.10142,0.1535,2SEG,1,LIDAR,-0.08242,0.046500000000000014,4.337894736842105,0.23250000000000007,2.2851973684210525
M5934,0.001,1e-05,0.0,-0.25,0.05,0.10077,0.1748,2SEG,1,LIDAR,-0.08177,0.0252,4.303684210526316,0.126,2.214842105263158
M5935,0.001,1e-05,0.0,-0.25,0.08,0.098836,0.229,2SEG,1,LIDAR,-0.07983599999999999,-0.028999999999999998,4.201894736842105,0.145,2.1734473684210522
M5936,0.001,1e-05,0.0,0.0,0.03,0.10214,0.119,2SEG,1,LIDAR,-0.08313999999999999,0.08100000000000002,4.37578947368421,0.4050000000000001,2.3903947368421052
M5937,0.001,1e-05,0.0,0.0,0.035,0.10176,0.1302,2SEG,1,LIDAR,-0.08276,0.0698,4.355789473684211,0.349,2.3523947368421054
M5938,0.001,1e-05,0.0,0.0,0.04,0.1014,0.1408,2SEG,1,LIDAR,-0.0824,0.0592,4.336842105263158,0.296,2.316421052631579
M5939,0.001,1e-05,0.0,0.0,0.05,0.10075,0.1603,2SEG,1,LIDAR,-0.08175,0.03970000000000001,4.302631578947369,0.19850000000000007,2.2505657894736846
M5940,0.001,1e-05,0.0,0.0,0.08,0.098844,0.2101,2SEG,1,LIDAR,-0.079844,-0.010099999999999998,4.202315789473684,0.05049999999999999,2.1264078947368423
M5941,0.001,1e-05,0.0,0.25,0.03,0.10213,0.1113,2SEG,1,LIDAR,-0.08313,0.08870000000000001,4.375263157894737,0.44350000000000006,2.4093815789473685
M5942,0.001,1e-05,0.0,0.25,0.035,0.10175,0.1218,2SEG,1,LIDAR,-0.08274999999999999,0.0782,4.355263157894736,0.391,2.373131578947368
M5943,0.001,1e-05,0.0,0.25,0.04,0.1014,0.1316,2SEG,1,LIDAR,-0.0824,0.06840000000000002,4.336842105263158,0.3420000000000001,2.339421052631579
M5944,0.001,1e-05,0.0,0.25,0.05,0.10074,0.1499,2SEG,1,LIDAR,-0.08174,0.050100000000000006,4.302105263157895,0.2505,2.276302631578947
M5945,0.001,1e-05,0.0,0.25,0.08,0.099086,0.1968,2SEG,1,LIDAR,-0.08008599999999999,0.0032000000000000084,4.215052631578947,0.016000000000000042,2.1155263157894737
M5946,0.001,1e-05,0.0,0.5,0.03,0.10212,0.1053,2SEG,1,LIDAR,-0.08312,0.0947,4.374736842105263,0.47350000000000003,2.424118421052632
M5947,0.001,1e-05,0.0,0.5,0.035,0.10175,0.1153,2SEG,1,LIDAR,-0.08274999999999999,0.08470000000000001,4.355263157894736,0.42350000000000004,2.389381578947368
M5948,0.001,1e-05,0.0,0.5,0.04,0.10139,0.1246,2SEG,1,LIDAR,-0.08238999999999999,0.07540000000000001,4.336315789473684,0.377,2.3566578947368417
M5949,0.001,1e-05,0.0,0.5,0.05,0.10074,0.1419,2SEG,1,LIDAR,-0.08174,0.05810000000000001,4.302105263157895,0.29050000000000004,2.296302631578947
M5950,0.001,1e-05,0.0,0.5,0.08,0.099076,0.1863,2SEG,1,LIDAR,-0.080076,0.013700000000000018,4.214526315789474,0.06850000000000009,2.141513157894737
M5951,0.001,1e-05,0.25,-0.5,0.03,0.10242,0.1467,2SEG,1,LIDAR,-0.08342,0.053300000000000014,4.390526315789473,0.26650000000000007,2.3285131578947365
M5952,0.001,1e-05,0.25,-0.5,0.035,0.10207,0.1606,2SEG,1,LIDAR,-0.08306999999999999,0.03940000000000002,4.372105263157894,0.1970000000000001,2.284552631578947
M5953,0.001,1e-05,0.25,-0.5,0.04,0.10174,0.1736,2SEG,1,LIDAR,-0.08274,0.026400000000000007,4.354736842105263,0.13200000000000003,2.2433684210526312
M5954,0.001,1e-05,0.25,-0.5,0.05,0.10113,0.1978,2SEG,1,LIDAR,-0.08213,0.0022000000000000075,4.322631578947369,0.011000000000000038,2.1668157894736844
M5955,0.001,1e-05,0.25,-0.5,0.08,0.099353,0.2595,2SEG,1,LIDAR,-0.080353,-0.0595,4.229105263157894,0.2975,2.2633026315789473
M5956,0.001,1e-05,0.25,-0.25,0.03,0.10242,0.1299,2SEG,1,LIDAR,-0.08342,0.07010000000000002,4.390526315789473,0.3505000000000001,2.3705131578947367
M5957,0.001,1e-05,0.25,-0.25,0.035,0.10205,0.1422,2SEG,1,LIDAR,-0.08305,0.05780000000000002,4.371052631578947,0.2890000000000001,2.3300263157894734
M5958,0.001,1e-05,0.25,-0.25,0.04,0.10172,0.1537,2SEG,1,LIDAR,-0.08272,0.04630000000000001,4.353684210526316,0.23150000000000004,2.292592105263158
M5959,0.001,1e-05,0.25,-0.25,0.05,0.10111,0.1751,2SEG,1,LIDAR,-0.08211,0.024900000000000005,4.321578947368422,0.12450000000000003,2.223039473684211
M5960,0.001,1e-05,0.25,-0.25,0.08,0.099557,0.2301,2SEG,1,LIDAR,-0.080557,-0.030099999999999988,4.2398421052631585,0.15049999999999994,2.1951710526315793
M5961,0.001,1e-05,0.25,0.0,0.03,0.10241,0.1191,2SEG,1,LIDAR,-0.08341,0.08090000000000001,4.39,0.4045,2.3972499999999997
M5962,0.001,1e-05,0.25,0.0,0.035,0.10204,0.1304,2SEG,1,LIDAR,-0.08304,0.06960000000000002,4.370526315789474,0.3480000000000001,2.3592631578947367
M5963,0.001,1e-05,0.25,0.0,0.04,0.10171,0.141,2SEG,1,LIDAR,-0.08270999999999999,0.059000000000000025,4.3531578947368414,0.2950000000000001,2.3240789473684207
M5964,0.001,1e-05,0.25,0.0,0.05,0.1011,0.1606,2SEG,1,LIDAR,-0.08209999999999999,0.03940000000000002,4.321052631578947,0.1970000000000001,2.2590263157894737
M5965,0.001,1e-05,0.25,0.0,0.08,0.099548,0.211,2SEG,1,LIDAR,-0.080548,-0.010999999999999982,4.239368421052632,0.05499999999999991,2.1471842105263157
M5966,0.001,1e-05,0.25,0.25,0.03,0.1024,0.1114,2SEG,1,LIDAR,-0.0834,0.08860000000000001,4.389473684210526,0.44300000000000006,2.4162368421052633
M5967,0.001,1e-05,0.25,0.25,0.035,0.10204,0.122,2SEG,1,LIDAR,-0.08304,0.07800000000000001,4.370526315789474,0.39000000000000007,2.3802631578947366
M5968,0.001,1e-05,0.25,0.25,0.04,0.1017,0.1319,2SEG,1,LIDAR,-0.0827,0.06810000000000002,4.352631578947368,0.3405000000000001,2.346565789473684
M5969,0.001,1e-05,0.25,0.25,0.05,0.10109,0.1502,2SEG,1,LIDAR,-0.08209,0.04980000000000001,4.320526315789474,0.24900000000000005,2.2847631578947367
M5970,0.001,1e-05,0.25,0.25,0.08,0.099527,0.1973,2SEG,1,LIDAR,-0.080527,0.002700000000000008,4.238263157894737,0.01350000000000004,2.1258815789473684
M5971,0.001,1e-05,0.25,0.5,0.03,0.10245,0.1055,2SEG,1,LIDAR,-0.08345,0.09450000000000001,4.3921052631578945,0.47250000000000003,2.4323026315789473
M5972,0.001,1e-05,0.25,0.5,0.035,0.10203,0.1155,2SEG,1,LIDAR,-0.08302999999999999,0.0845,4.37,0.4225,2.39625
M5973,0.001,1e-05,0.25,0.5,0.04,0.1017,0.1249,2SEG,1,LIDAR,-0.0827,0.07510000000000001,4.352631578947368,0.37550000000000006,2.364065789473684
M5974,0.001,1e-05,0.25,0.5,0.05,0.10108,0.1422,2SEG,1,LIDAR,-0.08208,0.05780000000000002,4.32,0.2890000000000001,2.3045
M5975,0.001,1e-05,0.25,0.5,0.08,0.099517,0.1868,2SEG,1,LIDAR,-0.08051699999999999,0.013200000000000017,4.237736842105263,0.06600000000000009,2.1518684210526313
M5976,0.001,1e-05,0.5,-0.5,0.03,0.10263,0.1469,2SEG,1,LIDAR,-0.08363,0.05310000000000001,4.401578947368421,0.2655,2.3335394736842106
M5977,0.001,1e-05,0.5,-0.5,0.035,0.10229,0.1608,2SEG,1,LIDAR,-0.08329,0.03920000000000001,4.383684210526316,0.19600000000000006,2.289842105263158
M5978,0.001,1e-05,0.5,-0.5,0.04,0.10198,0.1739,2SEG,1,LIDAR,-0.08298,0.026100000000000012,4.367368421052632,0.13050000000000006,2.2489342105263157
M5979,0.001,1e-05,0.5,-0.5,0.05,0.1014,0.1981,2SEG,1,LIDAR,-0.0824,0.0019000000000000128,4.336842105263158,0.009500000000000064,2.173171052631579
M5980,0.001,1e-05,0.5,-0.5,0.08,0.099717,0.2601,2SEG,1,LIDAR,-0.080717,-0.06009999999999999,4.248263157894737,0.30049999999999993,2.2743815789473683
M5981,0.001,1e-05,0.5,-0.25,0.03,0.10267,0.1301,2SEG,1,LIDAR,-0.08367,0.06990000000000002,4.403684210526316,0.3495000000000001,2.376592105263158
M5982,0.001,1e-05,0.5,-0.25,0.035,0.10227,0.1424,2SEG,1,LIDAR,-0.08327,0.05760000000000001,4.382631578947368,0.28800000000000003,2.3353157894736842
M5983,0.001,1e-05,0.5,-0.25,0.04,0.10196,0.154,2SEG,1,LIDAR,-0.08295999999999999,0.04600000000000001,4.366315789473684,0.23000000000000007,2.298157894736842
M5984,0.001,1e-05,0.5,-0.25,0.05,0.10138,0.1754,2SEG,1,LIDAR,-0.08238,0.02460000000000001,4.33578947368421,0.12300000000000005,2.229394736842105
M5985,0.001,1e-05,0.5,-0.25,0.08,0.099907,0.2305,2SEG,1,LIDAR,-0.08090699999999999,-0.0305,4.258263157894737,0.1525,2.2053815789473683
M5986,0.001,1e-05,0.5,0.0,0.03,0.10266,0.1193,2SEG,1,LIDAR,-0.08366,0.08070000000000001,4.403157894736842,0.4035,2.403328947368421
M5987,0.001,1e-05,0.5,0.0,0.035,0.10226,0.1306,2SEG,1,LIDAR,-0.08326,0.06940000000000002,4.382105263157895,0.3470000000000001,2.3645526315789476
M5988,0.001,1e-05,0.5,0.0,0.04,0.10195,0.1412,2SEG,1,LIDAR,-0.08295,0.05880000000000002,4.36578947368421,0.2940000000000001,2.3298947368421055
M5989,0.001,1e-05,0.5,0.0,0.05,0.10137,0.1609,2SEG,1,LIDAR,-0.08237,0.039100000000000024,4.335263157894737,0.19550000000000012,2.2653815789473684
M5990,0.001,1e-05,0.5,0.0,0.08,0.099889,0.2115,2SEG,1,LIDAR,-0.080889,-0.011499999999999982,4.257315789473685,0.05749999999999991,2.1574078947368425
M5991,0.001,1e-05,0.5,0.25,0.03,0.10265,0.1116,2SEG,1,LIDAR,-0.08365,0.0884,4.402631578947369,0.442,2.4223157894736844
M5992,0.001,1e-05,0.5,0.25,0.035,0.10226,0.1221,2SEG,1,LIDAR,-0.08326,0.07790000000000001,4.382105263157895,0.3895,2.3858026315789473
M5993,0.001,1e-05,0.5,0.25,0.04,0.10194,0.1321,2SEG,1,LIDAR,-0.08294,0.06790000000000002,4.365263157894737,0.3395000000000001,2.3523815789473685
M5994,0.001,1e-05,0.5,0.25,0.05,0.10136,0.1505,2SEG,1,LIDAR,-0.08236,0.049500000000000016,4.334736842105263,0.24750000000000008,2.291118421052632
M5995,0.001,1e-05,0.5,0.25,0.08,0.099876,0.1977,2SEG,1,LIDAR,-0.080876,0.0023000000000000242,4.256631578947369,0.011500000000000121,2.1340657894736843
M5996,0.001,1e-05,0.5,0.5,0.03,0.10265,0.1057,2SEG,1,LIDAR,-0.08365,0.09430000000000001,4.402631578947369,0.47150000000000003,2.4370657894736842
M5997,0.001,1e-05,0.5,0.5,0.035,0.10225,0.1156,2SEG,1,LIDAR,-0.08324999999999999,0.08440000000000002,4.38157894736842,0.42200000000000004,2.40178947368421
M5998,0.001,1e-05,0.5,0.5,0.04,0.10193,0.125,2SEG,1,LIDAR,-0.08293,0.07500000000000001,4.3647368421052635,0.37500000000000006,2.3698684210526317
M5999,0.001,1e-05,0.5,0.5,0.05,0.10135,0.1425,2SEG,1,LIDAR,-0.08234999999999999,0.05750000000000002,4.334210526315789,0.2875000000000001,2.3108552631578947
M6000,0.001,1e-05,0.5,0.5,0.08,0.099867,0.1872,2SEG,1,LIDAR,-0.080867,0.012800000000000006,4.256157894736842,0.06400000000000003,2.160078947368421
M6001,0.001,5.5e-05,-0.5,-0.5,0.03,0.10788,0.1513,2SEG,1,LIDAR,-0.08888,0.04870000000000002,4.677894736842106,0.2435000000000001,2.460697368421053
M6002,0.001,5.5e-05,-0.5,-0.5,0.035,0.10742,0.1655,2SEG,1,LIDAR,-0.08842,0.0345,4.653684210526316,0.17250000000000001,2.413092105263158
M6003,0.001,5.5e-05,-0.5,-0.5,0.04,0.10698,0.1789,2SEG,1,LIDAR,-0.08798,0.021100000000000008,4.630526315789474,0.10550000000000004,2.368013157894737
M6004,0.001,5.5e-05,-0.5,-0.5,0.05,0.10616,0.2036,2SEG,1,LIDAR,-0.08716,-0.003599999999999992,4.5873684210526315,0.01799999999999996,2.3026842105263157
M6005,0.001,5.5e-05,-0.5,-0.5,0.08,0.10399,0.2666,2SEG,1,LIDAR,-0.08499,-0.06659999999999999,4.473157894736842,0.33299999999999996,2.4030789473684213
M6006,0.001,5.5e-05,-0.5,-0.25,0.03,0.10784,0.1339,2SEG,1,LIDAR,-0.08884,0.06610000000000002,4.675789473684211,0.33050000000000007,2.5031447368421054
M6007,0.001,5.5e-05,-0.5,-0.25,0.035,0.10741,0.1466,2SEG,1,LIDAR,-0.08841,0.0534,4.653157894736842,0.267,2.4600789473684213
M6008,0.001,5.5e-05,-0.5,-0.25,0.04,0.10695,0.1584,2SEG,1,LIDAR,-0.08795,0.0416,4.628947368421053,0.208,2.4184736842105266
M6009,0.001,5.5e-05,-0.5,-0.25,0.05,0.10613,0.1802,2SEG,1,LIDAR,-0.08713,0.019800000000000012,4.58578947368421,0.09900000000000006,2.342394736842105
M6010,0.001,5.5e-05,-0.5,-0.25,0.08,0.10403,0.2361,2SEG,1,LIDAR,-0.08503,-0.03609999999999999,4.475263157894736,0.18049999999999997,2.3278815789473684
M6011,0.001,5.5e-05,-0.5,0.0,0.03,0.10801,0.123,2SEG,1,LIDAR,-0.08900999999999999,0.07700000000000001,4.684736842105263,0.38500000000000006,2.5348684210526313
M6012,0.001,5.5e-05,-0.5,0.0,0.035,0.10738,0.1344,2SEG,1,LIDAR,-0.08838,0.06560000000000002,4.651578947368421,0.32800000000000007,2.4897894736842106
M6013,0.001,5.5e-05,-0.5,0.0,0.04,0.10697,0.1453,2SEG,1,LIDAR,-0.08796999999999999,0.0547,4.63,0.27349999999999997,2.45175
M6014,0.001,5.5e-05,-0.5,0.0,0.05,0.10613,0.1653,2SEG,1,LIDAR,-0.08713,0.03470000000000001,4.58578947368421,0.17350000000000004,2.379644736842105
M6015,0.001,5.5e-05,-0.5,0.0,0.08,0.10404,0.2166,2SEG,1,LIDAR,-0.08503999999999999,-0.016599999999999976,4.47578947368421,0.08299999999999988,2.279394736842105
M6016,0.001,5.5e-05,-0.5,0.25,0.03,0.10798,0.115,2SEG,1,LIDAR,-0.08898,0.085,4.683157894736842,0.425,2.554078947368421
M6017,0.001,5.5e-05,-0.5,0.25,0.035,0.10736,0.1257,2SEG,1,LIDAR,-0.08836,0.0743,4.650526315789474,0.3715,2.511013157894737
M6018,0.001,5.5e-05,-0.5,0.25,0.04,0.10694,0.1359,2SEG,1,LIDAR,-0.08793999999999999,0.06410000000000002,4.6284210526315785,0.32050000000000006,2.4744605263157893
M6019,0.001,5.5e-05,-0.5,0.25,0.05,0.10612,0.1546,2SEG,1,LIDAR,-0.08712,0.045400000000000024,4.585263157894737,0.22700000000000012,2.4061315789473685
M6020,0.001,5.5e-05,-0.5,0.25,0.08,0.10405,0.2026,2SEG,1,LIDAR,-0.08505,-0.002599999999999991,4.476315789473684,0.012999999999999956,2.244657894736842
M6021,0.001,5.5e-05,-0.5,0.5,0.03,0.10796,0.1089,2SEG,1,LIDAR,-0.08896,0.09110000000000001,4.6821052631578945,0.45550000000000007,2.568802631578947
M6022,0.001,5.5e-05,-0.5,0.5,0.035,0.10756,0.1191,2SEG,1,LIDAR,-0.08856,0.08090000000000001,4.661052631578947,0.4045,2.5327763157894734
M6023,0.001,5.5e-05,-0.5,0.5,0.04,0.10693,0.1286,2SEG,1,LIDAR,-0.08793,0.07140000000000002,4.627894736842105,0.3570000000000001,2.4924473684210526
M6024,0.001,5.5e-05,-0.5,0.5,0.05,0.10611,0.1464,2SEG,1,LIDAR,-0.08710999999999999,0.05360000000000001,4.584736842105263,0.268,2.4263684210526315
M6025,0.001,5.5e-05,-0.5,0.5,0.08,0.10404,0.1918,2SEG,1,LIDAR,-0.08503999999999999,0.008200000000000013,4.47578947368421,0.041000000000000064,2.258394736842105
M6026,0.001,5.5e-05,-0.25,-0.5,0.03,0.10863,0.1519,2SEG,1,LIDAR,-0.08963,0.048100000000000004,4.717368421052631,0.24050000000000002,2.4789342105263157
M6027,0.001,5.5e-05,-0.25,-0.5,0.035,0.10805,0.1661,2SEG,1,LIDAR,-0.08904999999999999,0.03390000000000001,4.686842105263158,0.16950000000000007,2.428171052631579
M6028,0.001,5.5e-05,-0.25,-0.5,0.04,0.10766,0.1796,2SEG,1,LIDAR,-0.08866,0.0204,4.666315789473685,0.10200000000000001,2.3841578947368425
M6029,0.001,5.5e-05,-0.25,-0.5,0.05,0.10691,0.2045,2SEG,1,LIDAR,-0.08791,-0.004499999999999976,4.626842105263158,0.02249999999999988,2.324671052631579
M6030,0.001,5.5e-05,-0.25,-0.5,0.08,0.10502,0.2682,2SEG,1,LIDAR,-0.08602,-0.06819999999999998,4.527368421052632,0.3409999999999999,2.434184210526316
M6031,0.001,5.5e-05,-0.25,-0.25,0.03,0.10857,0.1345,2SEG,1,LIDAR,-0.08957,0.0655,4.71421052631579,0.3275,2.5208552631578947
M6032,0.001,5.5e-05,-0.25,-0.25,0.035,0.10822,0.1472,2SEG,1,LIDAR,-0.08922,0.052800000000000014,4.6957894736842105,0.26400000000000007,2.4798947368421054
M6033,0.001,5.5e-05,-0.25,-0.25,0.04,0.10765,0.159,2SEG,1,LIDAR,-0.08864999999999999,0.04100000000000001,4.66578947368421,0.20500000000000004,2.435394736842105
M6034,0.001,5.5e-05,-0.25,-0.25,0.05,0.10691,0.181,2SEG,1,LIDAR,-0.08791,0.019000000000000017,4.626842105263158,0.09500000000000008,2.360921052631579
M6035,0.001,5.5e-05,-0.25,-0.25,0.08,0.10503,0.2375,2SEG,1,LIDAR,-0.08603,-0.03749999999999998,4.527894736842105,0.1874999999999999,2.3576973684210527
M6036,0.001,5.5e-05,-0.25,0.0,0.03,0.10853,0.1233,2SEG,1,LIDAR,-0.08953,0.0767,4.712105263157895,0.3835,2.5478026315789473
M6037,0.001,5.5e-05,-0.25,0.0,0.035,0.10818,0.135,2SEG,1,LIDAR,-0.08918,0.065,4.693684210526316,0.325,2.509342105263158
M6038,0.001,5.5e-05,-0.25,0.0,0.04,0.10762,0.1458,2SEG,1,LIDAR,-0.08861999999999999,0.0542,4.664210526315789,0.27099999999999996,2.4676052631578944
M6039,0.001,5.5e-05,-0.25,0.0,0.05,0.10689,0.166,2SEG,1,LIDAR,-0.08789,0.034,4.62578947368421,0.17,2.397894736842105
M6040,0.001,5.5e-05,-0.25,0.0,0.08,0.10504,0.2179,2SEG,1,LIDAR,-0.08603999999999999,-0.0179,4.528421052631579,0.0895,2.3089605263157895
M6041,0.001,5.5e-05,-0.25,0.25,0.03,0.1085,0.1153,2SEG,1,LIDAR,-0.0895,0.08470000000000001,4.7105263157894735,0.42350000000000004,2.5670131578947366
M6042,0.001,5.5e-05,-0.25,0.25,0.035,0.10815,0.1263,2SEG,1,LIDAR,-0.08915,0.07370000000000002,4.692105263157894,0.36850000000000005,2.530302631578947
M6043,0.001,5.5e-05,-0.25,0.25,0.04,0.1076,0.1364,2SEG,1,LIDAR,-0.0886,0.06360000000000002,4.663157894736842,0.31800000000000006,2.4905789473684212
M6044,0.001,5.5e-05,-0.25,0.25,0.05,0.10687,0.1553,2SEG,1,LIDAR,-0.08787,0.04470000000000002,4.624736842105263,0.2235000000000001,2.424118421052632
M6045,0.001,5.5e-05,-0.25,0.25,0.08,0.10504,0.2037,2SEG,1,LIDAR,-0.08603999999999999,-0.003699999999999981,4.528421052631579,0.018499999999999905,2.273460526315789
M6046,0.001,5.5e-05,-0.25,0.5,0.03,0.10848,0.1092,2SEG,1,LIDAR,-0.08947999999999999,0.0908,4.709473684210526,0.454,2.5817368421052627
M6047,0.001,5.5e-05,-0.25,0.5,0.035,0.10813,0.1195,2SEG,1,LIDAR,-0.08913,0.08050000000000002,4.691052631578947,0.4025000000000001,2.5467763157894736
M6048,0.001,5.5e-05,-0.25,0.5,0.04,0.10758,0.1291,2SEG,1,LIDAR,-0.08857999999999999,0.07090000000000002,4.662105263157894,0.3545000000000001,2.508302631578947
M6049,0.001,5.5e-05,-0.25,0.5,0.05,0.1069,0.147,2SEG,1,LIDAR,-0.08789999999999999,0.05300000000000002,4.626315789473684,0.26500000000000007,2.4456578947368417
M6050,0.001,5.5e-05,-0.25,0.5,0.08,0.10503,0.1929,2SEG,1,LIDAR,-0.08603,0.007100000000000023,4.527894736842105,0.035500000000000115,2.2816973684210526
M6051,0.001,5.5e-05,0.0,-0.5,0.03,0.10896,0.1522,2SEG,1,LIDAR,-0.08996,0.04780000000000001,4.734736842105264,0.23900000000000005,2.4868684210526317
M6052,0.001,5.5e-05,0.0,-0.5,0.035,0.10846,0.1665,2SEG,1,LIDAR,-0.08946,0.0335,4.708421052631579,0.1675,2.4379605263157895
M6053,0.001,5.5e-05,0.0,-0.5,0.04,0.10809,0.18,2SEG,1,LIDAR,-0.08909,0.020000000000000018,4.6889473684210525,0.10000000000000009,2.394473684210526
M6054,0.001,5.5e-05,0.0,-0.5,0.05,0.1074,0.205,2SEG,1,LIDAR,-0.08839999999999999,-0.004999999999999977,4.652631578947368,0.024999999999999883,2.3388157894736836
M6055,0.001,5.5e-05,0.0,-0.5,0.08,0.10565,0.2692,2SEG,1,LIDAR,-0.08664999999999999,-0.06919999999999998,4.560526315789473,0.3459999999999999,2.4532631578947366
M6056,0.001,5.5e-05,0.0,-0.25,0.03,0.10891,0.1347,2SEG,1,LIDAR,-0.08991,0.06530000000000002,4.732105263157895,0.3265000000000001,2.5293026315789477
M6057,0.001,5.5e-05,0.0,-0.25,0.035,0.10859,0.1475,2SEG,1,LIDAR,-0.08959,0.05250000000000002,4.7152631578947375,0.26250000000000007,2.488881578947369
M6058,0.001,5.5e-05,0.0,-0.25,0.04,0.10807,0.1594,2SEG,1,LIDAR,-0.08907,0.040600000000000025,4.687894736842106,0.20300000000000012,2.445447368421053
M6059,0.001,5.5e-05,0.0,-0.25,0.05,0.10742,0.1816,2SEG,1,LIDAR,-0.08842,0.0184,4.653684210526316,0.092,2.3728421052631576
M6060,0.001,5.5e-05,0.0,-0.25,0.08,0.10568,0.2384,2SEG,1,LIDAR,-0.08668,-0.03839999999999999,4.562105263157894,0.19199999999999995,2.3770526315789473
M6061,0.001,5.5e-05,0.0,0.0,0.03,0.10887,0.1236,2SEG,1,LIDAR,-0.08986999999999999,0.07640000000000001,4.7299999999999995,0.382,2.5559999999999996
M6062,0.001,5.5e-05,0.0,0.0,0.035,0.10855,0.1353,2SEG,1,LIDAR,-0.08954999999999999,0.06470000000000001,4.713157894736842,0.3235,2.518328947368421
M6063,0.001,5.5e-05,0.0,0.0,0.04,0.10825,0.1463,2SEG,1,LIDAR,-0.08925,0.0537,4.697368421052632,0.26849999999999996,2.4829342105263157
M6064,0.001,5.5e-05,0.0,0.0,0.05,0.10739,0.1665,2SEG,1,LIDAR,-0.08839,0.0335,4.652105263157894,0.1675,2.4098026315789474
M6065,0.001,5.5e-05,0.0,0.0,0.08,0.10568,0.2187,2SEG,1,LIDAR,-0.08668,-0.018699999999999994,4.562105263157894,0.09349999999999997,2.327802631578947
M6066,0.001,5.5e-05,0.0,0.25,0.03,0.10884,0.1155,2SEG,1,LIDAR,-0.08984,0.0845,4.728421052631579,0.4225,2.5754605263157897
M6067,0.001,5.5e-05,0.0,0.25,0.035,0.10852,0.1265,2SEG,1,LIDAR,-0.08952,0.07350000000000001,4.711578947368421,0.36750000000000005,2.5395394736842105
M6068,0.001,5.5e-05,0.0,0.25,0.04,0.10821,0.1368,2SEG,1,LIDAR,-0.08921,0.0632,4.695263157894737,0.316,2.5056315789473684
M6069,0.001,5.5e-05,0.0,0.25,0.05,0.1074,0.1557,2SEG,1,LIDAR,-0.08839999999999999,0.044300000000000006,4.652631578947368,0.22150000000000003,2.437065789473684
M6070,0.001,5.5e-05,0.0,0.25,0.08,0.10567,0.2045,2SEG,1,LIDAR,-0.08667,-0.004499999999999976,4.561578947368421,0.02249999999999988,2.2920394736842105
M6071,0.001,5.5e-05,0.0,0.5,0.03,0.10882,0.1094,2SEG,1,LIDAR,-0.08982,0.09060000000000001,4.727368421052631,0.45300000000000007,2.5901842105263158
M6072,0.001,5.5e-05,0.0,0.5,0.035,0.10849,0.1198,2SEG,1,LIDAR,-0.08949,0.08020000000000001,4.71,0.401,2.5555
M6073,0.001,5.5e-05,0.0,0.5,0.04,0.10819,0.1295,2SEG,1,LIDAR,-0.08918999999999999,0.07050000000000001,4.694210526315789,0.35250000000000004,2.5233552631578946
M6074,0.001,5.5e-05,0.0,0.5,0.05,0.10738,0.1474,2SEG,1,LIDAR,-0.08838,0.05260000000000001,4.651578947368421,0.263,2.4572894736842104
M6075,0.001,5.5e-05,0.0,0.5,0.08,0.10565,0.1936,2SEG,1,LIDAR,-0.08664999999999999,0.006400000000000017,4.560526315789473,0.032000000000000084,2.2962631578947366
M6076,0.001,5.5e-05,0.25,-0.5,0.03,0.10921,0.1524,2SEG,1,LIDAR,-0.09021,0.0476,4.747894736842105,0.23800000000000002,2.492947368421053
M6077,0.001,5.5e-05,0.25,-0.5,0.035,0.10874,0.1668,2SEG,1,LIDAR,-0.08974,0.03320000000000001,4.723157894736842,0.16600000000000004,2.4445789473684214
M6078,0.001,5.5e-05,0.25,-0.5,0.04,0.10839,0.1803,2SEG,1,LIDAR,-0.08939,0.019700000000000023,4.704736842105263,0.09850000000000012,2.401618421052632
M6079,0.001,5.5e-05,0.25,-0.5,0.05,0.1077,0.2054,2SEG,1,LIDAR,-0.0887,-0.005399999999999988,4.6684210526315795,0.02699999999999994,2.34771052631579
M6080,0.001,5.5e-05,0.25,-0.5,0.08,0.1061,0.2699,2SEG,1,LIDAR,-0.0871,-0.06989999999999996,4.58421052631579,0.3494999999999998,2.466855263157895
M6081,0.001,5.5e-05,0.25,-0.25,0.03,0.10915,0.1349,2SEG,1,LIDAR,-0.09015,0.06510000000000002,4.744736842105263,0.32550000000000007,2.5351184210526316
M6082,0.001,5.5e-05,0.25,-0.25,0.035,0.10885,0.1477,2SEG,1,LIDAR,-0.08985,0.05230000000000001,4.728947368421053,0.26150000000000007,2.495223684210526
M6083,0.001,5.5e-05,0.25,-0.25,0.04,0.10839,0.1597,2SEG,1,LIDAR,-0.08939,0.0403,4.704736842105263,0.2015,2.453118421052632
M6084,0.001,5.5e-05,0.25,-0.25,0.05,0.10777,0.1819,2SEG,1,LIDAR,-0.08877,0.018100000000000005,4.672105263157895,0.09050000000000002,2.381302631578947
M6085,0.001,5.5e-05,0.25,-0.25,0.08,0.10613,0.239,2SEG,1,LIDAR,-0.08713,-0.03899999999999998,4.58578947368421,0.1949999999999999,2.3903947368421052
M6086,0.001,5.5e-05,0.25,0.0,0.03,0.10912,0.1237,2SEG,1,LIDAR,-0.09011999999999999,0.0763,4.743157894736842,0.3815,2.562328947368421
M6087,0.001,5.5e-05,0.25,0.0,0.035,0.10881,0.1355,2SEG,1,LIDAR,-0.08981,0.0645,4.726842105263158,0.3225,2.5246710526315788
M6088,0.001,5.5e-05,0.25,0.0,0.04,0.10853,0.1466,2SEG,1,LIDAR,-0.08953,0.0534,4.712105263157895,0.267,2.4895526315789476
M6089,0.001,5.5e-05,0.25,0.0,0.05,0.10774,0.1668,2SEG,1,LIDAR,-0.08874,0.03320000000000001,4.670526315789473,0.16600000000000004,2.418263157894737
M6090,0.001,5.5e-05,0.25,0.0,0.08,0.10613,0.2192,2SEG,1,LIDAR,-0.08713,-0.019199999999999995,4.58578947368421,0.09599999999999997,2.340894736842105
M6091,0.001,5.5e-05,0.25,0.25,0.03,0.10909,0.1157,2SEG,1,LIDAR,-0.09009,0.08430000000000001,4.741578947368422,0.42150000000000004,2.5815394736842108
M6092,0.001,5.5e-05,0.25,0.25,0.035,0.10878,0.1267,2SEG,1,LIDAR,-0.08978,0.0733,4.725263157894737,0.3665,2.5458815789473688
M6093,0.001,5.5e-05,0.25,0.25,0.04,0.1085,0.1371,2SEG,1,LIDAR,-0.0895,0.06290000000000001,4.7105263157894735,0.31450000000000006,2.5125131578947366
M6094,0.001,5.5e-05,0.25,0.25,0.05,0.10774,0.156,2SEG,1,LIDAR,-0.08874,0.04400000000000001,4.670526315789473,0.22000000000000006,2.4452631578947366
M6095,0.001,5.5e-05,0.25,0.25,0.08,0.10612,0.205,2SEG,1,LIDAR,-0.08712,-0.004999999999999977,4.585263157894737,0.024999999999999883,2.305131578947368
M6096,0.001,5.5e-05,0.25,0.5,0.03,0.10907,0.1095,2SEG,1,LIDAR,-0.09007,0.09050000000000001,4.740526315789474,0.4525,2.5965131578947367
M6097,0.001,5.5e-05,0.25,0.5,0.035,0.10876,0.1199,2SEG,1,LIDAR,-0.08975999999999999,0.0801,4.724210526315789,0.4005,2.5623552631578947
M6098,0.001,5.5e-05,0.25,0.5,0.04,0.10847,0.1297,2SEG,1,LIDAR,-0.08947,0.0703,4.708947368421052,0.3515,2.530223684210526
M6099,0.001,5.5e-05,0.25,0.5,0.05,0.10772,0.1477,2SEG,1,LIDAR,-0.08872,0.05230000000000001,4.669473684210526,0.26150000000000007,2.465486842105263
M6100,0.001,5.5e-05,0.25,0.5,0.08,0.10611,0.1941,2SEG,1,LIDAR,-0.08710999999999999,0.005900000000000016,4.584736842105263,0.02950000000000008,2.307118421052632
M6101,0.001,5.5e-05,0.5,-0.5,0.03,0.10939,0.1526,2SEG,1,LIDAR,-0.09039,0.0474,4.7573684210526315,0.237,2.497184210526316
M6102,0.001,5.5e-05,0.5,-0.5,0.035,0.10896,0.167,2SEG,1,LIDAR,-0.08996,0.033,4.734736842105264,0.165,2.449868421052632
M6103,0.001,5.5e-05,0.5,-0.5,0.04,0.10865,0.1806,2SEG,1,LIDAR,-0.08965,0.0194,4.718421052631578,0.097,2.4077105263157894
M6104,0.001,5.5e-05,0.5,-0.5,0.05,0.10807,0.2058,2SEG,1,LIDAR,-0.08907,-0.0058,4.687894736842106,0.028999999999999998,2.3584473684210527
M6105,0.001,5.5e-05,0.5,-0.5,0.08,0.10648,0.2704,2SEG,1,LIDAR,-0.08748,-0.07039999999999996,4.604210526315789,0.3519999999999998,2.4781052631578944
M6106,0.001,5.5e-05,0.5,-0.25,0.03,0.10934,0.135,2SEG,1,LIDAR,-0.09034,0.065,4.754736842105263,0.325,2.5398684210526317
M6107,0.001,5.5e-05,0.5,-0.25,0.035,0.10906,0.1479,2SEG,1,LIDAR,-0.09006,0.05210000000000001,4.74,0.2605,2.5002500000000003
M6108,0.001,5.5e-05,0.5,-0.25,0.04,0.10863,0.1599,2SEG,1,LIDAR,-0.08963,0.040100000000000025,4.717368421052631,0.20050000000000012,2.4589342105263157
M6109,0.001,5.5e-05,0.5,-0.25,0.05,0.10803,0.1822,2SEG,1,LIDAR,-0.08903,0.01780000000000001,4.685789473684211,0.08900000000000005,2.3873947368421056
M6110,0.001,5.5e-05,0.5,-0.25,0.08,0.1065,0.2395,2SEG,1,LIDAR,-0.0875,-0.03949999999999998,4.605263157894736,0.1974999999999999,2.401381578947368
M6111,0.001,5.5e-05,0.5,0.0,0.03,0.1093,0.1239,2SEG,1,LIDAR,-0.09029999999999999,0.07610000000000001,4.752631578947368,0.38050000000000006,2.5665657894736844
M6112,0.001,5.5e-05,0.5,0.0,0.035,0.10902,0.1356,2SEG,1,LIDAR,-0.09002,0.06440000000000001,4.737894736842105,0.32200000000000006,2.5299473684210527
M6113,0.001,5.5e-05,0.5,0.0,0.04,0.10875,0.1468,2SEG,1,LIDAR,-0.08975,0.0532,4.723684210526316,0.26599999999999996,2.494842105263158
M6114,0.001,5.5e-05,0.5,0.0,0.05,0.10803,0.1671,2SEG,1,LIDAR,-0.08903,0.03290000000000001,4.685789473684211,0.16450000000000006,2.4251447368421055
M6115,0.001,5.5e-05,0.5,0.0,0.08,0.10648,0.2197,2SEG,1,LIDAR,-0.08748,-0.019699999999999995,4.604210526315789,0.09849999999999998,2.3513552631578944
M6116,0.001,5.5e-05,0.5,0.25,0.03,0.10928,0.1158,2SEG,1,LIDAR,-0.09028,0.08420000000000001,4.751578947368421,0.42100000000000004,2.586289473684211
M6117,0.001,5.5e-05,0.5,0.25,0.035,0.10899,0.1268,2SEG,1,LIDAR,-0.08999,0.07320000000000002,4.736315789473684,0.36600000000000005,2.551157894736842
M6118,0.001,5.5e-05,0.5,0.25,0.04,0.10872,0.1372,2SEG,1,LIDAR,-0.08972,0.06280000000000002,4.722105263157895,0.3140000000000001,2.5180526315789473
M6119,0.001,5.5e-05,0.5,0.25,0.05,0.10801,0.1563,2SEG,1,LIDAR,-0.08900999999999999,0.04370000000000002,4.684736842105263,0.21850000000000008,2.4516184210526313
M6120,0.001,5.5e-05,0.5,0.25,0.08,0.10647,0.2054,2SEG,1,LIDAR,-0.08746999999999999,-0.005399999999999988,4.603684210526316,0.02699999999999994,2.315342105263158
M6121,0.001,5.5e-05,0.5,0.5,0.03,0.10926,0.1096,2SEG,1,LIDAR,-0.09025999999999999,0.09040000000000001,4.7505263157894735,0.452,2.6012631578947367
M6122,0.001,5.5e-05,0.5,0.5,0.035,0.10897,0.1201,2SEG,1,LIDAR,-0.08997,0.07990000000000001,4.735263157894737,0.3995,2.5673815789473684
M6123,0.001,5.5e-05,0.5,0.5,0.04,0.1087,0.1299,2SEG,1,LIDAR,-0.0897,0.07010000000000002,4.721052631578948,0.3505000000000001,2.535776315789474
M6124,0.001,5.5e-05,0.5,0.5,0.05,0.1082,0.1481,2SEG,1,LIDAR,-0.0892,0.0519,4.6947368421052635,0.2595,2.477118421052632
M6125,0.001,5.5e-05,0.5,0.5,0.08,0.10646,0.1945,2SEG,1,LIDAR,-0.08746,0.005500000000000005,4.603157894736842,0.027500000000000024,2.315328947368421
M6126,0.001,0.0001,-0.5,-0.5,0.03,0.11348,0.1559,2SEG,1,LIDAR,-0.09448,0.0441,4.972631578947368,0.2205,2.596565789473684
M6127,0.001,0.0001,-0.5,-0.5,0.035,0.11303,0.1706,2SEG,1,LIDAR,-0.09403,0.02940000000000001,4.948947368421053,0.14700000000000005,2.5479736842105267
M6128,0.001,0.0001,-0.5,-0.5,0.04,0.1126,0.1844,2SEG,1,LIDAR,-0.0936,0.015600000000000003,4.926315789473684,0.07800000000000001,2.5021578947368424
M6129,0.001,0.0001,-0.5,-0.5,0.05,0.1118,0.21,2SEG,1,LIDAR,-0.0928,-0.009999999999999981,4.88421052631579,0.049999999999999906,2.4671052631578947
M6130,0.001,0.0001,-0.5,-0.5,0.08,0.10933,0.2747,2SEG,1,LIDAR,-0.09033,-0.07469999999999999,4.75421052631579,0.37349999999999994,2.563855263157895
M6131,0.001,0.0001,-0.5,-0.25,0.03,0.11346,0.138,2SEG,1,LIDAR,-0.09446,0.062,4.971578947368421,0.31,2.6407894736842104
M6132,0.001,0.0001,-0.5,-0.25,0.035,0.1131,0.1511,2SEG,1,LIDAR,-0.0941,0.0489,4.9526315789473685,0.2445,2.5985657894736844
M6133,0.001,0.0001,-0.5,-0.25,0.04,0.11267,0.1634,2SEG,1,LIDAR,-0.09367,0.03660000000000002,4.930000000000001,0.1830000000000001,2.5565
M6134,0.001,0.0001,-0.5,-0.25,0.05,0.11184,0.186,2SEG,1,LIDAR,-0.09283999999999999,0.014000000000000012,4.8863157894736835,0.07000000000000006,2.478157894736842
M6135,0.001,0.0001,-0.5,-0.25,0.08,0.10946,0.2434,2SEG,1,LIDAR,-0.09046,-0.043399999999999994,4.761052631578948,0.21699999999999997,2.4890263157894736
M6136,0.001,0.0001,-0.5,0.0,0.03,0.11355,0.1267,2SEG,1,LIDAR,-0.09455,0.0733,4.976315789473684,0.3665,2.6714078947368423
M6137,0.001,0.0001,-0.5,0.0,0.035,0.11301,0.1386,2SEG,1,LIDAR,-0.09401,0.06140000000000001,4.947894736842105,0.30700000000000005,2.627447368421053
M6138,0.001,0.0001,-0.5,0.0,0.04,0.11268,0.1499,2SEG,1,LIDAR,-0.09368,0.050100000000000006,4.930526315789474,0.2505,2.590513157894737
M6139,0.001,0.0001,-0.5,0.0,0.05,0.11181,0.1705,2SEG,1,LIDAR,-0.09281,0.0295,4.884736842105263,0.1475,2.5161184210526315
M6140,0.001,0.0001,-0.5,0.0,0.08,0.10978,0.2237,2SEG,1,LIDAR,-0.09078,-0.0237,4.777894736842105,0.1185,2.4481973684210527
M6141,0.001,0.0001,-0.5,0.25,0.03,0.11353,0.1185,2SEG,1,LIDAR,-0.09453,0.08150000000000002,4.975263157894737,0.4075000000000001,2.6913815789473685
M6142,0.001,0.0001,-0.5,0.25,0.035,0.113,0.1296,2SEG,1,LIDAR,-0.094,0.07040000000000002,4.947368421052632,0.3520000000000001,2.649684210526316
M6143,0.001,0.0001,-0.5,0.25,0.04,0.11258,0.1401,2SEG,1,LIDAR,-0.09358,0.05990000000000001,4.925263157894737,0.29950000000000004,2.6123815789473683
M6144,0.001,0.0001,-0.5,0.25,0.05,0.11188,0.1596,2SEG,1,LIDAR,-0.09287999999999999,0.04040000000000002,4.888421052631578,0.2020000000000001,2.545210526315789
M6145,0.001,0.0001,-0.5,0.25,0.08,0.10979,0.2092,2SEG,1,LIDAR,-0.09079,-0.009199999999999986,4.778421052631579,0.04599999999999993,2.4122105263157896
M6146,0.001,0.0001,-0.5,0.5,0.03,0.11351,0.1121,2SEG,1,LIDAR,-0.09451,0.0879,4.974210526315789,0.4395,2.7068552631578946
M6147,0.001,0.0001,-0.5,0.5,0.035,0.1131,0.1227,2SEG,1,LIDAR,-0.0941,0.07730000000000001,4.9526315789473685,0.3865,2.669565789473684
M6148,0.001,0.0001,-0.5,0.5,0.04,0.11258,0.1326,2SEG,1,LIDAR,-0.09358,0.06740000000000002,4.925263157894737,0.3370000000000001,2.631131578947368
M6149,0.001,0.0001,-0.5,0.5,0.05,0.11187,0.1511,2SEG,1,LIDAR,-0.09287,0.0489,4.887894736842105,0.2445,2.5661973684210526
M6150,0.001,0.0001,-0.5,0.5,0.08,0.10979,0.198,2SEG,1,LIDAR,-0.09079,0.0020000000000000018,4.778421052631579,0.010000000000000009,2.3942105263157893
M6151,0.001,0.0001,-0.25,-0.5,0.03,0.11402,0.1564,2SEG,1,LIDAR,-0.09502,0.0436,5.001052631578947,0.218,2.6095263157894735
M6152,0.001,0.0001,-0.25,-0.5,0.035,0.11362,0.1712,2SEG,1,LIDAR,-0.09462,0.02880000000000002,4.9799999999999995,0.1440000000000001,2.562
M6153,0.001,0.0001,-0.25,-0.5,0.04,0.11324,0.1851,2SEG,1,LIDAR,-0.09423999999999999,0.014900000000000024,4.96,0.07450000000000012,2.51725
M6154,0.001,0.0001,-0.25,-0.5,0.05,0.11252,0.2108,2SEG,1,LIDAR,-0.09351999999999999,-0.010799999999999976,4.922105263157895,0.05399999999999988,2.4880526315789475
M6155,0.001,0.0001,-0.25,-0.5,0.08,0.1103,0.2762,2SEG,1,LIDAR,-0.09129999999999999,-0.07619999999999999,4.8052631578947365,0.38099999999999995,2.5931315789473683
M6156,0.001,0.0001,-0.25,-0.25,0.03,0.114,0.1384,2SEG,1,LIDAR,-0.095,0.061600000000000016,5.0,0.30800000000000005,2.654
M6157,0.001,0.0001,-0.25,-0.25,0.035,0.11361,0.1515,2SEG,1,LIDAR,-0.09461,0.048500000000000015,4.979473684210526,0.24250000000000008,2.610986842105263
M6158,0.001,0.0001,-0.25,-0.25,0.04,0.11323,0.1639,2SEG,1,LIDAR,-0.09423,0.03610000000000002,4.9594736842105265,0.1805000000000001,2.5699868421052634
M6159,0.001,0.0001,-0.25,-0.25,0.05,0.11253,0.1866,2SEG,1,LIDAR,-0.09353,0.013400000000000023,4.922631578947368,0.06700000000000012,2.494815789473684
M6160,0.001,0.0001,-0.25,-0.25,0.08,0.11043,0.2447,2SEG,1,LIDAR,-0.09143,-0.04469999999999999,4.812105263157894,0.22349999999999995,2.517802631578947
M6161,0.001,0.0001,-0.25,0.0,0.03,0.11408,0.127,2SEG,1,LIDAR,-0.09508,0.07300000000000001,5.00421052631579,0.36500000000000005,2.684605263157895
M6162,0.001,0.0001,-0.25,0.0,0.035,0.1136,0.139,2SEG,1,LIDAR,-0.0946,0.061,4.978947368421053,0.305,2.641973684210526
M6163,0.001,0.0001,-0.25,0.0,0.04,0.11331,0.1504,2SEG,1,LIDAR,-0.09430999999999999,0.049600000000000005,4.963684210526315,0.24800000000000003,2.6058421052631577
M6164,0.001,0.0001,-0.25,0.0,0.05,0.11261,0.1713,2SEG,1,LIDAR,-0.09361,0.028700000000000003,4.926842105263158,0.14350000000000002,2.535171052631579
M6165,0.001,0.0001,-0.25,0.0,0.08,0.11071,0.2248,2SEG,1,LIDAR,-0.09171,-0.02479999999999999,4.826842105263158,0.12399999999999994,2.475421052631579
M6166,0.001,0.0001,-0.25,0.25,0.03,0.11406,0.1188,2SEG,1,LIDAR,-0.09505999999999999,0.08120000000000001,5.003157894736842,0.406,2.7045789473684207
M6167,0.001,0.0001,-0.25,0.25,0.035,0.11366,0.13,2SEG,1,LIDAR,-0.09466,0.07,4.982105263157894,0.35000000000000003,2.666052631578947
M6168,0.001,0.0001,-0.25,0.25,0.04,0.11322,0.1406,2SEG,1,LIDAR,-0.09422,0.05940000000000001,4.958947368421053,0.29700000000000004,2.6279736842105264
M6169,0.001,0.0001,-0.25,0.25,0.05,0.11259,0.1602,2SEG,1,LIDAR,-0.09358999999999999,0.0398,4.92578947368421,0.199,2.562394736842105
M6170,0.001,0.0001,-0.25,0.25,0.08,0.11072,0.2102,2SEG,1,LIDAR,-0.09172,-0.010199999999999987,4.827368421052632,0.050999999999999934,2.439184210526316
M6171,0.001,0.0001,-0.25,0.5,0.03,0.11404,0.1125,2SEG,1,LIDAR,-0.09504,0.08750000000000001,5.002105263157895,0.4375,2.7198026315789474
M6172,0.001,0.0001,-0.25,0.5,0.035,0.11367,0.1231,2SEG,1,LIDAR,-0.09466999999999999,0.07690000000000001,4.982631578947368,0.3845,2.683565789473684
M6173,0.001,0.0001,-0.25,0.5,0.04,0.11321,0.1331,2SEG,1,LIDAR,-0.09421,0.06690000000000002,4.9584210526315795,0.3345000000000001,2.64646052631579
M6174,0.001,0.0001,-0.25,0.5,0.05,0.11262,0.1517,2SEG,1,LIDAR,-0.09362,0.04830000000000001,4.927368421052631,0.24150000000000005,2.584434210526316
M6175,0.001,0.0001,-0.25,0.5,0.08,0.11073,0.1991,2SEG,1,LIDAR,-0.09172999999999999,0.0009000000000000119,4.827894736842105,0.0045000000000000595,2.4161973684210527
M6176,0.001,0.0001,0.0,-0.5,0.03,0.11437,0.1566,2SEG,1,LIDAR,-0.09537,0.04340000000000002,5.019473684210526,0.2170000000000001,2.6182368421052633
M6177,0.001,0.0001,0.0,-0.5,0.035,0.114,0.1715,2SEG,1,LIDAR,-0.095,0.028499999999999998,5.0,0.1425,2.57125
M6178,0.001,0.0001,0.0,-0.5,0.04,0.11365,0.1855,2SEG,1,LIDAR,-0.09465,0.014500000000000013,4.981578947368421,0.07250000000000006,2.5270394736842103
M6179,0.001,0.0001,0.0,-0.5,0.05,0.11299,0.2113,2SEG,1,LIDAR,-0.09398999999999999,-0.011299999999999977,4.9468421052631575,0.056499999999999884,2.5016710526315786
M6180,0.001,0.0001,0.0,-0.5,0.08,0.11093,0.2771,2SEG,1,LIDAR,-0.09193,-0.0771,4.8384210526315785,0.3855,2.6119605263157895
M6181,0.001,0.0001,0.0,-0.25,0.03,0.11434,0.1387,2SEG,1,LIDAR,-0.09534,0.06130000000000002,5.017894736842105,0.3065000000000001,2.6621973684210523
M6182,0.001,0.0001,0.0,-0.25,0.035,0.11399,0.1518,2SEG,1,LIDAR,-0.09498999999999999,0.04820000000000002,4.999473684210526,0.2410000000000001,2.620236842105263
M6183,0.001,0.0001,0.0,-0.25,0.04,0.11364,0.1642,2SEG,1,LIDAR,-0.09464,0.0358,4.981052631578947,0.179,2.580026315789474
M6184,0.001,0.0001,0.0,-0.25,0.05,0.113,0.1871,2SEG,1,LIDAR,-0.094,0.012900000000000023,4.947368421052632,0.06450000000000011,2.505934210526316
M6185,0.001,0.0001,0.0,-0.25,0.08,0.11105,0.2455,2SEG,1,LIDAR,-0.09204999999999999,-0.045499999999999985,4.844736842105263,0.22749999999999992,2.5361184210526315
M6186,0.001,0.0001,0.0,0.0,0.03,0.11442,0.1273,2SEG,1,LIDAR,-0.09541999999999999,0.07270000000000001,5.022105263157894,0.36350000000000005,2.6928026315789473
M6187,0.001,0.0001,0.0,0.0,0.035,0.11397,0.1393,2SEG,1,LIDAR,-0.09497,0.060700000000000004,4.998421052631579,0.3035,2.650960526315789
M6188,0.001,0.0001,0.0,0.0,0.04,0.11364,0.1506,2SEG,1,LIDAR,-0.09464,0.0494,4.981052631578947,0.247,2.6140263157894736
M6189,0.001,0.0001,0.0,0.0,0.05,0.11306,0.1717,2SEG,1,LIDAR,-0.09405999999999999,0.02830000000000002,4.950526315789474,0.1415000000000001,2.5460131578947367
M6190,0.001,0.0001,0.0,0.0,0.08,0.1113,0.2255,2SEG,1,LIDAR,-0.0923,-0.025499999999999995,4.857894736842105,0.12749999999999997,2.4926973684210525
M6191,0.001,0.0001,0.0,0.25,0.03,0.1144,0.119,2SEG,1,LIDAR,-0.0954,0.08100000000000002,5.021052631578947,0.4050000000000001,2.713026315789474
M6192,0.001,0.0001,0.0,0.25,0.035,0.11406,0.1303,2SEG,1,LIDAR,-0.09505999999999999,0.06970000000000001,5.003157894736842,0.34850000000000003,2.675828947368421
M6193,0.001,0.0001,0.0,0.25,0.04,0.11363,0.1409,2SEG,1,LIDAR,-0.09462999999999999,0.059100000000000014,4.980526315789473,0.29550000000000004,2.6380131578947363
M6194,0.001,0.0001,0.0,0.25,0.05,0.11299,0.1605,2SEG,1,LIDAR,-0.09398999999999999,0.03950000000000001,4.9468421052631575,0.19750000000000004,2.5721710526315786
M6195,0.001,0.0001,0.0,0.25,0.08,0.11132,0.2109,2SEG,1,LIDAR,-0.09232,-0.010899999999999993,4.8589473684210525,0.054499999999999965,2.4567236842105262
M6196,0.001,0.0001,0.0,0.5,0.03,0.11438,0.1127,2SEG,1,LIDAR,-0.09537999999999999,0.08730000000000002,5.02,0.43650000000000005,2.7282499999999996
M6197,0.001,0.0001,0.0,0.5,0.035,0.11404,0.1234,2SEG,1,LIDAR,-0.09504,0.07660000000000002,5.002105263157895,0.38300000000000006,2.6925526315789474
M6198,0.001,0.0001,0.0,0.5,0.04,0.11362,0.1334,2SEG,1,LIDAR,-0.09462,0.06660000000000002,4.9799999999999995,0.3330000000000001,2.6565
M6199,0.001,0.0001,0.0,0.5,0.05,0.11307,0.152,2SEG,1,LIDAR,-0.09407,0.048000000000000015,4.951052631578947,0.24000000000000007,2.5955263157894737
M6200,0.001,0.0001,0.0,0.5,0.08,0.11137,0.1997,2SEG,1,LIDAR,-0.09237,0.00030000000000002247,4.861578947368421,0.0015000000000001124,2.4315394736842104
M6201,0.001,0.0001,0.25,-0.5,0.03,0.11461,0.1568,2SEG,1,LIDAR,-0.09561,0.043200000000000016,5.032105263157895,0.21600000000000008,2.6240526315789476
M6202,0.001,0.0001,0.25,-0.5,0.035,0.11427,0.1717,2SEG,1,LIDAR,-0.09527,0.02830000000000002,5.0142105263157895,0.1415000000000001,2.5778552631578946
M6203,0.001,0.0001,0.25,-0.5,0.04,0.11395,0.1858,2SEG,1,LIDAR,-0.09494999999999999,0.014200000000000018,4.997368421052632,0.07100000000000009,2.5341842105263157
M6204,0.001,0.0001,0.25,-0.5,0.05,0.11332,0.2117,2SEG,1,LIDAR,-0.09432,-0.011699999999999988,4.96421052631579,0.05849999999999994,2.5113552631578946
M6205,0.001,0.0001,0.25,-0.5,0.08,0.11138,0.2778,2SEG,1,LIDAR,-0.09238,-0.07779999999999998,4.862105263157895,0.3889999999999999,2.6255526315789477
M6206,0.001,0.0001,0.25,-0.25,0.03,0.11466,0.1389,2SEG,1,LIDAR,-0.09566,0.061100000000000015,5.034736842105263,0.30550000000000005,2.670118421052632
M6207,0.001,0.0001,0.25,-0.25,0.035,0.11426,0.1521,2SEG,1,LIDAR,-0.09526,0.0479,5.013684210526316,0.2395,2.626592105263158
M6208,0.001,0.0001,0.25,-0.25,0.04,0.11394,0.1645,2SEG,1,LIDAR,-0.09494,0.035500000000000004,4.996842105263158,0.17750000000000002,2.587171052631579
M6209,0.001,0.0001,0.25,-0.25,0.05,0.11333,0.1874,2SEG,1,LIDAR,-0.09433,0.0126,4.964736842105263,0.063,2.5138684210526314
M6210,0.001,0.0001,0.25,-0.25,0.08,0.11157,0.2462,2SEG,1,LIDAR,-0.09257,-0.04619999999999999,4.872105263157895,0.23099999999999996,2.5515526315789474
M6211,0.001,0.0001,0.25,0.0,0.03,0.11466,0.1274,2SEG,1,LIDAR,-0.09566,0.0726,5.034736842105263,0.363,2.698868421052632
M6212,0.001,0.0001,0.25,0.0,0.035,0.11425,0.1395,2SEG,1,LIDAR,-0.09525,0.0605,5.0131578947368425,0.3025,2.6578289473684213
M6213,0.001,0.0001,0.25,0.0,0.04,0.11393,0.1509,2SEG,1,LIDAR,-0.09493,0.049100000000000005,4.996315789473685,0.24550000000000002,2.6209078947368423
M6214,0.001,0.0001,0.25,0.0,0.05,0.11333,0.1719,2SEG,1,LIDAR,-0.09433,0.028100000000000014,4.964736842105263,0.14050000000000007,2.5526184210526317
M6215,0.001,0.0001,0.25,0.0,0.08,0.11174,0.226,2SEG,1,LIDAR,-0.09274,-0.025999999999999995,4.881052631578948,0.12999999999999998,2.505526315789474
M6216,0.001,0.0001,0.25,0.25,0.03,0.11464,0.1192,2SEG,1,LIDAR,-0.09564,0.08080000000000001,5.033684210526316,0.404,2.718842105263158
M6217,0.001,0.0001,0.25,0.25,0.035,0.11433,0.1305,2SEG,1,LIDAR,-0.09533,0.0695,5.017368421052631,0.34750000000000003,2.6824342105263157
M6218,0.001,0.0001,0.25,0.25,0.04,0.11392,0.1411,2SEG,1,LIDAR,-0.09491999999999999,0.05890000000000001,4.99578947368421,0.29450000000000004,2.6451447368421053
M6219,0.001,0.0001,0.25,0.25,0.05,0.11332,0.1608,2SEG,1,LIDAR,-0.09432,0.03920000000000001,4.96421052631579,0.19600000000000006,2.5801052631578947
M6220,0.001,0.0001,0.25,0.25,0.08,0.11175,0.2114,2SEG,1,LIDAR,-0.09275,-0.011399999999999993,4.881578947368421,0.05699999999999997,2.469289473684211
M6221,0.001,0.0001,0.25,0.5,0.03,0.11462,0.1128,2SEG,1,LIDAR,-0.09562,0.08720000000000001,5.032631578947369,0.43600000000000005,2.7343157894736843
M6222,0.001,0.0001,0.25,0.5,0.035,0.11431,0.1235,2SEG,1,LIDAR,-0.09530999999999999,0.07650000000000001,5.016315789473684,0.38250000000000006,2.6994078947368423
M6223,0.001,0.0001,0.25,0.5,0.04,0.11399,0.1336,2SEG,1,LIDAR,-0.09498999999999999,0.06640000000000001,4.999473684210526,0.3320000000000001,2.6657368421052627
M6224,0.001,0.0001,0.25,0.5,0.05,0.1134,0.1523,2SEG,1,LIDAR,-0.0944,0.04770000000000002,4.968421052631579,0.2385000000000001,2.6034605263157897
M6225,0.001,0.0001,0.25,0.5,0.08,0.1118,0.2002,2SEG,1,LIDAR,-0.0928,-0.00019999999999997797,4.88421052631579,0.0009999999999998899,2.442605263157895
M6226,0.001,0.0001,0.5,-0.5,0.03,0.11481,0.157,2SEG,1,LIDAR,-0.09580999999999999,0.04300000000000001,5.042631578947368,0.21500000000000005,2.628815789473684
M6227,0.001,0.0001,0.5,-0.5,0.035,0.11448,0.1719,2SEG,1,LIDAR,-0.09548,0.028100000000000014,5.025263157894737,0.14050000000000007,2.5828815789473687
M6228,0.001,0.0001,0.5,-0.5,0.04,0.11417,0.186,2SEG,1,LIDAR,-0.09516999999999999,0.014000000000000012,5.008947368421052,0.07000000000000006,2.539473684210526
M6229,0.001,0.0001,0.5,-0.5,0.05,0.11358,0.212,2SEG,1,LIDAR,-0.09458,-0.011999999999999983,4.977894736842106,0.059999999999999915,2.5189473684210526
M6230,0.001,0.0001,0.5,-0.5,0.08,0.11173,0.2783,2SEG,1,LIDAR,-0.09272999999999999,-0.07829999999999998,4.880526315789473,0.3914999999999999,2.6360131578947366
M6231,0.001,0.0001,0.5,-0.25,0.03,0.11485,0.1391,2SEG,1,LIDAR,-0.09584999999999999,0.06090000000000001,5.044736842105263,0.30450000000000005,2.6746184210526316
M6232,0.001,0.0001,0.5,-0.25,0.035,0.11447,0.1522,2SEG,1,LIDAR,-0.09547,0.04780000000000001,5.024736842105264,0.23900000000000005,2.6318684210526317
M6233,0.001,0.0001,0.5,-0.25,0.04,0.11417,0.1647,2SEG,1,LIDAR,-0.09516999999999999,0.0353,5.008947368421052,0.1765,2.592723684210526
M6234,0.001,0.0001,0.5,-0.25,0.05,0.11359,0.1877,2SEG,1,LIDAR,-0.09459,0.012300000000000005,4.978421052631579,0.06150000000000003,2.5199605263157894
M6235,0.001,0.0001,0.5,-0.25,0.08,0.11205,0.2468,2SEG,1,LIDAR,-0.09305,-0.04679999999999998,4.897368421052631,0.2339999999999999,2.5656842105263156
M6236,0.001,0.0001,0.5,0.0,0.03,0.11485,0.1275,2SEG,1,LIDAR,-0.09584999999999999,0.07250000000000001,5.044736842105263,0.36250000000000004,2.7036184210526315
M6237,0.001,0.0001,0.5,0.0,0.035,0.11446,0.1396,2SEG,1,LIDAR,-0.09546,0.06040000000000001,5.02421052631579,0.30200000000000005,2.6631052631578953
M6238,0.001,0.0001,0.5,0.0,0.04,0.11416,0.151,2SEG,1,LIDAR,-0.09516,0.049000000000000016,5.008421052631578,0.24500000000000008,2.6267105263157893
M6239,0.001,0.0001,0.5,0.0,0.05,0.11359,0.1722,2SEG,1,LIDAR,-0.09459,0.02780000000000002,4.978421052631579,0.1390000000000001,2.5587105263157897
M6240,0.001,0.0001,0.5,0.0,0.08,0.11208,0.2265,2SEG,1,LIDAR,-0.09308,-0.026499999999999996,4.8989473684210525,0.13249999999999998,2.5157236842105264
M6241,0.001,0.0001,0.5,0.25,0.03,0.11483,0.1193,2SEG,1,LIDAR,-0.09583,0.08070000000000001,5.043684210526316,0.4035,2.723592105263158
M6242,0.001,0.0001,0.5,0.25,0.035,0.11453,0.1306,2SEG,1,LIDAR,-0.09553,0.06940000000000002,5.027894736842105,0.3470000000000001,2.687447368421053
M6243,0.001,0.0001,0.5,0.25,0.04,0.11415,0.1412,2SEG,1,LIDAR,-0.09515,0.05880000000000002,5.007894736842105,0.2940000000000001,2.6509473684210527
M6244,0.001,0.0001,0.5,0.25,0.05,0.11359,0.161,2SEG,1,LIDAR,-0.09459,0.03900000000000001,4.978421052631579,0.19500000000000003,2.5867105263157897
M6245,0.001,0.0001,0.5,0.25,0.08,0.11209,0.2118,2SEG,1,LIDAR,-0.09308999999999999,-0.011799999999999977,4.899473684210526,0.058999999999999886,2.479236842105263
M6246,0.001,0.0001,0.5,0.5,0.03,0.11481,0.1129,2SEG,1,LIDAR,-0.09580999999999999,0.08710000000000001,5.042631578947368,0.43550000000000005,2.7390657894736843
M6247,0.001,0.0001,0.5,0.5,0.035,0.11452,0.1237,2SEG,1,LIDAR,-0.09552,0.0763,5.027368421052631,0.3815,2.7044342105263155
M6248,0.001,0.0001,0.5,0.5,0.04,0.11421,0.1338,2SEG,1,LIDAR,-0.09521,0.06620000000000001,5.011052631578948,0.331,2.671026315789474
M6249,0.001,0.0001,0.5,0.5,0.05,0.11359,0.1524,2SEG,1,LIDAR,-0.09459,0.0476,4.978421052631579,0.23800000000000002,2.6082105263157898
M6250,0.001,0.0001,0.5,0.5,0.08,0.11213,0.2006,2SEG,1,LIDAR,-0.09312999999999999,-0.0005999999999999894,4.901578947368421,0.002999999999999947,2.4522894736842105
