model,kt,ka,st_coeff,sa_coeff,n,flow_out_reach,stream_depth,geom,icalc,elev,flow_diff,depth_diff,flow_perc_err,depth_perc_err,combined_perc_err
M9376,1e-05,1e-06,-0.5,-0.5,0.03,0.0041912,0.0591,nSEG,2,LIDAR,0.0148088,0.14090000000000003,0.7794105263157896,0.7045000000000001,0.7419552631578948
M9377,1e-05,1e-06,-0.5,-0.5,0.035,0.0041876,0.0629,nSEG,2,LIDAR,0.0148124,0.1371,0.7796,0.6855,0.73255
M9378,1e-05,1e-06,-0.5,-0.5,0.04,0.0041842,0.06647,nSEG,2,LIDAR,0.0148158,0.13353,0.7797789473684211,0.66765,0.7237144736842105
M9379,1e-05,1e-06,-0.5,-0.5,0.05,0.0041778,0.0731,nSEG,2,LIDAR,0.0148222,0.1269,0.7801157894736843,0.6345000000000001,0.7073078947368422
M9380,1e-05,1e-06,-0.5,-0.5,0.08,0.0041613,0.09017,nSEG,2,LIDAR,0.0148387,0.10983000000000001,0.7809842105263158,0.54915,0.6650671052631579
M9381,1e-05,1e-06,-0.5,-0.25,0.03,0.0041934,0.05459,nSEG,2,LIDAR,0.0148066,0.14541,0.7792947368421053,0.72705,0.7531723684210526
M9382,1e-05,1e-06,-0.5,-0.25,0.035,0.00419,0.05796,nSEG,2,LIDAR,0.01481,0.14204,0.7794736842105263,0.7101999999999999,0.7448368421052631
M9383,1e-05,1e-06,-0.5,-0.25,0.04,0.0041868,0.06113,nSEG,2,LIDAR,0.014813199999999999,0.13887000000000002,0.7796421052631578,0.69435,0.7369960526315789
M9384,1e-05,1e-06,-0.5,-0.25,0.05,0.0041808,0.06702,nSEG,2,LIDAR,0.0148192,0.13298000000000001,0.7799578947368421,0.6649,0.7224289473684211
M9385,1e-05,1e-06,-0.5,-0.25,0.08,0.0041653,0.08221,nSEG,2,LIDAR,0.0148347,0.11779,0.7807736842105263,0.58895,0.6848618421052631
M9386,1e-05,1e-06,-0.5,0.0,0.03,0.0041949,0.0517,nSEG,2,LIDAR,0.0148051,0.14830000000000002,0.7792157894736842,0.7415,0.7603578947368421
M9387,1e-05,1e-06,-0.5,0.0,0.035,0.0041916,0.0548,nSEG,2,LIDAR,0.0148084,0.1452,0.7793894736842105,0.726,0.7526947368421053
M9388,1e-05,1e-06,-0.5,0.0,0.04,0.0041885,0.05771,nSEG,2,LIDAR,0.014811499999999998,0.14229000000000003,0.7795526315789473,0.7114500000000001,0.7455013157894737
M9389,1e-05,1e-06,-0.5,0.0,0.05,0.0041828,0.06313,nSEG,2,LIDAR,0.014817199999999999,0.13687,0.7798526315789474,0.6843499999999999,0.7321013157894736
M9390,1e-05,1e-06,-0.5,0.0,0.08,0.0041679,0.0771,nSEG,2,LIDAR,0.014832099999999999,0.12290000000000001,0.7806368421052632,0.6145,0.6975684210526316
M9391,1e-05,1e-06,-0.5,0.25,0.03,0.0041959,0.04954,nSEG,2,LIDAR,0.0148041,0.15046,0.7791631578947369,0.7523,0.7657315789473684
M9392,1e-05,1e-06,-0.5,0.25,0.035,0.0041927,0.05252,nSEG,2,LIDAR,0.014807299999999999,0.14748,0.7793315789473684,0.7373999999999999,0.7583657894736842
M9393,1e-05,1e-06,-0.5,0.25,0.04,0.0041897,0.05525,nSEG,2,LIDAR,0.014810299999999998,0.14475000000000002,0.7794894736842105,0.72375,0.7516197368421053
M9394,1e-05,1e-06,-0.5,0.25,0.05,0.0041842,0.06032,nSEG,2,LIDAR,0.0148158,0.13968000000000003,0.7797789473684211,0.6984000000000001,0.7390894736842106
M9395,1e-05,1e-06,-0.5,0.25,0.08,0.0041697,0.07342,nSEG,2,LIDAR,0.0148303,0.12658000000000003,0.7805421052631579,0.6329000000000001,0.706721052631579
M9396,1e-05,1e-06,-0.5,0.5,0.03,0.0041966,0.04754,nSEG,2,LIDAR,0.0148034,0.15246,0.7791263157894737,0.7623,0.7707131578947368
M9397,1e-05,1e-06,-0.5,0.5,0.035,0.0041936,0.05077,nSEG,2,LIDAR,0.0148064,0.14923,0.7792842105263158,0.74615,0.7627171052631578
M9398,1e-05,1e-06,-0.5,0.5,0.04,0.0041907,0.05336,nSEG,2,LIDAR,0.0148093,0.14664000000000002,0.7794368421052631,0.7332000000000001,0.7563184210526316
M9399,1e-05,1e-06,-0.5,0.5,0.05,0.0041852,0.05817,nSEG,2,LIDAR,0.0148148,0.14183,0.7797263157894737,0.7091500000000001,0.7444381578947369
M9400,1e-05,1e-06,-0.5,0.5,0.08,0.0041711,0.07058,nSEG,2,LIDAR,0.014828899999999999,0.12942,0.7804684210526316,0.6471,0.7137842105263158
M9401,1e-05,1e-06,-0.25,-0.5,0.03,0.0041933,0.05911,nSEG,2,LIDAR,0.014806699999999999,0.14089000000000002,0.7793,0.70445,0.7418750000000001
M9402,1e-05,1e-06,-0.25,-0.5,0.035,0.0041898,0.06291,nSEG,2,LIDAR,0.014810199999999999,0.13709000000000002,0.7794842105263158,0.68545,0.732467105263158
M9403,1e-05,1e-06,-0.25,-0.5,0.04,0.0041866,0.06649,nSEG,2,LIDAR,0.0148134,0.13351000000000002,0.7796526315789474,0.6675500000000001,0.7236013157894737
M9404,1e-05,1e-06,-0.25,-0.5,0.05,0.0041806,0.07312,nSEG,2,LIDAR,0.0148194,0.12688,0.7799684210526316,0.6344,0.7071842105263157
M9405,1e-05,1e-06,-0.25,-0.5,0.08,0.004165,0.09021,nSEG,2,LIDAR,0.014835,0.10979000000000001,0.7807894736842105,0.54895,0.6648697368421053
M9406,1e-05,1e-06,-0.25,-0.25,0.03,0.0041955,0.0546,nSEG,2,LIDAR,0.0148045,0.1454,0.7791842105263158,0.727,0.7530921052631578
M9407,1e-05,1e-06,-0.25,-0.25,0.035,0.0041923,0.05797,nSEG,2,LIDAR,0.0148077,0.14203000000000002,0.7793526315789474,0.7101500000000001,0.7447513157894737
M9408,1e-05,1e-06,-0.25,-0.25,0.04,0.0041892,0.06115,nSEG,2,LIDAR,0.014810799999999999,0.13885,0.7795157894736842,0.6942499999999999,0.736882894736842
M9409,1e-05,1e-06,-0.25,-0.25,0.05,0.0041836,0.06704,nSEG,2,LIDAR,0.0148164,0.13296000000000002,0.7798105263157895,0.6648000000000001,0.7223052631578948
M9410,1e-05,1e-06,-0.25,-0.25,0.08,0.004169,0.08224,nSEG,2,LIDAR,0.014831,0.11776000000000002,0.7805789473684211,0.5888000000000001,0.6846894736842106
M9411,1e-05,1e-06,-0.25,0.0,0.03,0.0041969,0.05171,nSEG,2,LIDAR,0.0148031,0.14829,0.7791105263157895,0.7414499999999999,0.7602802631578947
M9412,1e-05,1e-06,-0.25,0.0,0.035,0.0041938,0.05481,nSEG,2,LIDAR,0.014806199999999999,0.14519,0.7792736842105262,0.72595,0.7526118421052631
M9413,1e-05,1e-06,-0.25,0.0,0.04,0.0041909,0.05773,nSEG,2,LIDAR,0.014809099999999999,0.14227,0.7794263157894736,0.71135,0.7453881578947368
M9414,1e-05,1e-06,-0.25,0.0,0.05,0.0041855,0.06315,nSEG,2,LIDAR,0.0148145,0.13685000000000003,0.7797105263157895,0.6842500000000001,0.7319802631578949
M9415,1e-05,1e-06,-0.25,0.0,0.08,0.0041715,0.07713,nSEG,2,LIDAR,0.0148285,0.12287000000000001,0.7804473684210527,0.61435,0.6973986842105263
M9416,1e-05,1e-06,-0.25,0.25,0.03,0.0041979,0.04955,nSEG,2,LIDAR,0.014802099999999999,0.15045000000000003,0.7790578947368421,0.7522500000000001,0.7656539473684211
M9417,1e-05,1e-06,-0.25,0.25,0.035,0.004195,0.05253,nSEG,2,LIDAR,0.014804999999999999,0.14747000000000002,0.7792105263157895,0.7373500000000001,0.7582802631578948
M9418,1e-05,1e-06,-0.25,0.25,0.04,0.0041922,0.05527,nSEG,2,LIDAR,0.0148078,0.14473000000000003,0.7793578947368421,0.7236500000000001,0.7515039473684211
M9419,1e-05,1e-06,-0.25,0.25,0.05,0.0041869,0.06034,nSEG,2,LIDAR,0.0148131,0.13966,0.7796368421052632,0.6983,0.7389684210526316
M9420,1e-05,1e-06,-0.25,0.25,0.08,0.0041734,0.07345,nSEG,2,LIDAR,0.014826599999999999,0.12655,0.7803473684210526,0.6327499999999999,0.7065486842105262
M9421,1e-05,1e-06,-0.25,0.5,0.03,0.0041987,0.04755,nSEG,2,LIDAR,0.0148013,0.15245,0.7790157894736842,0.76225,0.7706328947368422
M9422,1e-05,1e-06,-0.25,0.5,0.035,0.0041958,0.05078,nSEG,2,LIDAR,0.0148042,0.14922000000000002,0.7791684210526316,0.7461000000000001,0.7626342105263159
M9423,1e-05,1e-06,-0.25,0.5,0.04,0.0041931,0.05337,nSEG,2,LIDAR,0.0148069,0.14663,0.7793105263157895,0.73315,0.7562302631578948
M9424,1e-05,1e-06,-0.25,0.5,0.05,0.004188,0.05818,nSEG,2,LIDAR,0.014811999999999999,0.14182,0.779578947368421,0.7091,0.7443394736842105
M9425,1e-05,1e-06,-0.25,0.5,0.08,0.0041748,0.07061,nSEG,2,LIDAR,0.0148252,0.12939,0.7802736842105263,0.64695,0.7136118421052632
M9426,1e-05,1e-06,0.0,-0.5,0.03,0.0041946,0.05912,nSEG,2,LIDAR,0.0148054,0.14088,0.7792315789473684,0.7044,0.7418157894736842
M9427,1e-05,1e-06,0.0,-0.5,0.035,0.0041913,0.06292,nSEG,2,LIDAR,0.0148087,0.13708,0.7794052631578947,0.6854,0.7324026315789474
M9428,1e-05,1e-06,0.0,-0.5,0.04,0.0041882,0.0665,nSEG,2,LIDAR,0.0148118,0.1335,0.7795684210526316,0.6675,0.7235342105263158
M9429,1e-05,1e-06,0.0,-0.5,0.05,0.0041824,0.07314,nSEG,2,LIDAR,0.0148176,0.12686000000000003,0.7798736842105264,0.6343000000000001,0.7070868421052632
M9430,1e-05,1e-06,0.0,-0.5,0.08,0.0041673,0.09023,nSEG,2,LIDAR,0.0148327,0.10977,0.7806684210526317,0.54885,0.6647592105263158
M9431,1e-05,1e-06,0.0,-0.25,0.03,0.0041968,0.05461,nSEG,2,LIDAR,0.014803199999999999,0.14539000000000002,0.7791157894736842,0.7269500000000001,0.7530328947368421
M9432,1e-05,1e-06,0.0,-0.25,0.035,0.0041937,0.05798,nSEG,2,LIDAR,0.0148063,0.14202,0.7792789473684211,0.7101,0.7446894736842105
M9433,1e-05,1e-06,0.0,-0.25,0.04,0.0041908,0.06116,nSEG,2,LIDAR,0.0148092,0.13884000000000002,0.7794315789473685,0.6942,0.7368157894736842
M9434,1e-05,1e-06,0.0,-0.25,0.05,0.0041854,0.06706,nSEG,2,LIDAR,0.0148146,0.13294,0.7797157894736843,0.6647,0.7222078947368421
M9435,1e-05,1e-06,0.0,-0.25,0.08,0.0041713,0.08227,nSEG,2,LIDAR,0.0148287,0.11773000000000002,0.7804578947368421,0.58865,0.684553947368421
M9436,1e-05,1e-06,0.0,0.0,0.03,0.0041982,0.05172,nSEG,2,LIDAR,0.0148018,0.14828000000000002,0.779042105263158,0.7414000000000001,0.760221052631579
M9437,1e-05,1e-06,0.0,0.0,0.035,0.0041953,0.05482,nSEG,2,LIDAR,0.0148047,0.14518,0.7791947368421053,0.7259,0.7525473684210526
M9438,1e-05,1e-06,0.0,0.0,0.04,0.0041925,0.05774,nSEG,2,LIDAR,0.0148075,0.14226,0.7793421052631578,0.7112999999999999,0.7453210526315789
M9439,1e-05,1e-06,0.0,0.0,0.05,0.0041873,0.06316,nSEG,2,LIDAR,0.0148127,0.13684000000000002,0.7796157894736843,0.6842,0.7319078947368421
M9440,1e-05,1e-06,0.0,0.0,0.08,0.0041739,0.07715,nSEG,2,LIDAR,0.014826099999999998,0.12285000000000001,0.7803210526315789,0.6142500000000001,0.6972855263157896
M9441,1e-05,1e-06,0.0,0.25,0.03,0.0041992,0.04955,nSEG,2,LIDAR,0.0148008,0.15045000000000003,0.7789894736842106,0.7522500000000001,0.7656197368421054
M9442,1e-05,1e-06,0.0,0.25,0.035,0.0041964,0.05254,nSEG,2,LIDAR,0.0148036,0.14746,0.7791368421052631,0.7373,0.7582184210526315
M9443,1e-05,1e-06,0.0,0.25,0.04,0.0041937,0.05527,nSEG,2,LIDAR,0.0148063,0.14473000000000003,0.7792789473684211,0.7236500000000001,0.7514644736842107
M9444,1e-05,1e-06,0.0,0.25,0.05,0.0041887,0.06035,nSEG,2,LIDAR,0.0148113,0.13965,0.7795421052631579,0.6982499999999999,0.7388960526315789
M9445,1e-05,1e-06,0.0,0.25,0.08,0.0041757,0.07346,nSEG,2,LIDAR,0.014824299999999999,0.12654,0.7802263157894737,0.6327,0.7064631578947369
M9446,1e-05,1e-06,0.0,0.5,0.03,0.0042,0.04755,nSEG,2,LIDAR,0.0148,0.15245,0.7789473684210527,0.76225,0.7705986842105264
M9447,1e-05,1e-06,0.0,0.5,0.035,0.0041973,0.05079,nSEG,2,LIDAR,0.014802699999999998,0.14921,0.7790894736842104,0.74605,0.7625697368421052
M9448,1e-05,1e-06,0.0,0.5,0.04,0.0041947,0.05338,nSEG,2,LIDAR,0.0148053,0.14662000000000003,0.7792263157894738,0.7331000000000001,0.756163157894737
M9449,1e-05,1e-06,0.0,0.5,0.05,0.0041898,0.05819,nSEG,2,LIDAR,0.014810199999999999,0.14181000000000002,0.7794842105263158,0.7090500000000001,0.744267105263158
M9450,1e-05,1e-06,0.0,0.5,0.08,0.0041772,0.07062,nSEG,2,LIDAR,0.0148228,0.12938,0.7801473684210527,0.6468999999999999,0.7135236842105264
M9451,1e-05,1e-06,0.25,-0.5,0.03,0.0041955,0.05912,nSEG,2,LIDAR,0.0148045,0.14088,0.7791842105263158,0.7044,0.741792105263158
M9452,1e-05,1e-06,0.25,-0.5,0.035,0.0041923,0.06293,nSEG,2,LIDAR,0.0148077,0.13707000000000003,0.7793526315789474,0.6853500000000001,0.7323513157894738
M9453,1e-05,1e-06,0.25,-0.5,0.04,0.0041893,0.06651,nSEG,2,LIDAR,0.0148107,0.13349,0.7795105263157894,0.66745,0.7234802631578947
M9454,1e-05,1e-06,0.25,-0.5,0.05,0.0041836,0.07315,nSEG,2,LIDAR,0.0148164,0.12685000000000002,0.7798105263157895,0.6342500000000001,0.7070302631578949
M9455,1e-05,1e-06,0.25,-0.5,0.08,0.004169,0.09025,nSEG,2,LIDAR,0.014831,0.10975000000000001,0.7805789473684211,0.5487500000000001,0.6646644736842107
M9456,1e-05,1e-06,0.25,-0.25,0.03,0.0041977,0.05461,nSEG,2,LIDAR,0.0148023,0.14539000000000002,0.7790684210526315,0.7269500000000001,0.7530092105263158
M9457,1e-05,1e-06,0.25,-0.25,0.035,0.0041947,0.05799,nSEG,2,LIDAR,0.0148053,0.14201000000000003,0.7792263157894738,0.7100500000000001,0.744638157894737
M9458,1e-05,1e-06,0.25,-0.25,0.04,0.0041919,0.06117,nSEG,2,LIDAR,0.0148081,0.13883,0.7793736842105263,0.69415,0.7367618421052632
M9459,1e-05,1e-06,0.25,-0.25,0.05,0.0041867,0.06706,nSEG,2,LIDAR,0.0148133,0.13294,0.7796473684210526,0.6647,0.7221736842105263
M9460,1e-05,1e-06,0.25,-0.25,0.08,0.004173,0.08228,nSEG,2,LIDAR,0.014827,0.11772,0.7803684210526316,0.5886,0.6844842105263158
M9461,1e-05,1e-06,0.25,0.0,0.03,0.0041992,0.05172,nSEG,2,LIDAR,0.0148008,0.14828000000000002,0.7789894736842106,0.7414000000000001,0.7601947368421054
M9462,1e-05,1e-06,0.25,0.0,0.035,0.0041963,0.05482,nSEG,2,LIDAR,0.0148037,0.14518,0.7791421052631579,0.7259,0.7525210526315789
M9463,1e-05,1e-06,0.25,0.0,0.04,0.0041936,0.05774,nSEG,2,LIDAR,0.0148064,0.14226,0.7792842105263158,0.7112999999999999,0.7452921052631578
M9464,1e-05,1e-06,0.25,0.0,0.05,0.0041886,0.06317,nSEG,2,LIDAR,0.014811399999999999,0.13683,0.7795473684210525,0.68415,0.7318486842105263
M9465,1e-05,1e-06,0.25,0.0,0.08,0.0041756,0.07716,nSEG,2,LIDAR,0.0148244,0.12284,0.7802315789473684,0.6142,0.6972157894736841
M9466,1e-05,1e-06,0.25,0.25,0.03,0.0042002,0.04956,nSEG,2,LIDAR,0.014799799999999998,0.15044000000000002,0.778936842105263,0.7522000000000001,0.7655684210526316
M9467,1e-05,1e-06,0.25,0.25,0.035,0.0041974,0.05254,nSEG,2,LIDAR,0.014802599999999999,0.14746,0.7790842105263157,0.7373,0.7581921052631578
M9468,1e-05,1e-06,0.25,0.25,0.04,0.0041948,0.05528,nSEG,2,LIDAR,0.0148052,0.14472000000000002,0.7792210526315789,0.7236,0.7514105263157895
M9469,1e-05,1e-06,0.25,0.25,0.05,0.00419,0.06036,nSEG,2,LIDAR,0.01481,0.13964000000000001,0.7794736842105263,0.6982,0.7388368421052631
M9470,1e-05,1e-06,0.25,0.25,0.08,0.0041774,0.07348,nSEG,2,LIDAR,0.014822599999999998,0.12652000000000002,0.7801368421052631,0.6326,0.7063684210526315
M9471,1e-05,1e-06,0.25,0.5,0.03,0.0042009,0.04756,nSEG,2,LIDAR,0.014799099999999999,0.15244000000000002,0.7788999999999999,0.7622000000000001,0.7705500000000001
M9472,1e-05,1e-06,0.25,0.5,0.035,0.0041983,0.05079,nSEG,2,LIDAR,0.0148017,0.14921,0.7790368421052631,0.74605,0.7625434210526316
M9473,1e-05,1e-06,0.25,0.5,0.04,0.0041958,0.05338,nSEG,2,LIDAR,0.0148042,0.14662000000000003,0.7791684210526316,0.7331000000000001,0.7561342105263158
M9474,1e-05,1e-06,0.25,0.5,0.05,0.0041911,0.0582,nSEG,2,LIDAR,0.0148089,0.1418,0.7794157894736842,0.709,0.744207894736842
M9475,1e-05,1e-06,0.25,0.5,0.08,0.0041789,0.07064,nSEG,2,LIDAR,0.0148211,0.12936000000000003,0.7800578947368422,0.6468000000000002,0.7134289473684212
M9476,1e-05,1e-06,0.5,-0.5,0.03,0.0041962,0.05913,nSEG,2,LIDAR,0.014803799999999999,0.14087,0.7791473684210526,0.7043499999999999,0.7417486842105263
M9477,1e-05,1e-06,0.5,-0.5,0.035,0.0041931,0.06293,nSEG,2,LIDAR,0.0148069,0.13707000000000003,0.7793105263157895,0.6853500000000001,0.7323302631578947
M9478,1e-05,1e-06,0.5,-0.5,0.04,0.0041901,0.06651,nSEG,2,LIDAR,0.014809899999999999,0.13349,0.7794684210526316,0.66745,0.7234592105263158
M9479,1e-05,1e-06,0.5,-0.5,0.05,0.0041846,0.07315,nSEG,2,LIDAR,0.0148154,0.12685000000000002,0.7797578947368421,0.6342500000000001,0.7070039473684211
M9480,1e-05,1e-06,0.5,-0.5,0.08,0.0041703,0.09026,nSEG,2,LIDAR,0.0148297,0.10974,0.7805105263157894,0.5487,0.6646052631578947
M9481,1e-05,1e-06,0.5,-0.25,0.03,0.0041985,0.05461,nSEG,2,LIDAR,0.014801499999999999,0.14539000000000002,0.7790263157894737,0.7269500000000001,0.7529881578947368
M9482,1e-05,1e-06,0.5,-0.25,0.035,0.0041955,0.05799,nSEG,2,LIDAR,0.0148045,0.14201000000000003,0.7791842105263158,0.7100500000000001,0.7446171052631579
M9483,1e-05,1e-06,0.5,-0.25,0.04,0.0041928,0.06117,nSEG,2,LIDAR,0.0148072,0.13883,0.7793263157894736,0.69415,0.7367381578947368
M9484,1e-05,1e-06,0.5,-0.25,0.05,0.0041877,0.06707,nSEG,2,LIDAR,0.0148123,0.13293,0.7795947368421053,0.66465,0.7221223684210527
M9485,1e-05,1e-06,0.5,-0.25,0.08,0.0041743,0.08229,nSEG,2,LIDAR,0.0148257,0.11771000000000001,0.7803000000000001,0.58855,0.6844250000000001
M9486,1e-05,1e-06,0.5,0.0,0.03,0.0041999,0.05172,nSEG,2,LIDAR,0.0148001,0.14828000000000002,0.7789526315789473,0.7414000000000001,0.7601763157894736
M9487,1e-05,1e-06,0.5,0.0,0.035,0.0041971,0.05482,nSEG,2,LIDAR,0.0148029,0.14518,0.7791,0.7259,0.7525
M9488,1e-05,1e-06,0.5,0.0,0.04,0.0041945,0.05775,nSEG,2,LIDAR,0.0148055,0.14225000000000002,0.7792368421052631,0.71125,0.7452434210526315
M9489,1e-05,1e-06,0.5,0.0,0.05,0.0041896,0.06317,nSEG,2,LIDAR,0.0148104,0.13683,0.7794947368421052,0.68415,0.7318223684210526
M9490,1e-05,1e-06,0.5,0.0,0.08,0.0041769,0.07717,nSEG,2,LIDAR,0.014823099999999999,0.12283000000000001,0.7801631578947368,0.61415,0.6971565789473684
M9491,1e-05,1e-06,0.5,0.25,0.03,0.0042009,0.04956,nSEG,2,LIDAR,0.014799099999999999,0.15044000000000002,0.7788999999999999,0.7522000000000001,0.76555
M9492,1e-05,1e-06,0.5,0.25,0.035,0.0041982,0.05255,nSEG,2,LIDAR,0.0148018,0.14745000000000003,0.779042105263158,0.7372500000000001,0.7581460526315791
M9493,1e-05,1e-06,0.5,0.25,0.04,0.0041957,0.05528,nSEG,2,LIDAR,0.0148043,0.14472000000000002,0.7791736842105264,0.7236,0.7513868421052632
M9494,1e-05,1e-06,0.5,0.25,0.05,0.004191,0.06036,nSEG,2,LIDAR,0.014809,0.13964000000000001,0.7794210526315789,0.6982,0.7388105263157895
M9495,1e-05,1e-06,0.5,0.25,0.08,0.0041787,0.07349,nSEG,2,LIDAR,0.014821299999999999,0.12651,0.7800684210526315,0.6325500000000001,0.7063092105263158
M9496,1e-05,1e-06,0.5,0.5,0.03,0.0042017,0.04756,nSEG,2,LIDAR,0.0147983,0.15244000000000002,0.7788578947368422,0.7622000000000001,0.7705289473684211
M9497,1e-05,1e-06,0.5,0.5,0.035,0.0041991,0.0508,nSEG,2,LIDAR,0.014800899999999999,0.1492,0.7789947368421052,0.746,0.7624973684210525
M9498,1e-05,1e-06,0.5,0.5,0.04,0.0041966,0.05339,nSEG,2,LIDAR,0.0148034,0.14661000000000002,0.7791263157894737,0.7330500000000001,0.7560881578947369
M9499,1e-05,1e-06,0.5,0.5,0.05,0.0041921,0.0582,nSEG,2,LIDAR,0.014807899999999999,0.1418,0.7793631578947368,0.709,0.7441815789473684
M9500,1e-05,1e-06,0.5,0.5,0.08,0.0041802,0.07065,nSEG,2,LIDAR,0.0148198,0.12935000000000002,0.7799894736842105,0.64675,0.7133697368421053
M9501,1e-05,5.5e-06,-0.5,-0.5,0.03,0.0099552,0.08576,nSEG,2,LIDAR,0.009044799999999999,0.11424000000000001,0.4760421052631578,0.5712,0.523621052631579
M9502,1e-05,5.5e-06,-0.5,-0.5,0.035,0.0099409,0.09202,nSEG,2,LIDAR,0.009059099999999999,0.10798,0.4767947368421052,0.5399,0.5083473684210527
M9503,1e-05,5.5e-06,-0.5,-0.5,0.04,0.0099268,0.09791,nSEG,2,LIDAR,0.0090732,0.10209000000000001,0.47753684210526315,0.5104500000000001,0.4939934210526316
M9504,1e-05,5.5e-06,-0.5,-0.5,0.05,0.0098997,0.1088,nSEG,2,LIDAR,0.009100299999999999,0.09120000000000002,0.47896315789473676,0.45600000000000007,0.4674815789473684
M9505,1e-05,5.5e-06,-0.5,-0.5,0.08,0.0098294,0.1366,nSEG,2,LIDAR,0.0091706,0.06340000000000001,0.4826631578947368,0.31700000000000006,0.3998315789473684
M9506,1e-05,5.5e-06,-0.5,-0.25,0.03,0.0099705,0.07831,nSEG,2,LIDAR,0.0090295,0.12169,0.4752368421052631,0.60845,0.5418434210526316
M9507,1e-05,5.5e-06,-0.5,-0.25,0.035,0.0099574,0.08389,nSEG,2,LIDAR,0.0090426,0.11611,0.4759263157894737,0.58055,0.5282381578947368
M9508,1e-05,5.5e-06,-0.5,-0.25,0.04,0.0099449,0.08913,nSEG,2,LIDAR,0.0090551,0.11087000000000001,0.4765842105263158,0.55435,0.5154671052631579
M9509,1e-05,5.5e-06,-0.5,-0.25,0.05,0.0099219,0.09884,nSEG,2,LIDAR,0.009078099999999999,0.10116000000000001,0.4777947368421052,0.5058,0.4917973684210526
M9510,1e-05,5.5e-06,-0.5,-0.25,0.08,0.0098575,0.1237,nSEG,2,LIDAR,0.0091425,0.0763,0.48118421052631577,0.3815,0.43134210526315786
M9511,1e-05,5.5e-06,-0.5,0.0,0.03,0.00998,0.07352,nSEG,2,LIDAR,0.00902,0.12648,0.4747368421052632,0.6324,0.5535684210526316
M9512,1e-05,5.5e-06,-0.5,0.0,0.035,0.0099673,0.07865,nSEG,2,LIDAR,0.0090327,0.12135000000000001,0.4754052631578947,0.60675,0.5410776315789474
M9513,1e-05,5.5e-06,-0.5,0.0,0.04,0.0099567,0.08349,nSEG,2,LIDAR,0.009043299999999999,0.11651000000000002,0.4759631578947368,0.58255,0.5292565789473684
M9514,1e-05,5.5e-06,-0.5,0.0,0.05,0.0099355,0.09244,nSEG,2,LIDAR,0.0090645,0.10756000000000002,0.47707894736842105,0.5378000000000001,0.5074394736842105
M9515,1e-05,5.5e-06,-0.5,0.0,0.08,0.0098768,0.1154,nSEG,2,LIDAR,0.0091232,0.08460000000000001,0.4801684210526316,0.42300000000000004,0.4515842105263158
M9516,1e-05,5.5e-06,-0.5,0.25,0.03,0.009987,0.07007,nSEG,2,LIDAR,0.009013,0.12993000000000002,0.4743684210526316,0.6496500000000001,0.5620092105263158
M9517,1e-05,5.5e-06,-0.5,0.25,0.035,0.0099755,0.07489,nSEG,2,LIDAR,0.0090245,0.12511,0.4749736842105263,0.6255499999999999,0.5502618421052632
M9518,1e-05,5.5e-06,-0.5,0.25,0.04,0.0099642,0.07942,nSEG,2,LIDAR,0.0090358,0.12058,0.4755684210526316,0.6029,0.5392342105263158
M9519,1e-05,5.5e-06,-0.5,0.25,0.05,0.0099448,0.08782,nSEG,2,LIDAR,0.0090552,0.11218000000000002,0.4765894736842105,0.5609000000000001,0.5187447368421053
M9520,1e-05,5.5e-06,-0.5,0.25,0.08,0.0098902,0.1094,nSEG,2,LIDAR,0.0091098,0.09060000000000001,0.4794631578947368,0.45300000000000007,0.46623157894736844
M9521,1e-05,5.5e-06,-0.5,0.5,0.03,0.0099925,0.06741,nSEG,2,LIDAR,0.0090075,0.13259,0.47407894736842104,0.66295,0.5685144736842105
M9522,1e-05,5.5e-06,-0.5,0.5,0.035,0.0099814,0.07198,nSEG,2,LIDAR,0.0090186,0.12802000000000002,0.47466315789473684,0.6401000000000001,0.5573815789473685
M9523,1e-05,5.5e-06,-0.5,0.5,0.04,0.0099706,0.07628,nSEG,2,LIDAR,0.0090294,0.12372000000000001,0.47523157894736845,0.6186,0.5469157894736842
M9524,1e-05,5.5e-06,-0.5,0.5,0.05,0.0099522,0.08425,nSEG,2,LIDAR,0.0090478,0.11575,0.4762,0.57875,0.527475
M9525,1e-05,5.5e-06,-0.5,0.5,0.08,0.0099012,0.1047,nSEG,2,LIDAR,0.009098799999999999,0.09530000000000001,0.47888421052631575,0.47650000000000003,0.47769210526315786
M9526,1e-05,5.5e-06,-0.25,-0.5,0.03,0.0099572,0.08577,nSEG,2,LIDAR,0.0090428,0.11423000000000001,0.47593684210526316,0.57115,0.5235434210526316
M9527,1e-05,5.5e-06,-0.25,-0.5,0.035,0.009943,0.09203,nSEG,2,LIDAR,0.009056999999999999,0.10797000000000001,0.47668421052631577,0.53985,0.5082671052631579
M9528,1e-05,5.5e-06,-0.25,-0.5,0.04,0.0099291,0.09792,nSEG,2,LIDAR,0.0090709,0.10208000000000002,0.47741578947368424,0.5104000000000001,0.49390789473684216
M9529,1e-05,5.5e-06,-0.25,-0.5,0.05,0.0099023,0.1088,nSEG,2,LIDAR,0.0090977,0.09120000000000002,0.4788263157894737,0.45600000000000007,0.4674131578947369
M9530,1e-05,5.5e-06,-0.25,-0.5,0.08,0.0098329,0.1366,nSEG,2,LIDAR,0.0091671,0.06340000000000001,0.482478947368421,0.31700000000000006,0.39973947368421053
M9531,1e-05,5.5e-06,-0.25,-0.25,0.03,0.0099723,0.07831,nSEG,2,LIDAR,0.0090277,0.12169,0.47514210526315787,0.60845,0.5417960526315789
M9532,1e-05,5.5e-06,-0.25,-0.25,0.035,0.0099596,0.0839,nSEG,2,LIDAR,0.009040399999999999,0.11610000000000001,0.4758105263157894,0.5805,0.5281552631578947
M9533,1e-05,5.5e-06,-0.25,-0.25,0.04,0.0099472,0.08914,nSEG,2,LIDAR,0.0090528,0.11086000000000001,0.47646315789473687,0.5543,0.5153815789473685
M9534,1e-05,5.5e-06,-0.25,-0.25,0.05,0.0099245,0.09885,nSEG,2,LIDAR,0.0090755,0.10115000000000002,0.4776578947368421,0.50575,0.49170394736842105
M9535,1e-05,5.5e-06,-0.25,-0.25,0.08,0.009861,0.1237,nSEG,2,LIDAR,0.009139,0.0763,0.481,0.3815,0.43125
M9536,1e-05,5.5e-06,-0.25,0.0,0.03,0.0099819,0.07352,nSEG,2,LIDAR,0.0090181,0.12648,0.47463684210526313,0.6324,0.5535184210526316
M9537,1e-05,5.5e-06,-0.25,0.0,0.035,0.0099695,0.07866,nSEG,2,LIDAR,0.0090305,0.12134000000000002,0.47528947368421054,0.6067,0.5409947368421053
M9538,1e-05,5.5e-06,-0.25,0.0,0.04,0.009959,0.0835,nSEG,2,LIDAR,0.009040999999999999,0.1165,0.47584210526315784,0.5825,0.5291710526315789
M9539,1e-05,5.5e-06,-0.25,0.0,0.05,0.0099381,0.09245,nSEG,2,LIDAR,0.0090619,0.10755,0.4769421052631579,0.53775,0.507346052631579
M9540,1e-05,5.5e-06,-0.25,0.0,0.08,0.0098802,0.1154,nSEG,2,LIDAR,0.009119799999999999,0.08460000000000001,0.47998947368421047,0.42300000000000004,0.4514947368421053
M9541,1e-05,5.5e-06,-0.25,0.25,0.03,0.009989,0.07007,nSEG,2,LIDAR,0.009011,0.12993000000000002,0.47426315789473683,0.6496500000000001,0.5619565789473684
M9542,1e-05,5.5e-06,-0.25,0.25,0.035,0.0099776,0.07489,nSEG,2,LIDAR,0.0090224,0.12511,0.4748631578947368,0.6255499999999999,0.5502065789473684
M9543,1e-05,5.5e-06,-0.25,0.25,0.04,0.0099665,0.07943,nSEG,2,LIDAR,0.0090335,0.12057000000000001,0.4754473684210526,0.60285,0.5391486842105263
M9544,1e-05,5.5e-06,-0.25,0.25,0.05,0.0099474,0.08783,nSEG,2,LIDAR,0.0090526,0.11217,0.47645263157894735,0.56085,0.5186513157894737
M9545,1e-05,5.5e-06,-0.25,0.25,0.08,0.0098937,0.1094,nSEG,2,LIDAR,0.0091063,0.09060000000000001,0.479278947368421,0.45300000000000007,0.46613947368421055
M9546,1e-05,5.5e-06,-0.25,0.5,0.03,0.0099944,0.06741,nSEG,2,LIDAR,0.009005599999999999,0.13259,0.473978947368421,0.66295,0.5684644736842105
M9547,1e-05,5.5e-06,-0.25,0.5,0.035,0.0099836,0.07199,nSEG,2,LIDAR,0.009016399999999999,0.12801,0.4745473684210526,0.64005,0.5572986842105263
M9548,1e-05,5.5e-06,-0.25,0.5,0.04,0.0099729,0.07629,nSEG,2,LIDAR,0.0090271,0.12371000000000001,0.4751105263157895,0.61855,0.5468302631578947
M9549,1e-05,5.5e-06,-0.25,0.5,0.05,0.0099548,0.08426,nSEG,2,LIDAR,0.0090452,0.11574000000000001,0.47606315789473685,0.5787,0.5273815789473684
M9550,1e-05,5.5e-06,-0.25,0.5,0.08,0.0099047,0.1047,nSEG,2,LIDAR,0.009095299999999999,0.09530000000000001,0.47869999999999996,0.47650000000000003,0.4776
M9551,1e-05,5.5e-06,0.0,-0.5,0.03,0.0099584,0.08577,nSEG,2,LIDAR,0.0090416,0.11423000000000001,0.47587368421052634,0.57115,0.5235118421052631
M9552,1e-05,5.5e-06,0.0,-0.5,0.035,0.0099444,0.09204,nSEG,2,LIDAR,0.009055599999999999,0.10796000000000001,0.47661052631578943,0.5398000000000001,0.5082052631578947
M9553,1e-05,5.5e-06,0.0,-0.5,0.04,0.0099306,0.09793,nSEG,2,LIDAR,0.0090694,0.10207000000000001,0.47733684210526317,0.51035,0.49384342105263157
M9554,1e-05,5.5e-06,0.0,-0.5,0.05,0.009904,0.1088,nSEG,2,LIDAR,0.009096,0.09120000000000002,0.4787368421052632,0.45600000000000007,0.46736842105263166
M9555,1e-05,5.5e-06,0.0,-0.5,0.08,0.0098351,0.1366,nSEG,2,LIDAR,0.0091649,0.06340000000000001,0.4823631578947369,0.31700000000000006,0.39968157894736844
M9556,1e-05,5.5e-06,0.0,-0.25,0.03,0.0099729,0.07831,nSEG,2,LIDAR,0.0090271,0.12169,0.4751105263157895,0.60845,0.5417802631578947
M9557,1e-05,5.5e-06,0.0,-0.25,0.035,0.009961,0.0839,nSEG,2,LIDAR,0.009039,0.11610000000000001,0.4757368421052632,0.5805,0.5281184210526316
M9558,1e-05,5.5e-06,0.0,-0.25,0.04,0.0099487,0.08915,nSEG,2,LIDAR,0.0090513,0.11085000000000002,0.4763842105263158,0.55425,0.5153171052631579
M9559,1e-05,5.5e-06,0.0,-0.25,0.05,0.0099262,0.09886,nSEG,2,LIDAR,0.0090738,0.10114000000000001,0.4775684210526316,0.5057,0.49163421052631584
M9560,1e-05,5.5e-06,0.0,-0.25,0.08,0.0098632,0.1237,nSEG,2,LIDAR,0.009136799999999999,0.0763,0.48088421052631575,0.3815,0.4311921052631579
M9561,1e-05,5.5e-06,0.0,0.0,0.03,0.0099832,0.07353,nSEG,2,LIDAR,0.0090168,0.12647000000000003,0.4745684210526316,0.6323500000000001,0.5534592105263159
M9562,1e-05,5.5e-06,0.0,0.0,0.035,0.0099708,0.07867,nSEG,2,LIDAR,0.0090292,0.12133000000000001,0.47522105263157893,0.60665,0.5409355263157895
M9563,1e-05,5.5e-06,0.0,0.0,0.04,0.0099605,0.08351,nSEG,2,LIDAR,0.009039499999999999,0.11649000000000001,0.4757631578947368,0.58245,0.5291065789473683
M9564,1e-05,5.5e-06,0.0,0.0,0.05,0.0099398,0.09245,nSEG,2,LIDAR,0.0090602,0.10755,0.47685263157894736,0.53775,0.5073013157894737
M9565,1e-05,5.5e-06,0.0,0.0,0.08,0.0098825,0.1154,nSEG,2,LIDAR,0.009117499999999999,0.08460000000000001,0.47986842105263156,0.42300000000000004,0.4514342105263158
M9566,1e-05,5.5e-06,0.0,0.25,0.03,0.0099902,0.07008,nSEG,2,LIDAR,0.0090098,0.12992,0.4742,0.6496,0.5619
M9567,1e-05,5.5e-06,0.0,0.25,0.035,0.009979,0.0749,nSEG,2,LIDAR,0.009021,0.12510000000000002,0.47478947368421054,0.6255000000000001,0.5501447368421053
M9568,1e-05,5.5e-06,0.0,0.25,0.04,0.009968,0.07943,nSEG,2,LIDAR,0.009032,0.12057000000000001,0.4753684210526316,0.60285,0.5391092105263158
M9569,1e-05,5.5e-06,0.0,0.25,0.05,0.0099491,0.08783,nSEG,2,LIDAR,0.009050899999999999,0.11217,0.4763631578947368,0.56085,0.5186065789473684
M9570,1e-05,5.5e-06,0.0,0.25,0.08,0.009896,0.1094,nSEG,2,LIDAR,0.009104,0.09060000000000001,0.47915789473684206,0.45300000000000007,0.46607894736842104
M9571,1e-05,5.5e-06,0.0,0.5,0.03,0.0099957,0.06742,nSEG,2,LIDAR,0.0090043,0.13258000000000003,0.47391052631578945,0.6629000000000002,0.5684052631578949
M9572,1e-05,5.5e-06,0.0,0.5,0.035,0.009985,0.07199,nSEG,2,LIDAR,0.009014999999999999,0.12801,0.47447368421052627,0.64005,0.5572618421052631
M9573,1e-05,5.5e-06,0.0,0.5,0.04,0.0099748,0.0763,nSEG,2,LIDAR,0.009025199999999999,0.1237,0.47501052631578944,0.6184999999999999,0.5467552631578947
M9574,1e-05,5.5e-06,0.0,0.5,0.05,0.0099565,0.08427,nSEG,2,LIDAR,0.0090435,0.11573000000000001,0.4759736842105263,0.57865,0.5273118421052632
M9575,1e-05,5.5e-06,0.0,0.5,0.08,0.009907,0.1047,nSEG,2,LIDAR,0.009093,0.09530000000000001,0.4785789473684211,0.47650000000000003,0.47753947368421057
M9576,1e-05,5.5e-06,0.25,-0.5,0.03,0.0099593,0.08578,nSEG,2,LIDAR,0.009040699999999999,0.11422000000000002,0.47582631578947365,0.5711,0.5234631578947369
M9577,1e-05,5.5e-06,0.25,-0.5,0.035,0.0099454,0.09204,nSEG,2,LIDAR,0.0090546,0.10796000000000001,0.47655789473684207,0.5398000000000001,0.5081789473684211
M9578,1e-05,5.5e-06,0.25,-0.5,0.04,0.0099317,0.09793,nSEG,2,LIDAR,0.0090683,0.10207000000000001,0.477278947368421,0.51035,0.4938144736842105
M9579,1e-05,5.5e-06,0.25,-0.5,0.05,0.0099052,0.1088,nSEG,2,LIDAR,0.0090948,0.09120000000000002,0.4786736842105263,0.45600000000000007,0.46733684210526316
M9580,1e-05,5.5e-06,0.25,-0.5,0.08,0.0098367,0.1366,nSEG,2,LIDAR,0.0091633,0.06340000000000001,0.48227894736842103,0.31700000000000006,0.39963947368421054
M9581,1e-05,5.5e-06,0.25,-0.25,0.03,0.0099746,0.07832,nSEG,2,LIDAR,0.0090254,0.12168000000000001,0.47502105263157895,0.6084,0.5417105263157895
M9582,1e-05,5.5e-06,0.25,-0.25,0.035,0.0099619,0.0839,nSEG,2,LIDAR,0.0090381,0.11610000000000001,0.47568947368421055,0.5805,0.5280947368421053
M9583,1e-05,5.5e-06,0.25,-0.25,0.04,0.0099498,0.08915,nSEG,2,LIDAR,0.0090502,0.11085000000000002,0.47632631578947365,0.55425,0.5152881578947368
M9584,1e-05,5.5e-06,0.25,-0.25,0.05,0.0099274,0.09886,nSEG,2,LIDAR,0.0090726,0.10114000000000001,0.47750526315789477,0.5057,0.4916026315789474
M9585,1e-05,5.5e-06,0.25,-0.25,0.08,0.0098648,0.1237,nSEG,2,LIDAR,0.0091352,0.0763,0.4808,0.3815,0.43115000000000003
M9586,1e-05,5.5e-06,0.25,0.0,0.03,0.0099841,0.07353,nSEG,2,LIDAR,0.0090159,0.12647000000000003,0.47452105263157895,0.6323500000000001,0.5534355263157895
M9587,1e-05,5.5e-06,0.25,0.0,0.035,0.0099718,0.07867,nSEG,2,LIDAR,0.0090282,0.12133000000000001,0.4751684210526316,0.60665,0.5409092105263158
M9588,1e-05,5.5e-06,0.25,0.0,0.04,0.0099616,0.08351,nSEG,2,LIDAR,0.0090384,0.11649000000000001,0.47570526315789474,0.58245,0.5290776315789474
M9589,1e-05,5.5e-06,0.25,0.0,0.05,0.0099411,0.09246,nSEG,2,LIDAR,0.0090589,0.10754000000000001,0.4767842105263158,0.5377000000000001,0.5072421052631579
M9590,1e-05,5.5e-06,0.25,0.0,0.08,0.0098841,0.1154,nSEG,2,LIDAR,0.0091159,0.08460000000000001,0.4797842105263158,0.42300000000000004,0.45139210526315793
M9591,1e-05,5.5e-06,0.25,0.25,0.03,0.0099911,0.07008,nSEG,2,LIDAR,0.0090089,0.12992,0.4741526315789474,0.6496,0.5618763157894737
M9592,1e-05,5.5e-06,0.25,0.25,0.035,0.00998,0.0749,nSEG,2,LIDAR,0.00902,0.12510000000000002,0.4747368421052632,0.6255000000000001,0.5501184210526316
M9593,1e-05,5.5e-06,0.25,0.25,0.04,0.009969,0.07944,nSEG,2,LIDAR,0.009030999999999999,0.12056000000000001,0.4753157894736842,0.6028,0.5390578947368421
M9594,1e-05,5.5e-06,0.25,0.25,0.05,0.0099503,0.08784,nSEG,2,LIDAR,0.009049699999999999,0.11216000000000001,0.47629999999999995,0.5608,0.51855
M9595,1e-05,5.5e-06,0.25,0.25,0.08,0.0098976,0.1094,nSEG,2,LIDAR,0.0091024,0.09060000000000001,0.4790736842105263,0.45300000000000007,0.4660368421052632
M9596,1e-05,5.5e-06,0.25,0.5,0.03,0.0099966,0.06742,nSEG,2,LIDAR,0.0090034,0.13258000000000003,0.4738631578947369,0.6629000000000002,0.5683815789473685
M9597,1e-05,5.5e-06,0.25,0.5,0.035,0.0099859,0.072,nSEG,2,LIDAR,0.009014099999999999,0.128,0.47442631578947364,0.64,0.5572131578947368
M9598,1e-05,5.5e-06,0.25,0.5,0.04,0.0099755,0.0763,nSEG,2,LIDAR,0.0090245,0.1237,0.4749736842105263,0.6184999999999999,0.5467368421052632
M9599,1e-05,5.5e-06,0.25,0.5,0.05,0.0099578,0.08428,nSEG,2,LIDAR,0.0090422,0.11572000000000002,0.4759052631578948,0.5786,0.5272526315789474
M9600,1e-05,5.5e-06,0.25,0.5,0.08,0.0099086,0.1048,nSEG,2,LIDAR,0.0090914,0.0952,0.47849473684210525,0.47600000000000003,0.47724736842105264
M9601,1e-05,5.5e-06,0.5,-0.5,0.03,0.00996,0.08578,nSEG,2,LIDAR,0.00904,0.11422000000000002,0.4757894736842105,0.5711,0.5234447368421052
M9602,1e-05,5.5e-06,0.5,-0.5,0.035,0.0099461,0.09205,nSEG,2,LIDAR,0.0090539,0.10795,0.47652105263157896,0.53975,0.5081355263157894
M9603,1e-05,5.5e-06,0.5,-0.5,0.04,0.0099325,0.09794,nSEG,2,LIDAR,0.0090675,0.10206000000000001,0.4772368421052631,0.5103,0.4937684210526315
M9604,1e-05,5.5e-06,0.5,-0.5,0.05,0.0099062,0.1088,nSEG,2,LIDAR,0.009093799999999999,0.09120000000000002,0.4786210526315789,0.45600000000000007,0.4673105263157895
M9605,1e-05,5.5e-06,0.5,-0.5,0.08,0.0098379,0.1366,nSEG,2,LIDAR,0.0091621,0.06340000000000001,0.4822157894736842,0.31700000000000006,0.3996078947368421
M9606,1e-05,5.5e-06,0.5,-0.25,0.03,0.0099758,0.07832,nSEG,2,LIDAR,0.0090242,0.12168000000000001,0.4749578947368421,0.6084,0.541678947368421
M9607,1e-05,5.5e-06,0.5,-0.25,0.035,0.0099627,0.08391,nSEG,2,LIDAR,0.0090373,0.11609000000000001,0.47564736842105265,0.58045,0.5280486842105263
M9608,1e-05,5.5e-06,0.5,-0.25,0.04,0.0099506,0.08916,nSEG,2,LIDAR,0.009049399999999999,0.11084000000000001,0.47628421052631575,0.5542,0.515242105263158
M9609,1e-05,5.5e-06,0.5,-0.25,0.05,0.0099284,0.09887,nSEG,2,LIDAR,0.009071599999999999,0.10113000000000001,0.47745263157894735,0.50565,0.4915513157894737
M9610,1e-05,5.5e-06,0.5,-0.25,0.08,0.009866,0.1237,nSEG,2,LIDAR,0.009134,0.0763,0.4807368421052632,0.3815,0.4311184210526316
M9611,1e-05,5.5e-06,0.5,0.0,0.03,0.0099848,0.07353,nSEG,2,LIDAR,0.0090152,0.12647000000000003,0.4744842105263158,0.6323500000000001,0.5534171052631579
M9612,1e-05,5.5e-06,0.5,0.0,0.035,0.0099726,0.07867,nSEG,2,LIDAR,0.0090274,0.12133000000000001,0.4751263157894737,0.60665,0.5408881578947369
M9613,1e-05,5.5e-06,0.5,0.0,0.04,0.0099624,0.08351,nSEG,2,LIDAR,0.0090376,0.11649000000000001,0.47566315789473684,0.58245,0.5290565789473685
M9614,1e-05,5.5e-06,0.5,0.0,0.05,0.009942,0.09246,nSEG,2,LIDAR,0.009058,0.10754000000000001,0.4767368421052632,0.5377000000000001,0.5072184210526316
M9615,1e-05,5.5e-06,0.5,0.0,0.08,0.0098853,0.1154,nSEG,2,LIDAR,0.0091147,0.08460000000000001,0.47972105263157894,0.42300000000000004,0.4513605263157895
M9616,1e-05,5.5e-06,0.5,0.25,0.03,0.0099918,0.07008,nSEG,2,LIDAR,0.0090082,0.12992,0.47411578947368416,0.6496,0.561857894736842
M9617,1e-05,5.5e-06,0.5,0.25,0.035,0.0099807,0.0749,nSEG,2,LIDAR,0.0090193,0.12510000000000002,0.47469999999999996,0.6255000000000001,0.5501
M9618,1e-05,5.5e-06,0.5,0.25,0.04,0.0099699,0.07944,nSEG,2,LIDAR,0.0090301,0.12056000000000001,0.47526842105263156,0.6028,0.5390342105263157
M9619,1e-05,5.5e-06,0.5,0.25,0.05,0.0099513,0.08784,nSEG,2,LIDAR,0.0090487,0.11216000000000001,0.47624736842105264,0.5608,0.5185236842105263
M9620,1e-05,5.5e-06,0.5,0.25,0.08,0.0098988,0.1094,nSEG,2,LIDAR,0.0091012,0.09060000000000001,0.4790105263157895,0.45300000000000007,0.4660052631578948
M9621,1e-05,5.5e-06,0.5,0.5,0.03,0.0099973,0.06742,nSEG,2,LIDAR,0.009002699999999999,0.13258000000000003,0.47382631578947365,0.6629000000000002,0.5683631578947369
M9622,1e-05,5.5e-06,0.5,0.5,0.035,0.0099867,0.072,nSEG,2,LIDAR,0.0090133,0.128,0.4743842105263158,0.64,0.5571921052631579
M9623,1e-05,5.5e-06,0.5,0.5,0.04,0.0099763,0.0763,nSEG,2,LIDAR,0.009023699999999999,0.1237,0.47493157894736837,0.6184999999999999,0.5467157894736842
M9624,1e-05,5.5e-06,0.5,0.5,0.05,0.0099587,0.08428,nSEG,2,LIDAR,0.0090413,0.11572000000000002,0.47585789473684215,0.5786,0.5272289473684211
M9625,1e-05,5.5e-06,0.5,0.5,0.08,0.0099098,0.1048,nSEG,2,LIDAR,0.0090902,0.0952,0.47843157894736843,0.47600000000000003,0.47721578947368426
M9626,1e-05,1e-05,-0.5,-0.5,0.03,0.015326,0.105,nSEG,2,LIDAR,0.003674,0.09500000000000001,0.1933684210526316,0.47500000000000003,0.3341842105263158
M9627,1e-05,1e-05,-0.5,-0.5,0.035,0.015295,0.113,nSEG,2,LIDAR,0.003705,0.08700000000000001,0.195,0.435,0.315
M9628,1e-05,1e-05,-0.5,-0.5,0.04,0.015267,0.1205,nSEG,2,LIDAR,0.003733,0.07950000000000002,0.19647368421052633,0.3975000000000001,0.2969868421052632
M9629,1e-05,1e-05,-0.5,-0.5,0.05,0.015216,0.1343,nSEG,2,LIDAR,0.003783999999999999,0.06570000000000001,0.19915789473684206,0.3285,0.26382894736842105
M9630,1e-05,1e-05,-0.5,-0.5,0.08,0.015083,0.1696,nSEG,2,LIDAR,0.003917,0.03040000000000001,0.20615789473684212,0.15200000000000005,0.1790789473684211
M9631,1e-05,1e-05,-0.5,-0.25,0.03,0.015357,0.09544,nSEG,2,LIDAR,0.0036429999999999987,0.10456000000000001,0.1917368421052631,0.5228,0.35726842105263157
M9632,1e-05,1e-05,-0.5,-0.25,0.035,0.015332,0.1026,nSEG,2,LIDAR,0.0036679999999999994,0.09740000000000001,0.19305263157894734,0.48700000000000004,0.3400263157894737
M9633,1e-05,1e-05,-0.5,-0.25,0.04,0.015307,0.1093,nSEG,2,LIDAR,0.003693,0.09070000000000002,0.19436842105263158,0.45350000000000007,0.3239342105263158
M9634,1e-05,1e-05,-0.5,-0.25,0.05,0.01526,0.1217,nSEG,2,LIDAR,0.0037400000000000003,0.07830000000000001,0.1968421052631579,0.3915,0.29417105263157894
M9635,1e-05,1e-05,-0.5,-0.25,0.08,0.015141,0.1533,nSEG,2,LIDAR,0.0038589999999999996,0.04670000000000002,0.20310526315789473,0.2335000000000001,0.21830263157894741
M9636,1e-05,1e-05,-0.5,0.0,0.03,0.015377,0.08931,nSEG,2,LIDAR,0.0036229999999999995,0.11069000000000001,0.19068421052631576,0.55345,0.3720671052631579
M9637,1e-05,1e-05,-0.5,0.0,0.035,0.015354,0.0959,nSEG,2,LIDAR,0.003646,0.10410000000000001,0.19189473684210526,0.5205000000000001,0.35619736842105265
M9638,1e-05,1e-05,-0.5,0.0,0.04,0.015332,0.1021,nSEG,2,LIDAR,0.0036679999999999994,0.09790000000000001,0.19305263157894734,0.48950000000000005,0.3412763157894737
M9639,1e-05,1e-05,-0.5,0.0,0.05,0.015289,0.1135,nSEG,2,LIDAR,0.003710999999999999,0.08650000000000001,0.19531578947368416,0.4325,0.3139078947368421
M9640,1e-05,1e-05,-0.5,0.0,0.08,0.015179,0.1427,nSEG,2,LIDAR,0.0038209999999999997,0.05730000000000002,0.20110526315789473,0.2865000000000001,0.2438026315789474
M9641,1e-05,1e-05,-0.5,0.25,0.03,0.015392,0.08488,nSEG,2,LIDAR,0.003608,0.11512000000000001,0.18989473684210528,0.5756,0.3827473684210526
M9642,1e-05,1e-05,-0.5,0.25,0.035,0.015369,0.09107,nSEG,2,LIDAR,0.003630999999999999,0.10893000000000001,0.19110526315789467,0.5446500000000001,0.3678776315789474
M9643,1e-05,1e-05,-0.5,0.25,0.04,0.01535,0.09688,nSEG,2,LIDAR,0.0036499999999999987,0.10312000000000002,0.19210526315789467,0.5156000000000001,0.35385263157894736
M9644,1e-05,1e-05,-0.5,0.25,0.05,0.01531,0.1076,nSEG,2,LIDAR,0.003689999999999999,0.09240000000000001,0.19421052631578942,0.462,0.32810526315789473
M9645,1e-05,1e-05,-0.5,0.25,0.08,0.015206,0.1351,nSEG,2,LIDAR,0.0037939999999999988,0.06490000000000001,0.19968421052631574,0.32450000000000007,0.2620921052631579
M9646,1e-05,1e-05,-0.5,0.5,0.03,0.015402,0.08146,nSEG,2,LIDAR,0.0035979999999999988,0.11854,0.18936842105263152,0.5927,0.39103421052631576
M9647,1e-05,1e-05,-0.5,0.5,0.035,0.015381,0.08734,nSEG,2,LIDAR,0.003618999999999999,0.11266000000000001,0.19047368421052627,0.5633,0.37688684210526313
M9648,1e-05,1e-05,-0.5,0.5,0.04,0.015362,0.09286,nSEG,2,LIDAR,0.003637999999999999,0.10714000000000001,0.19147368421052627,0.5357000000000001,0.36358684210526315
M9649,1e-05,1e-05,-0.5,0.5,0.05,0.015326,0.1031,nSEG,2,LIDAR,0.003674,0.09690000000000001,0.1933684210526316,0.48450000000000004,0.33893421052631584
M9650,1e-05,1e-05,-0.5,0.5,0.08,0.015227,0.1292,nSEG,2,LIDAR,0.0037730000000000003,0.0708,0.19857894736842108,0.354,0.27628947368421053
M9651,1e-05,1e-05,-0.25,-0.5,0.03,0.015327,0.105,nSEG,2,LIDAR,0.003672999999999999,0.09500000000000001,0.19331578947368416,0.47500000000000003,0.3341578947368421
M9652,1e-05,1e-05,-0.25,-0.5,0.035,0.015297,0.113,nSEG,2,LIDAR,0.0037029999999999997,0.08700000000000001,0.19489473684210526,0.435,0.31494736842105264
M9653,1e-05,1e-05,-0.25,-0.5,0.04,0.01527,0.1205,nSEG,2,LIDAR,0.003729999999999999,0.07950000000000002,0.19631578947368417,0.3975000000000001,0.2969078947368421
M9654,1e-05,1e-05,-0.25,-0.5,0.05,0.015218,0.1344,nSEG,2,LIDAR,0.003781999999999999,0.06560000000000002,0.19905263157894731,0.32800000000000007,0.2635263157894737
M9655,1e-05,1e-05,-0.25,-0.5,0.08,0.015086,0.1697,nSEG,2,LIDAR,0.003913999999999999,0.03030000000000002,0.20599999999999996,0.1515000000000001,0.17875000000000002
M9656,1e-05,1e-05,-0.25,-0.25,0.03,0.015359,0.09545,nSEG,2,LIDAR,0.003641,0.10455000000000002,0.19163157894736843,0.52275,0.3571907894736842
M9657,1e-05,1e-05,-0.25,-0.25,0.035,0.015334,0.1026,nSEG,2,LIDAR,0.003665999999999999,0.09740000000000001,0.1929473684210526,0.48700000000000004,0.3399736842105263
M9658,1e-05,1e-05,-0.25,-0.25,0.04,0.015309,0.1093,nSEG,2,LIDAR,0.003691,0.09070000000000002,0.19426315789473683,0.45350000000000007,0.32388157894736846
M9659,1e-05,1e-05,-0.25,-0.25,0.05,0.015263,0.1217,nSEG,2,LIDAR,0.003736999999999999,0.07830000000000001,0.19668421052631574,0.3915,0.2940921052631579
M9660,1e-05,1e-05,-0.25,-0.25,0.08,0.015145,0.1533,nSEG,2,LIDAR,0.003854999999999999,0.04670000000000002,0.2028947368421052,0.2335000000000001,0.21819736842105264
M9661,1e-05,1e-05,-0.25,0.0,0.03,0.015378,0.08931,nSEG,2,LIDAR,0.0036220000000000002,0.11069000000000001,0.19063157894736843,0.55345,0.37204078947368424
M9662,1e-05,1e-05,-0.25,0.0,0.035,0.015356,0.0959,nSEG,2,LIDAR,0.0036439999999999997,0.10410000000000001,0.1917894736842105,0.5205000000000001,0.3561447368421053
M9663,1e-05,1e-05,-0.25,0.0,0.04,0.015334,0.1021,nSEG,2,LIDAR,0.003665999999999999,0.09790000000000001,0.1929473684210526,0.48950000000000005,0.3412236842105263
M9664,1e-05,1e-05,-0.25,0.0,0.05,0.015292,0.1135,nSEG,2,LIDAR,0.0037079999999999995,0.08650000000000001,0.19515789473684209,0.4325,0.31382894736842104
M9665,1e-05,1e-05,-0.25,0.0,0.08,0.015182,0.1428,nSEG,2,LIDAR,0.003818,0.0572,0.20094736842105265,0.286,0.24347368421052631
M9666,1e-05,1e-05,-0.25,0.25,0.03,0.015393,0.08488,nSEG,2,LIDAR,0.003606999999999999,0.11512000000000001,0.18984210526315784,0.5756,0.3827210526315789
M9667,1e-05,1e-05,-0.25,0.25,0.035,0.015371,0.09107,nSEG,2,LIDAR,0.0036290000000000003,0.10893000000000001,0.19100000000000003,0.5446500000000001,0.36782500000000007
M9668,1e-05,1e-05,-0.25,0.25,0.04,0.015352,0.09689,nSEG,2,LIDAR,0.003648,0.10311000000000001,0.192,0.51555,0.35377499999999995
M9669,1e-05,1e-05,-0.25,0.25,0.05,0.015312,0.1076,nSEG,2,LIDAR,0.0036880000000000003,0.09240000000000001,0.19410526315789475,0.462,0.3280526315789474
M9670,1e-05,1e-05,-0.25,0.25,0.08,0.015209,0.1351,nSEG,2,LIDAR,0.0037909999999999992,0.06490000000000001,0.19952631578947363,0.32450000000000007,0.26201315789473684
M9671,1e-05,1e-05,-0.25,0.5,0.03,0.015404,0.08147,nSEG,2,LIDAR,0.0035960000000000002,0.11853000000000001,0.18926315789473686,0.59265,0.39095657894736846
M9672,1e-05,1e-05,-0.25,0.5,0.035,0.015383,0.08734,nSEG,2,LIDAR,0.0036169999999999987,0.11266000000000001,0.19036842105263152,0.5633,0.37683421052631577
M9673,1e-05,1e-05,-0.25,0.5,0.04,0.015364,0.09287,nSEG,2,LIDAR,0.0036360000000000003,0.10713000000000002,0.1913684210526316,0.5356500000000001,0.36350921052631585
M9674,1e-05,1e-05,-0.25,0.5,0.05,0.015328,0.1031,nSEG,2,LIDAR,0.003672,0.09690000000000001,0.19326315789473683,0.48450000000000004,0.3388815789473684
M9675,1e-05,1e-05,-0.25,0.5,0.08,0.01523,0.1292,nSEG,2,LIDAR,0.003769999999999999,0.0708,0.19842105263157891,0.354,0.27621052631578946
M9676,1e-05,1e-05,0.0,-0.5,0.03,0.015328,0.105,nSEG,2,LIDAR,0.003672,0.09500000000000001,0.19326315789473683,0.47500000000000003,0.33413157894736845
M9677,1e-05,1e-05,0.0,-0.5,0.035,0.015299,0.113,nSEG,2,LIDAR,0.0037009999999999994,0.08700000000000001,0.1947894736842105,0.435,0.3148947368421052
M9678,1e-05,1e-05,0.0,-0.5,0.04,0.015271,0.1205,nSEG,2,LIDAR,0.0037289999999999997,0.07950000000000002,0.19626315789473683,0.3975000000000001,0.29688157894736844
M9679,1e-05,1e-05,0.0,-0.5,0.05,0.01522,0.1344,nSEG,2,LIDAR,0.0037800000000000004,0.06560000000000002,0.19894736842105265,0.32800000000000007,0.26347368421052636
M9680,1e-05,1e-05,0.0,-0.5,0.08,0.015089,0.1697,nSEG,2,LIDAR,0.0039109999999999995,0.03030000000000002,0.20584210526315788,0.1515000000000001,0.178671052631579
M9681,1e-05,1e-05,0.0,-0.25,0.03,0.01536,0.09545,nSEG,2,LIDAR,0.003639999999999999,0.10455000000000002,0.19157894736842102,0.52275,0.35716447368421056
M9682,1e-05,1e-05,0.0,-0.25,0.035,0.015335,0.1026,nSEG,2,LIDAR,0.003665,0.09740000000000001,0.19289473684210526,0.48700000000000004,0.33994736842105266
M9683,1e-05,1e-05,0.0,-0.25,0.04,0.01531,0.1093,nSEG,2,LIDAR,0.003689999999999999,0.09070000000000002,0.19421052631578942,0.45350000000000007,0.32385526315789476
M9684,1e-05,1e-05,0.0,-0.25,0.05,0.015265,0.1217,nSEG,2,LIDAR,0.0037349999999999987,0.07830000000000001,0.196578947368421,0.3915,0.2940394736842105
M9685,1e-05,1e-05,0.0,-0.25,0.08,0.015147,0.1533,nSEG,2,LIDAR,0.003852999999999999,0.04670000000000002,0.20278947368421046,0.2335000000000001,0.21814473684210528
M9686,1e-05,1e-05,0.0,0.0,0.03,0.01538,0.08931,nSEG,2,LIDAR,0.00362,0.11069000000000001,0.19052631578947368,0.55345,0.3719881578947368
M9687,1e-05,1e-05,0.0,0.0,0.035,0.015357,0.09591,nSEG,2,LIDAR,0.0036429999999999987,0.10409000000000002,0.1917368421052631,0.5204500000000001,0.3560934210526316
M9688,1e-05,1e-05,0.0,0.0,0.04,0.015335,0.1021,nSEG,2,LIDAR,0.003665,0.09790000000000001,0.19289473684210526,0.48950000000000005,0.34119736842105264
M9689,1e-05,1e-05,0.0,0.0,0.05,0.015293,0.1135,nSEG,2,LIDAR,0.0037070000000000002,0.08650000000000001,0.19510526315789475,0.4325,0.3138026315789474
M9690,1e-05,1e-05,0.0,0.0,0.08,0.015184,0.1428,nSEG,2,LIDAR,0.003816,0.0572,0.2008421052631579,0.286,0.24342105263157893
M9691,1e-05,1e-05,0.0,0.25,0.03,0.015395,0.08489,nSEG,2,LIDAR,0.003604999999999999,0.11511000000000002,0.1897368421052631,0.57555,0.38264342105263155
M9692,1e-05,1e-05,0.0,0.25,0.035,0.015373,0.09108,nSEG,2,LIDAR,0.003627,0.10892000000000002,0.19089473684210526,0.5446000000000001,0.36774736842105266
M9693,1e-05,1e-05,0.0,0.25,0.04,0.015354,0.09689,nSEG,2,LIDAR,0.003646,0.10311000000000001,0.19189473684210526,0.51555,0.3537223684210526
M9694,1e-05,1e-05,0.0,0.25,0.05,0.015314,0.1076,nSEG,2,LIDAR,0.003686,0.09240000000000001,0.194,0.462,0.328
M9695,1e-05,1e-05,0.0,0.25,0.08,0.015211,0.1351,nSEG,2,LIDAR,0.003788999999999999,0.06490000000000001,0.1994210526315789,0.32450000000000007,0.2619605263157895
M9696,1e-05,1e-05,0.0,0.5,0.03,0.015405,0.08147,nSEG,2,LIDAR,0.0035949999999999992,0.11853000000000001,0.18921052631578944,0.59265,0.3909302631578947
M9697,1e-05,1e-05,0.0,0.5,0.035,0.015385,0.08735,nSEG,2,LIDAR,0.003615,0.11265000000000001,0.19026315789473686,0.56325,0.37675657894736847
M9698,1e-05,1e-05,0.0,0.5,0.04,0.015366,0.09287,nSEG,2,LIDAR,0.003634,0.10713000000000002,0.19126315789473686,0.5356500000000001,0.3634565789473685
M9699,1e-05,1e-05,0.0,0.5,0.05,0.01533,0.1031,nSEG,2,LIDAR,0.0036699999999999997,0.09690000000000001,0.19315789473684208,0.48450000000000004,0.33882894736842106
M9700,1e-05,1e-05,0.0,0.5,0.08,0.015232,0.1292,nSEG,2,LIDAR,0.0037679999999999988,0.0708,0.19831578947368414,0.354,0.27615789473684205
M9701,1e-05,1e-05,0.25,-0.5,0.03,0.015329,0.105,nSEG,2,LIDAR,0.003670999999999999,0.09500000000000001,0.19321052631578942,0.47500000000000003,0.33410526315789474
M9702,1e-05,1e-05,0.25,-0.5,0.035,0.0153,0.113,nSEG,2,LIDAR,0.0037,0.08700000000000001,0.19473684210526318,0.435,0.3148684210526316
M9703,1e-05,1e-05,0.25,-0.5,0.04,0.015272,0.1205,nSEG,2,LIDAR,0.0037279999999999987,0.07950000000000002,0.19621052631578942,0.3975000000000001,0.29685526315789473
M9704,1e-05,1e-05,0.25,-0.5,0.05,0.015221,0.1344,nSEG,2,LIDAR,0.0037789999999999994,0.06560000000000002,0.19889473684210524,0.32800000000000007,0.26344736842105265
M9705,1e-05,1e-05,0.25,-0.5,0.08,0.01509,0.1697,nSEG,2,LIDAR,0.00391,0.03030000000000002,0.20578947368421055,0.1515000000000001,0.17864473684210533
M9706,1e-05,1e-05,0.25,-0.25,0.03,0.015361,0.09545,nSEG,2,LIDAR,0.003639,0.10455000000000002,0.19152631578947368,0.52275,0.35713815789473685
M9707,1e-05,1e-05,0.25,-0.25,0.035,0.015336,0.1026,nSEG,2,LIDAR,0.003663999999999999,0.09740000000000001,0.19284210526315784,0.48700000000000004,0.33992105263157896
M9708,1e-05,1e-05,0.25,-0.25,0.04,0.015311,0.1093,nSEG,2,LIDAR,0.0036889999999999996,0.09070000000000002,0.19415789473684208,0.45350000000000007,0.32382894736842105
M9709,1e-05,1e-05,0.25,-0.25,0.05,0.015266,0.1217,nSEG,2,LIDAR,0.0037339999999999995,0.07830000000000001,0.19652631578947366,0.3915,0.2940131578947368
M9710,1e-05,1e-05,0.25,-0.25,0.08,0.015148,0.1533,nSEG,2,LIDAR,0.0038519999999999995,0.04670000000000002,0.20273684210526313,0.2335000000000001,0.21811842105263163
M9711,1e-05,1e-05,0.25,0.0,0.03,0.015381,0.08932,nSEG,2,LIDAR,0.003618999999999999,0.11068000000000001,0.19047368421052627,0.5534,0.3719368421052631
M9712,1e-05,1e-05,0.25,0.0,0.035,0.015358,0.09591,nSEG,2,LIDAR,0.0036419999999999994,0.10409000000000002,0.19168421052631576,0.5204500000000001,0.35606710526315793
M9713,1e-05,1e-05,0.25,0.0,0.04,0.015336,0.1021,nSEG,2,LIDAR,0.003663999999999999,0.09790000000000001,0.19284210526315784,0.48950000000000005,0.34117105263157893
M9714,1e-05,1e-05,0.25,0.0,0.05,0.015294,0.1135,nSEG,2,LIDAR,0.0037059999999999992,0.08650000000000001,0.19505263157894734,0.4325,0.3137763157894737
M9715,1e-05,1e-05,0.25,0.0,0.08,0.015186,0.1428,nSEG,2,LIDAR,0.0038139999999999997,0.0572,0.20073684210526316,0.286,0.24336842105263157
M9716,1e-05,1e-05,0.25,0.25,0.03,0.015395,0.08489,nSEG,2,LIDAR,0.003604999999999999,0.11511000000000002,0.1897368421052631,0.57555,0.38264342105263155
M9717,1e-05,1e-05,0.25,0.25,0.035,0.015374,0.09108,nSEG,2,LIDAR,0.003625999999999999,0.10892000000000002,0.19084210526315784,0.5446000000000001,0.36772105263157895
M9718,1e-05,1e-05,0.25,0.25,0.04,0.015355,0.0969,nSEG,2,LIDAR,0.003644999999999999,0.10310000000000001,0.19184210526315784,0.5155000000000001,0.35367105263157894
M9719,1e-05,1e-05,0.25,0.25,0.05,0.015315,0.1076,nSEG,2,LIDAR,0.003684999999999999,0.09240000000000001,0.1939473684210526,0.462,0.3279736842105263
M9720,1e-05,1e-05,0.25,0.25,0.08,0.015213,0.1351,nSEG,2,LIDAR,0.0037869999999999987,0.06490000000000001,0.19931578947368414,0.32450000000000007,0.2619078947368421
M9721,1e-05,1e-05,0.25,0.5,0.03,0.015406,0.08147,nSEG,2,LIDAR,0.003594,0.11853000000000001,0.1891578947368421,0.59265,0.39090394736842105
M9722,1e-05,1e-05,0.25,0.5,0.035,0.015386,0.08735,nSEG,2,LIDAR,0.003613999999999999,0.11265000000000001,0.19021052631578944,0.56325,0.3767302631578947
M9723,1e-05,1e-05,0.25,0.5,0.04,0.015367,0.09287,nSEG,2,LIDAR,0.003632999999999999,0.10713000000000002,0.19121052631578944,0.5356500000000001,0.36343026315789473
M9724,1e-05,1e-05,0.25,0.5,0.05,0.015331,0.1031,nSEG,2,LIDAR,0.0036690000000000004,0.09690000000000001,0.19310526315789475,0.48450000000000004,0.3388026315789474
M9725,1e-05,1e-05,0.25,0.5,0.08,0.015234,0.1292,nSEG,2,LIDAR,0.0037660000000000003,0.0708,0.1982105263157895,0.354,0.27610526315789474
M9726,1e-05,1e-05,0.5,-0.5,0.03,0.01533,0.105,nSEG,2,LIDAR,0.0036699999999999997,0.09500000000000001,0.19315789473684208,0.47500000000000003,0.33407894736842103
M9727,1e-05,1e-05,0.5,-0.5,0.035,0.0153,0.113,nSEG,2,LIDAR,0.0037,0.08700000000000001,0.19473684210526318,0.435,0.3148684210526316
M9728,1e-05,1e-05,0.5,-0.5,0.04,0.015273,0.1205,nSEG,2,LIDAR,0.0037269999999999994,0.07950000000000002,0.1961578947368421,0.3975000000000001,0.2968289473684211
M9729,1e-05,1e-05,0.5,-0.5,0.05,0.015222,0.1344,nSEG,2,LIDAR,0.003778,0.06560000000000002,0.1988421052631579,0.32800000000000007,0.263421052631579
M9730,1e-05,1e-05,0.5,-0.5,0.08,0.015091,0.1697,nSEG,2,LIDAR,0.003908999999999999,0.03030000000000002,0.20573684210526313,0.1515000000000001,0.17861842105263162
M9731,1e-05,1e-05,0.5,-0.25,0.03,0.015361,0.09546,nSEG,2,LIDAR,0.003639,0.10454000000000001,0.19152631578947368,0.5227,0.35711315789473685
M9732,1e-05,1e-05,0.5,-0.25,0.035,0.015337,0.1026,nSEG,2,LIDAR,0.0036629999999999996,0.09740000000000001,0.1927894736842105,0.48700000000000004,0.33989473684210525
M9733,1e-05,1e-05,0.5,-0.25,0.04,0.015312,0.1093,nSEG,2,LIDAR,0.0036880000000000003,0.09070000000000002,0.19410526315789475,0.45350000000000007,0.3238026315789474
M9734,1e-05,1e-05,0.5,-0.25,0.05,0.015267,0.1217,nSEG,2,LIDAR,0.003733,0.07830000000000001,0.19647368421052633,0.3915,0.29398684210526316
M9735,1e-05,1e-05,0.5,-0.25,0.08,0.01515,0.1533,nSEG,2,LIDAR,0.0038499999999999993,0.04670000000000002,0.20263157894736838,0.2335000000000001,0.21806578947368424
M9736,1e-05,1e-05,0.5,0.0,0.03,0.015381,0.08932,nSEG,2,LIDAR,0.003618999999999999,0.11068000000000001,0.19047368421052627,0.5534,0.3719368421052631
M9737,1e-05,1e-05,0.5,0.0,0.035,0.015359,0.09591,nSEG,2,LIDAR,0.003641,0.10409000000000002,0.19163157894736843,0.5204500000000001,0.3560407894736842
M9738,1e-05,1e-05,0.5,0.0,0.04,0.015337,0.1021,nSEG,2,LIDAR,0.0036629999999999996,0.09790000000000001,0.1927894736842105,0.48950000000000005,0.3411447368421053
M9739,1e-05,1e-05,0.5,0.0,0.05,0.015295,0.1135,nSEG,2,LIDAR,0.003705,0.08650000000000001,0.195,0.4325,0.31375
M9740,1e-05,1e-05,0.5,0.0,0.08,0.015187,0.1428,nSEG,2,LIDAR,0.0038129999999999987,0.0572,0.20068421052631571,0.286,0.24334210526315786
M9741,1e-05,1e-05,0.5,0.25,0.03,0.015396,0.08489,nSEG,2,LIDAR,0.0036039999999999996,0.11511000000000002,0.18968421052631576,0.57555,0.3826171052631579
M9742,1e-05,1e-05,0.5,0.25,0.035,0.015374,0.09108,nSEG,2,LIDAR,0.003625999999999999,0.10892000000000002,0.19084210526315784,0.5446000000000001,0.36772105263157895
M9743,1e-05,1e-05,0.5,0.25,0.04,0.015356,0.0969,nSEG,2,LIDAR,0.0036439999999999997,0.10310000000000001,0.1917894736842105,0.5155000000000001,0.3536447368421053
M9744,1e-05,1e-05,0.5,0.25,0.05,0.015316,0.1076,nSEG,2,LIDAR,0.0036839999999999998,0.09240000000000001,0.19389473684210526,0.462,0.32794736842105265
M9745,1e-05,1e-05,0.5,0.25,0.08,0.015214,0.1351,nSEG,2,LIDAR,0.0037859999999999994,0.06490000000000001,0.1992631578947368,0.32450000000000007,0.2618815789473684
M9746,1e-05,1e-05,0.5,0.5,0.03,0.015407,0.08148,nSEG,2,LIDAR,0.003592999999999999,0.11852000000000001,0.1891052631578947,0.5926,0.39085263157894734
M9747,1e-05,1e-05,0.5,0.5,0.035,0.015386,0.08735,nSEG,2,LIDAR,0.003613999999999999,0.11265000000000001,0.19021052631578944,0.56325,0.3767302631578947
M9748,1e-05,1e-05,0.5,0.5,0.04,0.015367,0.09288,nSEG,2,LIDAR,0.003632999999999999,0.10712,0.19121052631578944,0.5356,0.3634052631578947
M9749,1e-05,1e-05,0.5,0.5,0.05,0.015332,0.1031,nSEG,2,LIDAR,0.0036679999999999994,0.09690000000000001,0.19305263157894734,0.48450000000000004,0.3387763157894737
M9750,1e-05,1e-05,0.5,0.5,0.08,0.015235,0.1292,nSEG,2,LIDAR,0.0037649999999999993,0.0708,0.19815789473684206,0.354,0.27607894736842103
M9751,1e-05,5.5e-05,-0.5,-0.5,0.03,0.055892,0.2009,nSEG,2,LIDAR,-0.036891999999999994,-0.0008999999999999841,1.9416842105263155,0.004499999999999921,0.9730921052631577
M9752,1e-05,5.5e-05,-0.5,-0.5,0.035,0.055805,0.2175,nSEG,2,LIDAR,-0.036805000000000004,-0.017499999999999988,1.937105263157895,0.08749999999999994,1.0123026315789476
M9753,1e-05,5.5e-05,-0.5,-0.5,0.04,0.055722,0.233,nSEG,2,LIDAR,-0.036722000000000005,-0.033,1.9327368421052635,0.165,1.0488684210526318
M9754,1e-05,5.5e-05,-0.5,-0.5,0.05,0.055537,0.2614,nSEG,2,LIDAR,-0.036537,-0.06140000000000001,1.923,0.30700000000000005,1.115
M9755,1e-05,5.5e-05,-0.5,-0.5,0.08,0.055093,0.3326,nSEG,2,LIDAR,-0.036093,-0.1326,1.8996315789473686,0.6629999999999999,1.2813157894736842
M9756,1e-05,5.5e-05,-0.5,-0.25,0.03,0.055997,0.1812,nSEG,2,LIDAR,-0.036997,0.01880000000000001,1.9472105263157897,0.09400000000000006,1.0206052631578948
M9757,1e-05,5.5e-05,-0.5,-0.25,0.035,0.055917,0.196,nSEG,2,LIDAR,-0.036917000000000005,0.0040000000000000036,1.9430000000000003,0.020000000000000018,0.9815000000000002
M9758,1e-05,5.5e-05,-0.5,-0.25,0.04,0.055844,0.2099,nSEG,2,LIDAR,-0.036844,-0.009899999999999992,1.9391578947368422,0.04949999999999996,0.994328947368421
M9759,1e-05,5.5e-05,-0.5,-0.25,0.05,0.055707,0.2355,nSEG,2,LIDAR,-0.036707000000000004,-0.035499999999999976,1.9319473684210529,0.17749999999999988,1.0547236842105263
M9760,1e-05,5.5e-05,-0.5,-0.25,0.08,0.055297,0.2998,nSEG,2,LIDAR,-0.036296999999999996,-0.0998,1.9103684210526315,0.499,1.2046842105263158
M9761,1e-05,5.5e-05,-0.5,0.0,0.03,0.05606,0.1684,nSEG,2,LIDAR,-0.037059999999999996,0.03160000000000002,1.9505263157894734,0.15800000000000008,1.0542631578947368
M9762,1e-05,5.5e-05,-0.5,0.0,0.035,0.055991,0.1821,nSEG,2,LIDAR,-0.036990999999999996,0.0179,1.946894736842105,0.0895,1.0181973684210526
M9763,1e-05,5.5e-05,-0.5,0.0,0.04,0.055922,0.195,nSEG,2,LIDAR,-0.036921999999999996,0.0050000000000000044,1.9432631578947368,0.025000000000000022,0.9841315789473684
M9764,1e-05,5.5e-05,-0.5,0.0,0.05,0.055796,0.2186,nSEG,2,LIDAR,-0.036795999999999995,-0.018599999999999978,1.9366315789473683,0.09299999999999989,1.014815789473684
M9765,1e-05,5.5e-05,-0.5,0.0,0.08,0.055433,0.2785,nSEG,2,LIDAR,-0.03643300000000001,-0.07850000000000001,1.9175263157894742,0.39250000000000007,1.1550131578947371
M9766,1e-05,5.5e-05,-0.5,0.25,0.03,0.056103,0.1591,nSEG,2,LIDAR,-0.037103,0.04090000000000002,1.9527894736842104,0.2045000000000001,1.0786447368421053
M9767,1e-05,5.5e-05,-0.5,0.25,0.035,0.056041,0.172,nSEG,2,LIDAR,-0.037041000000000004,0.028000000000000025,1.949526315789474,0.14000000000000012,1.044763157894737
M9768,1e-05,5.5e-05,-0.5,0.25,0.04,0.055979,0.1842,nSEG,2,LIDAR,-0.036979,0.01580000000000001,1.9462631578947367,0.07900000000000004,1.0126315789473683
M9769,1e-05,5.5e-05,-0.5,0.25,0.05,0.055859,0.2064,nSEG,2,LIDAR,-0.036859,-0.006399999999999989,1.9399473684210529,0.031999999999999945,0.9859736842105264
M9770,1e-05,5.5e-05,-0.5,0.25,0.08,0.055523,0.2629,nSEG,2,LIDAR,-0.036523,-0.06290000000000001,1.922263157894737,0.31450000000000006,1.1183815789473686
M9771,1e-05,5.5e-05,-0.5,0.5,0.03,0.056136,0.152,nSEG,2,LIDAR,-0.037136,0.048000000000000015,1.954526315789474,0.24000000000000007,1.097263157894737
M9772,1e-05,5.5e-05,-0.5,0.5,0.035,0.056077,0.1643,nSEG,2,LIDAR,-0.037077,0.03570000000000001,1.951421052631579,0.17850000000000005,1.0649605263157895
M9773,1e-05,5.5e-05,-0.5,0.5,0.04,0.056022,0.1758,nSEG,2,LIDAR,-0.037022,0.0242,1.9485263157894737,0.121,1.0347631578947367
M9774,1e-05,5.5e-05,-0.5,0.5,0.05,0.055909,0.197,nSEG,2,LIDAR,-0.036909,0.0030000000000000027,1.942578947368421,0.015000000000000013,0.9787894736842104
M9775,1e-05,5.5e-05,-0.5,0.5,0.08,0.055621,0.251,nSEG,2,LIDAR,-0.036621,-0.05099999999999999,1.9274210526315791,0.25499999999999995,1.0912105263157896
M9776,1e-05,5.5e-05,-0.25,-0.5,0.03,0.055894,0.2009,nSEG,2,LIDAR,-0.036893999999999996,-0.0008999999999999841,1.9417894736842103,0.004499999999999921,0.9731447368421051
M9777,1e-05,5.5e-05,-0.25,-0.5,0.035,0.055806,0.2175,nSEG,2,LIDAR,-0.036806000000000005,-0.017499999999999988,1.9371578947368424,0.08749999999999994,1.0123289473684212
M9778,1e-05,5.5e-05,-0.25,-0.5,0.04,0.055724,0.233,nSEG,2,LIDAR,-0.03672400000000001,-0.033,1.9328421052631584,0.165,1.048921052631579
M9779,1e-05,5.5e-05,-0.25,-0.5,0.05,0.055539,0.2614,nSEG,2,LIDAR,-0.036539,-0.06140000000000001,1.9231052631578949,0.30700000000000005,1.1150526315789475
M9780,1e-05,5.5e-05,-0.25,-0.5,0.08,0.055096,0.3326,nSEG,2,LIDAR,-0.036096,-0.1326,1.8997894736842107,0.6629999999999999,1.2813947368421053
M9781,1e-05,5.5e-05,-0.25,-0.25,0.03,0.055998,0.1812,nSEG,2,LIDAR,-0.036998,0.01880000000000001,1.947263157894737,0.09400000000000006,1.0206315789473686
M9782,1e-05,5.5e-05,-0.25,-0.25,0.035,0.055919,0.196,nSEG,2,LIDAR,-0.03691900000000001,0.0040000000000000036,1.9431052631578951,0.020000000000000018,0.9815526315789476
M9783,1e-05,5.5e-05,-0.25,-0.25,0.04,0.055846,0.2099,nSEG,2,LIDAR,-0.036846000000000004,-0.009899999999999992,1.939263157894737,0.04949999999999996,0.9943815789473684
M9784,1e-05,5.5e-05,-0.25,-0.25,0.05,0.055709,0.2355,nSEG,2,LIDAR,-0.036709000000000006,-0.035499999999999976,1.9320526315789477,0.17749999999999988,1.0547763157894738
M9785,1e-05,5.5e-05,-0.25,-0.25,0.08,0.0553,0.2998,nSEG,2,LIDAR,-0.0363,-0.0998,1.9105263157894736,0.499,1.2047631578947369
M9786,1e-05,5.5e-05,-0.25,0.0,0.03,0.056061,0.1684,nSEG,2,LIDAR,-0.037061,0.03160000000000002,1.950578947368421,0.15800000000000008,1.0542894736842106
M9787,1e-05,5.5e-05,-0.25,0.0,0.035,0.055992,0.1821,nSEG,2,LIDAR,-0.036992,0.0179,1.9469473684210525,0.0895,1.0182236842105263
M9788,1e-05,5.5e-05,-0.25,0.0,0.04,0.055923,0.195,nSEG,2,LIDAR,-0.036923,0.0050000000000000044,1.943315789473684,0.025000000000000022,0.9841578947368421
M9789,1e-05,5.5e-05,-0.25,0.0,0.05,0.055797,0.2186,nSEG,2,LIDAR,-0.036796999999999996,-0.018599999999999978,1.9366842105263156,0.09299999999999989,1.0148421052631578
M9790,1e-05,5.5e-05,-0.25,0.0,0.08,0.055435,0.2785,nSEG,2,LIDAR,-0.036434999999999995,-0.07850000000000001,1.9176315789473681,0.39250000000000007,1.1550657894736842
M9791,1e-05,5.5e-05,-0.25,0.25,0.03,0.056104,0.1591,nSEG,2,LIDAR,-0.037104,0.04090000000000002,1.952842105263158,0.2045000000000001,1.078671052631579
M9792,1e-05,5.5e-05,-0.25,0.25,0.035,0.056043,0.172,nSEG,2,LIDAR,-0.037043000000000006,0.028000000000000025,1.9496315789473688,0.14000000000000012,1.0448157894736845
M9793,1e-05,5.5e-05,-0.25,0.25,0.04,0.055981,0.1842,nSEG,2,LIDAR,-0.036981,0.01580000000000001,1.9463684210526315,0.07900000000000004,1.0126842105263159
M9794,1e-05,5.5e-05,-0.25,0.25,0.05,0.055861,0.2064,nSEG,2,LIDAR,-0.036861000000000005,-0.006399999999999989,1.9400526315789477,0.031999999999999945,0.9860263157894739
M9795,1e-05,5.5e-05,-0.25,0.25,0.08,0.055525,0.2629,nSEG,2,LIDAR,-0.036525,-0.06290000000000001,1.9223684210526317,0.31450000000000006,1.1184342105263159
M9796,1e-05,5.5e-05,-0.25,0.5,0.03,0.056137,0.152,nSEG,2,LIDAR,-0.037137,0.048000000000000015,1.9545789473684212,0.24000000000000007,1.0972894736842107
M9797,1e-05,5.5e-05,-0.25,0.5,0.035,0.056079,0.1643,nSEG,2,LIDAR,-0.037079,0.03570000000000001,1.9515263157894738,0.17850000000000005,1.0650131578947368
M9798,1e-05,5.5e-05,-0.25,0.5,0.04,0.056023,0.1758,nSEG,2,LIDAR,-0.037023,0.0242,1.9485789473684212,0.121,1.0347894736842105
M9799,1e-05,5.5e-05,-0.25,0.5,0.05,0.055911,0.197,nSEG,2,LIDAR,-0.036911,0.0030000000000000027,1.9426842105263158,0.015000000000000013,0.978842105263158
M9800,1e-05,5.5e-05,-0.25,0.5,0.08,0.055624,0.251,nSEG,2,LIDAR,-0.036624000000000004,-0.05099999999999999,1.9275789473684213,0.25499999999999995,1.0912894736842107
M9801,1e-05,5.5e-05,0.0,-0.5,0.03,0.055895,0.2009,nSEG,2,LIDAR,-0.036895,-0.0008999999999999841,1.9418421052631578,0.004499999999999921,0.9731710526315789
M9802,1e-05,5.5e-05,0.0,-0.5,0.035,0.055807,0.2175,nSEG,2,LIDAR,-0.036807000000000006,-0.017499999999999988,1.93721052631579,0.08749999999999994,1.012355263157895
M9803,1e-05,5.5e-05,0.0,-0.5,0.04,0.055725,0.233,nSEG,2,LIDAR,-0.036724999999999994,-0.033,1.932894736842105,0.165,1.0489473684210524
M9804,1e-05,5.5e-05,0.0,-0.5,0.05,0.05554,0.2614,nSEG,2,LIDAR,-0.03654,-0.06140000000000001,1.9231578947368424,0.30700000000000005,1.1150789473684213
M9805,1e-05,5.5e-05,0.0,-0.5,0.08,0.055097,0.3326,nSEG,2,LIDAR,-0.036097000000000004,-0.1326,1.8998421052631582,0.6629999999999999,1.281421052631579
M9806,1e-05,5.5e-05,0.0,-0.25,0.03,0.055999,0.1812,nSEG,2,LIDAR,-0.036999000000000004,0.01880000000000001,1.9473157894736846,0.09400000000000006,1.0206578947368423
M9807,1e-05,5.5e-05,0.0,-0.25,0.035,0.05592,0.196,nSEG,2,LIDAR,-0.036919999999999994,0.0040000000000000036,1.943157894736842,0.020000000000000018,0.981578947368421
M9808,1e-05,5.5e-05,0.0,-0.25,0.04,0.055847,0.2099,nSEG,2,LIDAR,-0.036847000000000005,-0.009899999999999992,1.9393157894736845,0.04949999999999996,0.9944078947368422
M9809,1e-05,5.5e-05,0.0,-0.25,0.05,0.05571,0.2355,nSEG,2,LIDAR,-0.036710000000000007,-0.035499999999999976,1.9321052631578952,0.17749999999999988,1.0548026315789476
M9810,1e-05,5.5e-05,0.0,-0.25,0.08,0.055301,0.2998,nSEG,2,LIDAR,-0.036301,-0.0998,1.9105789473684212,0.499,1.2047894736842106
M9811,1e-05,5.5e-05,0.0,0.0,0.03,0.056062,0.1684,nSEG,2,LIDAR,-0.037062,0.03160000000000002,1.9506315789473683,0.15800000000000008,1.054315789473684
M9812,1e-05,5.5e-05,0.0,0.0,0.035,0.055993,0.1821,nSEG,2,LIDAR,-0.036993,0.0179,1.9469999999999998,0.0895,1.0182499999999999
M9813,1e-05,5.5e-05,0.0,0.0,0.04,0.055924,0.195,nSEG,2,LIDAR,-0.036924,0.0050000000000000044,1.9433684210526316,0.025000000000000022,0.9841842105263159
M9814,1e-05,5.5e-05,0.0,0.0,0.05,0.055799,0.2186,nSEG,2,LIDAR,-0.036799,-0.018599999999999978,1.9367894736842104,0.09299999999999989,1.014894736842105
M9815,1e-05,5.5e-05,0.0,0.0,0.08,0.055437,0.2785,nSEG,2,LIDAR,-0.036437,-0.07850000000000001,1.917736842105263,0.39250000000000007,1.1551184210526315
M9816,1e-05,5.5e-05,0.0,0.25,0.03,0.056105,0.1591,nSEG,2,LIDAR,-0.037105,0.04090000000000002,1.9528947368421052,0.2045000000000001,1.0786973684210526
M9817,1e-05,5.5e-05,0.0,0.25,0.035,0.056044,0.1721,nSEG,2,LIDAR,-0.037043999999999994,0.027900000000000008,1.9496842105263155,0.13950000000000004,1.0445921052631577
M9818,1e-05,5.5e-05,0.0,0.25,0.04,0.055982,0.1842,nSEG,2,LIDAR,-0.036982,0.01580000000000001,1.946421052631579,0.07900000000000004,1.0127105263157896
M9819,1e-05,5.5e-05,0.0,0.25,0.05,0.055863,0.2064,nSEG,2,LIDAR,-0.03686300000000001,-0.006399999999999989,1.9401578947368425,0.031999999999999945,0.9860789473684213
M9820,1e-05,5.5e-05,0.0,0.25,0.08,0.055526,0.263,nSEG,2,LIDAR,-0.036526,-0.063,1.9224210526315793,0.315,1.1187105263157897
M9821,1e-05,5.5e-05,0.0,0.5,0.03,0.056138,0.152,nSEG,2,LIDAR,-0.037138000000000004,0.048000000000000015,1.9546315789473687,0.24000000000000007,1.0973157894736845
M9822,1e-05,5.5e-05,0.0,0.5,0.035,0.05608,0.1643,nSEG,2,LIDAR,-0.03708,0.03570000000000001,1.9515789473684213,0.17850000000000005,1.0650394736842106
M9823,1e-05,5.5e-05,0.0,0.5,0.04,0.056024,0.1758,nSEG,2,LIDAR,-0.037024,0.0242,1.9486315789473685,0.121,1.0348157894736842
M9824,1e-05,5.5e-05,0.0,0.5,0.05,0.055912,0.197,nSEG,2,LIDAR,-0.036912,0.0030000000000000027,1.9427368421052633,0.015000000000000013,0.9788684210526317
M9825,1e-05,5.5e-05,0.0,0.5,0.08,0.055625,0.251,nSEG,2,LIDAR,-0.036625000000000005,-0.05099999999999999,1.9276315789473688,0.25499999999999995,1.0913157894736845
M9826,1e-05,5.5e-05,0.25,-0.5,0.03,0.055895,0.2009,nSEG,2,LIDAR,-0.036895,-0.0008999999999999841,1.9418421052631578,0.004499999999999921,0.9731710526315789
M9827,1e-05,5.5e-05,0.25,-0.5,0.035,0.055808,0.2175,nSEG,2,LIDAR,-0.03680800000000001,-0.017499999999999988,1.9372631578947372,0.08749999999999994,1.0123815789473687
M9828,1e-05,5.5e-05,0.25,-0.5,0.04,0.055725,0.233,nSEG,2,LIDAR,-0.036724999999999994,-0.033,1.932894736842105,0.165,1.0489473684210524
M9829,1e-05,5.5e-05,0.25,-0.5,0.05,0.055541,0.2614,nSEG,2,LIDAR,-0.036541000000000004,-0.06140000000000001,1.9232105263157897,0.30700000000000005,1.1151052631578948
M9830,1e-05,5.5e-05,0.25,-0.5,0.08,0.055098,0.3326,nSEG,2,LIDAR,-0.036098000000000005,-0.1326,1.8998947368421055,0.6629999999999999,1.2814473684210528
M9831,1e-05,5.5e-05,0.25,-0.25,0.03,0.056,0.1812,nSEG,2,LIDAR,-0.037000000000000005,0.01880000000000001,1.9473684210526319,0.09400000000000006,1.0206842105263159
M9832,1e-05,5.5e-05,0.25,-0.25,0.035,0.05592,0.196,nSEG,2,LIDAR,-0.036919999999999994,0.0040000000000000036,1.943157894736842,0.020000000000000018,0.981578947368421
M9833,1e-05,5.5e-05,0.25,-0.25,0.04,0.055847,0.2099,nSEG,2,LIDAR,-0.036847000000000005,-0.009899999999999992,1.9393157894736845,0.04949999999999996,0.9944078947368422
M9834,1e-05,5.5e-05,0.25,-0.25,0.05,0.055711,0.2355,nSEG,2,LIDAR,-0.036710999999999994,-0.035499999999999976,1.9321578947368419,0.17749999999999988,1.054828947368421
M9835,1e-05,5.5e-05,0.25,-0.25,0.08,0.055302,0.2998,nSEG,2,LIDAR,-0.036302,-0.0998,1.9106315789473685,0.499,1.2048157894736842
M9836,1e-05,5.5e-05,0.25,0.0,0.03,0.056062,0.1684,nSEG,2,LIDAR,-0.037062,0.03160000000000002,1.9506315789473683,0.15800000000000008,1.054315789473684
M9837,1e-05,5.5e-05,0.25,0.0,0.035,0.055994,0.1821,nSEG,2,LIDAR,-0.036994,0.0179,1.9470526315789474,0.0895,1.0182763157894736
M9838,1e-05,5.5e-05,0.25,0.0,0.04,0.055925,0.195,nSEG,2,LIDAR,-0.036925,0.0050000000000000044,1.943421052631579,0.025000000000000022,0.9842105263157894
M9839,1e-05,5.5e-05,0.25,0.0,0.05,0.055799,0.2187,nSEG,2,LIDAR,-0.036799,-0.018699999999999994,1.9367894736842104,0.09349999999999997,1.0151447368421052
M9840,1e-05,5.5e-05,0.25,0.0,0.08,0.055438,0.2785,nSEG,2,LIDAR,-0.036438,-0.07850000000000001,1.9177894736842105,0.39250000000000007,1.1551447368421053
M9841,1e-05,5.5e-05,0.25,0.25,0.03,0.056105,0.1591,nSEG,2,LIDAR,-0.037105,0.04090000000000002,1.9528947368421052,0.2045000000000001,1.0786973684210526
M9842,1e-05,5.5e-05,0.25,0.25,0.035,0.056044,0.1721,nSEG,2,LIDAR,-0.037043999999999994,0.027900000000000008,1.9496842105263155,0.13950000000000004,1.0445921052631577
M9843,1e-05,5.5e-05,0.25,0.25,0.04,0.055982,0.1842,nSEG,2,LIDAR,-0.036982,0.01580000000000001,1.946421052631579,0.07900000000000004,1.0127105263157896
M9844,1e-05,5.5e-05,0.25,0.25,0.05,0.055863,0.2064,nSEG,2,LIDAR,-0.03686300000000001,-0.006399999999999989,1.9401578947368425,0.031999999999999945,0.9860789473684213
M9845,1e-05,5.5e-05,0.25,0.25,0.08,0.055528,0.263,nSEG,2,LIDAR,-0.036528000000000005,-0.063,1.922526315789474,0.315,1.118763157894737
M9846,1e-05,5.5e-05,0.25,0.5,0.03,0.056139,0.152,nSEG,2,LIDAR,-0.037139000000000005,0.048000000000000015,1.954684210526316,0.24000000000000007,1.097342105263158
M9847,1e-05,5.5e-05,0.25,0.5,0.035,0.056081,0.1643,nSEG,2,LIDAR,-0.037081,0.03570000000000001,1.9516315789473686,0.17850000000000005,1.0650657894736844
M9848,1e-05,5.5e-05,0.25,0.5,0.04,0.056025,0.1758,nSEG,2,LIDAR,-0.037025,0.0242,1.948684210526316,0.121,1.034842105263158
M9849,1e-05,5.5e-05,0.25,0.5,0.05,0.055913,0.197,nSEG,2,LIDAR,-0.036913,0.0030000000000000027,1.9427894736842106,0.015000000000000013,0.9788947368421053
M9850,1e-05,5.5e-05,0.25,0.5,0.08,0.055626,0.251,nSEG,2,LIDAR,-0.036626000000000006,-0.05099999999999999,1.927684210526316,0.25499999999999995,1.091342105263158
M9851,1e-05,5.5e-05,0.5,-0.5,0.03,0.055896,0.2009,nSEG,2,LIDAR,-0.036896,-0.0008999999999999841,1.9418947368421051,0.004499999999999921,0.9731973684210525
M9852,1e-05,5.5e-05,0.5,-0.5,0.035,0.055808,0.2175,nSEG,2,LIDAR,-0.03680800000000001,-0.017499999999999988,1.9372631578947372,0.08749999999999994,1.0123815789473687
M9853,1e-05,5.5e-05,0.5,-0.5,0.04,0.055726,0.233,nSEG,2,LIDAR,-0.036725999999999995,-0.033,1.9329473684210523,0.165,1.0489736842105262
M9854,1e-05,5.5e-05,0.5,-0.5,0.05,0.055541,0.2614,nSEG,2,LIDAR,-0.036541000000000004,-0.06140000000000001,1.9232105263157897,0.30700000000000005,1.1151052631578948
M9855,1e-05,5.5e-05,0.5,-0.5,0.08,0.055099,0.3326,nSEG,2,LIDAR,-0.036099000000000006,-0.1326,1.899947368421053,0.6629999999999999,1.2814736842105265
M9856,1e-05,5.5e-05,0.5,-0.25,0.03,0.056,0.1812,nSEG,2,LIDAR,-0.037000000000000005,0.01880000000000001,1.9473684210526319,0.09400000000000006,1.0206842105263159
M9857,1e-05,5.5e-05,0.5,-0.25,0.035,0.055921,0.196,nSEG,2,LIDAR,-0.036920999999999995,0.0040000000000000036,1.9432105263157893,0.020000000000000018,0.9816052631578946
M9858,1e-05,5.5e-05,0.5,-0.25,0.04,0.055848,0.2099,nSEG,2,LIDAR,-0.036848000000000006,-0.009899999999999992,1.9393684210526319,0.04949999999999996,0.9944342105263159
M9859,1e-05,5.5e-05,0.5,-0.25,0.05,0.055711,0.2355,nSEG,2,LIDAR,-0.036710999999999994,-0.035499999999999976,1.9321578947368419,0.17749999999999988,1.054828947368421
M9860,1e-05,5.5e-05,0.5,-0.25,0.08,0.055303,0.2998,nSEG,2,LIDAR,-0.036303,-0.0998,1.910684210526316,0.499,1.204842105263158
M9861,1e-05,5.5e-05,0.5,0.0,0.03,0.056063,0.1684,nSEG,2,LIDAR,-0.037063,0.03160000000000002,1.9506842105263158,0.15800000000000008,1.0543421052631579
M9862,1e-05,5.5e-05,0.5,0.0,0.035,0.055994,0.1821,nSEG,2,LIDAR,-0.036994,0.0179,1.9470526315789474,0.0895,1.0182763157894736
M9863,1e-05,5.5e-05,0.5,0.0,0.04,0.055926,0.195,nSEG,2,LIDAR,-0.036926,0.0050000000000000044,1.9434736842105265,0.025000000000000022,0.9842368421052632
M9864,1e-05,5.5e-05,0.5,0.0,0.05,0.0558,0.2187,nSEG,2,LIDAR,-0.0368,-0.018699999999999994,1.936842105263158,0.09349999999999997,1.015171052631579
M9865,1e-05,5.5e-05,0.5,0.0,0.08,0.055439,0.2785,nSEG,2,LIDAR,-0.036439,-0.07850000000000001,1.9178421052631578,0.39250000000000007,1.1551710526315788
M9866,1e-05,5.5e-05,0.5,0.25,0.03,0.056106,0.1591,nSEG,2,LIDAR,-0.037106,0.04090000000000002,1.9529473684210528,0.2045000000000001,1.0787236842105263
M9867,1e-05,5.5e-05,0.5,0.25,0.035,0.056045,0.1721,nSEG,2,LIDAR,-0.037044999999999995,0.027900000000000008,1.949736842105263,0.13950000000000004,1.0446184210526315
M9868,1e-05,5.5e-05,0.5,0.25,0.04,0.055983,0.1842,nSEG,2,LIDAR,-0.036983,0.01580000000000001,1.9464736842105266,0.07900000000000004,1.0127368421052634
M9869,1e-05,5.5e-05,0.5,0.25,0.05,0.055864,0.2064,nSEG,2,LIDAR,-0.036863999999999994,-0.006399999999999989,1.9402105263157892,0.031999999999999945,0.9861052631578946
M9870,1e-05,5.5e-05,0.5,0.25,0.08,0.055528,0.263,nSEG,2,LIDAR,-0.036528000000000005,-0.063,1.922526315789474,0.315,1.118763157894737
M9871,1e-05,5.5e-05,0.5,0.5,0.03,0.056139,0.152,nSEG,2,LIDAR,-0.037139000000000005,0.048000000000000015,1.954684210526316,0.24000000000000007,1.097342105263158
M9872,1e-05,5.5e-05,0.5,0.5,0.035,0.056081,0.1643,nSEG,2,LIDAR,-0.037081,0.03570000000000001,1.9516315789473686,0.17850000000000005,1.0650657894736844
M9873,1e-05,5.5e-05,0.5,0.5,0.04,0.056026,0.1758,nSEG,2,LIDAR,-0.037026,0.0242,1.9487368421052633,0.121,1.0348684210526318
M9874,1e-05,5.5e-05,0.5,0.5,0.05,0.055913,0.197,nSEG,2,LIDAR,-0.036913,0.0030000000000000027,1.9427894736842106,0.015000000000000013,0.9788947368421053
M9875,1e-05,5.5e-05,0.5,0.5,0.08,0.055627,0.251,nSEG,2,LIDAR,-0.03662700000000001,-0.05099999999999999,1.9277368421052636,0.25499999999999995,1.0913684210526318
M9876,1e-05,0.0001,-0.5,-0.5,0.03,0.083734,0.248,nSEG,2,LIDAR,-0.064734,-0.04799999999999999,3.4070526315789476,0.23999999999999994,1.8235263157894737
M9877,1e-05,0.0001,-0.5,-0.5,0.035,0.08375,0.2689,nSEG,2,LIDAR,-0.06475,-0.06889999999999996,3.4078947368421053,0.3444999999999998,1.8761973684210527
M9878,1e-05,0.0001,-0.5,-0.5,0.04,0.083763,0.2883,nSEG,2,LIDAR,-0.064763,-0.08829999999999999,3.4085789473684214,0.44149999999999995,1.9250394736842107
M9879,1e-05,0.0001,-0.5,-0.5,0.05,0.08371,0.3238,nSEG,2,LIDAR,-0.06471,-0.12379999999999997,3.405789473684211,0.6189999999999998,2.012394736842105
M9880,1e-05,0.0001,-0.5,-0.5,0.08,0.083571,0.413,nSEG,2,LIDAR,-0.064571,-0.21299999999999997,3.3984736842105265,1.0649999999999997,2.231736842105263
M9881,1e-05,0.0001,-0.5,-0.25,0.03,0.083714,0.2231,nSEG,2,LIDAR,-0.064714,-0.02309999999999998,3.4059999999999997,0.11549999999999991,1.7607499999999998
M9882,1e-05,0.0001,-0.5,-0.25,0.035,0.083727,0.2418,nSEG,2,LIDAR,-0.06472699999999999,-0.041799999999999976,3.4066842105263153,0.20899999999999988,1.8078421052631577
M9883,1e-05,0.0001,-0.5,-0.25,0.04,0.08374,0.2593,nSEG,2,LIDAR,-0.06473999999999999,-0.059299999999999964,3.4073684210526314,0.2964999999999998,1.8519342105263157
M9884,1e-05,0.0001,-0.5,-0.25,0.05,0.083763,0.2914,nSEG,2,LIDAR,-0.064763,-0.09139999999999998,3.4085789473684214,0.4569999999999999,1.9327894736842106
M9885,1e-05,0.0001,-0.5,-0.25,0.08,0.083655,0.372,nSEG,2,LIDAR,-0.06465499999999999,-0.172,3.402894736842105,0.8599999999999999,2.1314473684210524
M9886,1e-05,0.0001,-0.5,0.0,0.03,0.083703,0.207,nSEG,2,LIDAR,-0.064703,-0.0069999999999999785,3.4054210526315787,0.03499999999999989,1.7202105263157892
M9887,1e-05,0.0001,-0.5,0.0,0.035,0.083714,0.2243,nSEG,2,LIDAR,-0.064714,-0.02429999999999999,3.4059999999999997,0.12149999999999994,1.76375
M9888,1e-05,0.0001,-0.5,0.0,0.04,0.083725,0.2405,nSEG,2,LIDAR,-0.06472499999999999,-0.04049999999999998,3.4065789473684207,0.2024999999999999,1.8045394736842102
M9889,1e-05,0.0001,-0.5,0.0,0.05,0.083748,0.2703,nSEG,2,LIDAR,-0.064748,-0.07029999999999997,3.4077894736842107,0.35149999999999987,1.8796447368421052
M9890,1e-05,0.0001,-0.5,0.0,0.08,0.083687,0.3453,nSEG,2,LIDAR,-0.064687,-0.14529999999999998,3.404578947368421,0.7264999999999999,2.0655394736842103
M9891,1e-05,0.0001,-0.5,0.25,0.03,0.083693,0.1954,nSEG,2,LIDAR,-0.064693,0.004600000000000021,3.404894736842105,0.023000000000000104,1.7139473684210527
M9892,1e-05,0.0001,-0.5,0.25,0.035,0.083705,0.2116,nSEG,2,LIDAR,-0.064705,-0.0116,3.4055263157894737,0.057999999999999996,1.7317631578947368
M9893,1e-05,0.0001,-0.5,0.25,0.04,0.08373,0.2269,nSEG,2,LIDAR,-0.06473,-0.02689999999999998,3.406842105263158,0.1344999999999999,1.770671052631579
M9894,1e-05,0.0001,-0.5,0.25,0.05,0.083735,0.255,nSEG,2,LIDAR,-0.064735,-0.05499999999999999,3.407105263157895,0.27499999999999997,1.8410526315789475
M9895,1e-05,0.0001,-0.5,0.25,0.08,0.083705,0.3258,nSEG,2,LIDAR,-0.064705,-0.12579999999999997,3.4055263157894737,0.6289999999999998,2.0172631578947366
M9896,1e-05,0.0001,-0.5,0.5,0.03,0.083695,0.1864,nSEG,2,LIDAR,-0.064695,0.013600000000000001,3.4050000000000002,0.068,1.7365000000000002
M9897,1e-05,0.0001,-0.5,0.5,0.035,0.083698,0.2018,nSEG,2,LIDAR,-0.06469799999999999,-0.001799999999999996,3.405157894736842,0.00899999999999998,1.707078947368421
M9898,1e-05,0.0001,-0.5,0.5,0.04,0.083708,0.2164,nSEG,2,LIDAR,-0.064708,-0.016399999999999998,3.405684210526316,0.08199999999999999,1.7438421052631579
M9899,1e-05,0.0001,-0.5,0.5,0.05,0.083725,0.2431,nSEG,2,LIDAR,-0.06472499999999999,-0.0431,3.4065789473684207,0.2155,1.8110394736842104
M9900,1e-05,0.0001,-0.5,0.5,0.08,0.083713,0.3107,nSEG,2,LIDAR,-0.06471299999999999,-0.11069999999999997,3.405947368421052,0.5534999999999998,1.979723684210526
M9901,1e-05,0.0001,-0.25,-0.5,0.03,0.083735,0.248,nSEG,2,LIDAR,-0.064735,-0.04799999999999999,3.407105263157895,0.23999999999999994,1.8235526315789474
M9902,1e-05,0.0001,-0.25,-0.5,0.035,0.083751,0.2689,nSEG,2,LIDAR,-0.064751,-0.06889999999999996,3.407947368421053,0.3444999999999998,1.8762236842105264
M9903,1e-05,0.0001,-0.25,-0.5,0.04,0.083764,0.2883,nSEG,2,LIDAR,-0.064764,-0.08829999999999999,3.4086315789473685,0.44149999999999995,1.9250657894736842
M9904,1e-05,0.0001,-0.25,-0.5,0.05,0.083712,0.3238,nSEG,2,LIDAR,-0.06471199999999999,-0.12379999999999997,3.405894736842105,0.6189999999999998,2.0124473684210527
M9905,1e-05,0.0001,-0.25,-0.5,0.08,0.083573,0.413,nSEG,2,LIDAR,-0.06457299999999999,-0.21299999999999997,3.3985789473684207,1.0649999999999997,2.23178947368421
M9906,1e-05,0.0001,-0.25,-0.25,0.03,0.083715,0.2231,nSEG,2,LIDAR,-0.064715,-0.02309999999999998,3.406052631578947,0.11549999999999991,1.7607763157894736
M9907,1e-05,0.0001,-0.25,-0.25,0.035,0.083728,0.2418,nSEG,2,LIDAR,-0.064728,-0.041799999999999976,3.406736842105263,0.20899999999999988,1.8078684210526315
M9908,1e-05,0.0001,-0.25,-0.25,0.04,0.083741,0.2593,nSEG,2,LIDAR,-0.06474099999999999,-0.059299999999999964,3.4074210526315785,0.2964999999999998,1.8519605263157892
M9909,1e-05,0.0001,-0.25,-0.25,0.05,0.083765,0.2914,nSEG,2,LIDAR,-0.064765,-0.09139999999999998,3.408684210526316,0.4569999999999999,1.932842105263158
M9910,1e-05,0.0001,-0.25,-0.25,0.08,0.083657,0.372,nSEG,2,LIDAR,-0.06465699999999999,-0.172,3.4029999999999996,0.8599999999999999,2.1315
M9911,1e-05,0.0001,-0.25,0.0,0.03,0.083704,0.207,nSEG,2,LIDAR,-0.064704,-0.0069999999999999785,3.405473684210526,0.03499999999999989,1.720236842105263
M9912,1e-05,0.0001,-0.25,0.0,0.035,0.083715,0.2243,nSEG,2,LIDAR,-0.064715,-0.02429999999999999,3.406052631578947,0.12149999999999994,1.7637763157894737
M9913,1e-05,0.0001,-0.25,0.0,0.04,0.083726,0.2405,nSEG,2,LIDAR,-0.06472599999999999,-0.04049999999999998,3.4066315789473682,0.2024999999999999,1.804565789473684
M9914,1e-05,0.0001,-0.25,0.0,0.05,0.08375,0.2703,nSEG,2,LIDAR,-0.06475,-0.07029999999999997,3.4078947368421053,0.35149999999999987,1.8796973684210525
M9915,1e-05,0.0001,-0.25,0.0,0.08,0.083689,0.3453,nSEG,2,LIDAR,-0.064689,-0.14529999999999998,3.4046842105263155,0.7264999999999999,2.065592105263158
M9916,1e-05,0.0001,-0.25,0.25,0.03,0.083694,0.1954,nSEG,2,LIDAR,-0.064694,0.004600000000000021,3.4049473684210527,0.023000000000000104,1.7139736842105264
M9917,1e-05,0.0001,-0.25,0.25,0.035,0.083706,0.2116,nSEG,2,LIDAR,-0.064706,-0.0116,3.4055789473684213,0.057999999999999996,1.7317894736842105
M9918,1e-05,0.0001,-0.25,0.25,0.04,0.083731,0.2269,nSEG,2,LIDAR,-0.064731,-0.02689999999999998,3.406894736842105,0.1344999999999999,1.7706973684210525
M9919,1e-05,0.0001,-0.25,0.25,0.05,0.083737,0.255,nSEG,2,LIDAR,-0.064737,-0.05499999999999999,3.4072105263157897,0.27499999999999997,1.8411052631578948
M9920,1e-05,0.0001,-0.25,0.25,0.08,0.083707,0.3258,nSEG,2,LIDAR,-0.064707,-0.12579999999999997,3.4056315789473683,0.6289999999999998,2.017315789473684
M9921,1e-05,0.0001,-0.25,0.5,0.03,0.083696,0.1864,nSEG,2,LIDAR,-0.064696,0.013600000000000001,3.4050526315789478,0.068,1.736526315789474
M9922,1e-05,0.0001,-0.25,0.5,0.035,0.083699,0.2018,nSEG,2,LIDAR,-0.06469899999999999,-0.001799999999999996,3.405210526315789,0.00899999999999998,1.7071052631578945
M9923,1e-05,0.0001,-0.25,0.5,0.04,0.083709,0.2164,nSEG,2,LIDAR,-0.064709,-0.016399999999999998,3.4057368421052634,0.08199999999999999,1.7438684210526316
M9924,1e-05,0.0001,-0.25,0.5,0.05,0.083727,0.2431,nSEG,2,LIDAR,-0.06472699999999999,-0.0431,3.4066842105263153,0.2155,1.8110921052631577
M9925,1e-05,0.0001,-0.25,0.5,0.08,0.083715,0.3107,nSEG,2,LIDAR,-0.064715,-0.11069999999999997,3.406052631578947,0.5534999999999998,1.9797763157894734
M9926,1e-05,0.0001,0.0,-0.5,0.03,0.083735,0.248,nSEG,2,LIDAR,-0.064735,-0.04799999999999999,3.407105263157895,0.23999999999999994,1.8235526315789474
M9927,1e-05,0.0001,0.0,-0.5,0.035,0.083752,0.2689,nSEG,2,LIDAR,-0.06475199999999999,-0.06889999999999996,3.4079999999999995,0.3444999999999998,1.8762499999999998
M9928,1e-05,0.0001,0.0,-0.5,0.04,0.083765,0.2883,nSEG,2,LIDAR,-0.064765,-0.08829999999999999,3.408684210526316,0.44149999999999995,1.925092105263158
M9929,1e-05,0.0001,0.0,-0.5,0.05,0.083713,0.3238,nSEG,2,LIDAR,-0.06471299999999999,-0.12379999999999997,3.405947368421052,0.6189999999999998,2.012473684210526
M9930,1e-05,0.0001,0.0,-0.5,0.08,0.083574,0.413,nSEG,2,LIDAR,-0.06457399999999999,-0.21299999999999997,3.3986315789473682,1.0649999999999997,2.231815789473684
M9931,1e-05,0.0001,0.0,-0.25,0.03,0.083716,0.2231,nSEG,2,LIDAR,-0.064716,-0.02309999999999998,3.4061052631578947,0.11549999999999991,1.7608026315789473
M9932,1e-05,0.0001,0.0,-0.25,0.035,0.083729,0.2418,nSEG,2,LIDAR,-0.064729,-0.041799999999999976,3.4067894736842104,0.20899999999999988,1.8078947368421052
M9933,1e-05,0.0001,0.0,-0.25,0.04,0.083742,0.2593,nSEG,2,LIDAR,-0.064742,-0.059299999999999964,3.407473684210526,0.2964999999999998,1.851986842105263
M9934,1e-05,0.0001,0.0,-0.25,0.05,0.083766,0.2914,nSEG,2,LIDAR,-0.06476599999999999,-0.09139999999999998,3.4087368421052626,0.4569999999999999,1.9328684210526312
M9935,1e-05,0.0001,0.0,-0.25,0.08,0.083658,0.372,nSEG,2,LIDAR,-0.064658,-0.172,3.403052631578947,0.8599999999999999,2.1315263157894737
M9936,1e-05,0.0001,0.0,0.0,0.03,0.083705,0.207,nSEG,2,LIDAR,-0.064705,-0.0069999999999999785,3.4055263157894737,0.03499999999999989,1.7202631578947367
M9937,1e-05,0.0001,0.0,0.0,0.035,0.083716,0.2243,nSEG,2,LIDAR,-0.064716,-0.02429999999999999,3.4061052631578947,0.12149999999999994,1.7638026315789475
M9938,1e-05,0.0001,0.0,0.0,0.04,0.083727,0.2405,nSEG,2,LIDAR,-0.06472699999999999,-0.04049999999999998,3.4066842105263153,0.2024999999999999,1.8045921052631577
M9939,1e-05,0.0001,0.0,0.0,0.05,0.083751,0.2703,nSEG,2,LIDAR,-0.064751,-0.07029999999999997,3.407947368421053,0.35149999999999987,1.8797236842105263
M9940,1e-05,0.0001,0.0,0.0,0.08,0.08369,0.3453,nSEG,2,LIDAR,-0.06469,-0.14529999999999998,3.404736842105263,0.7264999999999999,2.0656184210526316
M9941,1e-05,0.0001,0.0,0.25,0.03,0.083694,0.1954,nSEG,2,LIDAR,-0.064694,0.004600000000000021,3.4049473684210527,0.023000000000000104,1.7139736842105264
M9942,1e-05,0.0001,0.0,0.25,0.035,0.083707,0.2116,nSEG,2,LIDAR,-0.064707,-0.0116,3.4056315789473683,0.057999999999999996,1.731815789473684
M9943,1e-05,0.0001,0.0,0.25,0.04,0.083732,0.2269,nSEG,2,LIDAR,-0.064732,-0.02689999999999998,3.4069473684210525,0.1344999999999999,1.7707236842105263
M9944,1e-05,0.0001,0.0,0.25,0.05,0.083738,0.255,nSEG,2,LIDAR,-0.064738,-0.05499999999999999,3.407263157894737,0.27499999999999997,1.8411315789473686
M9945,1e-05,0.0001,0.0,0.25,0.08,0.083708,0.3258,nSEG,2,LIDAR,-0.064708,-0.12579999999999997,3.405684210526316,0.6289999999999998,2.017342105263158
M9946,1e-05,0.0001,0.0,0.5,0.03,0.083697,0.1864,nSEG,2,LIDAR,-0.06469699999999999,0.013600000000000001,3.4051052631578944,0.068,1.7365526315789472
M9947,1e-05,0.0001,0.0,0.5,0.035,0.0837,0.2018,nSEG,2,LIDAR,-0.0647,-0.001799999999999996,3.4052631578947365,0.00899999999999998,1.7071315789473682
M9948,1e-05,0.0001,0.0,0.5,0.04,0.08371,0.2164,nSEG,2,LIDAR,-0.06471,-0.016399999999999998,3.405789473684211,0.08199999999999999,1.7438947368421054
M9949,1e-05,0.0001,0.0,0.5,0.05,0.083728,0.2431,nSEG,2,LIDAR,-0.064728,-0.0431,3.406736842105263,0.2155,1.8111184210526314
M9950,1e-05,0.0001,0.0,0.5,0.08,0.083716,0.3107,nSEG,2,LIDAR,-0.064716,-0.11069999999999997,3.4061052631578947,0.5534999999999998,1.9798026315789472
M9951,1e-05,0.0001,0.25,-0.5,0.03,0.083736,0.248,nSEG,2,LIDAR,-0.064736,-0.04799999999999999,3.407157894736842,0.23999999999999994,1.823578947368421
M9952,1e-05,0.0001,0.25,-0.5,0.035,0.083752,0.2689,nSEG,2,LIDAR,-0.06475199999999999,-0.06889999999999996,3.4079999999999995,0.3444999999999998,1.8762499999999998
M9953,1e-05,0.0001,0.25,-0.5,0.04,0.083765,0.2883,nSEG,2,LIDAR,-0.064765,-0.08829999999999999,3.408684210526316,0.44149999999999995,1.925092105263158
M9954,1e-05,0.0001,0.25,-0.5,0.05,0.083714,0.3238,nSEG,2,LIDAR,-0.064714,-0.12379999999999997,3.4059999999999997,0.6189999999999998,2.0124999999999997
M9955,1e-05,0.0001,0.25,-0.5,0.08,0.083575,0.413,nSEG,2,LIDAR,-0.064575,-0.21299999999999997,3.3986842105263158,1.0649999999999997,2.2318421052631576
M9956,1e-05,0.0001,0.25,-0.25,0.03,0.083717,0.2231,nSEG,2,LIDAR,-0.064717,-0.02309999999999998,3.406157894736842,0.11549999999999991,1.7608289473684209
M9957,1e-05,0.0001,0.25,-0.25,0.035,0.08373,0.2418,nSEG,2,LIDAR,-0.06473,-0.041799999999999976,3.406842105263158,0.20899999999999988,1.807921052631579
M9958,1e-05,0.0001,0.25,-0.25,0.04,0.083743,0.2593,nSEG,2,LIDAR,-0.064743,-0.059299999999999964,3.4075263157894735,0.2964999999999998,1.8520131578947368
M9959,1e-05,0.0001,0.25,-0.25,0.05,0.083766,0.2914,nSEG,2,LIDAR,-0.06476599999999999,-0.09139999999999998,3.4087368421052626,0.4569999999999999,1.9328684210526312
M9960,1e-05,0.0001,0.25,-0.25,0.08,0.083659,0.372,nSEG,2,LIDAR,-0.064659,-0.172,3.4031052631578946,0.8599999999999999,2.1315526315789475
M9961,1e-05,0.0001,0.25,0.0,0.03,0.083705,0.207,nSEG,2,LIDAR,-0.064705,-0.0069999999999999785,3.4055263157894737,0.03499999999999989,1.7202631578947367
M9962,1e-05,0.0001,0.25,0.0,0.035,0.083717,0.2243,nSEG,2,LIDAR,-0.064717,-0.02429999999999999,3.406157894736842,0.12149999999999994,1.7638289473684208
M9963,1e-05,0.0001,0.25,0.0,0.04,0.083728,0.2405,nSEG,2,LIDAR,-0.064728,-0.04049999999999998,3.406736842105263,0.2024999999999999,1.8046184210526315
M9964,1e-05,0.0001,0.25,0.0,0.05,0.083751,0.2703,nSEG,2,LIDAR,-0.064751,-0.07029999999999997,3.407947368421053,0.35149999999999987,1.8797236842105263
M9965,1e-05,0.0001,0.25,0.0,0.08,0.083691,0.3453,nSEG,2,LIDAR,-0.064691,-0.14529999999999998,3.4047894736842106,0.7264999999999999,2.0656447368421054
M9966,1e-05,0.0001,0.25,0.25,0.03,0.083695,0.1954,nSEG,2,LIDAR,-0.064695,0.004600000000000021,3.4050000000000002,0.023000000000000104,1.7140000000000002
M9967,1e-05,0.0001,0.25,0.25,0.035,0.083708,0.2116,nSEG,2,LIDAR,-0.064708,-0.0116,3.405684210526316,0.057999999999999996,1.7318421052631578
M9968,1e-05,0.0001,0.25,0.25,0.04,0.083733,0.2269,nSEG,2,LIDAR,-0.064733,-0.02689999999999998,3.407,0.1344999999999999,1.77075
M9969,1e-05,0.0001,0.25,0.25,0.05,0.083739,0.255,nSEG,2,LIDAR,-0.06473899999999999,-0.05499999999999999,3.407315789473684,0.27499999999999997,1.8411578947368419
M9970,1e-05,0.0001,0.25,0.25,0.08,0.083709,0.3258,nSEG,2,LIDAR,-0.064709,-0.12579999999999997,3.4057368421052634,0.6289999999999998,2.0173684210526317
M9971,1e-05,0.0001,0.25,0.5,0.03,0.083698,0.1864,nSEG,2,LIDAR,-0.06469799999999999,0.013600000000000001,3.405157894736842,0.068,1.736578947368421
M9972,1e-05,0.0001,0.25,0.5,0.035,0.0837,0.2018,nSEG,2,LIDAR,-0.0647,-0.001799999999999996,3.4052631578947365,0.00899999999999998,1.7071315789473682
M9973,1e-05,0.0001,0.25,0.5,0.04,0.08371,0.2164,nSEG,2,LIDAR,-0.06471,-0.016399999999999998,3.405789473684211,0.08199999999999999,1.7438947368421054
M9974,1e-05,0.0001,0.25,0.5,0.05,0.083729,0.2431,nSEG,2,LIDAR,-0.064729,-0.0431,3.4067894736842104,0.2155,1.8111447368421052
M9975,1e-05,0.0001,0.25,0.5,0.08,0.083717,0.3107,nSEG,2,LIDAR,-0.064717,-0.11069999999999997,3.406157894736842,0.5534999999999998,1.9798289473684207
M9976,1e-05,0.0001,0.5,-0.5,0.03,0.083736,0.248,nSEG,2,LIDAR,-0.064736,-0.04799999999999999,3.407157894736842,0.23999999999999994,1.823578947368421
M9977,1e-05,0.0001,0.5,-0.5,0.035,0.083753,0.2689,nSEG,2,LIDAR,-0.06475299999999999,-0.06889999999999996,3.408052631578947,0.3444999999999998,1.8762763157894735
M9978,1e-05,0.0001,0.5,-0.5,0.04,0.083766,0.2883,nSEG,2,LIDAR,-0.06476599999999999,-0.08829999999999999,3.4087368421052626,0.44149999999999995,1.9251184210526313
M9979,1e-05,0.0001,0.5,-0.5,0.05,0.083714,0.3238,nSEG,2,LIDAR,-0.064714,-0.12379999999999997,3.4059999999999997,0.6189999999999998,2.0124999999999997
M9980,1e-05,0.0001,0.5,-0.5,0.08,0.083576,0.413,nSEG,2,LIDAR,-0.064576,-0.21299999999999997,3.398736842105263,1.0649999999999997,2.2318684210526314
M9981,1e-05,0.0001,0.5,-0.25,0.03,0.083717,0.2231,nSEG,2,LIDAR,-0.064717,-0.02309999999999998,3.406157894736842,0.11549999999999991,1.7608289473684209
M9982,1e-05,0.0001,0.5,-0.25,0.035,0.08373,0.2418,nSEG,2,LIDAR,-0.06473,-0.041799999999999976,3.406842105263158,0.20899999999999988,1.807921052631579
M9983,1e-05,0.0001,0.5,-0.25,0.04,0.083743,0.2593,nSEG,2,LIDAR,-0.064743,-0.059299999999999964,3.4075263157894735,0.2964999999999998,1.8520131578947368
M9984,1e-05,0.0001,0.5,-0.25,0.05,0.083767,0.2914,nSEG,2,LIDAR,-0.06476699999999999,-0.09139999999999998,3.40878947368421,0.4569999999999999,1.932894736842105
M9985,1e-05,0.0001,0.5,-0.25,0.08,0.083659,0.372,nSEG,2,LIDAR,-0.064659,-0.172,3.4031052631578946,0.8599999999999999,2.1315526315789475
M9986,1e-05,0.0001,0.5,0.0,0.03,0.083705,0.207,nSEG,2,LIDAR,-0.064705,-0.0069999999999999785,3.4055263157894737,0.03499999999999989,1.7202631578947367
M9987,1e-05,0.0001,0.5,0.0,0.035,0.083717,0.2243,nSEG,2,LIDAR,-0.064717,-0.02429999999999999,3.406157894736842,0.12149999999999994,1.7638289473684208
M9988,1e-05,0.0001,0.5,0.0,0.04,0.083728,0.2405,nSEG,2,LIDAR,-0.064728,-0.04049999999999998,3.406736842105263,0.2024999999999999,1.8046184210526315
M9989,1e-05,0.0001,0.5,0.0,0.05,0.083752,0.2703,nSEG,2,LIDAR,-0.06475199999999999,-0.07029999999999997,3.4079999999999995,0.35149999999999987,1.8797499999999996
M9990,1e-05,0.0001,0.5,0.0,0.08,0.083692,0.3453,nSEG,2,LIDAR,-0.064692,-0.14529999999999998,3.404842105263158,0.7264999999999999,2.065671052631579
M9991,1e-05,0.0001,0.5,0.25,0.03,0.083695,0.1954,nSEG,2,LIDAR,-0.064695,0.004600000000000021,3.4050000000000002,0.023000000000000104,1.7140000000000002
M9992,1e-05,0.0001,0.5,0.25,0.035,0.083708,0.2116,nSEG,2,LIDAR,-0.064708,-0.0116,3.405684210526316,0.057999999999999996,1.7318421052631578
M9993,1e-05,0.0001,0.5,0.25,0.04,0.083733,0.2269,nSEG,2,LIDAR,-0.064733,-0.02689999999999998,3.407,0.1344999999999999,1.77075
M9994,1e-05,0.0001,0.5,0.25,0.05,0.083739,0.255,nSEG,2,LIDAR,-0.06473899999999999,-0.05499999999999999,3.407315789473684,0.27499999999999997,1.8411578947368419
M9995,1e-05,0.0001,0.5,0.25,0.08,0.08371,0.3258,nSEG,2,LIDAR,-0.06471,-0.12579999999999997,3.405789473684211,0.6289999999999998,2.0173947368421055
M9996,1e-05,0.0001,0.5,0.5,0.03,0.083698,0.1864,nSEG,2,LIDAR,-0.06469799999999999,0.013600000000000001,3.405157894736842,0.068,1.736578947368421
M9997,1e-05,0.0001,0.5,0.5,0.035,0.083701,0.2018,nSEG,2,LIDAR,-0.064701,-0.001799999999999996,3.405315789473684,0.00899999999999998,1.707157894736842
M9998,1e-05,0.0001,0.5,0.5,0.04,0.083711,0.2164,nSEG,2,LIDAR,-0.06471099999999999,-0.016399999999999998,3.4058421052631576,0.08199999999999999,1.7439210526315787
M9999,1e-05,0.0001,0.5,0.5,0.05,0.083729,0.2431,nSEG,2,LIDAR,-0.064729,-0.0431,3.4067894736842104,0.2155,1.8111447368421052
M10000,1e-05,0.0001,0.5,0.5,0.08,0.083718,0.3107,nSEG,2,LIDAR,-0.064718,-0.11069999999999997,3.4062105263157894,0.5534999999999998,1.9798552631578945
M10001,5.5e-05,1e-06,-0.5,-0.5,0.03,0.0155,0.1056,nSEG,2,LIDAR,0.0034999999999999996,0.09440000000000001,0.18421052631578946,0.47200000000000003,0.32810526315789473
M10002,5.5e-05,1e-06,-0.5,-0.5,0.035,0.015473,0.1137,nSEG,2,LIDAR,0.003526999999999999,0.08630000000000002,0.18563157894736837,0.43150000000000005,0.3085657894736842
M10003,5.5e-05,1e-06,-0.5,-0.5,0.04,0.015447,0.1212,nSEG,2,LIDAR,0.003552999999999999,0.07880000000000001,0.18699999999999994,0.394,0.2905
M10004,5.5e-05,1e-06,-0.5,-0.5,0.05,0.015399,0.1352,nSEG,2,LIDAR,0.003601,0.06480000000000002,0.18952631578947368,0.3240000000000001,0.2567631578947369
M10005,5.5e-05,1e-06,-0.5,-0.5,0.08,0.015276,0.1708,nSEG,2,LIDAR,0.003724,0.029200000000000004,0.196,0.14600000000000002,0.171
M10006,5.5e-05,1e-06,-0.5,-0.25,0.03,0.015505,0.09591,nSEG,2,LIDAR,0.003495,0.10409000000000002,0.18394736842105264,0.5204500000000001,0.35219868421052636
M10007,5.5e-05,1e-06,-0.5,-0.25,0.035,0.015478,0.1031,nSEG,2,LIDAR,0.003521999999999999,0.09690000000000001,0.18536842105263154,0.48450000000000004,0.3349342105263158
M10008,5.5e-05,1e-06,-0.5,-0.25,0.04,0.015453,0.1098,nSEG,2,LIDAR,0.003547,0.09020000000000002,0.18668421052631579,0.45100000000000007,0.3188421052631579
M10009,5.5e-05,1e-06,-0.5,-0.25,0.05,0.015406,0.1223,nSEG,2,LIDAR,0.003594,0.0777,0.1891578947368421,0.3885,0.2888289473684211
M10010,5.5e-05,1e-06,-0.5,-0.25,0.08,0.015285,0.1541,nSEG,2,LIDAR,0.0037149999999999996,0.045900000000000024,0.19552631578947366,0.22950000000000012,0.2125131578947369
M10011,5.5e-05,1e-06,-0.5,0.0,0.03,0.015508,0.08969,nSEG,2,LIDAR,0.0034920000000000003,0.11031,0.18378947368421056,0.55155,0.36766973684210524
M10012,5.5e-05,1e-06,-0.5,0.0,0.035,0.015481,0.09631,nSEG,2,LIDAR,0.0035189999999999996,0.10369,0.18521052631578946,0.51845,0.35183026315789473
M10013,5.5e-05,1e-06,-0.5,0.0,0.04,0.015456,0.1025,nSEG,2,LIDAR,0.0035440000000000003,0.09750000000000002,0.1865263157894737,0.48750000000000004,0.33701315789473685
M10014,5.5e-05,1e-06,-0.5,0.0,0.05,0.01541,0.114,nSEG,2,LIDAR,0.0035899999999999994,0.08600000000000001,0.1889473684210526,0.43,0.3094736842105263
M10015,5.5e-05,1e-06,-0.5,0.0,0.08,0.01529,0.1433,nSEG,2,LIDAR,0.0037099999999999998,0.0567,0.19526315789473683,0.2835,0.2393815789473684
M10016,5.5e-05,1e-06,-0.5,0.25,0.03,0.01551,0.08521,nSEG,2,LIDAR,0.00349,0.11479000000000002,0.18368421052631578,0.5739500000000001,0.3788171052631579
M10017,5.5e-05,1e-06,-0.5,0.25,0.035,0.015484,0.09141,nSEG,2,LIDAR,0.003516,0.10859,0.18505263157894739,0.54295,0.3640013157894737
M10018,5.5e-05,1e-06,-0.5,0.25,0.04,0.015459,0.09724,nSEG,2,LIDAR,0.003540999999999999,0.10276000000000002,0.18636842105263154,0.5138,0.3500842105263158
M10019,5.5e-05,1e-06,-0.5,0.25,0.05,0.015413,0.108,nSEG,2,LIDAR,0.003587,0.09200000000000001,0.18878947368421053,0.46,0.3243947368421053
M10020,5.5e-05,1e-06,-0.5,0.25,0.08,0.015294,0.1355,nSEG,2,LIDAR,0.0037059999999999992,0.0645,0.19505263157894734,0.3225,0.2587763157894737
M10021,5.5e-05,1e-06,-0.5,0.5,0.03,0.015511,0.08175,nSEG,2,LIDAR,0.003488999999999999,0.11825000000000001,0.18363157894736837,0.59125,0.3874407894736842
M10022,5.5e-05,1e-06,-0.5,0.5,0.035,0.015485,0.08764,nSEG,2,LIDAR,0.003514999999999999,0.11236000000000002,0.18499999999999994,0.5618000000000001,0.3734
M10023,5.5e-05,1e-06,-0.5,0.5,0.04,0.015461,0.09317,nSEG,2,LIDAR,0.0035389999999999987,0.10683000000000001,0.18626315789473677,0.53415,0.3602065789473684
M10024,5.5e-05,1e-06,-0.5,0.5,0.05,0.015415,0.1034,nSEG,2,LIDAR,0.0035849999999999996,0.0966,0.1886842105263158,0.483,0.3358421052631579
M10025,5.5e-05,1e-06,-0.5,0.5,0.08,0.015297,0.1295,nSEG,2,LIDAR,0.0037029999999999997,0.07050000000000001,0.19489473684210526,0.35250000000000004,0.27369736842105263
M10026,5.5e-05,1e-06,-0.25,-0.5,0.03,0.015527,0.1057,nSEG,2,LIDAR,0.0034730000000000004,0.09430000000000001,0.18278947368421056,0.47150000000000003,0.3271447368421053
M10027,5.5e-05,1e-06,-0.25,-0.5,0.035,0.015503,0.1138,nSEG,2,LIDAR,0.003497,0.08620000000000001,0.18405263157894738,0.43100000000000005,0.3075263157894737
M10028,5.5e-05,1e-06,-0.25,-0.5,0.04,0.01548,0.1214,nSEG,2,LIDAR,0.003519999999999999,0.07860000000000002,0.1852631578947368,0.39300000000000007,0.2891315789473684
M10029,5.5e-05,1e-06,-0.25,-0.5,0.05,0.015437,0.1354,nSEG,2,LIDAR,0.003563,0.06460000000000002,0.1875263157894737,0.32300000000000006,0.25526315789473686
M10030,5.5e-05,1e-06,-0.25,-0.5,0.08,0.015325,0.1711,nSEG,2,LIDAR,0.0036749999999999994,0.02890000000000001,0.1934210526315789,0.14450000000000005,0.16896052631578948
M10031,5.5e-05,1e-06,-0.25,-0.25,0.03,0.015532,0.09599,nSEG,2,LIDAR,0.003467999999999999,0.10401,0.18252631578947362,0.52005,0.35128815789473683
M10032,5.5e-05,1e-06,-0.25,-0.25,0.035,0.015508,0.1032,nSEG,2,LIDAR,0.0034920000000000003,0.09680000000000001,0.18378947368421056,0.48400000000000004,0.3338947368421053
M10033,5.5e-05,1e-06,-0.25,-0.25,0.04,0.015485,0.11,nSEG,2,LIDAR,0.003514999999999999,0.09000000000000001,0.18499999999999994,0.45,0.3175
M10034,5.5e-05,1e-06,-0.25,-0.25,0.05,0.015443,0.1224,nSEG,2,LIDAR,0.0035569999999999994,0.07760000000000002,0.18721052631578944,0.38800000000000007,0.28760526315789475
M10035,5.5e-05,1e-06,-0.25,-0.25,0.08,0.015334,0.1543,nSEG,2,LIDAR,0.003665999999999999,0.04570000000000002,0.1929473684210526,0.2285000000000001,0.21072368421052634
M10036,5.5e-05,1e-06,-0.25,0.0,0.03,0.015535,0.08976,nSEG,2,LIDAR,0.0034649999999999993,0.11024,0.18236842105263154,0.5512,0.36678421052631577
M10037,5.5e-05,1e-06,-0.25,0.0,0.035,0.015511,0.0964,nSEG,2,LIDAR,0.003488999999999999,0.10360000000000001,0.18363157894736837,0.518,0.3508157894736842
M10038,5.5e-05,1e-06,-0.25,0.0,0.04,0.015489,0.1026,nSEG,2,LIDAR,0.0035110000000000002,0.09740000000000001,0.18478947368421053,0.48700000000000004,0.3358947368421053
M10039,5.5e-05,1e-06,-0.25,0.0,0.05,0.015447,0.1141,nSEG,2,LIDAR,0.003552999999999999,0.08590000000000002,0.18699999999999994,0.42950000000000005,0.30825
M10040,5.5e-05,1e-06,-0.25,0.0,0.08,0.015339,0.1436,nSEG,2,LIDAR,0.0036609999999999993,0.056400000000000006,0.19268421052631576,0.28200000000000003,0.2373421052631579
M10041,5.5e-05,1e-06,-0.25,0.25,0.03,0.015537,0.08528,nSEG,2,LIDAR,0.003462999999999999,0.11472000000000002,0.1822631578947368,0.5736,0.3779315789473684
M10042,5.5e-05,1e-06,-0.25,0.25,0.035,0.015514,0.0915,nSEG,2,LIDAR,0.0034859999999999995,0.10850000000000001,0.1834736842105263,0.5425,0.3629868421052631
M10043,5.5e-05,1e-06,-0.25,0.25,0.04,0.015491,0.09734,nSEG,2,LIDAR,0.003509,0.10266000000000002,0.18468421052631578,0.5133000000000001,0.34899210526315794
M10044,5.5e-05,1e-06,-0.25,0.25,0.05,0.01545,0.1081,nSEG,2,LIDAR,0.0035499999999999993,0.09190000000000001,0.18684210526315786,0.4595,0.32317105263157897
M10045,5.5e-05,1e-06,-0.25,0.25,0.08,0.015343,0.1358,nSEG,2,LIDAR,0.003656999999999999,0.06420000000000001,0.19247368421052627,0.321,0.25673684210526315
M10046,5.5e-05,1e-06,-0.25,0.5,0.03,0.015539,0.08182,nSEG,2,LIDAR,0.003460999999999999,0.11818000000000001,0.18215789473684205,0.5909,0.386528947368421
M10047,5.5e-05,1e-06,-0.25,0.5,0.035,0.015515,0.08772,nSEG,2,LIDAR,0.0034850000000000003,0.11228,0.18342105263157896,0.5614,0.37241052631578947
M10048,5.5e-05,1e-06,-0.25,0.5,0.04,0.015493,0.09327,nSEG,2,LIDAR,0.0035069999999999997,0.10673,0.18457894736842104,0.53365,0.3591144736842105
M10049,5.5e-05,1e-06,-0.25,0.5,0.05,0.015452,0.1035,nSEG,2,LIDAR,0.003547999999999999,0.09650000000000002,0.18673684210526312,0.48250000000000004,0.33461842105263156
M10050,5.5e-05,1e-06,-0.25,0.5,0.08,0.015346,0.1297,nSEG,2,LIDAR,0.0036539999999999993,0.0703,0.1923157894736842,0.3515,0.27190789473684207
M10051,5.5e-05,1e-06,0.0,-0.5,0.03,0.015545,0.1057,nSEG,2,LIDAR,0.0034549999999999997,0.09430000000000001,0.1818421052631579,0.47150000000000003,0.326671052631579
M10052,5.5e-05,1e-06,0.0,-0.5,0.035,0.015522,0.1138,nSEG,2,LIDAR,0.003478,0.08620000000000001,0.18305263157894738,0.43100000000000005,0.3070263157894737
M10053,5.5e-05,1e-06,0.0,-0.5,0.04,0.0155,0.1214,nSEG,2,LIDAR,0.0034999999999999996,0.07860000000000002,0.18421052631578946,0.39300000000000007,0.28860526315789475
M10054,5.5e-05,1e-06,0.0,-0.5,0.05,0.01546,0.1355,nSEG,2,LIDAR,0.0035399999999999997,0.0645,0.1863157894736842,0.3225,0.2544078947368421
M10055,5.5e-05,1e-06,0.0,-0.5,0.08,0.015356,0.1713,nSEG,2,LIDAR,0.0036439999999999997,0.028700000000000003,0.1917894736842105,0.14350000000000002,0.16764473684210526
M10056,5.5e-05,1e-06,0.0,-0.25,0.03,0.01555,0.09604,nSEG,2,LIDAR,0.00345,0.10396000000000001,0.18157894736842106,0.5198,0.35068947368421055
M10057,5.5e-05,1e-06,0.0,-0.25,0.035,0.015527,0.1033,nSEG,2,LIDAR,0.0034730000000000004,0.09670000000000001,0.18278947368421056,0.48350000000000004,0.3331447368421053
M10058,5.5e-05,1e-06,0.0,-0.25,0.04,0.015506,0.11,nSEG,2,LIDAR,0.003493999999999999,0.09000000000000001,0.1838947368421052,0.45,0.3169473684210526
M10059,5.5e-05,1e-06,0.0,-0.25,0.05,0.015467,0.1225,nSEG,2,LIDAR,0.0035329999999999997,0.07750000000000001,0.1859473684210526,0.38750000000000007,0.28672368421052635
M10060,5.5e-05,1e-06,0.0,-0.25,0.08,0.015365,0.1545,nSEG,2,LIDAR,0.0036349999999999993,0.04550000000000001,0.1913157894736842,0.22750000000000006,0.20940789473684213
M10061,5.5e-05,1e-06,0.0,0.0,0.03,0.015553,0.08981,nSEG,2,LIDAR,0.0034469999999999987,0.11019000000000001,0.18142105263157887,0.55095,0.3661855263157895
M10062,5.5e-05,1e-06,0.0,0.0,0.035,0.015531,0.09645,nSEG,2,LIDAR,0.003469,0.10355000000000002,0.18257894736842106,0.51775,0.35016447368421055
M10063,5.5e-05,1e-06,0.0,0.0,0.04,0.01551,0.1027,nSEG,2,LIDAR,0.00349,0.09730000000000001,0.18368421052631578,0.48650000000000004,0.3350921052631579
M10064,5.5e-05,1e-06,0.0,0.0,0.05,0.015471,0.1142,nSEG,2,LIDAR,0.003528999999999999,0.08580000000000002,0.18573684210526312,0.42900000000000005,0.30736842105263157
M10065,5.5e-05,1e-06,0.0,0.0,0.08,0.01537,0.1437,nSEG,2,LIDAR,0.0036299999999999995,0.05630000000000002,0.19105263157894736,0.2815000000000001,0.23627631578947372
M10066,5.5e-05,1e-06,0.0,0.25,0.03,0.015555,0.08532,nSEG,2,LIDAR,0.003445,0.11468000000000002,0.18131578947368424,0.5734,0.3773578947368421
M10067,5.5e-05,1e-06,0.0,0.25,0.035,0.015533,0.09155,nSEG,2,LIDAR,0.0034669999999999996,0.10845,0.1824736842105263,0.54225,0.3623618421052631
M10068,5.5e-05,1e-06,0.0,0.25,0.04,0.015512,0.0974,nSEG,2,LIDAR,0.0034879999999999998,0.10260000000000001,0.18357894736842104,0.513,0.34828947368421054
M10069,5.5e-05,1e-06,0.0,0.25,0.05,0.015474,0.1082,nSEG,2,LIDAR,0.0035259999999999996,0.0918,0.18557894736842104,0.459,0.3222894736842105
M10070,5.5e-05,1e-06,0.0,0.25,0.08,0.015374,0.1359,nSEG,2,LIDAR,0.003625999999999999,0.06410000000000002,0.19084210526315784,0.32050000000000006,0.25567105263157897
M10071,5.5e-05,1e-06,0.0,0.5,0.03,0.015556,0.08186,nSEG,2,LIDAR,0.003443999999999999,0.11814000000000001,0.1812631578947368,0.5907,0.3859815789473684
M10072,5.5e-05,1e-06,0.0,0.5,0.035,0.015535,0.08777,nSEG,2,LIDAR,0.0034649999999999993,0.11223000000000001,0.18236842105263154,0.56115,0.3717592105263158
M10073,5.5e-05,1e-06,0.0,0.5,0.04,0.015514,0.09332,nSEG,2,LIDAR,0.0034859999999999995,0.10668000000000001,0.1834736842105263,0.5334,0.35843684210526316
M10074,5.5e-05,1e-06,0.0,0.5,0.05,0.015476,0.1036,nSEG,2,LIDAR,0.0035239999999999994,0.09640000000000001,0.1854736842105263,0.48200000000000004,0.33373684210526317
M10075,5.5e-05,1e-06,0.0,0.5,0.08,0.015377,0.1299,nSEG,2,LIDAR,0.0036229999999999995,0.07010000000000002,0.19068421052631576,0.3505000000000001,0.2705921052631579
M10076,5.5e-05,1e-06,0.25,-0.5,0.03,0.015558,0.1058,nSEG,2,LIDAR,0.003441999999999999,0.0942,0.18115789473684205,0.47100000000000003,0.326078947368421
M10077,5.5e-05,1e-06,0.25,-0.5,0.035,0.015536,0.1139,nSEG,2,LIDAR,0.003464,0.08610000000000001,0.1823157894736842,0.43050000000000005,0.30640789473684216
M10078,5.5e-05,1e-06,0.25,-0.5,0.04,0.015515,0.1215,nSEG,2,LIDAR,0.0034850000000000003,0.07850000000000001,0.18342105263157896,0.39250000000000007,0.2879605263157895
M10079,5.5e-05,1e-06,0.25,-0.5,0.05,0.015477,0.1355,nSEG,2,LIDAR,0.003523,0.0645,0.18542105263157896,0.3225,0.25396052631578947
M10080,5.5e-05,1e-06,0.25,-0.5,0.08,0.015379,0.1714,nSEG,2,LIDAR,0.0036209999999999992,0.028600000000000014,0.19057894736842101,0.14300000000000007,0.16678947368421054
M10081,5.5e-05,1e-06,0.25,-0.25,0.03,0.015562,0.09608,nSEG,2,LIDAR,0.003438,0.10392000000000001,0.18094736842105263,0.5196000000000001,0.35027368421052635
M10082,5.5e-05,1e-06,0.25,-0.25,0.035,0.015541,0.1033,nSEG,2,LIDAR,0.0034590000000000003,0.09670000000000001,0.18205263157894738,0.48350000000000004,0.3327763157894737
M10083,5.5e-05,1e-06,0.25,-0.25,0.04,0.015521,0.1101,nSEG,2,LIDAR,0.0034789999999999995,0.08990000000000001,0.18310526315789472,0.4495,0.31630263157894734
M10084,5.5e-05,1e-06,0.25,-0.25,0.05,0.015484,0.1226,nSEG,2,LIDAR,0.003516,0.07740000000000001,0.18505263157894739,0.387,0.2860263157894737
M10085,5.5e-05,1e-06,0.25,-0.25,0.08,0.015387,0.1546,nSEG,2,LIDAR,0.003613,0.045400000000000024,0.1901578947368421,0.22700000000000012,0.2085789473684211
M10086,5.5e-05,1e-06,0.25,0.0,0.03,0.015565,0.08984,nSEG,2,LIDAR,0.003434999999999999,0.11016000000000001,0.18078947368421047,0.5508,0.36579473684210523
M10087,5.5e-05,1e-06,0.25,0.0,0.035,0.015544,0.09649,nSEG,2,LIDAR,0.003455999999999999,0.10351,0.18189473684210522,0.51755,0.3497223684210526
M10088,5.5e-05,1e-06,0.25,0.0,0.04,0.015525,0.1027,nSEG,2,LIDAR,0.003474999999999999,0.09730000000000001,0.18289473684210522,0.48650000000000004,0.33469736842105263
M10089,5.5e-05,1e-06,0.25,0.0,0.05,0.015488,0.1143,nSEG,2,LIDAR,0.0035119999999999995,0.08570000000000001,0.18484210526315786,0.42850000000000005,0.30667105263157896
M10090,5.5e-05,1e-06,0.25,0.0,0.08,0.015393,0.1438,nSEG,2,LIDAR,0.003606999999999999,0.0562,0.18984210526315784,0.28099999999999997,0.23542105263157892
M10091,5.5e-05,1e-06,0.25,0.25,0.03,0.015567,0.08535,nSEG,2,LIDAR,0.0034330000000000003,0.11465000000000002,0.1806842105263158,0.57325,0.3769671052631579
M10092,5.5e-05,1e-06,0.25,0.25,0.035,0.015547,0.09159,nSEG,2,LIDAR,0.0034529999999999995,0.10841,0.18173684210526314,0.54205,0.36189342105263156
M10093,5.5e-05,1e-06,0.25,0.25,0.04,0.015527,0.09745,nSEG,2,LIDAR,0.0034730000000000004,0.10255000000000002,0.18278947368421056,0.51275,0.3477697368421053
M10094,5.5e-05,1e-06,0.25,0.25,0.05,0.015491,0.1083,nSEG,2,LIDAR,0.003509,0.09170000000000002,0.18468421052631578,0.4585000000000001,0.32159210526315796
M10095,5.5e-05,1e-06,0.25,0.25,0.08,0.015397,0.136,nSEG,2,LIDAR,0.0036030000000000003,0.064,0.18963157894736843,0.32,0.2548157894736842
M10096,5.5e-05,1e-06,0.25,0.5,0.03,0.015569,0.08189,nSEG,2,LIDAR,0.003431,0.11811,0.18057894736842106,0.59055,0.38556447368421054
M10097,5.5e-05,1e-06,0.25,0.5,0.035,0.015548,0.08781,nSEG,2,LIDAR,0.003452,0.11219000000000001,0.1816842105263158,0.5609500000000001,0.3713171052631579
M10098,5.5e-05,1e-06,0.25,0.5,0.04,0.015529,0.09337,nSEG,2,LIDAR,0.003471,0.10663000000000002,0.1826842105263158,0.53315,0.3579171052631579
M10099,5.5e-05,1e-06,0.25,0.5,0.05,0.015493,0.1036,nSEG,2,LIDAR,0.0035069999999999997,0.09640000000000001,0.18457894736842104,0.48200000000000004,0.3332894736842105
M10100,5.5e-05,1e-06,0.25,0.5,0.08,0.0154,0.13,nSEG,2,LIDAR,0.003599999999999999,0.07,0.18947368421052627,0.35000000000000003,0.26973684210526316
M10101,5.5e-05,1e-06,0.5,-0.5,0.03,0.015567,0.1058,nSEG,2,LIDAR,0.0034330000000000003,0.0942,0.1806842105263158,0.47100000000000003,0.32584210526315793
M10102,5.5e-05,1e-06,0.5,-0.5,0.035,0.015547,0.1139,nSEG,2,LIDAR,0.0034529999999999995,0.08610000000000001,0.18173684210526314,0.43050000000000005,0.3061184210526316
M10103,5.5e-05,1e-06,0.5,-0.5,0.04,0.015527,0.1215,nSEG,2,LIDAR,0.0034730000000000004,0.07850000000000001,0.18278947368421056,0.39250000000000007,0.28764473684210534
M10104,5.5e-05,1e-06,0.5,-0.5,0.05,0.015491,0.1356,nSEG,2,LIDAR,0.003509,0.06440000000000001,0.18468421052631578,0.32200000000000006,0.2533421052631579
M10105,5.5e-05,1e-06,0.5,-0.5,0.08,0.015396,0.1715,nSEG,2,LIDAR,0.0036039999999999996,0.028499999999999998,0.18968421052631576,0.1425,0.16609210526315787
M10106,5.5e-05,1e-06,0.5,-0.25,0.03,0.015572,0.09611,nSEG,2,LIDAR,0.0034279999999999988,0.10389000000000001,0.1804210526315789,0.51945,0.34993552631578945
M10107,5.5e-05,1e-06,0.5,-0.25,0.035,0.015552,0.1033,nSEG,2,LIDAR,0.0034479999999999997,0.09670000000000001,0.18147368421052631,0.48350000000000004,0.3324868421052632
M10108,5.5e-05,1e-06,0.5,-0.25,0.04,0.015533,0.1101,nSEG,2,LIDAR,0.0034669999999999996,0.08990000000000001,0.1824736842105263,0.4495,0.3159868421052632
M10109,5.5e-05,1e-06,0.5,-0.25,0.05,0.015497,0.1227,nSEG,2,LIDAR,0.003502999999999999,0.07730000000000001,0.18436842105263154,0.3865,0.2854342105263158
M10110,5.5e-05,1e-06,0.5,-0.25,0.08,0.015405,0.1547,nSEG,2,LIDAR,0.0035949999999999992,0.04530000000000001,0.18921052631578944,0.22650000000000003,0.20785526315789474
M10111,5.5e-05,1e-06,0.5,0.0,0.03,0.015575,0.08987,nSEG,2,LIDAR,0.0034249999999999992,0.11013,0.18026315789473682,0.55065,0.3654565789473684
M10112,5.5e-05,1e-06,0.5,0.0,0.035,0.015555,0.09652,nSEG,2,LIDAR,0.003445,0.10348000000000002,0.18131578947368424,0.5174000000000001,0.34935789473684215
M10113,5.5e-05,1e-06,0.5,0.0,0.04,0.015536,0.1028,nSEG,2,LIDAR,0.003464,0.09720000000000001,0.1823157894736842,0.48600000000000004,0.3341578947368421
M10114,5.5e-05,1e-06,0.5,0.0,0.05,0.015501,0.1143,nSEG,2,LIDAR,0.0034990000000000004,0.08570000000000001,0.18415789473684213,0.42850000000000005,0.3063289473684211
M10115,5.5e-05,1e-06,0.5,0.0,0.08,0.01541,0.1439,nSEG,2,LIDAR,0.0035899999999999994,0.05610000000000001,0.1889473684210526,0.2805,0.2347236842105263
M10116,5.5e-05,1e-06,0.5,0.25,0.03,0.015577,0.08538,nSEG,2,LIDAR,0.003422999999999999,0.11462000000000001,0.18015789473684204,0.5731,0.37662894736842106
M10117,5.5e-05,1e-06,0.5,0.25,0.035,0.015557,0.09162,nSEG,2,LIDAR,0.003443,0.10838000000000002,0.18121052631578946,0.5419,0.36155526315789477
M10118,5.5e-05,1e-06,0.5,0.25,0.04,0.015539,0.09748,nSEG,2,LIDAR,0.003460999999999999,0.10252000000000001,0.18215789473684205,0.5126000000000001,0.34737894736842106
M10119,5.5e-05,1e-06,0.5,0.25,0.05,0.015504,0.1083,nSEG,2,LIDAR,0.003495999999999999,0.09170000000000002,0.18399999999999997,0.4585000000000001,0.32125000000000004
M10120,5.5e-05,1e-06,0.5,0.25,0.08,0.015414,0.1361,nSEG,2,LIDAR,0.003585999999999999,0.06390000000000001,0.1887368421052631,0.31950000000000006,0.2541184210526316
M10121,5.5e-05,1e-06,0.5,0.5,0.03,0.015579,0.08191,nSEG,2,LIDAR,0.0034209999999999987,0.11809000000000001,0.1800526315789473,0.59045,0.3852513157894737
M10122,5.5e-05,1e-06,0.5,0.5,0.035,0.015559,0.08783,nSEG,2,LIDAR,0.0034409999999999996,0.11217,0.1811052631578947,0.56085,0.37097763157894736
M10123,5.5e-05,1e-06,0.5,0.5,0.04,0.015541,0.0934,nSEG,2,LIDAR,0.0034590000000000003,0.10660000000000001,0.18205263157894738,0.533,0.3575263157894737
M10124,5.5e-05,1e-06,0.5,0.5,0.05,0.015506,0.1037,nSEG,2,LIDAR,0.003493999999999999,0.09630000000000001,0.1838947368421052,0.48150000000000004,0.33269736842105263
M10125,5.5e-05,1e-06,0.5,0.5,0.08,0.015417,0.13,nSEG,2,LIDAR,0.0035829999999999994,0.07,0.188578947368421,0.35000000000000003,0.2692894736842105
M10126,5.5e-05,5.5e-06,-0.5,-0.5,0.03,0.020653,0.1214,nSEG,2,LIDAR,-0.0016530000000000017,0.07860000000000002,0.08700000000000009,0.39300000000000007,0.24000000000000007
M10127,5.5e-05,5.5e-06,-0.5,-0.5,0.035,0.020608,0.1309,nSEG,2,LIDAR,-0.0016080000000000018,0.06910000000000002,0.08463157894736852,0.3455000000000001,0.2150657894736843
M10128,5.5e-05,5.5e-06,-0.5,-0.5,0.04,0.020567,0.1397,nSEG,2,LIDAR,-0.001566999999999999,0.06030000000000002,0.08247368421052627,0.3015000000000001,0.19198684210526318
M10129,5.5e-05,5.5e-06,-0.5,-0.5,0.05,0.020489,0.1561,nSEG,2,LIDAR,-0.0014890000000000007,0.04390000000000002,0.07836842105263161,0.2195000000000001,0.14893421052631586
M10130,5.5e-05,5.5e-06,-0.5,-0.5,0.08,0.020289,0.1977,nSEG,2,LIDAR,-0.001289000000000002,0.0023000000000000242,0.067842105263158,0.011500000000000121,0.03967105263157906
M10131,5.5e-05,5.5e-06,-0.5,-0.25,0.03,0.020678,0.11,nSEG,2,LIDAR,-0.001677999999999999,0.09000000000000001,0.08831578947368415,0.45,0.2691578947368421
M10132,5.5e-05,5.5e-06,-0.5,-0.25,0.035,0.020637,0.1185,nSEG,2,LIDAR,-0.0016369999999999996,0.08150000000000002,0.08615789473684209,0.4075000000000001,0.2468289473684211
M10133,5.5e-05,5.5e-06,-0.5,-0.25,0.04,0.020598,0.1264,nSEG,2,LIDAR,-0.0015980000000000022,0.0736,0.08410526315789485,0.368,0.22605263157894742
M10134,5.5e-05,5.5e-06,-0.5,-0.25,0.05,0.020525,0.141,nSEG,2,LIDAR,-0.001525000000000002,0.059000000000000025,0.08026315789473695,0.2950000000000001,0.18763157894736854
M10135,5.5e-05,5.5e-06,-0.5,-0.25,0.08,0.020335,0.1782,nSEG,2,LIDAR,-0.0013349999999999994,0.021800000000000014,0.0702631578947368,0.10900000000000007,0.08963157894736844
M10136,5.5e-05,5.5e-06,-0.5,0.0,0.03,0.020696,0.1027,nSEG,2,LIDAR,-0.0016959999999999996,0.09730000000000001,0.08926315789473682,0.48650000000000004,0.28788157894736843
M10137,5.5e-05,5.5e-06,-0.5,0.0,0.035,0.020655,0.1105,nSEG,2,LIDAR,-0.0016550000000000002,0.08950000000000001,0.08710526315789476,0.4475,0.2673026315789474
M10138,5.5e-05,5.5e-06,-0.5,0.0,0.04,0.020617,0.1178,nSEG,2,LIDAR,-0.0016170000000000004,0.08220000000000001,0.08510526315789475,0.41100000000000003,0.24805263157894739
M10139,5.5e-05,5.5e-06,-0.5,0.0,0.05,0.020547,0.1313,nSEG,2,LIDAR,-0.0015469999999999998,0.06870000000000001,0.08142105263157894,0.3435,0.2124605263157895
M10140,5.5e-05,5.5e-06,-0.5,0.0,0.08,0.020364,0.1657,nSEG,2,LIDAR,-0.0013640000000000006,0.034300000000000025,0.07178947368421056,0.17150000000000012,0.12164473684210533
M10141,5.5e-05,5.5e-06,-0.5,0.25,0.03,0.020708,0.09744,nSEG,2,LIDAR,-0.0017080000000000012,0.10256000000000001,0.08989473684210533,0.5128,0.3013473684210527
M10142,5.5e-05,5.5e-06,-0.5,0.25,0.035,0.020668,0.1048,nSEG,2,LIDAR,-0.0016679999999999993,0.0952,0.0877894736842105,0.47600000000000003,0.28189473684210525
M10143,5.5e-05,5.5e-06,-0.5,0.25,0.04,0.020631,0.1116,nSEG,2,LIDAR,-0.0016310000000000005,0.0884,0.08584210526315793,0.442,0.26392105263157895
M10144,5.5e-05,5.5e-06,-0.5,0.25,0.05,0.020563,0.1243,nSEG,2,LIDAR,-0.0015630000000000019,0.07570000000000002,0.08226315789473694,0.37850000000000006,0.2303815789473685
M10145,5.5e-05,5.5e-06,-0.5,0.25,0.08,0.020387,0.1566,nSEG,2,LIDAR,-0.0013869999999999993,0.04340000000000002,0.07299999999999997,0.2170000000000001,0.14500000000000005
M10146,5.5e-05,5.5e-06,-0.5,0.5,0.03,0.020716,0.09338,nSEG,2,LIDAR,-0.0017159999999999988,0.10662,0.09031578947368415,0.5331,0.3117078947368421
M10147,5.5e-05,5.5e-06,-0.5,0.5,0.035,0.020679,0.1003,nSEG,2,LIDAR,-0.001679,0.09970000000000001,0.08836842105263158,0.49850000000000005,0.2934342105263158
M10148,5.5e-05,5.5e-06,-0.5,0.5,0.04,0.020642,0.1069,nSEG,2,LIDAR,-0.001642000000000001,0.09310000000000002,0.08642105263157901,0.4655000000000001,0.27596052631578954
M10149,5.5e-05,5.5e-06,-0.5,0.5,0.05,0.020576,0.1189,nSEG,2,LIDAR,-0.001576000000000001,0.0811,0.08294736842105269,0.4055,0.24422368421052637
M10150,5.5e-05,5.5e-06,-0.5,0.5,0.08,0.020403,0.1496,nSEG,2,LIDAR,-0.0014030000000000015,0.0504,0.07384210526315797,0.252,0.162921052631579
M10151,5.5e-05,5.5e-06,-0.25,-0.5,0.03,0.020679,0.1215,nSEG,2,LIDAR,-0.001679,0.07850000000000001,0.08836842105263158,0.39250000000000007,0.24043421052631583
M10152,5.5e-05,5.5e-06,-0.25,-0.5,0.035,0.020637,0.131,nSEG,2,LIDAR,-0.0016369999999999996,0.069,0.08615789473684209,0.34500000000000003,0.21557894736842106
M10153,5.5e-05,5.5e-06,-0.25,-0.5,0.04,0.020598,0.1398,nSEG,2,LIDAR,-0.0015980000000000022,0.060200000000000004,0.08410526315789485,0.301,0.19255263157894742
M10154,5.5e-05,5.5e-06,-0.25,-0.5,0.05,0.020525,0.1562,nSEG,2,LIDAR,-0.001525000000000002,0.043800000000000006,0.08026315789473695,0.21900000000000003,0.1496315789473685
M10155,5.5e-05,5.5e-06,-0.25,-0.5,0.08,0.020336,0.1979,nSEG,2,LIDAR,-0.0013360000000000004,0.0021000000000000185,0.07031578947368423,0.010500000000000093,0.04040789473684216
M10156,5.5e-05,5.5e-06,-0.25,-0.25,0.03,0.020705,0.1101,nSEG,2,LIDAR,-0.0017050000000000017,0.08990000000000001,0.08973684210526325,0.4495,0.2696184210526316
M10157,5.5e-05,5.5e-06,-0.25,-0.25,0.035,0.020665,0.1186,nSEG,2,LIDAR,-0.0016649999999999998,0.08140000000000001,0.08763157894736841,0.40700000000000003,0.2473157894736842
M10158,5.5e-05,5.5e-06,-0.25,-0.25,0.04,0.020629,0.1265,nSEG,2,LIDAR,-0.001629000000000002,0.07350000000000001,0.08573684210526326,0.36750000000000005,0.22661842105263166
M10159,5.5e-05,5.5e-06,-0.25,-0.25,0.05,0.02056,0.1412,nSEG,2,LIDAR,-0.0015599999999999989,0.05880000000000002,0.08210526315789468,0.2940000000000001,0.1880526315789474
M10160,5.5e-05,5.5e-06,-0.25,-0.25,0.08,0.020381,0.1785,nSEG,2,LIDAR,-0.0013810000000000003,0.02150000000000002,0.07268421052631581,0.1075000000000001,0.09009210526315795
M10161,5.5e-05,5.5e-06,-0.25,0.0,0.03,0.020723,0.1028,nSEG,2,LIDAR,-0.0017229999999999988,0.09720000000000001,0.09068421052631573,0.48600000000000004,0.2883421052631579
M10162,5.5e-05,5.5e-06,-0.25,0.0,0.035,0.020684,0.1106,nSEG,2,LIDAR,-0.0016840000000000015,0.08940000000000001,0.0886315789473685,0.447,0.26781578947368423
M10163,5.5e-05,5.5e-06,-0.25,0.0,0.04,0.020648,0.1179,nSEG,2,LIDAR,-0.0016480000000000002,0.0821,0.08673684210526317,0.41050000000000003,0.2486184210526316
M10164,5.5e-05,5.5e-06,-0.25,0.0,0.05,0.020583,0.1314,nSEG,2,LIDAR,-0.001583000000000001,0.06860000000000002,0.08331578947368427,0.3430000000000001,0.21315789473684219
M10165,5.5e-05,5.5e-06,-0.25,0.0,0.08,0.020411,0.1659,nSEG,2,LIDAR,-0.001410999999999999,0.03410000000000002,0.0742631578947368,0.1705000000000001,0.12238157894736845
M10166,5.5e-05,5.5e-06,-0.25,0.25,0.03,0.020734,0.0975,nSEG,2,LIDAR,-0.0017339999999999994,0.10250000000000001,0.09126315789473681,0.5125,0.3018815789473684
M10167,5.5e-05,5.5e-06,-0.25,0.25,0.035,0.020697,0.1048,nSEG,2,LIDAR,-0.0016970000000000006,0.0952,0.08931578947368424,0.47600000000000003,0.2826578947368421
M10168,5.5e-05,5.5e-06,-0.25,0.25,0.04,0.020662,0.1117,nSEG,2,LIDAR,-0.0016620000000000003,0.08830000000000002,0.08747368421052633,0.44150000000000006,0.2644868421052632
M10169,5.5e-05,5.5e-06,-0.25,0.25,0.05,0.020599,0.1244,nSEG,2,LIDAR,-0.0015989999999999997,0.07560000000000001,0.0841578947368421,0.37800000000000006,0.23107894736842108
M10170,5.5e-05,5.5e-06,-0.25,0.25,0.08,0.020434,0.1568,nSEG,2,LIDAR,-0.0014340000000000012,0.043200000000000016,0.07547368421052639,0.21600000000000008,0.14573684210526322
M10171,5.5e-05,5.5e-06,-0.25,0.5,0.03,0.020743,0.09343,nSEG,2,LIDAR,-0.0017430000000000015,0.10657000000000001,0.09173684210526324,0.53285,0.31229342105263164
M10172,5.5e-05,5.5e-06,-0.25,0.5,0.035,0.020708,0.1004,nSEG,2,LIDAR,-0.0017080000000000012,0.09960000000000001,0.08989473684210533,0.498,0.2939473684210527
M10173,5.5e-05,5.5e-06,-0.25,0.5,0.04,0.020674,0.1069,nSEG,2,LIDAR,-0.0016740000000000019,0.09310000000000002,0.08810526315789484,0.4655000000000001,0.27680263157894747
M10174,5.5e-05,5.5e-06,-0.25,0.5,0.05,0.020612,0.119,nSEG,2,LIDAR,-0.0016119999999999989,0.08100000000000002,0.08484210526315783,0.4050000000000001,0.24492105263157896
M10175,5.5e-05,5.5e-06,-0.25,0.5,0.08,0.02045,0.1498,nSEG,2,LIDAR,-0.00145,0.05020000000000002,0.07631578947368421,0.2510000000000001,0.16365789473684217
M10176,5.5e-05,5.5e-06,0.0,-0.5,0.03,0.020696,0.1215,nSEG,2,LIDAR,-0.0016959999999999996,0.07850000000000001,0.08926315789473682,0.39250000000000007,0.24088157894736845
M10177,5.5e-05,5.5e-06,0.0,-0.5,0.035,0.020656,0.131,nSEG,2,LIDAR,-0.0016560000000000012,0.069,0.08715789473684217,0.34500000000000003,0.2160789473684211
M10178,5.5e-05,5.5e-06,0.0,-0.5,0.04,0.020618,0.1399,nSEG,2,LIDAR,-0.0016180000000000014,0.060100000000000015,0.08515789473684218,0.30050000000000004,0.1928289473684211
M10179,5.5e-05,5.5e-06,0.0,-0.5,0.05,0.020548,0.1563,nSEG,2,LIDAR,-0.0015480000000000008,0.04370000000000002,0.08147368421052636,0.21850000000000008,0.14998684210526322
M10180,5.5e-05,5.5e-06,0.0,-0.5,0.08,0.020366,0.198,nSEG,2,LIDAR,-0.0013659999999999992,0.0020000000000000018,0.07189473684210522,0.010000000000000009,0.040947368421052614
M10181,5.5e-05,5.5e-06,0.0,-0.25,0.03,0.020722,0.1101,nSEG,2,LIDAR,-0.0017220000000000013,0.08990000000000001,0.0906315789473685,0.4495,0.27006578947368426
M10182,5.5e-05,5.5e-06,0.0,-0.25,0.035,0.020684,0.1186,nSEG,2,LIDAR,-0.0016840000000000015,0.08140000000000001,0.0886315789473685,0.40700000000000003,0.24781578947368427
M10183,5.5e-05,5.5e-06,0.0,-0.25,0.04,0.020649,0.1266,nSEG,2,LIDAR,-0.0016490000000000012,0.07340000000000002,0.08678947368421058,0.3670000000000001,0.22689473684210534
M10184,5.5e-05,5.5e-06,0.0,-0.25,0.05,0.020583,0.1412,nSEG,2,LIDAR,-0.001583000000000001,0.05880000000000002,0.08331578947368427,0.2940000000000001,0.1886578947368422
M10185,5.5e-05,5.5e-06,0.0,-0.25,0.08,0.020411,0.1786,nSEG,2,LIDAR,-0.001410999999999999,0.021400000000000002,0.0742631578947368,0.10700000000000001,0.0906315789473684
M10186,5.5e-05,5.5e-06,0.0,0.0,0.03,0.020739,0.1028,nSEG,2,LIDAR,-0.001739000000000001,0.09720000000000001,0.09152631578947373,0.48600000000000004,0.2887631578947369
M10187,5.5e-05,5.5e-06,0.0,0.0,0.035,0.020702,0.1106,nSEG,2,LIDAR,-0.0017020000000000021,0.08940000000000001,0.08957894736842116,0.447,0.2682894736842106
M10188,5.5e-05,5.5e-06,0.0,0.0,0.04,0.020668,0.118,nSEG,2,LIDAR,-0.0016679999999999993,0.08200000000000002,0.0877894736842105,0.4100000000000001,0.24889473684210528
M10189,5.5e-05,5.5e-06,0.0,0.0,0.05,0.020605,0.1315,nSEG,2,LIDAR,-0.0016049999999999988,0.0685,0.08447368421052626,0.3425,0.21348684210526314
M10190,5.5e-05,5.5e-06,0.0,0.0,0.08,0.020441,0.166,nSEG,2,LIDAR,-0.0014410000000000013,0.034,0.07584210526315796,0.17,0.12292105263157899
M10191,5.5e-05,5.5e-06,0.0,0.25,0.03,0.020751,0.09754,nSEG,2,LIDAR,-0.001750999999999999,0.10246000000000001,0.09215789473684206,0.5123,0.30222894736842104
M10192,5.5e-05,5.5e-06,0.0,0.25,0.035,0.020716,0.1049,nSEG,2,LIDAR,-0.0017159999999999988,0.09510000000000002,0.09031578947368415,0.4755000000000001,0.28290789473684214
M10193,5.5e-05,5.5e-06,0.0,0.25,0.04,0.020682,0.1118,nSEG,2,LIDAR,-0.0016819999999999995,0.08820000000000001,0.08852631578947366,0.44100000000000006,0.26476315789473687
M10194,5.5e-05,5.5e-06,0.0,0.25,0.05,0.020622,0.1245,nSEG,2,LIDAR,-0.001622000000000002,0.07550000000000001,0.08536842105263168,0.37750000000000006,0.23143421052631585
M10195,5.5e-05,5.5e-06,0.0,0.25,0.08,0.020464,0.1569,nSEG,2,LIDAR,-0.001464,0.0431,0.07705263157894737,0.2155,0.1462763157894737
M10196,5.5e-05,5.5e-06,0.0,0.5,0.03,0.020759,0.09347,nSEG,2,LIDAR,-0.0017590000000000001,0.10653000000000001,0.09257894736842107,0.5326500000000001,0.3126144736842106
M10197,5.5e-05,5.5e-06,0.0,0.5,0.035,0.020727,0.1004,nSEG,2,LIDAR,-0.0017269999999999994,0.09960000000000001,0.09089473684210524,0.498,0.2944473684210526
M10198,5.5e-05,5.5e-06,0.0,0.5,0.04,0.020694,0.107,nSEG,2,LIDAR,-0.001694000000000001,0.09300000000000001,0.08915789473684216,0.465,0.2770789473684211
M10199,5.5e-05,5.5e-06,0.0,0.5,0.05,0.020634,0.1191,nSEG,2,LIDAR,-0.001634,0.08090000000000001,0.08600000000000001,0.4045,0.24525000000000002
M10200,5.5e-05,5.5e-06,0.0,0.5,0.08,0.02048,0.1499,nSEG,2,LIDAR,-0.0014800000000000021,0.050100000000000006,0.07789473684210538,0.2505,0.1641973684210527
M10201,5.5e-05,5.5e-06,0.25,-0.5,0.03,0.020708,0.1215,nSEG,2,LIDAR,-0.0017080000000000012,0.07850000000000001,0.08989473684210533,0.39250000000000007,0.24119736842105272
M10202,5.5e-05,5.5e-06,0.25,-0.5,0.035,0.020669,0.1311,nSEG,2,LIDAR,-0.0016690000000000003,0.06890000000000002,0.08784210526315792,0.3445000000000001,0.21617105263157899
M10203,5.5e-05,5.5e-06,0.25,-0.5,0.04,0.020632,0.14,nSEG,2,LIDAR,-0.0016320000000000015,0.06,0.08589473684210534,0.3,0.19294736842105267
M10204,5.5e-05,5.5e-06,0.25,-0.5,0.05,0.020564,0.1564,nSEG,2,LIDAR,-0.0015639999999999994,0.0436,0.08231578947368418,0.218,0.1501578947368421
M10205,5.5e-05,5.5e-06,0.25,-0.5,0.08,0.020387,0.1981,nSEG,2,LIDAR,-0.0013869999999999993,0.0019000000000000128,0.07299999999999997,0.009500000000000064,0.041250000000000016
M10206,5.5e-05,5.5e-06,0.25,-0.25,0.03,0.020734,0.1102,nSEG,2,LIDAR,-0.0017339999999999994,0.0898,0.09126315789473681,0.449,0.2701315789473684
M10207,5.5e-05,5.5e-06,0.25,-0.25,0.035,0.020697,0.1187,nSEG,2,LIDAR,-0.0016970000000000006,0.08130000000000001,0.08931578947368424,0.40650000000000003,0.24790789473684213
M10208,5.5e-05,5.5e-06,0.25,-0.25,0.04,0.020663,0.1266,nSEG,2,LIDAR,-0.0016630000000000013,0.07340000000000002,0.08752631578947376,0.3670000000000001,0.22726315789473694
M10209,5.5e-05,5.5e-06,0.25,-0.25,0.05,0.020599,0.1413,nSEG,2,LIDAR,-0.0015989999999999997,0.0587,0.0841578947368421,0.2935,0.18882894736842104
M10210,5.5e-05,5.5e-06,0.25,-0.25,0.08,0.020433,0.1787,nSEG,2,LIDAR,-0.0014330000000000002,0.021300000000000013,0.07542105263157896,0.10650000000000007,0.09096052631578952
M10211,5.5e-05,5.5e-06,0.25,0.0,0.03,0.020751,0.1028,nSEG,2,LIDAR,-0.001750999999999999,0.09720000000000001,0.09215789473684206,0.48600000000000004,0.28907894736842105
M10212,5.5e-05,5.5e-06,0.25,0.0,0.035,0.020715,0.1107,nSEG,2,LIDAR,-0.0017150000000000012,0.0893,0.0902631578947369,0.4465,0.26838157894736847
M10213,5.5e-05,5.5e-06,0.25,0.0,0.04,0.020682,0.118,nSEG,2,LIDAR,-0.0016819999999999995,0.08200000000000002,0.08852631578947366,0.4100000000000001,0.24926315789473688
M10214,5.5e-05,5.5e-06,0.25,0.0,0.05,0.020622,0.1316,nSEG,2,LIDAR,-0.001622000000000002,0.06840000000000002,0.08536842105263168,0.3420000000000001,0.21368421052631587
M10215,5.5e-05,5.5e-06,0.25,0.0,0.08,0.020462,0.1661,nSEG,2,LIDAR,-0.0014620000000000015,0.03390000000000001,0.07694736842105271,0.16950000000000007,0.12322368421052639
M10216,5.5e-05,5.5e-06,0.25,0.25,0.03,0.020763,0.09757,nSEG,2,LIDAR,-0.0017630000000000007,0.10243000000000001,0.09278947368421056,0.51215,0.30246973684210526
M10217,5.5e-05,5.5e-06,0.25,0.25,0.035,0.020729,0.1049,nSEG,2,LIDAR,-0.0017290000000000014,0.09510000000000002,0.09100000000000008,0.4755000000000001,0.2832500000000001
M10218,5.5e-05,5.5e-06,0.25,0.25,0.04,0.020697,0.1118,nSEG,2,LIDAR,-0.0016970000000000006,0.08820000000000001,0.08931578947368424,0.44100000000000006,0.26515789473684215
M10219,5.5e-05,5.5e-06,0.25,0.25,0.05,0.020638,0.1245,nSEG,2,LIDAR,-0.0016380000000000006,0.07550000000000001,0.0862105263157895,0.37750000000000006,0.2318552631578948
M10220,5.5e-05,5.5e-06,0.25,0.25,0.08,0.020485,0.157,nSEG,2,LIDAR,-0.0014850000000000002,0.04300000000000001,0.07815789473684212,0.21500000000000005,0.1465789473684211
M10221,5.5e-05,5.5e-06,0.25,0.5,0.03,0.020772,0.09349,nSEG,2,LIDAR,-0.0017719999999999993,0.10651000000000001,0.09326315789473681,0.53255,0.3129065789473684
M10222,5.5e-05,5.5e-06,0.25,0.5,0.035,0.02074,0.1005,nSEG,2,LIDAR,-0.001740000000000002,0.0995,0.09157894736842116,0.4975,0.2945394736842106
M10223,5.5e-05,5.5e-06,0.25,0.5,0.04,0.020708,0.107,nSEG,2,LIDAR,-0.0017080000000000012,0.09300000000000001,0.08989473684210533,0.465,0.27744736842105266
M10224,5.5e-05,5.5e-06,0.25,0.5,0.05,0.020651,0.1191,nSEG,2,LIDAR,-0.0016509999999999997,0.08090000000000001,0.08689473684210525,0.4045,0.24569736842105264
M10225,5.5e-05,5.5e-06,0.25,0.5,0.08,0.020501,0.15,nSEG,2,LIDAR,-0.0015009999999999989,0.05000000000000002,0.07899999999999995,0.25000000000000006,0.1645
M10226,5.5e-05,5.5e-06,0.5,-0.5,0.03,0.020717,0.1216,nSEG,2,LIDAR,-0.0017169999999999998,0.07840000000000001,0.09036842105263157,0.392,0.24118421052631578
M10227,5.5e-05,5.5e-06,0.5,-0.5,0.035,0.020679,0.1311,nSEG,2,LIDAR,-0.001679,0.06890000000000002,0.08836842105263158,0.3445000000000001,0.21643421052631584
M10228,5.5e-05,5.5e-06,0.5,-0.5,0.04,0.020643,0.14,nSEG,2,LIDAR,-0.001643000000000002,0.06,0.08647368421052642,0.3,0.1932368421052632
M10229,5.5e-05,5.5e-06,0.5,-0.5,0.05,0.020577,0.1564,nSEG,2,LIDAR,-0.001577000000000002,0.0436,0.0830000000000001,0.218,0.15050000000000005
M10230,5.5e-05,5.5e-06,0.5,-0.5,0.08,0.020404,0.1982,nSEG,2,LIDAR,-0.001403999999999999,0.0018000000000000238,0.07389473684210521,0.009000000000000119,0.04144736842105266
M10231,5.5e-05,5.5e-06,0.5,-0.25,0.03,0.020743,0.1102,nSEG,2,LIDAR,-0.0017430000000000015,0.0898,0.09173684210526324,0.449,0.27036842105263165
M10232,5.5e-05,5.5e-06,0.5,-0.25,0.035,0.020707,0.1187,nSEG,2,LIDAR,-0.0017070000000000002,0.08130000000000001,0.0898421052631579,0.40650000000000003,0.24817105263157896
M10233,5.5e-05,5.5e-06,0.5,-0.25,0.04,0.020674,0.1266,nSEG,2,LIDAR,-0.0016740000000000019,0.07340000000000002,0.08810526315789484,0.3670000000000001,0.22755263157894748
M10234,5.5e-05,5.5e-06,0.5,-0.25,0.05,0.020612,0.1413,nSEG,2,LIDAR,-0.0016119999999999989,0.0587,0.08484210526315783,0.2935,0.1891710526315789
M10235,5.5e-05,5.5e-06,0.5,-0.25,0.08,0.020449,0.1788,nSEG,2,LIDAR,-0.001448999999999999,0.021200000000000024,0.07626315789473678,0.10600000000000012,0.09113157894736845
M10236,5.5e-05,5.5e-06,0.5,0.0,0.03,0.020761,0.1029,nSEG,2,LIDAR,-0.0017610000000000021,0.0971,0.09268421052631591,0.4855,0.28909210526315793
M10237,5.5e-05,5.5e-06,0.5,0.0,0.035,0.020726,0.1107,nSEG,2,LIDAR,-0.0017260000000000018,0.0893,0.09084210526315799,0.4465,0.268671052631579
M10238,5.5e-05,5.5e-06,0.5,0.0,0.04,0.020693,0.118,nSEG,2,LIDAR,-0.001693,0.08200000000000002,0.08910526315789474,0.4100000000000001,0.24955263157894741
M10239,5.5e-05,5.5e-06,0.5,0.0,0.05,0.020634,0.1316,nSEG,2,LIDAR,-0.001634,0.06840000000000002,0.08600000000000001,0.3420000000000001,0.21400000000000005
M10240,5.5e-05,5.5e-06,0.5,0.0,0.08,0.020479,0.1662,nSEG,2,LIDAR,-0.0014790000000000011,0.033800000000000024,0.07784210526315796,0.16900000000000012,0.12342105263157904
M10241,5.5e-05,5.5e-06,0.5,0.25,0.03,0.020772,0.09759,nSEG,2,LIDAR,-0.0017719999999999993,0.10241000000000001,0.09326315789473681,0.51205,0.3026565789473684
M10242,5.5e-05,5.5e-06,0.5,0.25,0.035,0.020739,0.1049,nSEG,2,LIDAR,-0.001739000000000001,0.09510000000000002,0.09152631578947373,0.4755000000000001,0.2835131578947369
M10243,5.5e-05,5.5e-06,0.5,0.25,0.04,0.020708,0.1118,nSEG,2,LIDAR,-0.0017080000000000012,0.08820000000000001,0.08989473684210533,0.44100000000000006,0.2654473684210527
M10244,5.5e-05,5.5e-06,0.5,0.25,0.05,0.020651,0.1246,nSEG,2,LIDAR,-0.0016509999999999997,0.07540000000000001,0.08689473684210525,0.377,0.23194736842105262
M10245,5.5e-05,5.5e-06,0.5,0.25,0.08,0.020502,0.1571,nSEG,2,LIDAR,-0.0015019999999999999,0.04290000000000002,0.07905263157894736,0.2145000000000001,0.14677631578947373
M10246,5.5e-05,5.5e-06,0.5,0.5,0.03,0.020781,0.09351,nSEG,2,LIDAR,-0.0017810000000000013,0.10649000000000002,0.09373684210526323,0.5324500000000001,0.31309342105263166
M10247,5.5e-05,5.5e-06,0.5,0.5,0.035,0.02075,0.1005,nSEG,2,LIDAR,-0.0017500000000000016,0.0995,0.09210526315789481,0.4975,0.2948026315789474
M10248,5.5e-05,5.5e-06,0.5,0.5,0.04,0.020719,0.107,nSEG,2,LIDAR,-0.0017190000000000018,0.09300000000000001,0.09047368421052641,0.465,0.2777368421052632
M10249,5.5e-05,5.5e-06,0.5,0.5,0.05,0.020663,0.1191,nSEG,2,LIDAR,-0.0016630000000000013,0.08090000000000001,0.08752631578947376,0.4045,0.24601315789473688
M10250,5.5e-05,5.5e-06,0.5,0.5,0.08,0.020518,0.1501,nSEG,2,LIDAR,-0.001518000000000002,0.0499,0.07989473684210537,0.2495,0.16469736842105268
M10251,5.5e-05,1e-05,-0.5,-0.5,0.03,0.025492,0.1347,nSEG,2,LIDAR,-0.006492000000000001,0.06530000000000002,0.34168421052631587,0.3265000000000001,0.334092105263158
M10252,5.5e-05,1e-05,-0.5,-0.5,0.035,0.025432,0.1454,nSEG,2,LIDAR,-0.006432,0.05460000000000001,0.33852631578947373,0.273,0.30576315789473685
M10253,5.5e-05,1e-05,-0.5,-0.5,0.04,0.025375,0.1554,nSEG,2,LIDAR,-0.006375000000000002,0.0446,0.3355263157894738,0.223,0.2792631578947369
M10254,5.5e-05,1e-05,-0.5,-0.5,0.05,0.02527,0.1737,nSEG,2,LIDAR,-0.006270000000000001,0.026300000000000018,0.33000000000000007,0.1315000000000001,0.23075000000000007
M10255,5.5e-05,1e-05,-0.5,-0.5,0.08,0.024997,0.2203,nSEG,2,LIDAR,-0.005996999999999999,-0.020299999999999985,0.3156315789473684,0.10149999999999992,0.20856578947368415
M10256,5.5e-05,1e-05,-0.5,-0.25,0.03,0.025538,0.122,nSEG,2,LIDAR,-0.006538000000000002,0.07800000000000001,0.34410526315789486,0.39000000000000007,0.36705263157894746
M10257,5.5e-05,1e-05,-0.5,-0.25,0.035,0.025482,0.1315,nSEG,2,LIDAR,-0.006482000000000002,0.0685,0.3411578947368422,0.3425,0.3418289473684211
M10258,5.5e-05,1e-05,-0.5,-0.25,0.04,0.025429,0.1404,nSEG,2,LIDAR,-0.006429000000000001,0.059600000000000014,0.3383684210526316,0.29800000000000004,0.31818421052631585
M10259,5.5e-05,1e-05,-0.5,-0.25,0.05,0.025332,0.1568,nSEG,2,LIDAR,-0.006332000000000001,0.043200000000000016,0.33326315789473687,0.21600000000000008,0.27463157894736845
M10260,5.5e-05,1e-05,-0.5,-0.25,0.08,0.025079,0.1986,nSEG,2,LIDAR,-0.006079000000000001,0.0014000000000000123,0.3199473684210527,0.007000000000000062,0.16347368421052638
M10261,5.5e-05,1e-05,-0.5,0.0,0.03,0.025568,0.1137,nSEG,2,LIDAR,-0.006568000000000001,0.08630000000000002,0.34568421052631587,0.43150000000000005,0.38859210526315796
M10262,5.5e-05,1e-05,-0.5,0.0,0.035,0.025515,0.1225,nSEG,2,LIDAR,-0.006515,0.07750000000000001,0.34289473684210525,0.38750000000000007,0.36519736842105266
M10263,5.5e-05,1e-05,-0.5,0.0,0.04,0.025464,0.1308,nSEG,2,LIDAR,-0.006464000000000001,0.06920000000000001,0.3402105263157895,0.34600000000000003,0.3431052631578948
M10264,5.5e-05,1e-05,-0.5,0.0,0.05,0.025371,0.1459,nSEG,2,LIDAR,-0.006371000000000002,0.05410000000000001,0.3353157894736843,0.2705,0.30290789473684215
M10265,5.5e-05,1e-05,-0.5,0.0,0.08,0.025132,0.1846,nSEG,2,LIDAR,-0.006132000000000002,0.015400000000000025,0.32273684210526327,0.07700000000000012,0.1998684210526317
M10266,5.5e-05,1e-05,-0.5,0.25,0.03,0.025591,0.1078,nSEG,2,LIDAR,-0.006591,0.0922,0.34689473684210526,0.461,0.4039473684210526
M10267,5.5e-05,1e-05,-0.5,0.25,0.035,0.025538,0.116,nSEG,2,LIDAR,-0.006538000000000002,0.084,0.34410526315789486,0.42,0.3820526315789474
M10268,5.5e-05,1e-05,-0.5,0.25,0.04,0.02549,0.1238,nSEG,2,LIDAR,-0.006489999999999999,0.07620000000000002,0.34157894736842104,0.38100000000000006,0.36128947368421055
M10269,5.5e-05,1e-05,-0.5,0.25,0.05,0.0254,0.1381,nSEG,2,LIDAR,-0.0063999999999999994,0.06190000000000001,0.3368421052631579,0.30950000000000005,0.32317105263157897
M10270,5.5e-05,1e-05,-0.5,0.25,0.08,0.02517,0.1744,nSEG,2,LIDAR,-0.006170000000000002,0.02560000000000001,0.32473684210526327,0.12800000000000006,0.22636842105263166
M10271,5.5e-05,1e-05,-0.5,0.5,0.03,0.025606,0.1032,nSEG,2,LIDAR,-0.006606000000000001,0.09680000000000001,0.3476842105263158,0.48400000000000004,0.4158421052631579
M10272,5.5e-05,1e-05,-0.5,0.5,0.035,0.025557,0.1111,nSEG,2,LIDAR,-0.006557,0.0889,0.34510526315789475,0.4445,0.39480263157894735
M10273,5.5e-05,1e-05,-0.5,0.5,0.04,0.025509,0.1184,nSEG,2,LIDAR,-0.006509000000000001,0.0816,0.3425789473684211,0.40800000000000003,0.37528947368421056
M10274,5.5e-05,1e-05,-0.5,0.5,0.05,0.025422,0.132,nSEG,2,LIDAR,-0.006422000000000001,0.068,0.338,0.34,0.339
M10275,5.5e-05,1e-05,-0.5,0.5,0.08,0.025199,0.1666,nSEG,2,LIDAR,-0.006199,0.03340000000000001,0.3262631578947368,0.16700000000000007,0.24663157894736842
M10276,5.5e-05,1e-05,-0.25,-0.5,0.03,0.025517,0.1348,nSEG,2,LIDAR,-0.006517000000000002,0.06520000000000001,0.34300000000000014,0.326,0.3345000000000001
M10277,5.5e-05,1e-05,-0.25,-0.5,0.035,0.025459,0.1455,nSEG,2,LIDAR,-0.0064589999999999995,0.05450000000000002,0.3399473684210526,0.2725000000000001,0.30622368421052637
M10278,5.5e-05,1e-05,-0.25,-0.5,0.04,0.025405,0.1554,nSEG,2,LIDAR,-0.006405000000000001,0.0446,0.3371052631578948,0.223,0.2800526315789474
M10279,5.5e-05,1e-05,-0.25,-0.5,0.05,0.025304,0.1738,nSEG,2,LIDAR,-0.006304000000000001,0.0262,0.3317894736842106,0.131,0.2313947368421053
M10280,5.5e-05,1e-05,-0.25,-0.5,0.08,0.025042,0.2205,nSEG,2,LIDAR,-0.006041999999999999,-0.02049999999999999,0.31799999999999995,0.10249999999999995,0.21024999999999994
M10281,5.5e-05,1e-05,-0.25,-0.25,0.03,0.025564,0.122,nSEG,2,LIDAR,-0.006564,0.07800000000000001,0.3454736842105263,0.39000000000000007,0.3677368421052632
M10282,5.5e-05,1e-05,-0.25,-0.25,0.035,0.02551,0.1315,nSEG,2,LIDAR,-0.006510000000000002,0.0685,0.3426315789473685,0.3425,0.34256578947368427
M10283,5.5e-05,1e-05,-0.25,-0.25,0.04,0.025459,0.1405,nSEG,2,LIDAR,-0.0064589999999999995,0.0595,0.3399473684210526,0.2975,0.3187236842105263
M10284,5.5e-05,1e-05,-0.25,-0.25,0.05,0.025366,0.1569,nSEG,2,LIDAR,-0.006366,0.0431,0.3350526315789474,0.2155,0.2752763157894737
M10285,5.5e-05,1e-05,-0.25,-0.25,0.08,0.025124,0.1988,nSEG,2,LIDAR,-0.006124000000000001,0.0012000000000000066,0.3223157894736843,0.006000000000000033,0.16415789473684217
M10286,5.5e-05,1e-05,-0.25,0.0,0.03,0.025594,0.1138,nSEG,2,LIDAR,-0.006593999999999999,0.08620000000000001,0.34705263157894733,0.43100000000000005,0.38902631578947366
M10287,5.5e-05,1e-05,-0.25,0.0,0.035,0.025542,0.1226,nSEG,2,LIDAR,-0.006541999999999999,0.07740000000000001,0.3443157894736842,0.387,0.36565789473684207
M10288,5.5e-05,1e-05,-0.25,0.0,0.04,0.025494,0.1308,nSEG,2,LIDAR,-0.006494,0.06920000000000001,0.34178947368421053,0.34600000000000003,0.34389473684210525
M10289,5.5e-05,1e-05,-0.25,0.0,0.05,0.025406,0.146,nSEG,2,LIDAR,-0.006406000000000002,0.05400000000000002,0.3371578947368422,0.2700000000000001,0.30357894736842117
M10290,5.5e-05,1e-05,-0.25,0.0,0.08,0.025177,0.1847,nSEG,2,LIDAR,-0.006177000000000002,0.015300000000000008,0.32510526315789484,0.07650000000000004,0.20080263157894745
M10291,5.5e-05,1e-05,-0.25,0.25,0.03,0.025616,0.1078,nSEG,2,LIDAR,-0.006616,0.0922,0.3482105263157895,0.461,0.4046052631578948
M10292,5.5e-05,1e-05,-0.25,0.25,0.035,0.025566,0.1161,nSEG,2,LIDAR,-0.006565999999999999,0.08390000000000002,0.345578947368421,0.41950000000000004,0.3825394736842105
M10293,5.5e-05,1e-05,-0.25,0.25,0.04,0.02552,0.1239,nSEG,2,LIDAR,-0.0065200000000000015,0.07610000000000001,0.3431578947368422,0.38050000000000006,0.36182894736842114
M10294,5.5e-05,1e-05,-0.25,0.25,0.05,0.025434,0.1382,nSEG,2,LIDAR,-0.006433999999999999,0.06180000000000002,0.33863157894736834,0.3090000000000001,0.3238157894736842
M10295,5.5e-05,1e-05,-0.25,0.25,0.08,0.025215,0.1746,nSEG,2,LIDAR,-0.006215000000000002,0.025400000000000006,0.32710526315789484,0.12700000000000003,0.22705263157894745
M10296,5.5e-05,1e-05,-0.25,0.5,0.03,0.025631,0.1033,nSEG,2,LIDAR,-0.0066310000000000015,0.09670000000000001,0.3490000000000001,0.48350000000000004,0.41625000000000006
M10297,5.5e-05,1e-05,-0.25,0.5,0.035,0.025585,0.1111,nSEG,2,LIDAR,-0.006585000000000001,0.0889,0.3465789473684211,0.4445,0.39553947368421055
M10298,5.5e-05,1e-05,-0.25,0.5,0.04,0.025539,0.1185,nSEG,2,LIDAR,-0.006539,0.08150000000000002,0.3441578947368421,0.4075000000000001,0.3758289473684211
M10299,5.5e-05,1e-05,-0.25,0.5,0.05,0.025456,0.1321,nSEG,2,LIDAR,-0.006456,0.06790000000000002,0.33978947368421053,0.3395000000000001,0.3396447368421053
M10300,5.5e-05,1e-05,-0.25,0.5,0.08,0.025244,0.1667,nSEG,2,LIDAR,-0.0062439999999999996,0.033300000000000024,0.3286315789473684,0.16650000000000012,0.24756578947368424
M10301,5.5e-05,1e-05,0.0,-0.5,0.03,0.025533,0.1348,nSEG,2,LIDAR,-0.006533000000000001,0.06520000000000001,0.34384210526315795,0.326,0.334921052631579
M10302,5.5e-05,1e-05,0.0,-0.5,0.035,0.025477,0.1455,nSEG,2,LIDAR,-0.006477,0.05450000000000002,0.34089473684210525,0.2725000000000001,0.30669736842105266
M10303,5.5e-05,1e-05,0.0,-0.5,0.04,0.025424,0.1555,nSEG,2,LIDAR,-0.006423999999999999,0.04450000000000001,0.3381052631578947,0.22250000000000006,0.28030263157894736
M10304,5.5e-05,1e-05,0.0,-0.5,0.05,0.025326,0.1739,nSEG,2,LIDAR,-0.006326000000000002,0.026100000000000012,0.3329473684210527,0.13050000000000006,0.2317236842105264
M10305,5.5e-05,1e-05,0.0,-0.5,0.08,0.025071,0.2206,nSEG,2,LIDAR,-0.006071,-0.02059999999999998,0.3195263157894737,0.1029999999999999,0.21126315789473682
M10306,5.5e-05,1e-05,0.0,-0.25,0.03,0.02558,0.122,nSEG,2,LIDAR,-0.006579999999999999,0.07800000000000001,0.3463157894736842,0.39000000000000007,0.36815789473684213
M10307,5.5e-05,1e-05,0.0,-0.25,0.035,0.025528,0.1316,nSEG,2,LIDAR,-0.006527999999999999,0.06840000000000002,0.34357894736842104,0.3420000000000001,0.34278947368421053
M10308,5.5e-05,1e-05,0.0,-0.25,0.04,0.025478,0.1405,nSEG,2,LIDAR,-0.006478000000000001,0.0595,0.3409473684210527,0.2975,0.3192236842105264
M10309,5.5e-05,1e-05,0.0,-0.25,0.05,0.025388,0.157,nSEG,2,LIDAR,-0.006388000000000001,0.04300000000000001,0.33621052631578957,0.21500000000000005,0.2756052631578948
M10310,5.5e-05,1e-05,0.0,-0.25,0.08,0.025153,0.1989,nSEG,2,LIDAR,-0.006152999999999999,0.0011000000000000176,0.3238421052631578,0.005500000000000088,0.16467105263157894
M10311,5.5e-05,1e-05,0.0,0.0,0.03,0.02561,0.1138,nSEG,2,LIDAR,-0.006610000000000001,0.08620000000000001,0.3478947368421053,0.43100000000000005,0.38944736842105265
M10312,5.5e-05,1e-05,0.0,0.0,0.035,0.02556,0.1226,nSEG,2,LIDAR,-0.00656,0.07740000000000001,0.3452631578947368,0.387,0.3661315789473684
M10313,5.5e-05,1e-05,0.0,0.0,0.04,0.025514,0.1309,nSEG,2,LIDAR,-0.006513999999999999,0.06910000000000002,0.34284210526315784,0.3455000000000001,0.344171052631579
M10314,5.5e-05,1e-05,0.0,0.0,0.05,0.025427,0.1461,nSEG,2,LIDAR,-0.006427000000000002,0.0539,0.338263157894737,0.2695,0.3038815789473685
M10315,5.5e-05,1e-05,0.0,0.0,0.08,0.025205,0.1848,nSEG,2,LIDAR,-0.006205000000000002,0.015200000000000019,0.3265789473684212,0.0760000000000001,0.20128947368421063
M10316,5.5e-05,1e-05,0.0,0.25,0.03,0.025632,0.1079,nSEG,2,LIDAR,-0.006631999999999999,0.09210000000000002,0.34905263157894734,0.4605000000000001,0.4047763157894737
M10317,5.5e-05,1e-05,0.0,0.25,0.035,0.025584,0.1161,nSEG,2,LIDAR,-0.006584,0.08390000000000002,0.3465263157894737,0.41950000000000004,0.3830131578947369
M10318,5.5e-05,1e-05,0.0,0.25,0.04,0.025539,0.1239,nSEG,2,LIDAR,-0.006539,0.07610000000000001,0.3441578947368421,0.38050000000000006,0.3623289473684211
M10319,5.5e-05,1e-05,0.0,0.25,0.05,0.025456,0.1382,nSEG,2,LIDAR,-0.006456,0.06180000000000002,0.33978947368421053,0.3090000000000001,0.3243947368421053
M10320,5.5e-05,1e-05,0.0,0.25,0.08,0.025243,0.1747,nSEG,2,LIDAR,-0.006243000000000002,0.025300000000000017,0.3285789473684212,0.12650000000000008,0.22753947368421062
M10321,5.5e-05,1e-05,0.0,0.5,0.03,0.025648,0.1033,nSEG,2,LIDAR,-0.006648000000000001,0.09670000000000001,0.3498947368421053,0.48350000000000004,0.41669736842105265
M10322,5.5e-05,1e-05,0.0,0.5,0.035,0.025603,0.1111,nSEG,2,LIDAR,-0.006603000000000001,0.0889,0.34752631578947374,0.4445,0.3960131578947369
M10323,5.5e-05,1e-05,0.0,0.5,0.04,0.025559,0.1185,nSEG,2,LIDAR,-0.006558999999999999,0.08150000000000002,0.3452105263157894,0.4075000000000001,0.37635526315789475
M10324,5.5e-05,1e-05,0.0,0.5,0.05,0.025478,0.1321,nSEG,2,LIDAR,-0.006478000000000001,0.06790000000000002,0.3409473684210527,0.3395000000000001,0.3402236842105264
M10325,5.5e-05,1e-05,0.0,0.5,0.08,0.025272,0.1668,nSEG,2,LIDAR,-0.006272,0.03320000000000001,0.33010526315789473,0.16600000000000004,0.24805263157894739
M10326,5.5e-05,1e-05,0.25,-0.5,0.03,0.025545,0.1349,nSEG,2,LIDAR,-0.006545000000000002,0.06510000000000002,0.34447368421052643,0.32550000000000007,0.33498684210526325
M10327,5.5e-05,1e-05,0.25,-0.5,0.035,0.02549,0.1455,nSEG,2,LIDAR,-0.006489999999999999,0.05450000000000002,0.34157894736842104,0.2725000000000001,0.3070394736842106
M10328,5.5e-05,1e-05,0.25,-0.5,0.04,0.025438,0.1556,nSEG,2,LIDAR,-0.006437999999999999,0.04440000000000002,0.3388421052631579,0.22200000000000011,0.280421052631579
M10329,5.5e-05,1e-05,0.25,-0.5,0.05,0.025342,0.174,nSEG,2,LIDAR,-0.006342,0.026000000000000023,0.3337894736842106,0.13000000000000012,0.23189473684210535
M10330,5.5e-05,1e-05,0.25,-0.5,0.08,0.025091,0.2207,nSEG,2,LIDAR,-0.006090999999999999,-0.020699999999999996,0.320578947368421,0.10349999999999998,0.2120394736842105
M10331,5.5e-05,1e-05,0.25,-0.25,0.03,0.025591,0.1221,nSEG,2,LIDAR,-0.006591,0.07790000000000001,0.34689473684210526,0.3895,0.36819736842105266
M10332,5.5e-05,1e-05,0.25,-0.25,0.035,0.02554,0.1316,nSEG,2,LIDAR,-0.006540000000000001,0.06840000000000002,0.3442105263157895,0.3420000000000001,0.3431052631578948
M10333,5.5e-05,1e-05,0.25,-0.25,0.04,0.025492,0.1406,nSEG,2,LIDAR,-0.006492000000000001,0.05940000000000001,0.34168421052631587,0.29700000000000004,0.319342105263158
M10334,5.5e-05,1e-05,0.25,-0.25,0.05,0.025403,0.1571,nSEG,2,LIDAR,-0.006402999999999999,0.04290000000000002,0.33699999999999997,0.2145000000000001,0.27575000000000005
M10335,5.5e-05,1e-05,0.25,-0.25,0.08,0.025173,0.199,nSEG,2,LIDAR,-0.006173000000000001,0.0010000000000000009,0.32489473684210535,0.0050000000000000044,0.16494736842105268
M10336,5.5e-05,1e-05,0.25,0.0,0.03,0.025621,0.1138,nSEG,2,LIDAR,-0.006621000000000002,0.08620000000000001,0.34847368421052644,0.43100000000000005,0.38973684210526327
M10337,5.5e-05,1e-05,0.25,0.0,0.035,0.025573,0.1227,nSEG,2,LIDAR,-0.006572999999999999,0.07730000000000001,0.34594736842105256,0.3865,0.3662236842105263
M10338,5.5e-05,1e-05,0.25,0.0,0.04,0.025527,0.1309,nSEG,2,LIDAR,-0.0065270000000000016,0.06910000000000002,0.3435263157894738,0.3455000000000001,0.3445131578947369
M10339,5.5e-05,1e-05,0.25,0.0,0.05,0.025443,0.1462,nSEG,2,LIDAR,-0.006443000000000001,0.053800000000000014,0.3391052631578948,0.2690000000000001,0.30405263157894746
M10340,5.5e-05,1e-05,0.25,0.0,0.08,0.025226,0.1849,nSEG,2,LIDAR,-0.006225999999999999,0.015100000000000002,0.32768421052631574,0.07550000000000001,0.20159210526315788
M10341,5.5e-05,1e-05,0.25,0.25,0.03,0.025644,0.1079,nSEG,2,LIDAR,-0.006644000000000001,0.09210000000000002,0.3496842105263158,0.4605000000000001,0.405092105263158
M10342,5.5e-05,1e-05,0.25,0.25,0.035,0.025596,0.1162,nSEG,2,LIDAR,-0.006596000000000001,0.08380000000000001,0.34715789473684217,0.41900000000000004,0.3830789473684211
M10343,5.5e-05,1e-05,0.25,0.25,0.04,0.025553,0.1239,nSEG,2,LIDAR,-0.006553,0.07610000000000001,0.34489473684210525,0.38050000000000006,0.36269736842105266
M10344,5.5e-05,1e-05,0.25,0.25,0.05,0.025472,0.1383,nSEG,2,LIDAR,-0.006472000000000002,0.061700000000000005,0.34063157894736856,0.3085,0.3245657894736843
M10345,5.5e-05,1e-05,0.25,0.25,0.08,0.025264,0.1748,nSEG,2,LIDAR,-0.006264000000000002,0.0252,0.3296842105263159,0.126,0.22784210526315796
M10346,5.5e-05,1e-05,0.25,0.5,0.03,0.025659,0.1033,nSEG,2,LIDAR,-0.006659000000000002,0.09670000000000001,0.35047368421052644,0.48350000000000004,0.41698684210526327
M10347,5.5e-05,1e-05,0.25,0.5,0.035,0.025615,0.1112,nSEG,2,LIDAR,-0.006614999999999999,0.08880000000000002,0.34815789473684206,0.44400000000000006,0.3960789473684211
M10348,5.5e-05,1e-05,0.25,0.5,0.04,0.025572,0.1186,nSEG,2,LIDAR,-0.0065720000000000015,0.08140000000000001,0.34589473684210537,0.40700000000000003,0.3764473684210527
M10349,5.5e-05,1e-05,0.25,0.5,0.05,0.025494,0.1322,nSEG,2,LIDAR,-0.006494,0.0678,0.34178947368421053,0.33899999999999997,0.34039473684210525
M10350,5.5e-05,1e-05,0.25,0.5,0.08,0.025293,0.1669,nSEG,2,LIDAR,-0.006293,0.03310000000000002,0.33121052631578946,0.1655000000000001,0.24835526315789477
M10351,5.5e-05,1e-05,0.5,-0.5,0.03,0.025554,0.1349,nSEG,2,LIDAR,-0.006554000000000001,0.06510000000000002,0.34494736842105267,0.32550000000000007,0.3352236842105264
M10352,5.5e-05,1e-05,0.5,-0.5,0.035,0.025499,0.1456,nSEG,2,LIDAR,-0.006499000000000001,0.054400000000000004,0.34205263157894744,0.272,0.3070263157894737
M10353,5.5e-05,1e-05,0.5,-0.5,0.04,0.025448,0.1556,nSEG,2,LIDAR,-0.006447999999999999,0.04440000000000002,0.33936842105263154,0.22200000000000011,0.2806842105263158
M10354,5.5e-05,1e-05,0.5,-0.5,0.05,0.025354,0.174,nSEG,2,LIDAR,-0.006354000000000002,0.026000000000000023,0.33442105263157906,0.13000000000000012,0.2322105263157896
M10355,5.5e-05,1e-05,0.5,-0.5,0.08,0.025107,0.2208,nSEG,2,LIDAR,-0.006107000000000001,-0.020799999999999985,0.32142105263157905,0.10399999999999993,0.2127105263157895
M10356,5.5e-05,1e-05,0.5,-0.25,0.03,0.0256,0.1221,nSEG,2,LIDAR,-0.006600000000000002,0.07790000000000001,0.34736842105263166,0.3895,0.36843421052631586
M10357,5.5e-05,1e-05,0.5,-0.25,0.035,0.02555,0.1316,nSEG,2,LIDAR,-0.00655,0.06840000000000002,0.3447368421052632,0.3420000000000001,0.34336842105263166
M10358,5.5e-05,1e-05,0.5,-0.25,0.04,0.025503,0.1406,nSEG,2,LIDAR,-0.006503000000000002,0.05940000000000001,0.34226315789473694,0.29700000000000004,0.3196315789473685
M10359,5.5e-05,1e-05,0.5,-0.25,0.05,0.025416,0.1571,nSEG,2,LIDAR,-0.0064160000000000016,0.04290000000000002,0.33768421052631586,0.2145000000000001,0.27609210526315797
M10360,5.5e-05,1e-05,0.5,-0.25,0.08,0.025189,0.199,nSEG,2,LIDAR,-0.006189,0.0010000000000000009,0.32573684210526316,0.0050000000000000044,0.16536842105263158
M10361,5.5e-05,1e-05,0.5,0.0,0.03,0.02563,0.1139,nSEG,2,LIDAR,-0.0066300000000000005,0.08610000000000001,0.3489473684210527,0.43050000000000005,0.3897236842105264
M10362,5.5e-05,1e-05,0.5,0.0,0.035,0.025583,0.1227,nSEG,2,LIDAR,-0.006583000000000002,0.07730000000000001,0.34647368421052643,0.3865,0.3664868421052632
M10363,5.5e-05,1e-05,0.5,0.0,0.04,0.025538,0.1309,nSEG,2,LIDAR,-0.006538000000000002,0.06910000000000002,0.34410526315789486,0.3455000000000001,0.34480263157894747
M10364,5.5e-05,1e-05,0.5,0.0,0.05,0.025455,0.1462,nSEG,2,LIDAR,-0.006454999999999999,0.053800000000000014,0.3397368421052631,0.2690000000000001,0.3043684210526316
M10365,5.5e-05,1e-05,0.5,0.0,0.08,0.025242,0.185,nSEG,2,LIDAR,-0.006242000000000001,0.015000000000000013,0.3285263157894737,0.07500000000000007,0.2017631578947369
M10366,5.5e-05,1e-05,0.5,0.25,0.03,0.025653,0.1079,nSEG,2,LIDAR,-0.006652999999999999,0.09210000000000002,0.35015789473684206,0.4605000000000001,0.40532894736842107
M10367,5.5e-05,1e-05,0.5,0.25,0.035,0.025606,0.1162,nSEG,2,LIDAR,-0.006606000000000001,0.08380000000000001,0.3476842105263158,0.41900000000000004,0.38334210526315793
M10368,5.5e-05,1e-05,0.5,0.25,0.04,0.025563,0.124,nSEG,2,LIDAR,-0.006562999999999999,0.07600000000000001,0.3454210526315789,0.38000000000000006,0.3627105263157895
M10369,5.5e-05,1e-05,0.5,0.25,0.05,0.025484,0.1383,nSEG,2,LIDAR,-0.006484,0.061700000000000005,0.3412631578947369,0.3085,0.32488157894736847
M10370,5.5e-05,1e-05,0.5,0.25,0.08,0.02528,0.1748,nSEG,2,LIDAR,-0.006280000000000001,0.0252,0.3305263157894737,0.126,0.22826315789473686
M10371,5.5e-05,1e-05,0.5,0.5,0.03,0.025668,0.1033,nSEG,2,LIDAR,-0.006668,0.09670000000000001,0.3509473684210527,0.48350000000000004,0.41722368421052636
M10372,5.5e-05,1e-05,0.5,0.5,0.035,0.025625,0.1112,nSEG,2,LIDAR,-0.006624999999999999,0.08880000000000002,0.34868421052631576,0.44400000000000006,0.39634210526315794
M10373,5.5e-05,1e-05,0.5,0.5,0.04,0.025583,0.1186,nSEG,2,LIDAR,-0.006583000000000002,0.08140000000000001,0.34647368421052643,0.40700000000000003,0.37673684210526326
M10374,5.5e-05,1e-05,0.5,0.5,0.05,0.025506,0.1322,nSEG,2,LIDAR,-0.006506000000000001,0.0678,0.342421052631579,0.33899999999999997,0.34071052631578946
M10375,5.5e-05,1e-05,0.5,0.5,0.08,0.025309,0.1669,nSEG,2,LIDAR,-0.006309000000000002,0.03310000000000002,0.3320526315789475,0.1655000000000001,0.2487763157894738
M10376,5.5e-05,5.5e-05,-0.5,-0.5,0.03,0.062974,0.2138,nSEG,2,LIDAR,-0.043974,-0.013799999999999979,2.314421052631579,0.0689999999999999,1.1917105263157894
M10377,5.5e-05,5.5e-05,-0.5,-0.5,0.035,0.062875,0.2315,nSEG,2,LIDAR,-0.043875,-0.0315,2.3092105263157894,0.1575,1.2333552631578948
M10378,5.5e-05,5.5e-05,-0.5,-0.5,0.04,0.062783,0.248,nSEG,2,LIDAR,-0.043783,-0.04799999999999999,2.3043684210526316,0.23999999999999994,1.2721842105263157
M10379,5.5e-05,5.5e-05,-0.5,-0.5,0.05,0.062568,0.2782,nSEG,2,LIDAR,-0.043567999999999996,-0.07819999999999999,2.2930526315789472,0.39099999999999996,1.3420263157894736
M10380,5.5e-05,5.5e-05,-0.5,-0.5,0.08,0.062062,0.3539,nSEG,2,LIDAR,-0.043062,-0.15389999999999998,2.2664210526315793,0.7694999999999999,1.5179605263157896
M10381,5.5e-05,5.5e-05,-0.5,-0.25,0.03,0.063077,0.1926,nSEG,2,LIDAR,-0.04407699999999999,0.007400000000000018,2.3198421052631577,0.03700000000000009,1.1784210526315788
M10382,5.5e-05,5.5e-05,-0.5,-0.25,0.035,0.062984,0.2085,nSEG,2,LIDAR,-0.043983999999999995,-0.00849999999999998,2.3149473684210524,0.0424999999999999,1.1787236842105262
M10383,5.5e-05,5.5e-05,-0.5,-0.25,0.04,0.062899,0.2233,nSEG,2,LIDAR,-0.043898999999999994,-0.023299999999999987,2.310473684210526,0.11649999999999994,1.213486842105263
M10384,5.5e-05,5.5e-05,-0.5,-0.25,0.05,0.062743,0.2506,nSEG,2,LIDAR,-0.04374299999999999,-0.05059999999999998,2.3022631578947363,0.2529999999999999,1.2776315789473682
M10385,5.5e-05,5.5e-05,-0.5,-0.25,0.08,0.062263,0.319,nSEG,2,LIDAR,-0.043262999999999996,-0.119,2.2769999999999997,0.595,1.436
M10386,5.5e-05,5.5e-05,-0.5,0.0,0.03,0.063143,0.179,nSEG,2,LIDAR,-0.044143,0.02100000000000002,2.3233157894736842,0.1050000000000001,1.214157894736842
M10387,5.5e-05,5.5e-05,-0.5,0.0,0.035,0.063056,0.1936,nSEG,2,LIDAR,-0.044056,0.006400000000000017,2.318736842105263,0.032000000000000084,1.1753684210526316
M10388,5.5e-05,5.5e-05,-0.5,0.0,0.04,0.062975,0.2073,nSEG,2,LIDAR,-0.043975,-0.007300000000000001,2.3144736842105265,0.036500000000000005,1.1754868421052633
M10389,5.5e-05,5.5e-05,-0.5,0.0,0.05,0.062827,0.2326,nSEG,2,LIDAR,-0.04382699999999999,-0.03259999999999999,2.3066842105263152,0.16299999999999995,1.2348421052631575
M10390,5.5e-05,5.5e-05,-0.5,0.0,0.08,0.062389,0.2962,nSEG,2,LIDAR,-0.043389,-0.09620000000000001,2.2836315789473685,0.48100000000000004,1.3823157894736842
M10391,5.5e-05,5.5e-05,-0.5,0.25,0.03,0.063186,0.1691,nSEG,2,LIDAR,-0.044186,0.03090000000000001,2.325578947368421,0.15450000000000005,1.2400394736842106
M10392,5.5e-05,5.5e-05,-0.5,0.25,0.035,0.063108,0.1829,nSEG,2,LIDAR,-0.044107999999999994,0.017100000000000004,2.321473684210526,0.08550000000000002,1.2034868421052631
M10393,5.5e-05,5.5e-05,-0.5,0.25,0.04,0.063031,0.1958,nSEG,2,LIDAR,-0.044031,0.004200000000000009,2.317421052631579,0.021000000000000046,1.1692105263157895
M10394,5.5e-05,5.5e-05,-0.5,0.25,0.05,0.062888,0.2196,nSEG,2,LIDAR,-0.043887999999999996,-0.01959999999999998,2.309894736842105,0.09799999999999989,1.2039473684210524
M10395,5.5e-05,5.5e-05,-0.5,0.25,0.08,0.062487,0.2797,nSEG,2,LIDAR,-0.043487,-0.0797,2.2887894736842105,0.39849999999999997,1.3436447368421052
M10396,5.5e-05,5.5e-05,-0.5,0.5,0.03,0.063219,0.1614,nSEG,2,LIDAR,-0.044218999999999994,0.03860000000000002,2.327315789473684,0.19300000000000012,1.260157894736842
M10397,5.5e-05,5.5e-05,-0.5,0.5,0.035,0.063146,0.1746,nSEG,2,LIDAR,-0.04414599999999999,0.025400000000000006,2.323473684210526,0.12700000000000003,1.225236842105263
M10398,5.5e-05,5.5e-05,-0.5,0.5,0.04,0.063074,0.1869,nSEG,2,LIDAR,-0.044074,0.0131,2.319684210526316,0.0655,1.192592105263158
M10399,5.5e-05,5.5e-05,-0.5,0.5,0.05,0.062936,0.2095,nSEG,2,LIDAR,-0.043936,-0.00949999999999998,2.312421052631579,0.0474999999999999,1.1799605263157895
M10400,5.5e-05,5.5e-05,-0.5,0.5,0.08,0.062555,0.2669,nSEG,2,LIDAR,-0.043554999999999996,-0.06690000000000002,2.2923684210526316,0.3345000000000001,1.313434210526316
M10401,5.5e-05,5.5e-05,-0.25,-0.5,0.03,0.062993,0.2138,nSEG,2,LIDAR,-0.04399299999999999,-0.013799999999999979,2.3154210526315784,0.0689999999999999,1.1922105263157892
M10402,5.5e-05,5.5e-05,-0.25,-0.5,0.035,0.062896,0.2315,nSEG,2,LIDAR,-0.04389599999999999,-0.0315,2.310315789473684,0.1575,1.233907894736842
M10403,5.5e-05,5.5e-05,-0.25,-0.5,0.04,0.062805,0.2481,nSEG,2,LIDAR,-0.043805,-0.048099999999999976,2.3055263157894736,0.24049999999999988,1.2730131578947368
M10404,5.5e-05,5.5e-05,-0.25,-0.5,0.05,0.062594,0.2782,nSEG,2,LIDAR,-0.043593999999999994,-0.07819999999999999,2.2944210526315785,0.39099999999999996,1.3427105263157892
M10405,5.5e-05,5.5e-05,-0.25,-0.5,0.08,0.062095,0.354,nSEG,2,LIDAR,-0.043094999999999994,-0.15399999999999997,2.268157894736842,0.7699999999999998,1.519078947368421
M10406,5.5e-05,5.5e-05,-0.25,-0.25,0.03,0.063096,0.1927,nSEG,2,LIDAR,-0.044095999999999996,0.007300000000000001,2.3208421052631576,0.036500000000000005,1.178671052631579
M10407,5.5e-05,5.5e-05,-0.25,-0.25,0.035,0.063005,0.2085,nSEG,2,LIDAR,-0.044005,-0.00849999999999998,2.3160526315789474,0.0424999999999999,1.1792763157894737
M10408,5.5e-05,5.5e-05,-0.25,-0.25,0.04,0.062921,0.2234,nSEG,2,LIDAR,-0.043921,-0.023399999999999976,2.3116315789473685,0.11699999999999988,1.2143157894736842
M10409,5.5e-05,5.5e-05,-0.25,-0.25,0.05,0.062768,0.2506,nSEG,2,LIDAR,-0.043768,-0.05059999999999998,2.3035789473684214,0.2529999999999999,1.2782894736842105
M10410,5.5e-05,5.5e-05,-0.25,-0.25,0.08,0.062297,0.3191,nSEG,2,LIDAR,-0.043297,-0.11909999999999998,2.2787894736842107,0.5954999999999999,1.4371447368421053
M10411,5.5e-05,5.5e-05,-0.25,0.0,0.03,0.063162,0.179,nSEG,2,LIDAR,-0.04416199999999999,0.02100000000000002,2.324315789473684,0.1050000000000001,1.214657894736842
M10412,5.5e-05,5.5e-05,-0.25,0.0,0.035,0.063077,0.1937,nSEG,2,LIDAR,-0.04407699999999999,0.0063,2.3198421052631577,0.0315,1.1756710526315788
M10413,5.5e-05,5.5e-05,-0.25,0.0,0.04,0.062997,0.2074,nSEG,2,LIDAR,-0.043996999999999994,-0.00739999999999999,2.315631578947368,0.03699999999999995,1.176315789473684
M10414,5.5e-05,5.5e-05,-0.25,0.0,0.05,0.062852,0.2327,nSEG,2,LIDAR,-0.043852,-0.03269999999999998,2.3080000000000003,0.1634999999999999,1.2357500000000001
M10415,5.5e-05,5.5e-05,-0.25,0.0,0.08,0.062423,0.2963,nSEG,2,LIDAR,-0.043423,-0.0963,2.285421052631579,0.4815,1.3834605263157895
M10416,5.5e-05,5.5e-05,-0.25,0.25,0.03,0.063204,0.1691,nSEG,2,LIDAR,-0.04420399999999999,0.03090000000000001,2.3265263157894736,0.15450000000000005,1.2405131578947368
M10417,5.5e-05,5.5e-05,-0.25,0.25,0.035,0.063129,0.1829,nSEG,2,LIDAR,-0.044129,0.017100000000000004,2.322578947368421,0.08550000000000002,1.2040394736842106
M10418,5.5e-05,5.5e-05,-0.25,0.25,0.04,0.063053,0.1958,nSEG,2,LIDAR,-0.044052999999999995,0.004200000000000009,2.3185789473684206,0.021000000000000046,1.1697894736842103
M10419,5.5e-05,5.5e-05,-0.25,0.25,0.05,0.062913,0.2196,nSEG,2,LIDAR,-0.043912999999999994,-0.01959999999999998,2.311210526315789,0.09799999999999989,1.2046052631578945
M10420,5.5e-05,5.5e-05,-0.25,0.25,0.08,0.062521,0.2798,nSEG,2,LIDAR,-0.04352099999999999,-0.07979999999999998,2.2905789473684206,0.3989999999999999,1.3447894736842103
M10421,5.5e-05,5.5e-05,-0.25,0.5,0.03,0.063237,0.1615,nSEG,2,LIDAR,-0.044237,0.038500000000000006,2.328263157894737,0.19250000000000003,1.2603815789473685
M10422,5.5e-05,5.5e-05,-0.25,0.5,0.035,0.063167,0.1746,nSEG,2,LIDAR,-0.044167,0.025400000000000006,2.324578947368421,0.12700000000000003,1.2257894736842105
M10423,5.5e-05,5.5e-05,-0.25,0.5,0.04,0.063096,0.1869,nSEG,2,LIDAR,-0.044095999999999996,0.0131,2.3208421052631576,0.0655,1.1931710526315789
M10424,5.5e-05,5.5e-05,-0.25,0.5,0.05,0.062962,0.2095,nSEG,2,LIDAR,-0.043962,-0.00949999999999998,2.313789473684211,0.0474999999999999,1.1806447368421054
M10425,5.5e-05,5.5e-05,-0.25,0.5,0.08,0.062588,0.2669,nSEG,2,LIDAR,-0.043588,-0.06690000000000002,2.294105263157895,0.3345000000000001,1.3143026315789477
M10426,5.5e-05,5.5e-05,0.0,-0.5,0.03,0.063005,0.2138,nSEG,2,LIDAR,-0.044005,-0.013799999999999979,2.3160526315789474,0.0689999999999999,1.1925263157894737
M10427,5.5e-05,5.5e-05,0.0,-0.5,0.035,0.062909,0.2316,nSEG,2,LIDAR,-0.043909000000000004,-0.03159999999999999,2.3110000000000004,0.15799999999999995,1.2345000000000002
M10428,5.5e-05,5.5e-05,0.0,-0.5,0.04,0.062819,0.2481,nSEG,2,LIDAR,-0.043819,-0.048099999999999976,2.306263157894737,0.24049999999999988,1.2733815789473684
M10429,5.5e-05,5.5e-05,0.0,-0.5,0.05,0.06261,0.2783,nSEG,2,LIDAR,-0.043609999999999996,-0.07829999999999998,2.2952631578947367,0.3914999999999999,1.3433815789473682
M10430,5.5e-05,5.5e-05,0.0,-0.5,0.08,0.062117,0.3541,nSEG,2,LIDAR,-0.043117,-0.15410000000000001,2.2693157894736844,0.7705000000000001,1.5199078947368423
M10431,5.5e-05,5.5e-05,0.0,-0.25,0.03,0.063108,0.1927,nSEG,2,LIDAR,-0.044107999999999994,0.007300000000000001,2.321473684210526,0.036500000000000005,1.1789868421052632
M10432,5.5e-05,5.5e-05,0.0,-0.25,0.035,0.063018,0.2085,nSEG,2,LIDAR,-0.044018,-0.00849999999999998,2.3167368421052634,0.0424999999999999,1.1796184210526317
M10433,5.5e-05,5.5e-05,0.0,-0.25,0.04,0.062936,0.2234,nSEG,2,LIDAR,-0.043936,-0.023399999999999976,2.312421052631579,0.11699999999999988,1.2147105263157896
M10434,5.5e-05,5.5e-05,0.0,-0.25,0.05,0.062784,0.2507,nSEG,2,LIDAR,-0.043784000000000003,-0.05069999999999997,2.304421052631579,0.25349999999999984,1.2789605263157895
M10435,5.5e-05,5.5e-05,0.0,-0.25,0.08,0.062318,0.3191,nSEG,2,LIDAR,-0.043317999999999995,-0.11909999999999998,2.279894736842105,0.5954999999999999,1.4376973684210526
M10436,5.5e-05,5.5e-05,0.0,0.0,0.03,0.063174,0.179,nSEG,2,LIDAR,-0.04417399999999999,0.02100000000000002,2.324947368421052,0.1050000000000001,1.214973684210526
M10437,5.5e-05,5.5e-05,0.0,0.0,0.035,0.06309,0.1937,nSEG,2,LIDAR,-0.04408999999999999,0.0063,2.3205263157894733,0.0315,1.1760131578947366
M10438,5.5e-05,5.5e-05,0.0,0.0,0.04,0.063011,0.2074,nSEG,2,LIDAR,-0.044010999999999995,-0.00739999999999999,2.316368421052631,0.03699999999999995,1.1766842105263156
M10439,5.5e-05,5.5e-05,0.0,0.0,0.05,0.062868,0.2327,nSEG,2,LIDAR,-0.04386799999999999,-0.03269999999999998,2.3088421052631576,0.1634999999999999,1.2361710526315788
M10440,5.5e-05,5.5e-05,0.0,0.0,0.08,0.062444,0.2964,nSEG,2,LIDAR,-0.043443999999999997,-0.09639999999999999,2.2865263157894735,0.48199999999999993,1.3842631578947366
M10441,5.5e-05,5.5e-05,0.0,0.25,0.03,0.063217,0.1691,nSEG,2,LIDAR,-0.04421699999999999,0.03090000000000001,2.327210526315789,0.15450000000000005,1.2408552631578946
M10442,5.5e-05,5.5e-05,0.0,0.25,0.035,0.063142,0.1829,nSEG,2,LIDAR,-0.044142,0.017100000000000004,2.323263157894737,0.08550000000000002,1.2043815789473686
M10443,5.5e-05,5.5e-05,0.0,0.25,0.04,0.063067,0.1959,nSEG,2,LIDAR,-0.044066999999999995,0.00410000000000002,2.319315789473684,0.0205000000000001,1.1699078947368422
M10444,5.5e-05,5.5e-05,0.0,0.25,0.05,0.06293,0.2197,nSEG,2,LIDAR,-0.04393,-0.019699999999999995,2.3121052631578944,0.09849999999999998,1.2053026315789472
M10445,5.5e-05,5.5e-05,0.0,0.25,0.08,0.062542,0.2798,nSEG,2,LIDAR,-0.043542,-0.07979999999999998,2.2916842105263155,0.3989999999999999,1.3453421052631578
M10446,5.5e-05,5.5e-05,0.0,0.5,0.03,0.063249,0.1615,nSEG,2,LIDAR,-0.044249,0.038500000000000006,2.328894736842105,0.19250000000000003,1.2606973684210525
M10447,5.5e-05,5.5e-05,0.0,0.5,0.035,0.06318,0.1746,nSEG,2,LIDAR,-0.04418,0.025400000000000006,2.325263157894737,0.12700000000000003,1.2261315789473686
M10448,5.5e-05,5.5e-05,0.0,0.5,0.04,0.063111,0.1869,nSEG,2,LIDAR,-0.044111,0.0131,2.3216315789473683,0.0655,1.1935657894736842
M10449,5.5e-05,5.5e-05,0.0,0.5,0.05,0.062978,0.2096,nSEG,2,LIDAR,-0.043978,-0.009599999999999997,2.3146315789473686,0.04799999999999999,1.1813157894736843
M10450,5.5e-05,5.5e-05,0.0,0.5,0.08,0.06261,0.267,nSEG,2,LIDAR,-0.043609999999999996,-0.067,2.2952631578947367,0.335,1.3151315789473683
M10451,5.5e-05,5.5e-05,0.25,-0.5,0.03,0.063014,0.2139,nSEG,2,LIDAR,-0.044014,-0.013899999999999996,2.3165263157894738,0.06949999999999998,1.193013157894737
M10452,5.5e-05,5.5e-05,0.25,-0.5,0.035,0.062919,0.2316,nSEG,2,LIDAR,-0.043919,-0.03159999999999999,2.311526315789474,0.15799999999999995,1.234763157894737
M10453,5.5e-05,5.5e-05,0.25,-0.5,0.04,0.062829,0.2481,nSEG,2,LIDAR,-0.04382899999999999,-0.048099999999999976,2.3067894736842103,0.24049999999999988,1.273644736842105
M10454,5.5e-05,5.5e-05,0.25,-0.5,0.05,0.062622,0.2783,nSEG,2,LIDAR,-0.043621999999999994,-0.07829999999999998,2.295894736842105,0.3914999999999999,1.3436973684210525
M10455,5.5e-05,5.5e-05,0.25,-0.5,0.08,0.062132,0.3541,nSEG,2,LIDAR,-0.043132000000000004,-0.15410000000000001,2.270105263157895,0.7705000000000001,1.5203026315789476
M10456,5.5e-05,5.5e-05,0.25,-0.25,0.03,0.063117,0.1927,nSEG,2,LIDAR,-0.044117,0.007300000000000001,2.321947368421053,0.036500000000000005,1.1792236842105266
M10457,5.5e-05,5.5e-05,0.25,-0.25,0.035,0.063028,0.2085,nSEG,2,LIDAR,-0.044028,-0.00849999999999998,2.317263157894737,0.0424999999999999,1.1798815789473684
M10458,5.5e-05,5.5e-05,0.25,-0.25,0.04,0.062946,0.2234,nSEG,2,LIDAR,-0.043946,-0.023399999999999976,2.3129473684210526,0.11699999999999988,1.2149736842105263
M10459,5.5e-05,5.5e-05,0.25,-0.25,0.05,0.062796,0.2507,nSEG,2,LIDAR,-0.043796,-0.05069999999999997,2.3050526315789477,0.25349999999999984,1.2792763157894738
M10460,5.5e-05,5.5e-05,0.25,-0.25,0.08,0.062334,0.3192,nSEG,2,LIDAR,-0.043334,-0.11919999999999997,2.280736842105263,0.5959999999999999,1.4383684210526315
M10461,5.5e-05,5.5e-05,0.25,0.0,0.03,0.063182,0.179,nSEG,2,LIDAR,-0.044182,0.02100000000000002,2.3253684210526315,0.1050000000000001,1.2151842105263158
M10462,5.5e-05,5.5e-05,0.25,0.0,0.035,0.0631,0.1937,nSEG,2,LIDAR,-0.0441,0.0063,2.3210526315789473,0.0315,1.1762763157894736
M10463,5.5e-05,5.5e-05,0.25,0.0,0.04,0.063022,0.2074,nSEG,2,LIDAR,-0.04402199999999999,-0.00739999999999999,2.316947368421052,0.03699999999999995,1.176973684210526
M10464,5.5e-05,5.5e-05,0.25,0.0,0.05,0.06288,0.2327,nSEG,2,LIDAR,-0.04388,-0.03269999999999998,2.3094736842105266,0.1634999999999999,1.2364868421052633
M10465,5.5e-05,5.5e-05,0.25,0.0,0.08,0.06246,0.2964,nSEG,2,LIDAR,-0.04346,-0.09639999999999999,2.2873684210526317,0.48199999999999993,1.3846842105263157
M10466,5.5e-05,5.5e-05,0.25,0.25,0.03,0.063225,0.1691,nSEG,2,LIDAR,-0.044225,0.03090000000000001,2.3276315789473685,0.15450000000000005,1.2410657894736843
M10467,5.5e-05,5.5e-05,0.25,0.25,0.035,0.063152,0.1829,nSEG,2,LIDAR,-0.044152,0.017100000000000004,2.3237894736842106,0.08550000000000002,1.2046447368421054
M10468,5.5e-05,5.5e-05,0.25,0.25,0.04,0.063078,0.1959,nSEG,2,LIDAR,-0.04407799999999999,0.00410000000000002,2.319894736842105,0.0205000000000001,1.1701973684210525
M10469,5.5e-05,5.5e-05,0.25,0.25,0.05,0.062941,0.2197,nSEG,2,LIDAR,-0.043940999999999994,-0.019699999999999995,2.3126842105263155,0.09849999999999998,1.2055921052631577
M10470,5.5e-05,5.5e-05,0.25,0.25,0.08,0.062558,0.2799,nSEG,2,LIDAR,-0.043558,-0.07989999999999997,2.2925263157894737,0.39949999999999986,1.3460131578947367
M10471,5.5e-05,5.5e-05,0.25,0.5,0.03,0.063258,0.1615,nSEG,2,LIDAR,-0.04425799999999999,0.038500000000000006,2.329368421052631,0.19250000000000003,1.2609342105263155
M10472,5.5e-05,5.5e-05,0.25,0.5,0.035,0.06319,0.1746,nSEG,2,LIDAR,-0.04418999999999999,0.025400000000000006,2.3257894736842104,0.12700000000000003,1.2263947368421053
M10473,5.5e-05,5.5e-05,0.25,0.5,0.04,0.063121,0.1869,nSEG,2,LIDAR,-0.044120999999999994,0.0131,2.3221578947368418,0.0655,1.193828947368421
M10474,5.5e-05,5.5e-05,0.25,0.5,0.05,0.06299,0.2096,nSEG,2,LIDAR,-0.04399,-0.009599999999999997,2.315263157894737,0.04799999999999999,1.1816315789473686
M10475,5.5e-05,5.5e-05,0.25,0.5,0.08,0.062625,0.267,nSEG,2,LIDAR,-0.043625,-0.067,2.2960526315789473,0.335,1.3155263157894737
M10476,5.5e-05,5.5e-05,0.5,-0.5,0.03,0.063021,0.2139,nSEG,2,LIDAR,-0.04402099999999999,-0.013899999999999996,2.3168947368421047,0.06949999999999998,1.1931973684210524
M10477,5.5e-05,5.5e-05,0.5,-0.5,0.035,0.062926,0.2316,nSEG,2,LIDAR,-0.04392599999999999,-0.03159999999999999,2.311894736842105,0.15799999999999995,1.2349473684210523
M10478,5.5e-05,5.5e-05,0.5,-0.5,0.04,0.062837,0.2481,nSEG,2,LIDAR,-0.043837,-0.048099999999999976,2.3072105263157896,0.24049999999999988,1.2738552631578948
M10479,5.5e-05,5.5e-05,0.5,-0.5,0.05,0.062631,0.2783,nSEG,2,LIDAR,-0.043631,-0.07829999999999998,2.2963684210526316,0.3914999999999999,1.3439342105263157
M10480,5.5e-05,5.5e-05,0.5,-0.5,0.08,0.062144,0.3542,nSEG,2,LIDAR,-0.043144,-0.1542,2.270736842105263,0.771,1.5208684210526315
M10481,5.5e-05,5.5e-05,0.5,-0.25,0.03,0.063124,0.1927,nSEG,2,LIDAR,-0.044124,0.007300000000000001,2.322315789473684,0.036500000000000005,1.179407894736842
M10482,5.5e-05,5.5e-05,0.5,-0.25,0.035,0.063035,0.2086,nSEG,2,LIDAR,-0.04403499999999999,-0.008599999999999997,2.317631578947368,0.04299999999999998,1.180315789473684
M10483,5.5e-05,5.5e-05,0.5,-0.25,0.04,0.062954,0.2234,nSEG,2,LIDAR,-0.04395399999999999,-0.023399999999999976,2.313368421052631,0.11699999999999988,1.2151842105263155
M10484,5.5e-05,5.5e-05,0.5,-0.25,0.05,0.062805,0.2507,nSEG,2,LIDAR,-0.043805,-0.05069999999999997,2.3055263157894736,0.25349999999999984,1.2795131578947367
M10485,5.5e-05,5.5e-05,0.5,-0.25,0.08,0.062346,0.3192,nSEG,2,LIDAR,-0.043345999999999996,-0.11919999999999997,2.2813684210526315,0.5959999999999999,1.4386842105263158
M10486,5.5e-05,5.5e-05,0.5,0.0,0.03,0.063189,0.179,nSEG,2,LIDAR,-0.04418899999999999,0.02100000000000002,2.325736842105263,0.1050000000000001,1.2153684210526314
M10487,5.5e-05,5.5e-05,0.5,0.0,0.035,0.063107,0.1937,nSEG,2,LIDAR,-0.04410699999999999,0.0063,2.3214210526315786,0.0315,1.1764605263157892
M10488,5.5e-05,5.5e-05,0.5,0.0,0.04,0.06303,0.2074,nSEG,2,LIDAR,-0.04403,-0.00739999999999999,2.3173684210526315,0.03699999999999995,1.1771842105263157
M10489,5.5e-05,5.5e-05,0.5,0.0,0.05,0.062889,0.2327,nSEG,2,LIDAR,-0.043889,-0.03269999999999998,2.3099473684210525,0.1634999999999999,1.2367236842105263
M10490,5.5e-05,5.5e-05,0.5,0.0,0.08,0.062471,0.2964,nSEG,2,LIDAR,-0.043470999999999996,-0.09639999999999999,2.2879473684210523,0.48199999999999993,1.384973684210526
M10491,5.5e-05,5.5e-05,0.5,0.25,0.03,0.063232,0.1691,nSEG,2,LIDAR,-0.044231999999999994,0.03090000000000001,2.328,0.15450000000000005,1.24125
M10492,5.5e-05,5.5e-05,0.5,0.25,0.035,0.063159,0.183,nSEG,2,LIDAR,-0.044159000000000004,0.017000000000000015,2.3241578947368424,0.08500000000000008,1.2045789473684212
M10493,5.5e-05,5.5e-05,0.5,0.25,0.04,0.063086,0.1959,nSEG,2,LIDAR,-0.044086,0.00410000000000002,2.320315789473684,0.0205000000000001,1.1704078947368421
M10494,5.5e-05,5.5e-05,0.5,0.25,0.05,0.06295,0.2197,nSEG,2,LIDAR,-0.04395,-0.019699999999999995,2.3131578947368423,0.09849999999999998,1.2058289473684212
M10495,5.5e-05,5.5e-05,0.5,0.25,0.08,0.06257,0.2799,nSEG,2,LIDAR,-0.04357,-0.07989999999999997,2.293157894736842,0.39949999999999986,1.3463289473684208
M10496,5.5e-05,5.5e-05,0.5,0.5,0.03,0.063265,0.1615,nSEG,2,LIDAR,-0.044265,0.038500000000000006,2.3297368421052633,0.19250000000000003,1.2611184210526316
M10497,5.5e-05,5.5e-05,0.5,0.5,0.035,0.063197,0.1746,nSEG,2,LIDAR,-0.044197,0.025400000000000006,2.326157894736842,0.12700000000000003,1.2265789473684212
M10498,5.5e-05,5.5e-05,0.5,0.5,0.04,0.063129,0.1869,nSEG,2,LIDAR,-0.044129,0.0131,2.322578947368421,0.0655,1.1940394736842106
M10499,5.5e-05,5.5e-05,0.5,0.5,0.05,0.062999,0.2096,nSEG,2,LIDAR,-0.043998999999999996,-0.009599999999999997,2.315736842105263,0.04799999999999999,1.1818684210526316
M10500,5.5e-05,5.5e-05,0.5,0.5,0.08,0.062637,0.267,nSEG,2,LIDAR,-0.043636999999999995,-0.067,2.2966842105263154,0.335,1.3158421052631577
M10501,5.5e-05,0.0001,-0.5,-0.5,0.03,0.089342,0.2566,nSEG,2,LIDAR,-0.070342,-0.056599999999999984,3.7022105263157896,0.2829999999999999,1.9926052631578948
M10502,5.5e-05,0.0001,-0.5,-0.5,0.035,0.089364,0.2781,nSEG,2,LIDAR,-0.070364,-0.0781,3.7033684210526316,0.3905,2.0469342105263157
M10503,5.5e-05,0.0001,-0.5,-0.5,0.04,0.089383,0.2983,nSEG,2,LIDAR,-0.070383,-0.0983,3.7043684210526315,0.4915,2.097934210526316
M10504,5.5e-05,0.0001,-0.5,-0.5,0.05,0.089328,0.335,nSEG,2,LIDAR,-0.070328,-0.135,3.7014736842105265,0.675,2.188236842105263
M10505,5.5e-05,0.0001,-0.5,-0.5,0.08,0.089193,0.4271,nSEG,2,LIDAR,-0.07019299999999999,-0.22709999999999997,3.6943684210526313,1.1354999999999997,2.4149342105263156
M10506,5.5e-05,0.0001,-0.5,-0.25,0.03,0.089301,0.2308,nSEG,2,LIDAR,-0.070301,-0.030799999999999994,3.7000526315789477,0.15399999999999997,1.9270263157894738
M10507,5.5e-05,0.0001,-0.5,-0.25,0.035,0.089319,0.2501,nSEG,2,LIDAR,-0.07031899999999999,-0.05009999999999998,3.7009999999999996,0.2504999999999999,1.9757499999999997
M10508,5.5e-05,0.0001,-0.5,-0.25,0.04,0.089335,0.2682,nSEG,2,LIDAR,-0.070335,-0.06819999999999998,3.701842105263158,0.3409999999999999,2.021421052631579
M10509,5.5e-05,0.0001,-0.5,-0.25,0.05,0.089365,0.3014,nSEG,2,LIDAR,-0.070365,-0.10139999999999999,3.7034210526315787,0.5069999999999999,2.105210526315789
M10510,5.5e-05,0.0001,-0.5,-0.25,0.08,0.08925,0.3847,nSEG,2,LIDAR,-0.07024999999999999,-0.18469999999999998,3.6973684210526314,0.9234999999999999,2.310434210526316
M10511,5.5e-05,0.0001,-0.5,0.0,0.03,0.089275,0.2141,nSEG,2,LIDAR,-0.07027499999999999,-0.014100000000000001,3.6986842105263156,0.07050000000000001,1.8845921052631578
M10512,5.5e-05,0.0001,-0.5,0.0,0.035,0.08929,0.232,nSEG,2,LIDAR,-0.07028999999999999,-0.032,3.699473684210526,0.16,1.929736842105263
M10513,5.5e-05,0.0001,-0.5,0.0,0.04,0.089303,0.2488,nSEG,2,LIDAR,-0.07030299999999999,-0.04879999999999998,3.700157894736842,0.2439999999999999,1.9720789473684208
M10514,5.5e-05,0.0001,-0.5,0.0,0.05,0.089329,0.2796,nSEG,2,LIDAR,-0.070329,-0.0796,3.701526315789474,0.398,2.049763157894737
M10515,5.5e-05,0.0001,-0.5,0.0,0.08,0.089264,0.3571,nSEG,2,LIDAR,-0.070264,-0.15709999999999996,3.6981052631578946,0.7854999999999998,2.241802631578947
M10516,5.5e-05,0.0001,-0.5,0.25,0.03,0.089257,0.202,nSEG,2,LIDAR,-0.070257,-0.0020000000000000018,3.697736842105263,0.010000000000000009,1.8538684210526317
M10517,5.5e-05,0.0001,-0.5,0.25,0.035,0.089269,0.2189,nSEG,2,LIDAR,-0.070269,-0.0189,3.6983684210526317,0.0945,1.8964342105263159
M10518,5.5e-05,0.0001,-0.5,0.25,0.04,0.089281,0.2347,nSEG,2,LIDAR,-0.070281,-0.03469999999999998,3.699,0.1734999999999999,1.9362499999999998
M10519,5.5e-05,0.0001,-0.5,0.25,0.05,0.089305,0.2637,nSEG,2,LIDAR,-0.07030499999999999,-0.06369999999999998,3.7002631578947365,0.3184999999999999,2.009381578947368
M10520,5.5e-05,0.0001,-0.5,0.25,0.08,0.089266,0.3369,nSEG,2,LIDAR,-0.070266,-0.13689999999999997,3.698210526315789,0.6844999999999998,2.1913552631578943
M10521,5.5e-05,0.0001,-0.5,0.5,0.03,0.089257,0.1927,nSEG,2,LIDAR,-0.070257,0.007300000000000001,3.697736842105263,0.036500000000000005,1.8671184210526317
M10522,5.5e-05,0.0001,-0.5,0.5,0.035,0.089254,0.2087,nSEG,2,LIDAR,-0.070254,-0.008699999999999986,3.697578947368421,0.04349999999999993,1.8705394736842105
M10523,5.5e-05,0.0001,-0.5,0.5,0.04,0.089265,0.2237,nSEG,2,LIDAR,-0.070265,-0.0237,3.698157894736842,0.1185,1.908328947368421
M10524,5.5e-05,0.0001,-0.5,0.5,0.05,0.089285,0.2514,nSEG,2,LIDAR,-0.070285,-0.0514,3.6992105263157895,0.257,1.9781052631578948
M10525,5.5e-05,0.0001,-0.5,0.5,0.08,0.089265,0.3213,nSEG,2,LIDAR,-0.070265,-0.12129999999999996,3.698157894736842,0.6064999999999998,2.152328947368421
M10526,5.5e-05,0.0001,-0.25,-0.5,0.03,0.089357,0.2566,nSEG,2,LIDAR,-0.070357,-0.056599999999999984,3.7030000000000003,0.2829999999999999,1.993
M10527,5.5e-05,0.0001,-0.25,-0.5,0.035,0.089381,0.2782,nSEG,2,LIDAR,-0.070381,-0.07819999999999999,3.704263157894737,0.39099999999999996,2.0476315789473682
M10528,5.5e-05,0.0001,-0.25,-0.5,0.04,0.089401,0.2983,nSEG,2,LIDAR,-0.07040099999999999,-0.0983,3.705315789473684,0.4915,2.098407894736842
M10529,5.5e-05,0.0001,-0.25,-0.5,0.05,0.089349,0.335,nSEG,2,LIDAR,-0.070349,-0.135,3.702578947368421,0.675,2.1887894736842104
M10530,5.5e-05,0.0001,-0.25,-0.5,0.08,0.08922,0.4272,nSEG,2,LIDAR,-0.07021999999999999,-0.2272,3.69578947368421,1.136,2.415894736842105
M10531,5.5e-05,0.0001,-0.25,-0.25,0.03,0.089316,0.2308,nSEG,2,LIDAR,-0.070316,-0.030799999999999994,3.7008421052631584,0.15399999999999997,1.9274210526315791
M10532,5.5e-05,0.0001,-0.25,-0.25,0.035,0.089336,0.2501,nSEG,2,LIDAR,-0.070336,-0.05009999999999998,3.7018947368421053,0.2504999999999999,1.9761973684210525
M10533,5.5e-05,0.0001,-0.25,-0.25,0.04,0.089353,0.2682,nSEG,2,LIDAR,-0.070353,-0.06819999999999998,3.7027894736842106,0.3409999999999999,2.021894736842105
M10534,5.5e-05,0.0001,-0.25,-0.25,0.05,0.089386,0.3015,nSEG,2,LIDAR,-0.07038599999999999,-0.10149999999999998,3.7045263157894732,0.5074999999999998,2.1060131578947363
M10535,5.5e-05,0.0001,-0.25,-0.25,0.08,0.089278,0.3848,nSEG,2,LIDAR,-0.070278,-0.18479999999999996,3.6988421052631577,0.9239999999999998,2.311421052631579
M10536,5.5e-05,0.0001,-0.25,0.0,0.03,0.089291,0.2141,nSEG,2,LIDAR,-0.07029099999999999,-0.014100000000000001,3.6995263157894733,0.07050000000000001,1.8850131578947367
M10537,5.5e-05,0.0001,-0.25,0.0,0.035,0.089307,0.232,nSEG,2,LIDAR,-0.070307,-0.032,3.7003684210526315,0.16,1.9301842105263158
M10538,5.5e-05,0.0001,-0.25,0.0,0.04,0.089321,0.2488,nSEG,2,LIDAR,-0.070321,-0.04879999999999998,3.7011052631578947,0.2439999999999999,1.9725526315789472
M10539,5.5e-05,0.0001,-0.25,0.0,0.05,0.08935,0.2796,nSEG,2,LIDAR,-0.07035,-0.0796,3.7026315789473685,0.398,2.050315789473684
M10540,5.5e-05,0.0001,-0.25,0.0,0.08,0.089292,0.3571,nSEG,2,LIDAR,-0.070292,-0.15709999999999996,3.699578947368421,0.7854999999999998,2.2425394736842104
M10541,5.5e-05,0.0001,-0.25,0.25,0.03,0.089273,0.202,nSEG,2,LIDAR,-0.070273,-0.0020000000000000018,3.6985789473684214,0.010000000000000009,1.8542894736842106
M10542,5.5e-05,0.0001,-0.25,0.25,0.035,0.089286,0.2189,nSEG,2,LIDAR,-0.070286,-0.0189,3.699263157894737,0.0945,1.8968815789473685
M10543,5.5e-05,0.0001,-0.25,0.25,0.04,0.0893,0.2347,nSEG,2,LIDAR,-0.0703,-0.03469999999999998,3.7,0.1734999999999999,1.93675
M10544,5.5e-05,0.0001,-0.25,0.25,0.05,0.089326,0.2637,nSEG,2,LIDAR,-0.070326,-0.06369999999999998,3.701368421052632,0.3184999999999999,2.009934210526316
M10545,5.5e-05,0.0001,-0.25,0.25,0.08,0.089294,0.337,nSEG,2,LIDAR,-0.070294,-0.137,3.6996842105263155,0.685,2.1923421052631578
M10546,5.5e-05,0.0001,-0.25,0.5,0.03,0.089272,0.1927,nSEG,2,LIDAR,-0.070272,0.007300000000000001,3.698526315789474,0.036500000000000005,1.867513157894737
M10547,5.5e-05,0.0001,-0.25,0.5,0.035,0.089271,0.2087,nSEG,2,LIDAR,-0.070271,-0.008699999999999986,3.6984736842105264,0.04349999999999993,1.8709868421052631
M10548,5.5e-05,0.0001,-0.25,0.5,0.04,0.089283,0.2238,nSEG,2,LIDAR,-0.070283,-0.023799999999999988,3.699105263157895,0.11899999999999994,1.9090526315789473
M10549,5.5e-05,0.0001,-0.25,0.5,0.05,0.089306,0.2514,nSEG,2,LIDAR,-0.070306,-0.0514,3.700315789473684,0.257,1.978657894736842
M10550,5.5e-05,0.0001,-0.25,0.5,0.08,0.089293,0.3213,nSEG,2,LIDAR,-0.070293,-0.12129999999999996,3.6996315789473684,0.6064999999999998,2.153065789473684
M10551,5.5e-05,0.0001,0.0,-0.5,0.03,0.089367,0.2566,nSEG,2,LIDAR,-0.070367,-0.056599999999999984,3.7035263157894738,0.2829999999999999,1.9932631578947368
M10552,5.5e-05,0.0001,0.0,-0.5,0.035,0.089392,0.2782,nSEG,2,LIDAR,-0.070392,-0.07819999999999999,3.704842105263158,0.39099999999999996,2.0479210526315788
M10553,5.5e-05,0.0001,0.0,-0.5,0.04,0.089413,0.2983,nSEG,2,LIDAR,-0.070413,-0.0983,3.705947368421053,0.4915,2.0987236842105266
M10554,5.5e-05,0.0001,0.0,-0.5,0.05,0.089363,0.335,nSEG,2,LIDAR,-0.070363,-0.135,3.703315789473684,0.675,2.189157894736842
M10555,5.5e-05,0.0001,0.0,-0.5,0.08,0.089238,0.4273,nSEG,2,LIDAR,-0.070238,-0.2273,3.696736842105263,1.1364999999999998,2.4166184210526316
M10556,5.5e-05,0.0001,0.0,-0.25,0.03,0.089326,0.2308,nSEG,2,LIDAR,-0.070326,-0.030799999999999994,3.701368421052632,0.15399999999999997,1.9276842105263159
M10557,5.5e-05,0.0001,0.0,-0.25,0.035,0.089347,0.2502,nSEG,2,LIDAR,-0.07034699999999999,-0.05019999999999997,3.702473684210526,0.25099999999999983,1.976736842105263
M10558,5.5e-05,0.0001,0.0,-0.25,0.04,0.089365,0.2683,nSEG,2,LIDAR,-0.070365,-0.06829999999999997,3.7034210526315787,0.34149999999999986,2.0224605263157893
M10559,5.5e-05,0.0001,0.0,-0.25,0.05,0.089399,0.3015,nSEG,2,LIDAR,-0.070399,-0.10149999999999998,3.7052105263157897,0.5074999999999998,2.106355263157895
M10560,5.5e-05,0.0001,0.0,-0.25,0.08,0.089296,0.3848,nSEG,2,LIDAR,-0.070296,-0.18479999999999996,3.6997894736842105,0.9239999999999998,2.3118947368421052
M10561,5.5e-05,0.0001,0.0,0.0,0.03,0.089301,0.2141,nSEG,2,LIDAR,-0.070301,-0.014100000000000001,3.7000526315789477,0.07050000000000001,1.8852763157894739
M10562,5.5e-05,0.0001,0.0,0.0,0.035,0.089317,0.232,nSEG,2,LIDAR,-0.07031699999999999,-0.032,3.700894736842105,0.16,1.9304473684210526
M10563,5.5e-05,0.0001,0.0,0.0,0.04,0.089333,0.2488,nSEG,2,LIDAR,-0.07033299999999999,-0.04879999999999998,3.7017368421052628,0.2439999999999999,1.9728684210526313
M10564,5.5e-05,0.0001,0.0,0.0,0.05,0.089364,0.2796,nSEG,2,LIDAR,-0.070364,-0.0796,3.7033684210526316,0.398,2.050684210526316
M10565,5.5e-05,0.0001,0.0,0.0,0.08,0.08931,0.3572,nSEG,2,LIDAR,-0.07031,-0.1572,3.7005263157894737,0.786,2.243263157894737
M10566,5.5e-05,0.0001,0.0,0.25,0.03,0.089283,0.202,nSEG,2,LIDAR,-0.070283,-0.0020000000000000018,3.699105263157895,0.010000000000000009,1.8545526315789473
M10567,5.5e-05,0.0001,0.0,0.25,0.035,0.089297,0.2189,nSEG,2,LIDAR,-0.070297,-0.0189,3.699842105263158,0.0945,1.897171052631579
M10568,5.5e-05,0.0001,0.0,0.25,0.04,0.089311,0.2347,nSEG,2,LIDAR,-0.070311,-0.03469999999999998,3.700578947368421,0.1734999999999999,1.9370394736842105
M10569,5.5e-05,0.0001,0.0,0.25,0.05,0.089339,0.2637,nSEG,2,LIDAR,-0.070339,-0.06369999999999998,3.7020526315789475,0.3184999999999999,2.010276315789474
M10570,5.5e-05,0.0001,0.0,0.25,0.08,0.089312,0.337,nSEG,2,LIDAR,-0.070312,-0.137,3.7006315789473683,0.685,2.192815789473684
M10571,5.5e-05,0.0001,0.0,0.5,0.03,0.089282,0.1927,nSEG,2,LIDAR,-0.070282,0.007300000000000001,3.6990526315789474,0.036500000000000005,1.8677763157894738
M10572,5.5e-05,0.0001,0.0,0.5,0.035,0.089282,0.2087,nSEG,2,LIDAR,-0.070282,-0.008699999999999986,3.6990526315789474,0.04349999999999993,1.8712763157894736
M10573,5.5e-05,0.0001,0.0,0.5,0.04,0.089295,0.2238,nSEG,2,LIDAR,-0.070295,-0.023799999999999988,3.699736842105263,0.11899999999999994,1.9093684210526314
M10574,5.5e-05,0.0001,0.0,0.5,0.05,0.08932,0.2514,nSEG,2,LIDAR,-0.07032,-0.0514,3.701052631578947,0.257,1.9790263157894736
M10575,5.5e-05,0.0001,0.0,0.5,0.08,0.08931,0.3214,nSEG,2,LIDAR,-0.07031,-0.12140000000000001,3.7005263157894737,0.607,2.153763157894737
M10576,5.5e-05,0.0001,0.25,-0.5,0.03,0.089375,0.2566,nSEG,2,LIDAR,-0.070375,-0.056599999999999984,3.703947368421052,0.2829999999999999,1.993473684210526
M10577,5.5e-05,0.0001,0.25,-0.5,0.035,0.0894,0.2782,nSEG,2,LIDAR,-0.07039999999999999,-0.07819999999999999,3.7052631578947364,0.39099999999999996,2.048131578947368
M10578,5.5e-05,0.0001,0.25,-0.5,0.04,0.089422,0.2983,nSEG,2,LIDAR,-0.070422,-0.0983,3.706421052631579,0.4915,2.0989605263157896
M10579,5.5e-05,0.0001,0.25,-0.5,0.05,0.089372,0.3351,nSEG,2,LIDAR,-0.07037199999999999,-0.1351,3.70378947368421,0.6755,2.189644736842105
M10580,5.5e-05,0.0001,0.25,-0.5,0.08,0.089251,0.4273,nSEG,2,LIDAR,-0.070251,-0.2273,3.697421052631579,1.1364999999999998,2.4169605263157896
M10581,5.5e-05,0.0001,0.25,-0.25,0.03,0.089333,0.2308,nSEG,2,LIDAR,-0.07033299999999999,-0.030799999999999994,3.7017368421052628,0.15399999999999997,1.9278684210526313
M10582,5.5e-05,0.0001,0.25,-0.25,0.035,0.089354,0.2502,nSEG,2,LIDAR,-0.070354,-0.05019999999999997,3.702842105263158,0.25099999999999983,1.976921052631579
M10583,5.5e-05,0.0001,0.25,-0.25,0.04,0.089373,0.2683,nSEG,2,LIDAR,-0.07037299999999999,-0.06829999999999997,3.7038421052631576,0.34149999999999986,2.0226710526315785
M10584,5.5e-05,0.0001,0.25,-0.25,0.05,0.089409,0.3015,nSEG,2,LIDAR,-0.070409,-0.10149999999999998,3.705736842105263,0.5074999999999998,2.1066184210526315
M10585,5.5e-05,0.0001,0.25,-0.25,0.08,0.089309,0.3849,nSEG,2,LIDAR,-0.070309,-0.1849,3.700473684210526,0.9245,2.312486842105263
M10586,5.5e-05,0.0001,0.25,0.0,0.03,0.089308,0.2141,nSEG,2,LIDAR,-0.070308,-0.014100000000000001,3.7004210526315786,0.07050000000000001,1.8854605263157893
M10587,5.5e-05,0.0001,0.25,0.0,0.035,0.089325,0.232,nSEG,2,LIDAR,-0.070325,-0.032,3.7013157894736843,0.16,1.9306578947368422
M10588,5.5e-05,0.0001,0.25,0.0,0.04,0.089342,0.2488,nSEG,2,LIDAR,-0.070342,-0.04879999999999998,3.7022105263157896,0.2439999999999999,1.9731052631578947
M10589,5.5e-05,0.0001,0.25,0.0,0.05,0.089374,0.2796,nSEG,2,LIDAR,-0.07037399999999999,-0.0796,3.703894736842105,0.398,2.0509473684210526
M10590,5.5e-05,0.0001,0.25,0.0,0.08,0.089323,0.3572,nSEG,2,LIDAR,-0.070323,-0.1572,3.7012105263157893,0.786,2.2436052631578947
M10591,5.5e-05,0.0001,0.25,0.25,0.03,0.08929,0.202,nSEG,2,LIDAR,-0.07028999999999999,-0.0020000000000000018,3.699473684210526,0.010000000000000009,1.8547368421052628
M10592,5.5e-05,0.0001,0.25,0.25,0.035,0.089305,0.2189,nSEG,2,LIDAR,-0.07030499999999999,-0.0189,3.7002631578947365,0.0945,1.8973815789473683
M10593,5.5e-05,0.0001,0.25,0.25,0.04,0.08932,0.2347,nSEG,2,LIDAR,-0.07032,-0.03469999999999998,3.701052631578947,0.1734999999999999,1.9372763157894735
M10594,5.5e-05,0.0001,0.25,0.25,0.05,0.089349,0.2638,nSEG,2,LIDAR,-0.070349,-0.06379999999999997,3.702578947368421,0.31899999999999984,2.0107894736842105
M10595,5.5e-05,0.0001,0.25,0.25,0.08,0.089325,0.337,nSEG,2,LIDAR,-0.070325,-0.137,3.7013157894736843,0.685,2.193157894736842
M10596,5.5e-05,0.0001,0.25,0.5,0.03,0.08929,0.1927,nSEG,2,LIDAR,-0.07028999999999999,0.007300000000000001,3.699473684210526,0.036500000000000005,1.867986842105263
M10597,5.5e-05,0.0001,0.25,0.5,0.035,0.08929,0.2087,nSEG,2,LIDAR,-0.07028999999999999,-0.008699999999999986,3.699473684210526,0.04349999999999993,1.8714868421052628
M10598,5.5e-05,0.0001,0.25,0.5,0.04,0.089303,0.2238,nSEG,2,LIDAR,-0.07030299999999999,-0.023799999999999988,3.700157894736842,0.11899999999999994,1.9095789473684208
M10599,5.5e-05,0.0001,0.25,0.5,0.05,0.089329,0.2515,nSEG,2,LIDAR,-0.070329,-0.05149999999999999,3.701526315789474,0.25749999999999995,1.979513157894737
M10600,5.5e-05,0.0001,0.25,0.5,0.08,0.089323,0.3214,nSEG,2,LIDAR,-0.070323,-0.12140000000000001,3.7012105263157893,0.607,2.1541052631578945
M10601,5.5e-05,0.0001,0.5,-0.5,0.03,0.08938,0.2566,nSEG,2,LIDAR,-0.07038,-0.056599999999999984,3.7042105263157894,0.2829999999999999,1.9936052631578947
M10602,5.5e-05,0.0001,0.5,-0.5,0.035,0.089406,0.2782,nSEG,2,LIDAR,-0.070406,-0.07819999999999999,3.705578947368421,0.39099999999999996,2.0482894736842105
M10603,5.5e-05,0.0001,0.5,-0.5,0.04,0.089428,0.2983,nSEG,2,LIDAR,-0.07042799999999999,-0.0983,3.7067368421052627,0.4915,2.0991184210526312
M10604,5.5e-05,0.0001,0.5,-0.5,0.05,0.08938,0.3351,nSEG,2,LIDAR,-0.07038,-0.1351,3.7042105263157894,0.6755,2.1898552631578947
M10605,5.5e-05,0.0001,0.5,-0.5,0.08,0.089261,0.4273,nSEG,2,LIDAR,-0.07026099999999999,-0.2273,3.697947368421052,1.1364999999999998,2.417223684210526
M10606,5.5e-05,0.0001,0.5,-0.25,0.03,0.089339,0.2308,nSEG,2,LIDAR,-0.070339,-0.030799999999999994,3.7020526315789475,0.15399999999999997,1.9280263157894737
M10607,5.5e-05,0.0001,0.5,-0.25,0.035,0.08936,0.2502,nSEG,2,LIDAR,-0.07035999999999999,-0.05019999999999997,3.703157894736842,0.25099999999999983,1.977078947368421
M10608,5.5e-05,0.0001,0.5,-0.25,0.04,0.08938,0.2683,nSEG,2,LIDAR,-0.07038,-0.06829999999999997,3.7042105263157894,0.34149999999999986,2.0228552631578944
M10609,5.5e-05,0.0001,0.5,-0.25,0.05,0.089416,0.3015,nSEG,2,LIDAR,-0.07041599999999999,-0.10149999999999998,3.7061052631578946,0.5074999999999998,2.1068026315789474
M10610,5.5e-05,0.0001,0.5,-0.25,0.08,0.089319,0.3849,nSEG,2,LIDAR,-0.07031899999999999,-0.1849,3.7009999999999996,0.9245,2.31275
M10611,5.5e-05,0.0001,0.5,0.0,0.03,0.089314,0.2141,nSEG,2,LIDAR,-0.070314,-0.014100000000000001,3.7007368421052633,0.07050000000000001,1.8856184210526317
M10612,5.5e-05,0.0001,0.5,0.0,0.035,0.089331,0.232,nSEG,2,LIDAR,-0.07033099999999999,-0.032,3.701631578947368,0.16,1.9308157894736842
M10613,5.5e-05,0.0001,0.5,0.0,0.04,0.089348,0.2488,nSEG,2,LIDAR,-0.070348,-0.04879999999999998,3.7025263157894734,0.2439999999999999,1.9732631578947366
M10614,5.5e-05,0.0001,0.5,0.0,0.05,0.089381,0.2796,nSEG,2,LIDAR,-0.070381,-0.0796,3.704263157894737,0.398,2.0511315789473685
M10615,5.5e-05,0.0001,0.5,0.0,0.08,0.089333,0.3572,nSEG,2,LIDAR,-0.07033299999999999,-0.1572,3.7017368421052628,0.786,2.2438684210526314
M10616,5.5e-05,0.0001,0.5,0.25,0.03,0.089295,0.202,nSEG,2,LIDAR,-0.070295,-0.0020000000000000018,3.699736842105263,0.010000000000000009,1.8548684210526316
M10617,5.5e-05,0.0001,0.5,0.25,0.035,0.089311,0.2189,nSEG,2,LIDAR,-0.070311,-0.0189,3.700578947368421,0.0945,1.8975394736842106
M10618,5.5e-05,0.0001,0.5,0.25,0.04,0.089327,0.2347,nSEG,2,LIDAR,-0.070327,-0.03469999999999998,3.701421052631579,0.1734999999999999,1.9374605263157894
M10619,5.5e-05,0.0001,0.5,0.25,0.05,0.089356,0.2638,nSEG,2,LIDAR,-0.070356,-0.06379999999999997,3.7029473684210528,0.31899999999999984,2.0109736842105264
M10620,5.5e-05,0.0001,0.5,0.25,0.08,0.089335,0.3371,nSEG,2,LIDAR,-0.070335,-0.1371,3.701842105263158,0.6855,2.193671052631579
M10621,5.5e-05,0.0001,0.5,0.5,0.03,0.089295,0.1927,nSEG,2,LIDAR,-0.070295,0.007300000000000001,3.699736842105263,0.036500000000000005,1.8681184210526316
M10622,5.5e-05,0.0001,0.5,0.5,0.035,0.089296,0.2087,nSEG,2,LIDAR,-0.070296,-0.008699999999999986,3.6997894736842105,0.04349999999999993,1.8716447368421052
M10623,5.5e-05,0.0001,0.5,0.5,0.04,0.08931,0.2238,nSEG,2,LIDAR,-0.07031,-0.023799999999999988,3.7005263157894737,0.11899999999999994,1.9097631578947367
M10624,5.5e-05,0.0001,0.5,0.5,0.05,0.089337,0.2515,nSEG,2,LIDAR,-0.070337,-0.05149999999999999,3.7019473684210524,0.25749999999999995,1.9797236842105261
M10625,5.5e-05,0.0001,0.5,0.5,0.08,0.089333,0.3214,nSEG,2,LIDAR,-0.07033299999999999,-0.12140000000000001,3.7017368421052628,0.607,2.1543684210526313
M10626,0.0001,1e-06,-0.5,-0.5,0.03,0.025081,0.1337,nSEG,2,LIDAR,-0.006081,0.0663,0.32005263157894737,0.33149999999999996,0.32577631578947364
M10627,0.0001,1e-06,-0.5,-0.5,0.035,0.025022,0.1442,nSEG,2,LIDAR,-0.006022,0.055800000000000016,0.31694736842105264,0.2790000000000001,0.2979736842105264
M10628,0.0001,1e-06,-0.5,-0.5,0.04,0.024968,0.1541,nSEG,2,LIDAR,-0.005968000000000001,0.045900000000000024,0.3141052631578948,0.22950000000000012,0.27180263157894746
M10629,0.0001,1e-06,-0.5,-0.5,0.05,0.024866,0.1723,nSEG,2,LIDAR,-0.005866,0.027700000000000002,0.30873684210526314,0.1385,0.22361842105263158
M10630,0.0001,1e-06,-0.5,-0.5,0.08,0.024603,0.2185,nSEG,2,LIDAR,-0.005603,-0.01849999999999999,0.29489473684210527,0.09249999999999994,0.19369736842105262
M10631,0.0001,1e-06,-0.5,-0.25,0.03,0.025086,0.1209,nSEG,2,LIDAR,-0.006086000000000001,0.07910000000000002,0.3203157894736843,0.3955000000000001,0.35790789473684215
M10632,0.0001,1e-06,-0.5,-0.25,0.035,0.025029,0.1303,nSEG,2,LIDAR,-0.006029,0.06970000000000001,0.3173157894736842,0.34850000000000003,0.3329078947368421
M10633,0.0001,1e-06,-0.5,-0.25,0.04,0.024974,0.1392,nSEG,2,LIDAR,-0.005974,0.06080000000000002,0.314421052631579,0.3040000000000001,0.30921052631578955
M10634,0.0001,1e-06,-0.5,-0.25,0.05,0.024874,0.1554,nSEG,2,LIDAR,-0.005874000000000001,0.0446,0.30915789473684213,0.223,0.2660789473684211
M10635,0.0001,1e-06,-0.5,-0.25,0.08,0.024613,0.1967,nSEG,2,LIDAR,-0.005613,0.0032999999999999974,0.295421052631579,0.016499999999999987,0.1559605263157895
M10636,0.0001,1e-06,-0.5,0.0,0.03,0.02509,0.1127,nSEG,2,LIDAR,-0.006090000000000002,0.08730000000000002,0.32052631578947377,0.43650000000000005,0.37851315789473694
M10637,0.0001,1e-06,-0.5,0.0,0.035,0.025033,0.1214,nSEG,2,LIDAR,-0.006033,0.07860000000000002,0.3175263157894737,0.39300000000000007,0.3552631578947369
M10638,0.0001,1e-06,-0.5,0.0,0.04,0.024979,0.1295,nSEG,2,LIDAR,-0.005979000000000002,0.07050000000000001,0.3146842105263159,0.35250000000000004,0.33359210526315797
M10639,0.0001,1e-06,-0.5,0.0,0.05,0.024878,0.1445,nSEG,2,LIDAR,-0.005878000000000001,0.05550000000000002,0.3093684210526317,0.2775000000000001,0.2934342105263159
M10640,0.0001,1e-06,-0.5,0.0,0.08,0.02462,0.1827,nSEG,2,LIDAR,-0.00562,0.01730000000000001,0.29578947368421055,0.08650000000000005,0.1911447368421053
M10641,0.0001,1e-06,-0.5,0.25,0.03,0.025093,0.1068,nSEG,2,LIDAR,-0.006093000000000001,0.0932,0.32068421052631585,0.466,0.39334210526315794
M10642,0.0001,1e-06,-0.5,0.25,0.035,0.025035,0.115,nSEG,2,LIDAR,-0.006035000000000002,0.085,0.31763157894736854,0.425,0.37131578947368427
M10643,0.0001,1e-06,-0.5,0.25,0.04,0.024982,0.1226,nSEG,2,LIDAR,-0.005982000000000001,0.07740000000000001,0.314842105263158,0.387,0.350921052631579
M10644,0.0001,1e-06,-0.5,0.25,0.05,0.024882,0.1367,nSEG,2,LIDAR,-0.005882000000000002,0.06330000000000002,0.3095789473684212,0.3165000000000001,0.31303947368421065
M10645,0.0001,1e-06,-0.5,0.25,0.08,0.024624,0.1725,nSEG,2,LIDAR,-0.0056240000000000005,0.027500000000000024,0.29600000000000004,0.13750000000000012,0.21675000000000008
M10646,0.0001,1e-06,-0.5,0.5,0.03,0.025095,0.1022,nSEG,2,LIDAR,-0.006095,0.09780000000000001,0.3207894736842105,0.48900000000000005,0.4048947368421053
M10647,0.0001,1e-06,-0.5,0.5,0.035,0.025038,0.11,nSEG,2,LIDAR,-0.006038000000000002,0.09000000000000001,0.3177894736842106,0.45,0.3838947368421053
M10648,0.0001,1e-06,-0.5,0.5,0.04,0.024984,0.1172,nSEG,2,LIDAR,-0.005984,0.08280000000000001,0.31494736842105264,0.41400000000000003,0.36447368421052634
M10649,0.0001,1e-06,-0.5,0.5,0.05,0.024885,0.1306,nSEG,2,LIDAR,-0.005885000000000001,0.06940000000000002,0.30973684210526325,0.3470000000000001,0.32836842105263164
M10650,0.0001,1e-06,-0.5,0.5,0.08,0.024628,0.1647,nSEG,2,LIDAR,-0.005628000000000001,0.0353,0.29621052631578954,0.1765,0.23635526315789476
M10651,0.0001,1e-06,-0.25,-0.5,0.03,0.025144,0.1338,nSEG,2,LIDAR,-0.006144,0.06620000000000001,0.3233684210526316,0.331,0.3271842105263158
M10652,0.0001,1e-06,-0.25,-0.5,0.035,0.025092,0.1444,nSEG,2,LIDAR,-0.006092,0.05560000000000001,0.32063157894736843,0.278,0.2993157894736842
M10653,0.0001,1e-06,-0.25,-0.5,0.04,0.025042,0.1544,nSEG,2,LIDAR,-0.006041999999999999,0.0456,0.31799999999999995,0.228,0.27299999999999996
M10654,0.0001,1e-06,-0.25,-0.5,0.05,0.024951,0.1726,nSEG,2,LIDAR,-0.005951000000000001,0.027400000000000008,0.31321052631578955,0.13700000000000004,0.2251052631578948
M10655,0.0001,1e-06,-0.25,-0.5,0.08,0.024716,0.219,nSEG,2,LIDAR,-0.005715999999999999,-0.01899999999999999,0.30084210526315786,0.09499999999999995,0.1979210526315789
M10656,0.0001,1e-06,-0.25,-0.25,0.03,0.025149,0.1211,nSEG,2,LIDAR,-0.006149000000000002,0.07890000000000001,0.3236315789473685,0.3945,0.3590657894736843
M10657,0.0001,1e-06,-0.25,-0.25,0.035,0.025098,0.1305,nSEG,2,LIDAR,-0.006097999999999999,0.0695,0.3209473684210526,0.34750000000000003,0.3342236842105263
M10658,0.0001,1e-06,-0.25,-0.25,0.04,0.025049,0.1394,nSEG,2,LIDAR,-0.006048999999999999,0.060600000000000015,0.3183684210526315,0.30300000000000005,0.3106842105263158
M10659,0.0001,1e-06,-0.25,-0.25,0.05,0.024959,0.1557,nSEG,2,LIDAR,-0.005958999999999999,0.044300000000000006,0.3136315789473684,0.22150000000000003,0.2675657894736842
M10660,0.0001,1e-06,-0.25,-0.25,0.08,0.024726,0.1972,nSEG,2,LIDAR,-0.005726000000000002,0.0028000000000000247,0.3013684210526317,0.014000000000000123,0.1576842105263159
M10661,0.0001,1e-06,-0.25,0.0,0.03,0.025153,0.1129,nSEG,2,LIDAR,-0.006152999999999999,0.08710000000000001,0.3238421052631578,0.43550000000000005,0.37967105263157896
M10662,0.0001,1e-06,-0.25,0.0,0.035,0.025102,0.1216,nSEG,2,LIDAR,-0.006102,0.07840000000000001,0.3211578947368421,0.392,0.35657894736842105
M10663,0.0001,1e-06,-0.25,0.0,0.04,0.025053,0.1297,nSEG,2,LIDAR,-0.006052999999999999,0.0703,0.318578947368421,0.3515,0.3350394736842105
M10664,0.0001,1e-06,-0.25,0.0,0.05,0.024964,0.1448,nSEG,2,LIDAR,-0.0059640000000000006,0.0552,0.3138947368421053,0.27599999999999997,0.2949473684210526
M10665,0.0001,1e-06,-0.25,0.0,0.08,0.024732,0.1831,nSEG,2,LIDAR,-0.005732000000000001,0.0169,0.30168421052631583,0.08449999999999999,0.1930921052631579
M10666,0.0001,1e-06,-0.25,0.25,0.03,0.025156,0.1069,nSEG,2,LIDAR,-0.006156000000000002,0.09310000000000002,0.3240000000000001,0.4655000000000001,0.3947500000000001
M10667,0.0001,1e-06,-0.25,0.25,0.035,0.025105,0.1151,nSEG,2,LIDAR,-0.006104999999999999,0.08490000000000002,0.32131578947368417,0.42450000000000004,0.3729078947368421
M10668,0.0001,1e-06,-0.25,0.25,0.04,0.025057,0.1228,nSEG,2,LIDAR,-0.006057,0.0772,0.3187894736842105,0.386,0.35239473684210526
M10669,0.0001,1e-06,-0.25,0.25,0.05,0.024967,0.1369,nSEG,2,LIDAR,-0.005967,0.06310000000000002,0.31405263157894736,0.31550000000000006,0.31477631578947374
M10670,0.0001,1e-06,-0.25,0.25,0.08,0.024737,0.1729,nSEG,2,LIDAR,-0.005736999999999999,0.027100000000000013,0.3019473684210526,0.13550000000000006,0.21872368421052632
M10671,0.0001,1e-06,-0.25,0.5,0.03,0.025158,0.1024,nSEG,2,LIDAR,-0.006158,0.0976,0.3241052631578948,0.488,0.4060526315789474
M10672,0.0001,1e-06,-0.25,0.5,0.035,0.025107,0.1101,nSEG,2,LIDAR,-0.006107000000000001,0.08990000000000001,0.32142105263157905,0.4495,0.38546052631578953
M10673,0.0001,1e-06,-0.25,0.5,0.04,0.025059,0.1174,nSEG,2,LIDAR,-0.006059000000000002,0.0826,0.3188947368421054,0.41300000000000003,0.3659473684210527
M10674,0.0001,1e-06,-0.25,0.5,0.05,0.02497,0.1308,nSEG,2,LIDAR,-0.00597,0.06920000000000001,0.31421052631578944,0.34600000000000003,0.33010526315789473
M10675,0.0001,1e-06,-0.25,0.5,0.08,0.02474,0.1651,nSEG,2,LIDAR,-0.005740000000000002,0.034900000000000014,0.3021052631578949,0.17450000000000007,0.2383026315789475
M10676,0.0001,1e-06,0.0,-0.5,0.03,0.025184,0.1339,nSEG,2,LIDAR,-0.006184000000000002,0.06610000000000002,0.3254736842105264,0.33050000000000007,0.32798684210526324
M10677,0.0001,1e-06,0.0,-0.5,0.035,0.025136,0.1446,nSEG,2,LIDAR,-0.006135999999999999,0.055400000000000005,0.3229473684210526,0.277,0.2999736842105263
M10678,0.0001,1e-06,0.0,-0.5,0.04,0.02509,0.1545,nSEG,2,LIDAR,-0.006090000000000002,0.04550000000000001,0.32052631578947377,0.22750000000000006,0.2740131578947369
M10679,0.0001,1e-06,0.0,-0.5,0.05,0.025006,0.1728,nSEG,2,LIDAR,-0.006006000000000001,0.027200000000000002,0.3161052631578948,0.136,0.2260526315789474
M10680,0.0001,1e-06,0.0,-0.5,0.08,0.024787,0.2193,nSEG,2,LIDAR,-0.0057870000000000005,-0.019299999999999984,0.30457894736842106,0.09649999999999992,0.2005394736842105
M10681,0.0001,1e-06,0.0,-0.25,0.03,0.02519,0.1212,nSEG,2,LIDAR,-0.006190000000000001,0.07880000000000001,0.3257894736842106,0.394,0.35989473684210527
M10682,0.0001,1e-06,0.0,-0.25,0.035,0.025142,0.1306,nSEG,2,LIDAR,-0.006142000000000002,0.06940000000000002,0.3232631578947369,0.3470000000000001,0.3351315789473685
M10683,0.0001,1e-06,0.0,-0.25,0.04,0.025097,0.1395,nSEG,2,LIDAR,-0.006097000000000002,0.0605,0.32089473684210534,0.3025,0.31169736842105267
M10684,0.0001,1e-06,0.0,-0.25,0.05,0.025014,0.1559,nSEG,2,LIDAR,-0.006014000000000002,0.0441,0.3165263157894738,0.2205,0.2685131578947369
M10685,0.0001,1e-06,0.0,-0.25,0.08,0.024797,0.1975,nSEG,2,LIDAR,-0.005797,0.0025000000000000022,0.30510526315789477,0.012500000000000011,0.1588026315789474
M10686,0.0001,1e-06,0.0,0.0,0.03,0.025194,0.1129,nSEG,2,LIDAR,-0.006194000000000002,0.08710000000000001,0.32600000000000007,0.43550000000000005,0.38075000000000003
M10687,0.0001,1e-06,0.0,0.0,0.035,0.025146,0.1217,nSEG,2,LIDAR,-0.006146000000000002,0.07830000000000001,0.3234736842105264,0.3915,0.3574868421052632
M10688,0.0001,1e-06,0.0,0.0,0.04,0.025101,0.1299,nSEG,2,LIDAR,-0.006100999999999999,0.07010000000000002,0.32110526315789467,0.3505000000000001,0.3358026315789474
M10689,0.0001,1e-06,0.0,0.0,0.05,0.025018,0.1449,nSEG,2,LIDAR,-0.006017999999999999,0.05510000000000001,0.3167368421052631,0.2755,0.29611842105263153
M10690,0.0001,1e-06,0.0,0.0,0.08,0.024804,0.1834,nSEG,2,LIDAR,-0.005804,0.016600000000000004,0.30547368421052634,0.08300000000000002,0.19423684210526318
M10691,0.0001,1e-06,0.0,0.25,0.03,0.025196,0.107,nSEG,2,LIDAR,-0.006196,0.09300000000000001,0.32610526315789473,0.465,0.3955526315789474
M10692,0.0001,1e-06,0.0,0.25,0.035,0.025149,0.1152,nSEG,2,LIDAR,-0.006149000000000002,0.08480000000000001,0.3236315789473685,0.42400000000000004,0.37381578947368427
M10693,0.0001,1e-06,0.0,0.25,0.04,0.025104,0.1229,nSEG,2,LIDAR,-0.006104000000000002,0.07710000000000002,0.3212631578947369,0.38550000000000006,0.3533815789473685
M10694,0.0001,1e-06,0.0,0.25,0.05,0.025022,0.1371,nSEG,2,LIDAR,-0.006022,0.06290000000000001,0.31694736842105264,0.31450000000000006,0.3157236842105263
M10695,0.0001,1e-06,0.0,0.25,0.08,0.024808,0.1732,nSEG,2,LIDAR,-0.005808000000000001,0.026800000000000018,0.30568421052631584,0.1340000000000001,0.21984210526315795
M10696,0.0001,1e-06,0.0,0.5,0.03,0.025198,0.1024,nSEG,2,LIDAR,-0.006198000000000002,0.0976,0.3262105263157896,0.488,0.4071052631578948
M10697,0.0001,1e-06,0.0,0.5,0.035,0.025151,0.1102,nSEG,2,LIDAR,-0.006151,0.0898,0.32373684210526316,0.449,0.3863684210526316
M10698,0.0001,1e-06,0.0,0.5,0.04,0.025107,0.1175,nSEG,2,LIDAR,-0.006107000000000001,0.08250000000000002,0.32142105263157905,0.4125000000000001,0.36696052631578957
M10699,0.0001,1e-06,0.0,0.5,0.05,0.025025,0.131,nSEG,2,LIDAR,-0.006024999999999999,0.069,0.3171052631578947,0.34500000000000003,0.3310526315789474
M10700,0.0001,1e-06,0.0,0.5,0.08,0.024812,0.1653,nSEG,2,LIDAR,-0.005812000000000001,0.03470000000000001,0.30589473684210533,0.17350000000000004,0.2396973684210527
M10701,0.0001,1e-06,0.25,-0.5,0.03,0.025213,0.134,nSEG,2,LIDAR,-0.006213,0.066,0.327,0.33,0.3285
M10702,0.0001,1e-06,0.25,-0.5,0.035,0.025168,0.1446,nSEG,2,LIDAR,-0.006168,0.055400000000000005,0.32463157894736844,0.277,0.30081578947368426
M10703,0.0001,1e-06,0.25,-0.5,0.04,0.025125,0.1546,nSEG,2,LIDAR,-0.006125000000000002,0.045400000000000024,0.3223684210526317,0.22700000000000012,0.2746842105263159
M10704,0.0001,1e-06,0.25,-0.5,0.05,0.025045,0.173,nSEG,2,LIDAR,-0.006045000000000002,0.027000000000000024,0.3181578947368422,0.13500000000000012,0.22657894736842116
M10705,0.0001,1e-06,0.25,-0.5,0.08,0.024839,0.2196,nSEG,2,LIDAR,-0.0058390000000000004,-0.01959999999999998,0.30731578947368426,0.09799999999999989,0.2026578947368421
M10706,0.0001,1e-06,0.25,-0.25,0.03,0.025219,0.1212,nSEG,2,LIDAR,-0.006218999999999999,0.07880000000000001,0.32731578947368417,0.394,0.36065789473684207
M10707,0.0001,1e-06,0.25,-0.25,0.035,0.025174,0.1307,nSEG,2,LIDAR,-0.006173999999999999,0.0693,0.3249473684210526,0.3465,0.3357236842105263
M10708,0.0001,1e-06,0.25,-0.25,0.04,0.025132,0.1396,nSEG,2,LIDAR,-0.006132000000000002,0.06040000000000001,0.32273684210526327,0.30200000000000005,0.31236842105263163
M10709,0.0001,1e-06,0.25,-0.25,0.05,0.025053,0.156,nSEG,2,LIDAR,-0.006052999999999999,0.04400000000000001,0.318578947368421,0.22000000000000006,0.2692894736842105
M10710,0.0001,1e-06,0.25,-0.25,0.08,0.024849,0.1977,nSEG,2,LIDAR,-0.005849,0.0023000000000000242,0.3078421052631579,0.011500000000000121,0.15967105263157902
M10711,0.0001,1e-06,0.25,0.0,0.03,0.025223,0.113,nSEG,2,LIDAR,-0.006222999999999999,0.08700000000000001,0.32752631578947367,0.435,0.38126315789473686
M10712,0.0001,1e-06,0.25,0.0,0.035,0.025178,0.1217,nSEG,2,LIDAR,-0.0061779999999999995,0.07830000000000001,0.3251578947368421,0.3915,0.358328947368421
M10713,0.0001,1e-06,0.25,0.0,0.04,0.025136,0.1299,nSEG,2,LIDAR,-0.006135999999999999,0.07010000000000002,0.3229473684210526,0.3505000000000001,0.33672368421052634
M10714,0.0001,1e-06,0.25,0.0,0.05,0.025058,0.1451,nSEG,2,LIDAR,-0.006058000000000001,0.054900000000000004,0.3188421052631579,0.2745,0.296671052631579
M10715,0.0001,1e-06,0.25,0.0,0.08,0.024856,0.1836,nSEG,2,LIDAR,-0.005856,0.016399999999999998,0.3082105263157895,0.08199999999999999,0.19510526315789473
M10716,0.0001,1e-06,0.25,0.25,0.03,0.025225,0.1071,nSEG,2,LIDAR,-0.006225000000000001,0.09290000000000001,0.3276315789473685,0.4645,0.39606578947368426
M10717,0.0001,1e-06,0.25,0.25,0.035,0.025181,0.1153,nSEG,2,LIDAR,-0.006180999999999999,0.08470000000000001,0.32531578947368417,0.42350000000000004,0.3744078947368421
M10718,0.0001,1e-06,0.25,0.25,0.04,0.025139,0.123,nSEG,2,LIDAR,-0.006139000000000002,0.07700000000000001,0.32310526315789484,0.38500000000000006,0.35405263157894745
M10719,0.0001,1e-06,0.25,0.25,0.05,0.025061,0.1372,nSEG,2,LIDAR,-0.006061,0.06280000000000002,0.319,0.3140000000000001,0.31650000000000006
M10720,0.0001,1e-06,0.25,0.25,0.08,0.02486,0.1734,nSEG,2,LIDAR,-0.005860000000000001,0.026600000000000013,0.308421052631579,0.13300000000000006,0.22071052631578952
M10721,0.0001,1e-06,0.25,0.5,0.03,0.025227,0.1025,nSEG,2,LIDAR,-0.006227,0.09750000000000002,0.32773684210526316,0.48750000000000004,0.4076184210526316
M10722,0.0001,1e-06,0.25,0.5,0.035,0.025183,0.1103,nSEG,2,LIDAR,-0.006183000000000001,0.08970000000000002,0.325421052631579,0.44850000000000007,0.38696052631578953
M10723,0.0001,1e-06,0.25,0.5,0.04,0.025141,0.1176,nSEG,2,LIDAR,-0.006141000000000001,0.08240000000000001,0.3232105263157895,0.41200000000000003,0.36760526315789477
M10724,0.0001,1e-06,0.25,0.5,0.05,0.025064,0.1311,nSEG,2,LIDAR,-0.006064,0.06890000000000002,0.3191578947368421,0.3445000000000001,0.33182894736842106
M10725,0.0001,1e-06,0.25,0.5,0.08,0.024864,0.1655,nSEG,2,LIDAR,-0.005864000000000001,0.0345,0.3086315789473685,0.17250000000000001,0.24056578947368423
M10726,0.0001,1e-06,0.5,-0.5,0.03,0.025236,0.1341,nSEG,2,LIDAR,-0.006236000000000002,0.06590000000000001,0.32821052631578956,0.32950000000000007,0.3288552631578948
M10727,0.0001,1e-06,0.5,-0.5,0.035,0.025192,0.1447,nSEG,2,LIDAR,-0.006192,0.055300000000000016,0.32589473684210524,0.2765000000000001,0.30119736842105266
M10728,0.0001,1e-06,0.5,-0.5,0.04,0.025151,0.1547,nSEG,2,LIDAR,-0.006151,0.04530000000000001,0.32373684210526316,0.22650000000000003,0.2751184210526316
M10729,0.0001,1e-06,0.5,-0.5,0.05,0.025076,0.1731,nSEG,2,LIDAR,-0.0060760000000000015,0.026900000000000007,0.3197894736842106,0.13450000000000004,0.22714473684210534
M10730,0.0001,1e-06,0.5,-0.5,0.08,0.024879,0.2198,nSEG,2,LIDAR,-0.005878999999999999,-0.019799999999999984,0.3094210526315789,0.09899999999999992,0.2042105263157894
M10731,0.0001,1e-06,0.5,-0.25,0.03,0.025241,0.1213,nSEG,2,LIDAR,-0.006241,0.0787,0.3284736842105263,0.3935,0.36098684210526316
M10732,0.0001,1e-06,0.5,-0.25,0.035,0.025199,0.1308,nSEG,2,LIDAR,-0.006199,0.06920000000000001,0.3262631578947368,0.34600000000000003,0.33613157894736845
M10733,0.0001,1e-06,0.5,-0.25,0.04,0.025158,0.1397,nSEG,2,LIDAR,-0.006158,0.06030000000000002,0.3241052631578948,0.3015000000000001,0.31280263157894744
M10734,0.0001,1e-06,0.5,-0.25,0.05,0.025083,0.1561,nSEG,2,LIDAR,-0.006083000000000002,0.04390000000000002,0.3201578947368422,0.2195000000000001,0.26982894736842117
M10735,0.0001,1e-06,0.5,-0.25,0.08,0.024889,0.1978,nSEG,2,LIDAR,-0.005889000000000002,0.0022000000000000075,0.30994736842105275,0.011000000000000038,0.16047368421052638
M10736,0.0001,1e-06,0.5,0.0,0.03,0.025245,0.1131,nSEG,2,LIDAR,-0.0062450000000000006,0.0869,0.3286842105263158,0.4345,0.3815921052631579
M10737,0.0001,1e-06,0.5,0.0,0.035,0.025203,0.1218,nSEG,2,LIDAR,-0.006203,0.0782,0.32647368421052636,0.391,0.3587368421052632
M10738,0.0001,1e-06,0.5,0.0,0.04,0.025162,0.13,nSEG,2,LIDAR,-0.006162000000000001,0.07,0.3243157894736843,0.35000000000000003,0.33715789473684216
M10739,0.0001,1e-06,0.5,0.0,0.05,0.025088,0.1452,nSEG,2,LIDAR,-0.006088,0.054800000000000015,0.32042105263157894,0.2740000000000001,0.2972105263157895
M10740,0.0001,1e-06,0.5,0.0,0.08,0.024896,0.1837,nSEG,2,LIDAR,-0.005896000000000002,0.01630000000000001,0.3103157894736843,0.08150000000000004,0.19590789473684217
M10741,0.0001,1e-06,0.5,0.25,0.03,0.025248,0.1071,nSEG,2,LIDAR,-0.006248,0.09290000000000001,0.3288421052631579,0.4645,0.396671052631579
M10742,0.0001,1e-06,0.5,0.25,0.035,0.025205,0.1153,nSEG,2,LIDAR,-0.006205000000000002,0.08470000000000001,0.3265789473684212,0.42350000000000004,0.37503947368421064
M10743,0.0001,1e-06,0.5,0.25,0.04,0.025166,0.123,nSEG,2,LIDAR,-0.006166000000000001,0.07700000000000001,0.3245263157894738,0.38500000000000006,0.3547631578947369
M10744,0.0001,1e-06,0.5,0.25,0.05,0.025092,0.1373,nSEG,2,LIDAR,-0.006092,0.0627,0.32063157894736843,0.3135,0.31706578947368425
M10745,0.0001,1e-06,0.5,0.25,0.08,0.0249,0.1735,nSEG,2,LIDAR,-0.005899999999999999,0.026500000000000024,0.31052631578947365,0.13250000000000012,0.22151315789473688
M10746,0.0001,1e-06,0.5,0.5,0.03,0.02525,0.1025,nSEG,2,LIDAR,-0.006250000000000002,0.09750000000000002,0.32894736842105277,0.48750000000000004,0.4082236842105264
M10747,0.0001,1e-06,0.5,0.5,0.035,0.025208,0.1103,nSEG,2,LIDAR,-0.006208000000000002,0.08970000000000002,0.32673684210526327,0.44850000000000007,0.38761842105263167
M10748,0.0001,1e-06,0.5,0.5,0.04,0.025168,0.1177,nSEG,2,LIDAR,-0.006168,0.08230000000000001,0.32463157894736844,0.41150000000000003,0.36806578947368424
M10749,0.0001,1e-06,0.5,0.5,0.05,0.025094,0.1312,nSEG,2,LIDAR,-0.006094000000000002,0.0688,0.32073684210526326,0.344,0.33236842105263165
M10750,0.0001,1e-06,0.5,0.5,0.08,0.024904,0.1656,nSEG,2,LIDAR,-0.0059039999999999995,0.034400000000000014,0.31073684210526314,0.17200000000000007,0.24136842105263162
M10751,0.0001,5.5e-06,-0.5,-0.5,0.03,0.029769,0.1456,nSEG,2,LIDAR,-0.010769,0.054400000000000004,0.5667894736842106,0.272,0.4193947368421053
M10752,0.0001,5.5e-06,-0.5,-0.5,0.035,0.029692,0.1572,nSEG,2,LIDAR,-0.010692,0.042800000000000005,0.5627368421052632,0.21400000000000002,0.3883684210526316
M10753,0.0001,5.5e-06,-0.5,-0.5,0.04,0.029621,0.1681,nSEG,2,LIDAR,-0.010621000000000002,0.03190000000000001,0.5590000000000002,0.15950000000000006,0.3592500000000001
M10754,0.0001,5.5e-06,-0.5,-0.5,0.05,0.029487,0.1881,nSEG,2,LIDAR,-0.010487,0.011900000000000022,0.5519473684210526,0.05950000000000011,0.30572368421052637
M10755,0.0001,5.5e-06,-0.5,-0.5,0.08,0.029145,0.2386,nSEG,2,LIDAR,-0.010145000000000001,-0.038599999999999995,0.5339473684210527,0.19299999999999998,0.36347368421052634
M10756,0.0001,5.5e-06,-0.5,-0.25,0.03,0.029799,0.1316,nSEG,2,LIDAR,-0.010799,0.06840000000000002,0.5683684210526315,0.3420000000000001,0.4551842105263158
M10757,0.0001,5.5e-06,-0.5,-0.25,0.035,0.029725,0.142,nSEG,2,LIDAR,-0.010725000000000002,0.058000000000000024,0.5644736842105265,0.2900000000000001,0.42723684210526325
M10758,0.0001,5.5e-06,-0.5,-0.25,0.04,0.029656,0.1517,nSEG,2,LIDAR,-0.010655999999999999,0.04830000000000001,0.5608421052631578,0.24150000000000005,0.40117105263157893
M10759,0.0001,5.5e-06,-0.5,-0.25,0.05,0.029527,0.1696,nSEG,2,LIDAR,-0.010527000000000002,0.03040000000000001,0.5540526315789475,0.15200000000000005,0.35302631578947374
M10760,0.0001,5.5e-06,-0.5,-0.25,0.08,0.029196,0.2149,nSEG,2,LIDAR,-0.010196,-0.014899999999999997,0.5366315789473685,0.07449999999999998,0.30556578947368424
M10761,0.0001,5.5e-06,-0.5,0.0,0.03,0.029818,0.1226,nSEG,2,LIDAR,-0.010818000000000001,0.07740000000000001,0.5693684210526316,0.387,0.4781842105263158
M10762,0.0001,5.5e-06,-0.5,0.0,0.035,0.029746,0.1322,nSEG,2,LIDAR,-0.010746000000000002,0.0678,0.5655789473684212,0.33899999999999997,0.4522894736842106
M10763,0.0001,5.5e-06,-0.5,0.0,0.04,0.029678,0.1412,nSEG,2,LIDAR,-0.010678,0.05880000000000002,0.562,0.2940000000000001,0.42800000000000005
M10764,0.0001,5.5e-06,-0.5,0.0,0.05,0.029552,0.1577,nSEG,2,LIDAR,-0.010551999999999999,0.042300000000000004,0.5553684210526315,0.21150000000000002,0.38343421052631577
M10765,0.0001,5.5e-06,-0.5,0.0,0.08,0.029229,0.1996,nSEG,2,LIDAR,-0.010229000000000002,0.00040000000000001146,0.5383684210526317,0.0020000000000000573,0.2701842105263159
M10766,0.0001,5.5e-06,-0.5,0.25,0.03,0.029831,0.1161,nSEG,2,LIDAR,-0.010831,0.08390000000000002,0.5700526315789474,0.41950000000000004,0.4947763157894737
M10767,0.0001,5.5e-06,-0.5,0.25,0.035,0.029761,0.1251,nSEG,2,LIDAR,-0.010761,0.07490000000000002,0.5663684210526316,0.3745000000000001,0.47043421052631584
M10768,0.0001,5.5e-06,-0.5,0.25,0.04,0.029694,0.1335,nSEG,2,LIDAR,-0.010694000000000002,0.0665,0.562842105263158,0.3325,0.447671052631579
M10769,0.0001,5.5e-06,-0.5,0.25,0.05,0.029571,0.1491,nSEG,2,LIDAR,-0.010571,0.0509,0.5563684210526316,0.2545,0.4054342105263158
M10770,0.0001,5.5e-06,-0.5,0.25,0.08,0.029253,0.1885,nSEG,2,LIDAR,-0.010253000000000002,0.01150000000000001,0.5396315789473686,0.05750000000000005,0.2985657894736843
M10771,0.0001,5.5e-06,-0.5,0.5,0.03,0.029842,0.1111,nSEG,2,LIDAR,-0.010842000000000001,0.0889,0.5706315789473685,0.4445,0.5075657894736842
M10772,0.0001,5.5e-06,-0.5,0.5,0.035,0.029772,0.1197,nSEG,2,LIDAR,-0.010772,0.08030000000000001,0.5669473684210526,0.4015,0.4842236842105263
M10773,0.0001,5.5e-06,-0.5,0.5,0.04,0.029707,0.1277,nSEG,2,LIDAR,-0.010707000000000001,0.0723,0.5635263157894738,0.3615,0.4625131578947369
M10774,0.0001,5.5e-06,-0.5,0.5,0.05,0.029585,0.1424,nSEG,2,LIDAR,-0.010585,0.05760000000000001,0.5571052631578948,0.28800000000000003,0.4225526315789474
M10775,0.0001,5.5e-06,-0.5,0.5,0.08,0.029272,0.1799,nSEG,2,LIDAR,-0.010272,0.020100000000000007,0.5406315789473685,0.10050000000000003,0.32056578947368425
M10776,0.0001,5.5e-06,-0.25,-0.5,0.03,0.02983,0.1458,nSEG,2,LIDAR,-0.01083,0.0542,0.57,0.27099999999999996,0.4205
M10777,0.0001,5.5e-06,-0.25,-0.5,0.035,0.029759,0.1574,nSEG,2,LIDAR,-0.010759000000000001,0.0426,0.5662631578947369,0.213,0.38963157894736844
M10778,0.0001,5.5e-06,-0.25,-0.5,0.04,0.029693,0.1683,nSEG,2,LIDAR,-0.010693000000000001,0.031700000000000006,0.5627894736842106,0.15850000000000003,0.3606447368421053
M10779,0.0001,5.5e-06,-0.25,-0.5,0.05,0.029569,0.1884,nSEG,2,LIDAR,-0.010569000000000002,0.0116,0.556263157894737,0.057999999999999996,0.30713157894736853
M10780,0.0001,5.5e-06,-0.25,-0.5,0.08,0.029253,0.2391,nSEG,2,LIDAR,-0.010253000000000002,-0.039099999999999996,0.5396315789473686,0.19549999999999998,0.3675657894736843
M10781,0.0001,5.5e-06,-0.25,-0.25,0.03,0.029859,0.1318,nSEG,2,LIDAR,-0.010859,0.06820000000000001,0.5715263157894738,0.341,0.4562631578947369
M10782,0.0001,5.5e-06,-0.25,-0.25,0.035,0.029792,0.1422,nSEG,2,LIDAR,-0.010792,0.05780000000000002,0.568,0.2890000000000001,0.4285
M10783,0.0001,5.5e-06,-0.25,-0.25,0.04,0.029728,0.1519,nSEG,2,LIDAR,-0.010728000000000001,0.048100000000000004,0.5646315789473685,0.24050000000000002,0.40256578947368427
M10784,0.0001,5.5e-06,-0.25,-0.25,0.05,0.029609,0.1698,nSEG,2,LIDAR,-0.010609,0.030200000000000005,0.5583684210526316,0.15100000000000002,0.3546842105263158
M10785,0.0001,5.5e-06,-0.25,-0.25,0.08,0.029304,0.2153,nSEG,2,LIDAR,-0.010304,-0.01529999999999998,0.5423157894736843,0.0764999999999999,0.3094078947368421
M10786,0.0001,5.5e-06,-0.25,0.0,0.03,0.029878,0.1228,nSEG,2,LIDAR,-0.010877999999999999,0.0772,0.5725263157894737,0.386,0.47926315789473684
M10787,0.0001,5.5e-06,-0.25,0.0,0.035,0.029812,0.1324,nSEG,2,LIDAR,-0.010812000000000002,0.06760000000000002,0.5690526315789475,0.3380000000000001,0.4535263157894738
M10788,0.0001,5.5e-06,-0.25,0.0,0.04,0.02975,0.1413,nSEG,2,LIDAR,-0.01075,0.0587,0.5657894736842105,0.2935,0.42964473684210525
M10789,0.0001,5.5e-06,-0.25,0.0,0.05,0.029634,0.1579,nSEG,2,LIDAR,-0.010634000000000001,0.0421,0.5596842105263159,0.2105,0.38509210526315796
M10790,0.0001,5.5e-06,-0.25,0.0,0.08,0.029337,0.1999,nSEG,2,LIDAR,-0.010336999999999999,0.00010000000000001674,0.5440526315789473,0.0005000000000000837,0.2722763157894737
M10791,0.0001,5.5e-06,-0.25,0.25,0.03,0.029892,0.1162,nSEG,2,LIDAR,-0.010891999999999999,0.08380000000000001,0.5732631578947368,0.41900000000000004,0.4961315789473684
M10792,0.0001,5.5e-06,-0.25,0.25,0.035,0.029827,0.1253,nSEG,2,LIDAR,-0.010827,0.07470000000000002,0.5698421052631579,0.37350000000000005,0.471671052631579
M10793,0.0001,5.5e-06,-0.25,0.25,0.04,0.029766,0.1337,nSEG,2,LIDAR,-0.010766000000000001,0.0663,0.5666315789473685,0.33149999999999996,0.44906578947368425
M10794,0.0001,5.5e-06,-0.25,0.25,0.05,0.029653,0.1493,nSEG,2,LIDAR,-0.010653,0.05070000000000002,0.5606842105263158,0.2535000000000001,0.407092105263158
M10795,0.0001,5.5e-06,-0.25,0.25,0.08,0.029361,0.1888,nSEG,2,LIDAR,-0.010361000000000002,0.011200000000000015,0.5453157894736843,0.05600000000000008,0.3006578947368422
M10796,0.0001,5.5e-06,-0.25,0.5,0.03,0.029903,0.1112,nSEG,2,LIDAR,-0.010903,0.08880000000000002,0.5738421052631579,0.44400000000000006,0.508921052631579
M10797,0.0001,5.5e-06,-0.25,0.5,0.035,0.029839,0.1198,nSEG,2,LIDAR,-0.010839000000000001,0.08020000000000001,0.5704736842105264,0.401,0.4857368421052632
M10798,0.0001,5.5e-06,-0.25,0.5,0.04,0.029779,0.1278,nSEG,2,LIDAR,-0.010779,0.07220000000000001,0.5673157894736842,0.36100000000000004,0.4641578947368421
M10799,0.0001,5.5e-06,-0.25,0.5,0.05,0.029667,0.1426,nSEG,2,LIDAR,-0.010667,0.05740000000000001,0.5614210526315789,0.28700000000000003,0.4242105263157895
M10800,0.0001,5.5e-06,-0.25,0.5,0.08,0.02938,0.1802,nSEG,2,LIDAR,-0.01038,0.019800000000000012,0.5463157894736842,0.09900000000000006,0.32265789473684214
M10801,0.0001,5.5e-06,0.0,-0.5,0.03,0.029869,0.1459,nSEG,2,LIDAR,-0.010869,0.05410000000000001,0.5720526315789474,0.2705,0.42127631578947367
M10802,0.0001,5.5e-06,0.0,-0.5,0.035,0.029801,0.1575,nSEG,2,LIDAR,-0.010801000000000002,0.04250000000000001,0.5684736842105265,0.21250000000000005,0.39048684210526324
M10803,0.0001,5.5e-06,0.0,-0.5,0.04,0.029739,0.1685,nSEG,2,LIDAR,-0.010739000000000002,0.0315,0.5652105263157896,0.1575,0.3613552631578948
M10804,0.0001,5.5e-06,0.0,-0.5,0.05,0.029622,0.1885,nSEG,2,LIDAR,-0.010622,0.01150000000000001,0.5590526315789474,0.05750000000000005,0.3082763157894737
M10805,0.0001,5.5e-06,0.0,-0.5,0.08,0.029322,0.2394,nSEG,2,LIDAR,-0.010322000000000001,-0.03939999999999999,0.5432631578947369,0.19699999999999995,0.3701315789473684
M10806,0.0001,5.5e-06,0.0,-0.25,0.03,0.029898,0.1319,nSEG,2,LIDAR,-0.010898000000000001,0.06810000000000002,0.5735789473684212,0.3405000000000001,0.4570394736842106
M10807,0.0001,5.5e-06,0.0,-0.25,0.035,0.029834,0.1423,nSEG,2,LIDAR,-0.010834,0.0577,0.5702105263157895,0.2885,0.42935526315789474
M10808,0.0001,5.5e-06,0.0,-0.25,0.04,0.029774,0.152,nSEG,2,LIDAR,-0.010773999999999999,0.048000000000000015,0.5670526315789474,0.24000000000000007,0.40352631578947373
M10809,0.0001,5.5e-06,0.0,-0.25,0.05,0.029662,0.17,nSEG,2,LIDAR,-0.010662000000000001,0.03,0.5611578947368422,0.15,0.3555789473684211
M10810,0.0001,5.5e-06,0.0,-0.25,0.08,0.029373,0.2156,nSEG,2,LIDAR,-0.010373,-0.015600000000000003,0.5459473684210526,0.07800000000000001,0.3119736842105263
M10811,0.0001,5.5e-06,0.0,0.0,0.03,0.029917,0.1228,nSEG,2,LIDAR,-0.010917,0.0772,0.5745789473684211,0.386,0.48028947368421054
M10812,0.0001,5.5e-06,0.0,0.0,0.035,0.029855,0.1324,nSEG,2,LIDAR,-0.010855,0.06760000000000002,0.5713157894736842,0.3380000000000001,0.45465789473684215
M10813,0.0001,5.5e-06,0.0,0.0,0.04,0.029796,0.1415,nSEG,2,LIDAR,-0.010796,0.058500000000000024,0.5682105263157895,0.2925000000000001,0.4303552631578948
M10814,0.0001,5.5e-06,0.0,0.0,0.05,0.029687,0.158,nSEG,2,LIDAR,-0.010687000000000002,0.04200000000000001,0.5624736842105265,0.21000000000000005,0.38623684210526327
M10815,0.0001,5.5e-06,0.0,0.0,0.08,0.029406,0.2002,nSEG,2,LIDAR,-0.010406000000000002,-0.00019999999999997797,0.5476842105263159,0.0009999999999998899,0.2743421052631579
M10816,0.0001,5.5e-06,0.0,0.25,0.03,0.029931,0.1163,nSEG,2,LIDAR,-0.010931,0.08370000000000001,0.5753157894736842,0.41850000000000004,0.49690789473684216
M10817,0.0001,5.5e-06,0.0,0.25,0.035,0.02987,0.1253,nSEG,2,LIDAR,-0.010870000000000001,0.07470000000000002,0.5721052631578948,0.37350000000000005,0.4728026315789474
M10818,0.0001,5.5e-06,0.0,0.25,0.04,0.029812,0.1338,nSEG,2,LIDAR,-0.010812000000000002,0.06620000000000001,0.5690526315789475,0.331,0.4500263157894737
M10819,0.0001,5.5e-06,0.0,0.25,0.05,0.029706,0.1494,nSEG,2,LIDAR,-0.010706,0.050600000000000006,0.5634736842105263,0.253,0.4082368421052632
M10820,0.0001,5.5e-06,0.0,0.25,0.08,0.02943,0.1891,nSEG,2,LIDAR,-0.010430000000000002,0.01090000000000002,0.5489473684210527,0.054500000000000104,0.3017236842105264
M10821,0.0001,5.5e-06,0.0,0.5,0.03,0.029942,0.1113,nSEG,2,LIDAR,-0.010942,0.08870000000000001,0.5758947368421053,0.44350000000000006,0.5096973684210527
M10822,0.0001,5.5e-06,0.0,0.5,0.035,0.029882,0.1199,nSEG,2,LIDAR,-0.010882,0.0801,0.5727368421052631,0.4005,0.48661842105263153
M10823,0.0001,5.5e-06,0.0,0.5,0.04,0.029825,0.1279,nSEG,2,LIDAR,-0.010825000000000001,0.0721,0.5697368421052632,0.3605,0.46511842105263157
M10824,0.0001,5.5e-06,0.0,0.5,0.05,0.02972,0.1427,nSEG,2,LIDAR,-0.01072,0.05730000000000002,0.5642105263157895,0.2865000000000001,0.4253552631578948
M10825,0.0001,5.5e-06,0.0,0.5,0.08,0.029449,0.1804,nSEG,2,LIDAR,-0.010449,0.019600000000000006,0.5499473684210526,0.09800000000000003,0.3239736842105263
M10826,0.0001,5.5e-06,0.25,-0.5,0.03,0.029897,0.146,nSEG,2,LIDAR,-0.010897,0.05400000000000002,0.5735263157894738,0.2700000000000001,0.42176315789473695
M10827,0.0001,5.5e-06,0.25,-0.5,0.035,0.029832,0.1576,nSEG,2,LIDAR,-0.010832000000000001,0.04240000000000002,0.5701052631578948,0.2120000000000001,0.39105263157894743
M10828,0.0001,5.5e-06,0.25,-0.5,0.04,0.029772,0.1686,nSEG,2,LIDAR,-0.010772,0.03140000000000001,0.5669473684210526,0.15700000000000006,0.36197368421052634
M10829,0.0001,5.5e-06,0.25,-0.5,0.05,0.02966,0.1887,nSEG,2,LIDAR,-0.01066,0.011300000000000004,0.5610526315789474,0.05650000000000002,0.3087763157894737
M10830,0.0001,5.5e-06,0.25,-0.5,0.08,0.029371,0.2396,nSEG,2,LIDAR,-0.010371000000000002,-0.039599999999999996,0.545842105263158,0.19799999999999998,0.371921052631579
M10831,0.0001,5.5e-06,0.25,-0.25,0.03,0.029926,0.1319,nSEG,2,LIDAR,-0.010926000000000002,0.06810000000000002,0.5750526315789475,0.3405000000000001,0.45777631578947375
M10832,0.0001,5.5e-06,0.25,-0.25,0.035,0.029865,0.1424,nSEG,2,LIDAR,-0.010865,0.05760000000000001,0.5718421052631579,0.28800000000000003,0.429921052631579
M10833,0.0001,5.5e-06,0.25,-0.25,0.04,0.029807,0.1521,nSEG,2,LIDAR,-0.010807,0.0479,0.5687894736842106,0.2395,0.4041447368421053
M10834,0.0001,5.5e-06,0.25,-0.25,0.05,0.0297,0.1701,nSEG,2,LIDAR,-0.010700000000000001,0.02990000000000001,0.5631578947368422,0.14950000000000005,0.35632894736842113
M10835,0.0001,5.5e-06,0.25,-0.25,0.08,0.029422,0.2158,nSEG,2,LIDAR,-0.010422,-0.01579999999999998,0.5485263157894738,0.0789999999999999,0.31376315789473685
M10836,0.0001,5.5e-06,0.25,0.0,0.03,0.029945,0.1229,nSEG,2,LIDAR,-0.010945,0.07710000000000002,0.5760526315789474,0.38550000000000006,0.4807763157894737
M10837,0.0001,5.5e-06,0.25,0.0,0.035,0.029886,0.1325,nSEG,2,LIDAR,-0.010886,0.0675,0.5729473684210526,0.3375,0.45522368421052634
M10838,0.0001,5.5e-06,0.25,0.0,0.04,0.029829,0.1415,nSEG,2,LIDAR,-0.010829000000000002,0.058500000000000024,0.5699473684210528,0.2925000000000001,0.4312236842105264
M10839,0.0001,5.5e-06,0.25,0.0,0.05,0.029725,0.1581,nSEG,2,LIDAR,-0.010725000000000002,0.04190000000000002,0.5644736842105265,0.2095000000000001,0.3869868421052633
M10840,0.0001,5.5e-06,0.25,0.0,0.08,0.029456,0.2004,nSEG,2,LIDAR,-0.010456,-0.0003999999999999837,0.5503157894736842,0.0019999999999999185,0.27615789473684205
M10841,0.0001,5.5e-06,0.25,0.25,0.03,0.029959,0.1164,nSEG,2,LIDAR,-0.010959,0.08360000000000001,0.5767894736842105,0.41800000000000004,0.4973947368421053
M10842,0.0001,5.5e-06,0.25,0.25,0.035,0.029901,0.1254,nSEG,2,LIDAR,-0.010901000000000001,0.0746,0.5737368421052632,0.373,0.4733684210526316
M10843,0.0001,5.5e-06,0.25,0.25,0.04,0.029846,0.1339,nSEG,2,LIDAR,-0.010846000000000001,0.06610000000000002,0.570842105263158,0.33050000000000007,0.450671052631579
M10844,0.0001,5.5e-06,0.25,0.25,0.05,0.029744,0.1495,nSEG,2,LIDAR,-0.010744,0.05050000000000002,0.5654736842105264,0.25250000000000006,0.4089868421052632
M10845,0.0001,5.5e-06,0.25,0.25,0.08,0.02948,0.1892,nSEG,2,LIDAR,-0.01048,0.010800000000000004,0.5515789473684211,0.05400000000000002,0.30278947368421055
M10846,0.0001,5.5e-06,0.25,0.5,0.03,0.02997,0.1113,nSEG,2,LIDAR,-0.01097,0.08870000000000001,0.5773684210526316,0.44350000000000006,0.5104342105263159
M10847,0.0001,5.5e-06,0.25,0.5,0.035,0.029912,0.1199,nSEG,2,LIDAR,-0.010912000000000002,0.0801,0.5743157894736843,0.4005,0.4874078947368422
M10848,0.0001,5.5e-06,0.25,0.5,0.04,0.029858,0.128,nSEG,2,LIDAR,-0.010858,0.07200000000000001,0.5714736842105264,0.36000000000000004,0.4657368421052632
M10849,0.0001,5.5e-06,0.25,0.5,0.05,0.029758,0.1428,nSEG,2,LIDAR,-0.010758,0.0572,0.5662105263157895,0.286,0.42610526315789476
M10850,0.0001,5.5e-06,0.25,0.5,0.08,0.029498,0.1806,nSEG,2,LIDAR,-0.010498,0.0194,0.5525263157894738,0.097,0.32476315789473686
M10851,0.0001,5.5e-06,0.5,-0.5,0.03,0.029918,0.146,nSEG,2,LIDAR,-0.010918,0.05400000000000002,0.5746315789473685,0.2700000000000001,0.4223157894736843
M10852,0.0001,5.5e-06,0.5,-0.5,0.035,0.029855,0.1577,nSEG,2,LIDAR,-0.010855,0.042300000000000004,0.5713157894736842,0.21150000000000002,0.3914078947368421
M10853,0.0001,5.5e-06,0.5,-0.5,0.04,0.029797,0.1686,nSEG,2,LIDAR,-0.010797000000000001,0.03140000000000001,0.5682631578947369,0.15700000000000006,0.36263157894736847
M10854,0.0001,5.5e-06,0.5,-0.5,0.05,0.029689,0.1888,nSEG,2,LIDAR,-0.010689,0.011200000000000015,0.5625789473684211,0.05600000000000008,0.30928947368421056
M10855,0.0001,5.5e-06,0.5,-0.5,0.08,0.029409,0.2398,nSEG,2,LIDAR,-0.010409000000000002,-0.0398,0.547842105263158,0.199,0.373421052631579
M10856,0.0001,5.5e-06,0.5,-0.25,0.03,0.029948,0.132,nSEG,2,LIDAR,-0.010948,0.068,0.5762105263157895,0.34,0.4581052631578948
M10857,0.0001,5.5e-06,0.5,-0.25,0.035,0.029888,0.1424,nSEG,2,LIDAR,-0.010888000000000002,0.05760000000000001,0.5730526315789475,0.28800000000000003,0.43052631578947376
M10858,0.0001,5.5e-06,0.5,-0.25,0.04,0.029833,0.1522,nSEG,2,LIDAR,-0.010832999999999999,0.04780000000000001,0.5701578947368421,0.23900000000000005,0.40457894736842104
M10859,0.0001,5.5e-06,0.5,-0.25,0.05,0.029729,0.1702,nSEG,2,LIDAR,-0.010728999999999999,0.02980000000000002,0.5646842105263158,0.1490000000000001,0.35684210526315796
M10860,0.0001,5.5e-06,0.5,-0.25,0.08,0.029461,0.2159,nSEG,2,LIDAR,-0.010461000000000002,-0.015899999999999997,0.5505789473684212,0.07949999999999999,0.3150394736842106
M10861,0.0001,5.5e-06,0.5,0.0,0.03,0.029967,0.1229,nSEG,2,LIDAR,-0.010967000000000001,0.07710000000000002,0.5772105263157895,0.38550000000000006,0.4813552631578948
M10862,0.0001,5.5e-06,0.5,0.0,0.035,0.029909,0.1326,nSEG,2,LIDAR,-0.010909000000000002,0.06740000000000002,0.5741578947368422,0.3370000000000001,0.45557894736842114
M10863,0.0001,5.5e-06,0.5,0.0,0.04,0.029855,0.1416,nSEG,2,LIDAR,-0.010855,0.05840000000000001,0.5713157894736842,0.29200000000000004,0.43165789473684213
M10864,0.0001,5.5e-06,0.5,0.0,0.05,0.029754,0.1582,nSEG,2,LIDAR,-0.010754,0.041800000000000004,0.566,0.20900000000000002,0.38749999999999996
M10865,0.0001,5.5e-06,0.5,0.0,0.08,0.029494,0.2005,nSEG,2,LIDAR,-0.010494,-0.0005000000000000004,0.5523157894736842,0.0025000000000000022,0.27740789473684213
M10866,0.0001,5.5e-06,0.5,0.25,0.03,0.029981,0.1164,nSEG,2,LIDAR,-0.010981000000000001,0.08360000000000001,0.5779473684210527,0.41800000000000004,0.49797368421052635
M10867,0.0001,5.5e-06,0.5,0.25,0.035,0.029924,0.1255,nSEG,2,LIDAR,-0.010924,0.07450000000000001,0.5749473684210527,0.37250000000000005,0.47372368421052635
M10868,0.0001,5.5e-06,0.5,0.25,0.04,0.029871,0.1339,nSEG,2,LIDAR,-0.010871000000000002,0.06610000000000002,0.5721578947368422,0.33050000000000007,0.4513289473684211
M10869,0.0001,5.5e-06,0.5,0.25,0.05,0.029773,0.1496,nSEG,2,LIDAR,-0.010773000000000001,0.0504,0.5670000000000001,0.252,0.40950000000000003
M10870,0.0001,5.5e-06,0.5,0.25,0.08,0.029518,0.1893,nSEG,2,LIDAR,-0.010518,0.010700000000000015,0.5535789473684211,0.053500000000000075,0.3035394736842106
M10871,0.0001,5.5e-06,0.5,0.5,0.03,0.029991,0.1114,nSEG,2,LIDAR,-0.010991,0.08860000000000001,0.5784736842105264,0.44300000000000006,0.5107368421052632
M10872,0.0001,5.5e-06,0.5,0.5,0.035,0.029936,0.12,nSEG,2,LIDAR,-0.010936000000000001,0.08000000000000002,0.5755789473684211,0.4000000000000001,0.48778947368421055
M10873,0.0001,5.5e-06,0.5,0.5,0.04,0.029884,0.128,nSEG,2,LIDAR,-0.010884000000000001,0.07200000000000001,0.5728421052631579,0.36000000000000004,0.46642105263157896
M10874,0.0001,5.5e-06,0.5,0.5,0.05,0.029787,0.1429,nSEG,2,LIDAR,-0.010787000000000001,0.05710000000000001,0.5677368421052632,0.28550000000000003,0.4266184210526316
M10875,0.0001,5.5e-06,0.5,0.5,0.08,0.029537,0.1807,nSEG,2,LIDAR,-0.010537000000000001,0.01930000000000001,0.5545789473684212,0.09650000000000006,0.3255394736842106
M10876,0.0001,1e-05,-0.5,-0.5,0.03,0.034198,0.1562,nSEG,2,LIDAR,-0.015198,0.043800000000000006,0.7998947368421052,0.21900000000000003,0.5094473684210526
M10877,0.0001,1e-05,-0.5,-0.5,0.035,0.034107,0.1688,nSEG,2,LIDAR,-0.015106999999999999,0.031200000000000006,0.7951052631578946,0.15600000000000003,0.47555263157894734
M10878,0.0001,1e-05,-0.5,-0.5,0.04,0.03402,0.1805,nSEG,2,LIDAR,-0.015020000000000002,0.019500000000000017,0.7905263157894739,0.09750000000000009,0.44401315789473694
M10879,0.0001,1e-05,-0.5,-0.5,0.05,0.033859,0.202,nSEG,2,LIDAR,-0.014859,-0.0020000000000000018,0.7820526315789474,0.010000000000000009,0.3960263157894737
M10880,0.0001,1e-05,-0.5,-0.5,0.08,0.033446,0.2564,nSEG,2,LIDAR,-0.014445999999999997,-0.056400000000000006,0.7603157894736841,0.28200000000000003,0.521157894736842
M10881,0.0001,1e-05,-0.5,-0.25,0.03,0.034248,0.1411,nSEG,2,LIDAR,-0.015248000000000001,0.05890000000000001,0.8025263157894738,0.29450000000000004,0.5485131578947369
M10882,0.0001,1e-05,-0.5,-0.25,0.035,0.034161,0.1523,nSEG,2,LIDAR,-0.015160999999999997,0.04770000000000002,0.7979473684210525,0.2385000000000001,0.5182236842105263
M10883,0.0001,1e-05,-0.5,-0.25,0.04,0.03408,0.1628,nSEG,2,LIDAR,-0.01508,0.03720000000000001,0.7936842105263158,0.18600000000000005,0.4898421052631579
M10884,0.0001,1e-05,-0.5,-0.25,0.05,0.033927,0.1821,nSEG,2,LIDAR,-0.014927,0.0179,0.7856315789473685,0.0895,0.43756578947368424
M10885,0.0001,1e-05,-0.5,-0.25,0.08,0.033534,0.231,nSEG,2,LIDAR,-0.014534000000000002,-0.031,0.7649473684210527,0.155,0.45997368421052637
M10886,0.0001,1e-05,-0.5,0.0,0.03,0.034281,0.1314,nSEG,2,LIDAR,-0.015281,0.06860000000000002,0.8042631578947368,0.3430000000000001,0.5736315789473685
M10887,0.0001,1e-05,-0.5,0.0,0.035,0.034197,0.1417,nSEG,2,LIDAR,-0.015196999999999999,0.05830000000000002,0.7998421052631578,0.2915000000000001,0.5456710526315789
M10888,0.0001,1e-05,-0.5,0.0,0.04,0.034117,0.1514,nSEG,2,LIDAR,-0.015117000000000002,0.048600000000000004,0.7956315789473686,0.24300000000000002,0.5193157894736843
M10889,0.0001,1e-05,-0.5,0.0,0.05,0.033971,0.1693,nSEG,2,LIDAR,-0.014971000000000002,0.030700000000000005,0.7879473684210527,0.15350000000000003,0.47072368421052635
M10890,0.0001,1e-05,-0.5,0.0,0.08,0.033591,0.2145,nSEG,2,LIDAR,-0.014591000000000003,-0.014499999999999985,0.7679473684210528,0.07249999999999993,0.42022368421052636
M10891,0.0001,1e-05,-0.5,0.25,0.03,0.034304,0.1244,nSEG,2,LIDAR,-0.015304000000000002,0.07560000000000001,0.8054736842105265,0.37800000000000006,0.5917368421052632
M10892,0.0001,1e-05,-0.5,0.25,0.035,0.034222,0.1341,nSEG,2,LIDAR,-0.015222000000000003,0.06590000000000001,0.8011578947368423,0.32950000000000007,0.5653289473684212
M10893,0.0001,1e-05,-0.5,0.25,0.04,0.034145,0.1432,nSEG,2,LIDAR,-0.015145000000000002,0.05680000000000002,0.7971052631578949,0.2840000000000001,0.5405526315789475
M10894,0.0001,1e-05,-0.5,0.25,0.05,0.034002,0.16,nSEG,2,LIDAR,-0.015001999999999998,0.04000000000000001,0.7895789473684209,0.20000000000000004,0.4947894736842105
M10895,0.0001,1e-05,-0.5,0.25,0.08,0.033632,0.2025,nSEG,2,LIDAR,-0.014632000000000003,-0.0025000000000000022,0.7701052631578948,0.012500000000000011,0.3913026315789474
M10896,0.0001,1e-05,-0.5,0.5,0.03,0.034322,0.1189,nSEG,2,LIDAR,-0.015321999999999999,0.0811,0.8064210526315789,0.4055,0.6059605263157894
M10897,0.0001,1e-05,-0.5,0.5,0.035,0.034242,0.1282,nSEG,2,LIDAR,-0.015242000000000002,0.0718,0.8022105263157896,0.359,0.5806052631578948
M10898,0.0001,1e-05,-0.5,0.5,0.04,0.034166,0.1369,nSEG,2,LIDAR,-0.015166000000000002,0.06310000000000002,0.7982105263157896,0.31550000000000006,0.5568552631578948
M10899,0.0001,1e-05,-0.5,0.5,0.05,0.034026,0.1528,nSEG,2,LIDAR,-0.015026000000000001,0.04720000000000002,0.790842105263158,0.2360000000000001,0.513421052631579
M10900,0.0001,1e-05,-0.5,0.5,0.08,0.033664,0.1933,nSEG,2,LIDAR,-0.014664,0.0067000000000000115,0.7717894736842106,0.03350000000000006,0.40264473684210533
M10901,0.0001,1e-05,-0.25,-0.5,0.03,0.034257,0.1564,nSEG,2,LIDAR,-0.015257000000000003,0.0436,0.8030000000000002,0.218,0.5105000000000001
M10902,0.0001,1e-05,-0.25,-0.5,0.035,0.034171,0.1689,nSEG,2,LIDAR,-0.015171,0.031100000000000017,0.7984736842105263,0.15550000000000008,0.4769868421052632
M10903,0.0001,1e-05,-0.25,-0.5,0.04,0.03409,0.1807,nSEG,2,LIDAR,-0.015090000000000003,0.01930000000000001,0.7942105263157896,0.09650000000000006,0.4453552631578948
M10904,0.0001,1e-05,-0.25,-0.5,0.05,0.033938,0.2023,nSEG,2,LIDAR,-0.014938000000000003,-0.0022999999999999965,0.7862105263157897,0.011499999999999982,0.3988552631578948
M10905,0.0001,1e-05,-0.25,-0.5,0.08,0.03355,0.2568,nSEG,2,LIDAR,-0.014550000000000004,-0.05679999999999996,0.7657894736842108,0.2839999999999998,0.5248947368421053
M10906,0.0001,1e-05,-0.25,-0.25,0.03,0.034307,0.1412,nSEG,2,LIDAR,-0.015306999999999998,0.05880000000000002,0.8056315789473684,0.2940000000000001,0.5498157894736843
M10907,0.0001,1e-05,-0.25,-0.25,0.035,0.034226,0.1525,nSEG,2,LIDAR,-0.015226,0.047500000000000014,0.8013684210526316,0.23750000000000007,0.5194342105263159
M10908,0.0001,1e-05,-0.25,-0.25,0.04,0.034149,0.163,nSEG,2,LIDAR,-0.015149,0.037000000000000005,0.7973157894736842,0.18500000000000003,0.4911578947368421
M10909,0.0001,1e-05,-0.25,-0.25,0.05,0.034006,0.1823,nSEG,2,LIDAR,-0.015006000000000002,0.01770000000000002,0.7897894736842106,0.0885000000000001,0.43914473684210537
M10910,0.0001,1e-05,-0.25,-0.25,0.08,0.033638,0.2314,nSEG,2,LIDAR,-0.014638000000000002,-0.031399999999999983,0.770421052631579,0.15699999999999992,0.46371052631578946
M10911,0.0001,1e-05,-0.25,0.0,0.03,0.034339,0.1315,nSEG,2,LIDAR,-0.015339000000000002,0.0685,0.8073157894736843,0.3425,0.5749078947368422
M10912,0.0001,1e-05,-0.25,0.0,0.035,0.034261,0.1419,nSEG,2,LIDAR,-0.015261,0.05810000000000001,0.8032105263157895,0.29050000000000004,0.5468552631578948
M10913,0.0001,1e-05,-0.25,0.0,0.04,0.034187,0.1516,nSEG,2,LIDAR,-0.015187000000000003,0.0484,0.7993157894736843,0.242,0.5206578947368421
M10914,0.0001,1e-05,-0.25,0.0,0.05,0.03405,0.1695,nSEG,2,LIDAR,-0.015049999999999997,0.0305,0.7921052631578946,0.1525,0.4723026315789473
M10915,0.0001,1e-05,-0.25,0.0,0.08,0.033695,0.2148,nSEG,2,LIDAR,-0.014695000000000003,-0.01479999999999998,0.7734210526315791,0.0739999999999999,0.42371052631578954
M10916,0.0001,1e-05,-0.25,0.25,0.03,0.034363,0.1245,nSEG,2,LIDAR,-0.015362999999999998,0.07550000000000001,0.808578947368421,0.37750000000000006,0.5930394736842105
M10917,0.0001,1e-05,-0.25,0.25,0.035,0.034286,0.1342,nSEG,2,LIDAR,-0.015285999999999998,0.0658,0.8045263157894735,0.32899999999999996,0.5667631578947367
M10918,0.0001,1e-05,-0.25,0.25,0.04,0.034214,0.1434,nSEG,2,LIDAR,-0.015214000000000002,0.05660000000000001,0.8007368421052633,0.28300000000000003,0.5418684210526317
M10919,0.0001,1e-05,-0.25,0.25,0.05,0.034081,0.1602,nSEG,2,LIDAR,-0.015081,0.0398,0.7937368421052632,0.199,0.49636842105263157
M10920,0.0001,1e-05,-0.25,0.25,0.08,0.033736,0.2029,nSEG,2,LIDAR,-0.014736000000000003,-0.002899999999999986,0.7755789473684213,0.01449999999999993,0.3950394736842106
M10921,0.0001,1e-05,-0.25,0.5,0.03,0.034381,0.119,nSEG,2,LIDAR,-0.015381000000000002,0.08100000000000002,0.8095263157894739,0.4050000000000001,0.607263157894737
M10922,0.0001,1e-05,-0.25,0.5,0.035,0.034306,0.1283,nSEG,2,LIDAR,-0.015306000000000004,0.07170000000000001,0.8055789473684213,0.35850000000000004,0.5820394736842107
M10923,0.0001,1e-05,-0.25,0.5,0.04,0.034235,0.137,nSEG,2,LIDAR,-0.015235000000000002,0.063,0.801842105263158,0.315,0.558421052631579
M10924,0.0001,1e-05,-0.25,0.5,0.05,0.034105,0.153,nSEG,2,LIDAR,-0.015105000000000004,0.047000000000000014,0.7950000000000003,0.23500000000000007,0.5150000000000001
M10925,0.0001,1e-05,-0.25,0.5,0.08,0.033767,0.1936,nSEG,2,LIDAR,-0.014766999999999999,0.006400000000000017,0.7772105263157895,0.032000000000000084,0.4046052631578948
M10926,0.0001,1e-05,0.0,-0.5,0.03,0.034295,0.1564,nSEG,2,LIDAR,-0.015295,0.0436,0.805,0.218,0.5115000000000001
M10927,0.0001,1e-05,0.0,-0.5,0.035,0.034212,0.169,nSEG,2,LIDAR,-0.015212,0.031,0.8006315789473685,0.155,0.47781578947368425
M10928,0.0001,1e-05,0.0,-0.5,0.04,0.034134,0.1808,nSEG,2,LIDAR,-0.015133999999999998,0.019200000000000023,0.7965263157894736,0.09600000000000011,0.44626315789473686
M10929,0.0001,1e-05,0.0,-0.5,0.05,0.033989,0.2024,nSEG,2,LIDAR,-0.014988999999999999,-0.0023999999999999855,0.7888947368421052,0.011999999999999927,0.40044736842105255
M10930,0.0001,1e-05,0.0,-0.5,0.08,0.033616,0.2571,nSEG,2,LIDAR,-0.014616,-0.057099999999999984,0.7692631578947369,0.2854999999999999,0.5273815789473684
M10931,0.0001,1e-05,0.0,-0.25,0.03,0.034345,0.1413,nSEG,2,LIDAR,-0.015345000000000001,0.0587,0.8076315789473685,0.2935,0.5505657894736842
M10932,0.0001,1e-05,0.0,-0.25,0.035,0.034267,0.1526,nSEG,2,LIDAR,-0.015267,0.0474,0.8035263157894736,0.237,0.5202631578947368
M10933,0.0001,1e-05,0.0,-0.25,0.04,0.034193,0.1631,nSEG,2,LIDAR,-0.015193000000000002,0.036900000000000016,0.7996315789473686,0.18450000000000008,0.49206578947368435
M10934,0.0001,1e-05,0.0,-0.25,0.05,0.034057,0.1825,nSEG,2,LIDAR,-0.015056999999999997,0.017500000000000016,0.7924736842105262,0.08750000000000008,0.4399868421052632
M10935,0.0001,1e-05,0.0,-0.25,0.08,0.033704,0.2316,nSEG,2,LIDAR,-0.014703999999999998,-0.03159999999999999,0.7738947368421052,0.15799999999999995,0.46594736842105255
M10936,0.0001,1e-05,0.0,0.0,0.03,0.034377,0.1316,nSEG,2,LIDAR,-0.015376999999999998,0.06840000000000002,0.8093157894736841,0.3420000000000001,0.575657894736842
M10937,0.0001,1e-05,0.0,0.0,0.035,0.034302,0.142,nSEG,2,LIDAR,-0.015302,0.058000000000000024,0.8053684210526316,0.2900000000000001,0.5476842105263159
M10938,0.0001,1e-05,0.0,0.0,0.04,0.034231,0.1517,nSEG,2,LIDAR,-0.015230999999999998,0.04830000000000001,0.8016315789473684,0.24150000000000005,0.5215657894736843
M10939,0.0001,1e-05,0.0,0.0,0.05,0.034101,0.1696,nSEG,2,LIDAR,-0.015101,0.03040000000000001,0.7947894736842105,0.15200000000000005,0.47339473684210526
M10940,0.0001,1e-05,0.0,0.0,0.08,0.033761,0.2151,nSEG,2,LIDAR,-0.014761,-0.015100000000000002,0.7768947368421053,0.07550000000000001,0.42619736842105266
M10941,0.0001,1e-05,0.0,0.25,0.03,0.0344,0.1245,nSEG,2,LIDAR,-0.0154,0.07550000000000001,0.8105263157894738,0.37750000000000006,0.594013157894737
M10942,0.0001,1e-05,0.0,0.25,0.035,0.034327,0.1343,nSEG,2,LIDAR,-0.015327000000000004,0.06570000000000001,0.806684210526316,0.3285,0.5675921052631581
M10943,0.0001,1e-05,0.0,0.25,0.04,0.034259,0.1434,nSEG,2,LIDAR,-0.015258999999999998,0.05660000000000001,0.8031052631578947,0.28300000000000003,0.5430526315789473
M10944,0.0001,1e-05,0.0,0.25,0.05,0.034132,0.1603,nSEG,2,LIDAR,-0.015132000000000003,0.03970000000000001,0.7964210526315791,0.19850000000000007,0.49746052631578963
M10945,0.0001,1e-05,0.0,0.25,0.08,0.033802,0.2031,nSEG,2,LIDAR,-0.014802,-0.0030999999999999917,0.7790526315789473,0.015499999999999958,0.39727631578947364
M10946,0.0001,1e-05,0.0,0.5,0.03,0.034419,0.1191,nSEG,2,LIDAR,-0.015418999999999999,0.08090000000000001,0.8115263157894737,0.4045,0.6080131578947369
M10947,0.0001,1e-05,0.0,0.5,0.035,0.034347,0.1284,nSEG,2,LIDAR,-0.015347000000000003,0.07160000000000002,0.8077368421052633,0.3580000000000001,0.5828684210526317
M10948,0.0001,1e-05,0.0,0.5,0.04,0.03428,0.1371,nSEG,2,LIDAR,-0.015279999999999998,0.06290000000000001,0.8042105263157894,0.31450000000000006,0.5593552631578947
M10949,0.0001,1e-05,0.0,0.5,0.05,0.034155,0.1531,nSEG,2,LIDAR,-0.015154999999999998,0.0469,0.7976315789473684,0.2345,0.5160657894736842
M10950,0.0001,1e-05,0.0,0.5,0.08,0.033834,0.1938,nSEG,2,LIDAR,-0.014834000000000003,0.006200000000000011,0.7807368421052634,0.031000000000000055,0.4058684210526317
M10951,0.0001,1e-05,0.25,-0.5,0.03,0.034322,0.1565,nSEG,2,LIDAR,-0.015321999999999999,0.04350000000000001,0.8064210526315789,0.21750000000000005,0.5119605263157895
M10952,0.0001,1e-05,0.25,-0.5,0.035,0.034242,0.1691,nSEG,2,LIDAR,-0.015242000000000002,0.03090000000000001,0.8022105263157896,0.15450000000000005,0.47835526315789484
M10953,0.0001,1e-05,0.25,-0.5,0.04,0.034166,0.1809,nSEG,2,LIDAR,-0.015166000000000002,0.019100000000000006,0.7982105263157896,0.09550000000000003,0.4468552631578948
M10954,0.0001,1e-05,0.25,-0.5,0.05,0.034025,0.2025,nSEG,2,LIDAR,-0.015025,-0.0025000000000000022,0.7907894736842106,0.012500000000000011,0.40164473684210533
M10955,0.0001,1e-05,0.25,-0.5,0.08,0.033664,0.2573,nSEG,2,LIDAR,-0.014664,-0.05729999999999996,0.7717894736842106,0.2864999999999998,0.5291447368421052
M10956,0.0001,1e-05,0.25,-0.25,0.03,0.034372,0.1414,nSEG,2,LIDAR,-0.015372,0.05860000000000001,0.8090526315789474,0.29300000000000004,0.5510263157894737
M10957,0.0001,1e-05,0.25,-0.25,0.035,0.034296,0.1526,nSEG,2,LIDAR,-0.015296,0.0474,0.8050526315789475,0.237,0.5210263157894737
M10958,0.0001,1e-05,0.25,-0.25,0.04,0.034225,0.1632,nSEG,2,LIDAR,-0.015224999999999999,0.0368,0.8013157894736842,0.184,0.4926578947368421
M10959,0.0001,1e-05,0.25,-0.25,0.05,0.034093,0.1826,nSEG,2,LIDAR,-0.015092999999999999,0.0174,0.7943684210526315,0.087,0.44068421052631573
M10960,0.0001,1e-05,0.25,-0.25,0.08,0.033752,0.2318,nSEG,2,LIDAR,-0.014751999999999998,-0.031799999999999995,0.7764210526315789,0.15899999999999997,0.46771052631578947
M10961,0.0001,1e-05,0.25,0.0,0.03,0.034404,0.1316,nSEG,2,LIDAR,-0.015403999999999998,0.06840000000000002,0.8107368421052631,0.3420000000000001,0.5763684210526316
M10962,0.0001,1e-05,0.25,0.0,0.035,0.034331,0.142,nSEG,2,LIDAR,-0.015331000000000001,0.058000000000000024,0.8068947368421053,0.2900000000000001,0.5484473684210527
M10963,0.0001,1e-05,0.25,0.0,0.04,0.034263,0.1518,nSEG,2,LIDAR,-0.015263000000000002,0.04820000000000002,0.8033157894736843,0.2410000000000001,0.5221578947368422
M10964,0.0001,1e-05,0.25,0.0,0.05,0.034137,0.1697,nSEG,2,LIDAR,-0.015137000000000001,0.03030000000000002,0.7966842105263159,0.1515000000000001,0.474092105263158
M10965,0.0001,1e-05,0.25,0.0,0.08,0.033809,0.2152,nSEG,2,LIDAR,-0.014809,-0.015199999999999991,0.7794210526315789,0.07599999999999996,0.42771052631578943
M10966,0.0001,1e-05,0.25,0.25,0.03,0.034427,0.1246,nSEG,2,LIDAR,-0.015427,0.07540000000000001,0.8119473684210526,0.377,0.5944736842105263
M10967,0.0001,1e-05,0.25,0.25,0.035,0.034357,0.1344,nSEG,2,LIDAR,-0.015356999999999999,0.06560000000000002,0.8082631578947368,0.32800000000000007,0.5681315789473684
M10968,0.0001,1e-05,0.25,0.25,0.04,0.034291,0.1435,nSEG,2,LIDAR,-0.015291000000000003,0.05650000000000002,0.8047894736842107,0.2825000000000001,0.5436447368421053
M10969,0.0001,1e-05,0.25,0.25,0.05,0.034168,0.1604,nSEG,2,LIDAR,-0.015167999999999997,0.039600000000000024,0.7983157894736841,0.19800000000000012,0.49815789473684213
M10970,0.0001,1e-05,0.25,0.25,0.08,0.03385,0.2032,nSEG,2,LIDAR,-0.014849999999999999,-0.0031999999999999806,0.781578947368421,0.015999999999999903,0.39878947368421047
M10971,0.0001,1e-05,0.25,0.5,0.03,0.034446,0.1192,nSEG,2,LIDAR,-0.015445999999999998,0.08080000000000001,0.8129473684210525,0.404,0.6084736842105263
M10972,0.0001,1e-05,0.25,0.5,0.035,0.034377,0.1284,nSEG,2,LIDAR,-0.015376999999999998,0.07160000000000002,0.8093157894736841,0.3580000000000001,0.583657894736842
M10973,0.0001,1e-05,0.25,0.5,0.04,0.034312,0.1371,nSEG,2,LIDAR,-0.015312000000000003,0.06290000000000001,0.8058947368421054,0.31450000000000006,0.5601973684210527
M10974,0.0001,1e-05,0.25,0.5,0.05,0.034192,0.1532,nSEG,2,LIDAR,-0.015192,0.04680000000000001,0.7995789473684211,0.23400000000000004,0.5167894736842106
M10975,0.0001,1e-05,0.25,0.5,0.08,0.033882,0.194,nSEG,2,LIDAR,-0.014882000000000003,0.006000000000000005,0.783263157894737,0.030000000000000027,0.4066315789473685
M10976,0.0001,1e-05,0.5,-0.5,0.03,0.034342,0.1565,nSEG,2,LIDAR,-0.015341999999999998,0.04350000000000001,0.8074736842105262,0.21750000000000005,0.5124868421052632
M10977,0.0001,1e-05,0.5,-0.5,0.035,0.034265,0.1691,nSEG,2,LIDAR,-0.015264999999999997,0.03090000000000001,0.8034210526315788,0.15450000000000005,0.47896052631578945
M10978,0.0001,1e-05,0.5,-0.5,0.04,0.034191,0.1809,nSEG,2,LIDAR,-0.015191,0.019100000000000006,0.7995263157894736,0.09550000000000003,0.44751315789473683
M10979,0.0001,1e-05,0.5,-0.5,0.05,0.034053,0.2026,nSEG,2,LIDAR,-0.015053,-0.002599999999999991,0.7922631578947369,0.012999999999999956,0.40263157894736845
M10980,0.0001,1e-05,0.5,-0.5,0.08,0.033701,0.2574,nSEG,2,LIDAR,-0.014701000000000002,-0.05740000000000001,0.7737368421052633,0.28700000000000003,0.5303684210526316
M10981,0.0001,1e-05,0.5,-0.25,0.03,0.034392,0.1414,nSEG,2,LIDAR,-0.015392,0.05860000000000001,0.8101052631578948,0.29300000000000004,0.5515526315789474
M10982,0.0001,1e-05,0.5,-0.25,0.035,0.034319,0.1527,nSEG,2,LIDAR,-0.015319000000000003,0.04730000000000001,0.806263157894737,0.23650000000000004,0.5213815789473686
M10983,0.0001,1e-05,0.5,-0.25,0.04,0.03425,0.1632,nSEG,2,LIDAR,-0.015250000000000003,0.0368,0.8026315789473686,0.184,0.49331578947368426
M10984,0.0001,1e-05,0.5,-0.25,0.05,0.034121,0.1827,nSEG,2,LIDAR,-0.015120999999999999,0.01730000000000001,0.7958421052631579,0.08650000000000005,0.44117105263157896
M10985,0.0001,1e-05,0.5,-0.25,0.08,0.033789,0.2319,nSEG,2,LIDAR,-0.014789,-0.031899999999999984,0.7783684210526316,0.15949999999999992,0.4689342105263158
M10986,0.0001,1e-05,0.5,0.0,0.03,0.034425,0.1317,nSEG,2,LIDAR,-0.015424999999999998,0.0683,0.8118421052631578,0.34149999999999997,0.5766710526315789
M10987,0.0001,1e-05,0.5,0.0,0.035,0.034354,0.1421,nSEG,2,LIDAR,-0.015354000000000003,0.05790000000000001,0.8081052631578949,0.28950000000000004,0.5488026315789475
M10988,0.0001,1e-05,0.5,0.0,0.04,0.034288,0.1518,nSEG,2,LIDAR,-0.015288,0.04820000000000002,0.8046315789473684,0.2410000000000001,0.5228157894736842
M10989,0.0001,1e-05,0.5,0.0,0.05,0.034165,0.1698,nSEG,2,LIDAR,-0.015165000000000001,0.030200000000000005,0.7981578947368422,0.15100000000000002,0.4745789473684211
M10990,0.0001,1e-05,0.5,0.0,0.08,0.033846,0.2153,nSEG,2,LIDAR,-0.014846000000000002,-0.01529999999999998,0.7813684210526317,0.0764999999999999,0.4289342105263158
M10991,0.0001,1e-05,0.5,0.25,0.03,0.034448,0.1246,nSEG,2,LIDAR,-0.015448,0.07540000000000001,0.8130526315789474,0.377,0.5950263157894737
M10992,0.0001,1e-05,0.5,0.25,0.035,0.03438,0.1344,nSEG,2,LIDAR,-0.015380000000000001,0.06560000000000002,0.8094736842105265,0.32800000000000007,0.5687368421052632
M10993,0.0001,1e-05,0.5,0.25,0.04,0.034315,0.1436,nSEG,2,LIDAR,-0.015314999999999999,0.056400000000000006,0.8060526315789474,0.28200000000000003,0.5440263157894737
M10994,0.0001,1e-05,0.5,0.25,0.05,0.034196,0.1605,nSEG,2,LIDAR,-0.015195999999999998,0.03950000000000001,0.7997894736842104,0.19750000000000004,0.4986447368421052
M10995,0.0001,1e-05,0.5,0.25,0.08,0.033887,0.2033,nSEG,2,LIDAR,-0.014887000000000001,-0.0032999999999999974,0.7835263157894737,0.016499999999999987,0.40001315789473685
M10996,0.0001,1e-05,0.5,0.5,0.03,0.034466,0.1192,nSEG,2,LIDAR,-0.015465999999999997,0.08080000000000001,0.8139999999999998,0.404,0.609
M10997,0.0001,1e-05,0.5,0.5,0.035,0.034399,0.1285,nSEG,2,LIDAR,-0.015399,0.07150000000000001,0.8104736842105263,0.35750000000000004,0.5839868421052632
M10998,0.0001,1e-05,0.5,0.5,0.04,0.034336,0.1372,nSEG,2,LIDAR,-0.015335999999999999,0.06280000000000002,0.8071578947368421,0.3140000000000001,0.5605789473684211
M10999,0.0001,1e-05,0.5,0.5,0.05,0.03422,0.1532,nSEG,2,LIDAR,-0.015220000000000001,0.04680000000000001,0.8010526315789475,0.23400000000000004,0.5175263157894737
M11000,0.0001,1e-05,0.5,0.5,0.08,0.033919,0.1941,nSEG,2,LIDAR,-0.014918999999999998,0.005900000000000016,0.7852105263157894,0.02950000000000008,0.4073552631578947
M11001,0.0001,5.5e-05,-0.5,-0.5,0.03,0.069197,0.2246,nSEG,2,LIDAR,-0.05019699999999999,-0.024599999999999983,2.6419473684210524,0.12299999999999991,1.382473684210526
M11002,0.0001,5.5e-05,-0.5,-0.5,0.035,0.069089,0.2432,nSEG,2,LIDAR,-0.050088999999999995,-0.04319999999999999,2.6362631578947364,0.21599999999999994,1.426131578947368
M11003,0.0001,5.5e-05,-0.5,-0.5,0.04,0.068989,0.2605,nSEG,2,LIDAR,-0.04998899999999999,-0.0605,2.631,0.3025,1.4667499999999998
M11004,0.0001,5.5e-05,-0.5,-0.5,0.05,0.068746,0.2922,nSEG,2,LIDAR,-0.049746,-0.0922,2.6182105263157895,0.461,1.5396052631578947
M11005,0.0001,5.5e-05,-0.5,-0.5,0.08,0.068191,0.3717,nSEG,2,LIDAR,-0.049191,-0.17169999999999996,2.589,0.8584999999999998,1.72375
M11006,0.0001,5.5e-05,-0.5,-0.25,0.03,0.069286,0.2022,nSEG,2,LIDAR,-0.050286,-0.0021999999999999797,2.6466315789473684,0.010999999999999899,1.3288157894736843
M11007,0.0001,5.5e-05,-0.5,-0.25,0.035,0.069182,0.2189,nSEG,2,LIDAR,-0.05018199999999999,-0.0189,2.6411578947368417,0.0945,1.3678289473684209
M11008,0.0001,5.5e-05,-0.5,-0.25,0.04,0.069086,0.2345,nSEG,2,LIDAR,-0.05008599999999999,-0.034499999999999975,2.6361052631578943,0.17249999999999988,1.404302631578947
M11009,0.0001,5.5e-05,-0.5,-0.25,0.05,0.068913,0.2632,nSEG,2,LIDAR,-0.049913,-0.06319999999999998,2.6270000000000002,0.3159999999999999,1.4715
M11010,0.0001,5.5e-05,-0.5,-0.25,0.08,0.06837,0.335,nSEG,2,LIDAR,-0.04937,-0.135,2.5984210526315787,0.675,1.6367105263157895
M11011,0.0001,5.5e-05,-0.5,0.0,0.03,0.069343,0.1878,nSEG,2,LIDAR,-0.050343,0.012200000000000016,2.6496315789473686,0.06100000000000008,1.3553157894736843
M11012,0.0001,5.5e-05,-0.5,0.0,0.035,0.069244,0.2032,nSEG,2,LIDAR,-0.050244,-0.0031999999999999806,2.644421052631579,0.015999999999999903,1.3302105263157895
M11013,0.0001,5.5e-05,-0.5,0.0,0.04,0.069151,0.2177,nSEG,2,LIDAR,-0.050151,-0.017699999999999994,2.6395263157894737,0.08849999999999997,1.3640131578947368
M11014,0.0001,5.5e-05,-0.5,0.0,0.05,0.068983,0.2443,nSEG,2,LIDAR,-0.049983,-0.04429999999999998,2.630684210526316,0.2214999999999999,1.4260921052631579
M11015,0.0001,5.5e-05,-0.5,0.0,0.08,0.06848,0.311,nSEG,2,LIDAR,-0.049479999999999996,-0.11099999999999999,2.6042105263157893,0.5549999999999999,1.5796052631578945
M11016,0.0001,5.5e-05,-0.5,0.25,0.03,0.069383,0.1774,nSEG,2,LIDAR,-0.050383,0.02260000000000001,2.651736842105263,0.11300000000000004,1.3823684210526315
M11017,0.0001,5.5e-05,-0.5,0.25,0.035,0.069289,0.1919,nSEG,2,LIDAR,-0.050289,0.008100000000000024,2.6467894736842106,0.04050000000000012,1.3436447368421054
M11018,0.0001,5.5e-05,-0.5,0.25,0.04,0.0692,0.2055,nSEG,2,LIDAR,-0.050199999999999995,-0.005499999999999977,2.6421052631578945,0.027499999999999886,1.3348026315789472
M11019,0.0001,5.5e-05,-0.5,0.25,0.05,0.069035,0.2305,nSEG,2,LIDAR,-0.050034999999999996,-0.0305,2.633421052631579,0.1525,1.3929605263157894
M11020,0.0001,5.5e-05,-0.5,0.25,0.08,0.068568,0.2936,nSEG,2,LIDAR,-0.049568,-0.09360000000000002,2.608842105263158,0.4680000000000001,1.538421052631579
M11021,0.0001,5.5e-05,-0.5,0.5,0.03,0.069412,0.1693,nSEG,2,LIDAR,-0.050412,0.030700000000000005,2.6532631578947368,0.15350000000000003,1.4033815789473685
M11022,0.0001,5.5e-05,-0.5,0.5,0.035,0.069324,0.1831,nSEG,2,LIDAR,-0.050323999999999994,0.0169,2.6486315789473682,0.08449999999999999,1.366565789473684
M11023,0.0001,5.5e-05,-0.5,0.5,0.04,0.069237,0.1961,nSEG,2,LIDAR,-0.050237000000000004,0.0039000000000000146,2.6440526315789477,0.019500000000000073,1.3317763157894738
M11024,0.0001,5.5e-05,-0.5,0.5,0.05,0.069076,0.2199,nSEG,2,LIDAR,-0.050075999999999996,-0.0199,2.635578947368421,0.0995,1.3675394736842104
M11025,0.0001,5.5e-05,-0.5,0.5,0.08,0.068629,0.2801,nSEG,2,LIDAR,-0.04962899999999999,-0.0801,2.612052631578947,0.4005,1.5062763157894736
M11026,0.0001,5.5e-05,-0.25,-0.5,0.03,0.069241,0.2246,nSEG,2,LIDAR,-0.050240999999999994,-0.024599999999999983,2.6442631578947364,0.12299999999999991,1.383631578947368
M11027,0.0001,5.5e-05,-0.25,-0.5,0.035,0.069138,0.2433,nSEG,2,LIDAR,-0.050138,-0.04329999999999998,2.638842105263158,0.2164999999999999,1.427671052631579
M11028,0.0001,5.5e-05,-0.25,-0.5,0.04,0.069042,0.2606,nSEG,2,LIDAR,-0.050042,-0.06059999999999999,2.6337894736842107,0.30299999999999994,1.4683947368421053
M11029,0.0001,5.5e-05,-0.25,-0.5,0.05,0.068806,0.2923,nSEG,2,LIDAR,-0.049806,-0.0923,2.621368421052632,0.46149999999999997,1.541434210526316
M11030,0.0001,5.5e-05,-0.25,-0.5,0.08,0.06827,0.3719,nSEG,2,LIDAR,-0.049269999999999994,-0.1719,2.5931578947368417,0.8594999999999999,1.7263289473684207
M11031,0.0001,5.5e-05,-0.25,-0.25,0.03,0.06933,0.2023,nSEG,2,LIDAR,-0.05033,-0.0022999999999999965,2.6489473684210525,0.011499999999999982,1.3302236842105262
M11032,0.0001,5.5e-05,-0.25,-0.25,0.035,0.06923,0.219,nSEG,2,LIDAR,-0.05023,-0.01899999999999999,2.643684210526316,0.09499999999999995,1.3693421052631578
M11033,0.0001,5.5e-05,-0.25,-0.25,0.04,0.069139,0.2346,nSEG,2,LIDAR,-0.050139,-0.03459999999999999,2.6388947368421056,0.17299999999999996,1.4059473684210528
M11034,0.0001,5.5e-05,-0.25,-0.25,0.05,0.068973,0.2633,nSEG,2,LIDAR,-0.049973000000000004,-0.06329999999999997,2.6301578947368425,0.31649999999999984,1.4733289473684212
M11035,0.0001,5.5e-05,-0.25,-0.25,0.08,0.068449,0.3352,nSEG,2,LIDAR,-0.04944899999999999,-0.1352,2.602578947368421,0.6759999999999999,1.6392894736842103
M11036,0.0001,5.5e-05,-0.25,0.0,0.03,0.069388,0.1879,nSEG,2,LIDAR,-0.050388,0.0121,2.652,0.0605,1.3562500000000002
M11037,0.0001,5.5e-05,-0.25,0.0,0.035,0.069293,0.2033,nSEG,2,LIDAR,-0.05029299999999999,-0.0032999999999999974,2.6469999999999994,0.016499999999999987,1.3317499999999998
M11038,0.0001,5.5e-05,-0.25,0.0,0.04,0.069204,0.2178,nSEG,2,LIDAR,-0.050204,-0.017799999999999983,2.642315789473684,0.08899999999999991,1.365657894736842
M11039,0.0001,5.5e-05,-0.25,0.0,0.05,0.069043,0.2444,nSEG,2,LIDAR,-0.05004299999999999,-0.044399999999999995,2.6338421052631573,0.22199999999999998,1.4279210526315786
M11040,0.0001,5.5e-05,-0.25,0.0,0.08,0.06856,0.3112,nSEG,2,LIDAR,-0.04955999999999999,-0.11119999999999997,2.6084210526315785,0.5559999999999998,1.582210526315789
M11041,0.0001,5.5e-05,-0.25,0.25,0.03,0.069427,0.1775,nSEG,2,LIDAR,-0.050427,0.02250000000000002,2.6540526315789474,0.1125000000000001,1.3832763157894739
M11042,0.0001,5.5e-05,-0.25,0.25,0.035,0.069338,0.192,nSEG,2,LIDAR,-0.050337999999999994,0.008000000000000007,2.6493684210526314,0.040000000000000036,1.3446842105263157
M11043,0.0001,5.5e-05,-0.25,0.25,0.04,0.069252,0.2056,nSEG,2,LIDAR,-0.05025199999999999,-0.005599999999999994,2.6448421052631574,0.02799999999999997,1.3364210526315787
M11044,0.0001,5.5e-05,-0.25,0.25,0.05,0.069095,0.2306,nSEG,2,LIDAR,-0.050095,-0.03059999999999999,2.636578947368421,0.15299999999999994,1.3947894736842106
M11045,0.0001,5.5e-05,-0.25,0.25,0.08,0.068647,0.2938,nSEG,2,LIDAR,-0.049647,-0.0938,2.613,0.469,1.541
M11046,0.0001,5.5e-05,-0.25,0.5,0.03,0.069457,0.1694,nSEG,2,LIDAR,-0.050457,0.030600000000000016,2.655631578947369,0.15300000000000008,1.4043157894736844
M11047,0.0001,5.5e-05,-0.25,0.5,0.035,0.069373,0.1832,nSEG,2,LIDAR,-0.050373,0.01680000000000001,2.6512105263157895,0.08400000000000005,1.3676052631578948
M11048,0.0001,5.5e-05,-0.25,0.5,0.04,0.069289,0.1962,nSEG,2,LIDAR,-0.050289,0.003799999999999998,2.6467894736842106,0.01899999999999999,1.3328947368421054
M11049,0.0001,5.5e-05,-0.25,0.5,0.05,0.069135,0.22,nSEG,2,LIDAR,-0.050135,-0.01999999999999999,2.638684210526316,0.09999999999999995,1.369342105263158
M11050,0.0001,5.5e-05,-0.25,0.5,0.08,0.068709,0.2803,nSEG,2,LIDAR,-0.049709,-0.08029999999999998,2.6162631578947373,0.4014999999999999,1.5088815789473686
M11051,0.0001,5.5e-05,0.0,-0.5,0.03,0.06927,0.2247,nSEG,2,LIDAR,-0.050269999999999995,-0.0247,2.6457894736842102,0.1235,1.384644736842105
M11052,0.0001,5.5e-05,0.0,-0.5,0.035,0.069169,0.2433,nSEG,2,LIDAR,-0.05016899999999999,-0.04329999999999998,2.640473684210526,0.2164999999999999,1.428486842105263
M11053,0.0001,5.5e-05,0.0,-0.5,0.04,0.069075,0.2607,nSEG,2,LIDAR,-0.050074999999999995,-0.060699999999999976,2.6355263157894733,0.3034999999999999,1.4695131578947365
M11054,0.0001,5.5e-05,0.0,-0.5,0.05,0.068845,0.2924,nSEG,2,LIDAR,-0.049845,-0.09239999999999998,2.623421052631579,0.4619999999999999,1.5427105263157894
M11055,0.0001,5.5e-05,0.0,-0.5,0.08,0.068321,0.3721,nSEG,2,LIDAR,-0.049321000000000004,-0.17209999999999998,2.595842105263158,0.8604999999999998,1.7281710526315788
M11056,0.0001,5.5e-05,0.0,-0.25,0.03,0.069359,0.2023,nSEG,2,LIDAR,-0.050359,-0.0022999999999999965,2.6504736842105263,0.011499999999999982,1.330986842105263
M11057,0.0001,5.5e-05,0.0,-0.25,0.035,0.069261,0.2191,nSEG,2,LIDAR,-0.050261,-0.019099999999999978,2.6453157894736843,0.09549999999999989,1.370407894736842
M11058,0.0001,5.5e-05,0.0,-0.25,0.04,0.069172,0.2347,nSEG,2,LIDAR,-0.050171999999999994,-0.03469999999999998,2.640631578947368,0.1734999999999999,1.407065789473684
M11059,0.0001,5.5e-05,0.0,-0.25,0.05,0.069012,0.2634,nSEG,2,LIDAR,-0.050012,-0.06340000000000001,2.63221052631579,0.31700000000000006,1.474605263157895
M11060,0.0001,5.5e-05,0.0,-0.25,0.08,0.0685,0.3353,nSEG,2,LIDAR,-0.0495,-0.13529999999999998,2.605263157894737,0.6764999999999999,1.6408815789473685
M11061,0.0001,5.5e-05,0.0,0.0,0.03,0.069416,0.1879,nSEG,2,LIDAR,-0.050416,0.0121,2.6534736842105264,0.0605,1.3569868421052633
M11062,0.0001,5.5e-05,0.0,0.0,0.035,0.069324,0.2034,nSEG,2,LIDAR,-0.050323999999999994,-0.0033999999999999864,2.6486315789473682,0.016999999999999932,1.332815789473684
M11063,0.0001,5.5e-05,0.0,0.0,0.04,0.069237,0.2178,nSEG,2,LIDAR,-0.050237000000000004,-0.017799999999999983,2.6440526315789477,0.08899999999999991,1.3665263157894738
M11064,0.0001,5.5e-05,0.0,0.0,0.05,0.069082,0.2444,nSEG,2,LIDAR,-0.050082,-0.044399999999999995,2.6358947368421055,0.22199999999999998,1.4289473684210527
M11065,0.0001,5.5e-05,0.0,0.0,0.08,0.06861,0.3113,nSEG,2,LIDAR,-0.04961,-0.11130000000000001,2.6110526315789473,0.5565,1.5837763157894735
M11066,0.0001,5.5e-05,0.0,0.25,0.03,0.069456,0.1775,nSEG,2,LIDAR,-0.050456,0.02250000000000002,2.6555789473684213,0.1125000000000001,1.3840394736842108
M11067,0.0001,5.5e-05,0.0,0.25,0.035,0.069369,0.192,nSEG,2,LIDAR,-0.050369,0.008000000000000007,2.651,0.040000000000000036,1.3455
M11068,0.0001,5.5e-05,0.0,0.25,0.04,0.069286,0.2056,nSEG,2,LIDAR,-0.050286,-0.005599999999999994,2.6466315789473684,0.02799999999999997,1.3373157894736842
M11069,0.0001,5.5e-05,0.0,0.25,0.05,0.069134,0.2307,nSEG,2,LIDAR,-0.050134,-0.030699999999999977,2.6386315789473684,0.1534999999999999,1.396065789473684
M11070,0.0001,5.5e-05,0.0,0.25,0.08,0.068698,0.2939,nSEG,2,LIDAR,-0.04969799999999999,-0.09389999999999998,2.6156842105263154,0.4694999999999999,1.5425921052631577
M11071,0.0001,5.5e-05,0.0,0.5,0.03,0.069485,0.1694,nSEG,2,LIDAR,-0.050485,0.030600000000000016,2.657105263157895,0.15300000000000008,1.4050526315789476
M11072,0.0001,5.5e-05,0.0,0.5,0.035,0.069404,0.1833,nSEG,2,LIDAR,-0.05040399999999999,0.01670000000000002,2.6528421052631574,0.0835000000000001,1.3681710526315787
M11073,0.0001,5.5e-05,0.0,0.5,0.04,0.069323,0.1962,nSEG,2,LIDAR,-0.05032299999999999,0.003799999999999998,2.6485789473684207,0.01899999999999999,1.3337894736842104
M11074,0.0001,5.5e-05,0.0,0.5,0.05,0.069174,0.2201,nSEG,2,LIDAR,-0.050173999999999996,-0.02009999999999998,2.640736842105263,0.1004999999999999,1.3706184210526313
M11075,0.0001,5.5e-05,0.0,0.5,0.08,0.068759,0.2804,nSEG,2,LIDAR,-0.049759,-0.08039999999999997,2.618894736842105,0.40199999999999986,1.5104473684210524
M11076,0.0001,5.5e-05,0.25,-0.5,0.03,0.06929,0.2247,nSEG,2,LIDAR,-0.05029,-0.0247,2.646842105263158,0.1235,1.385171052631579
M11077,0.0001,5.5e-05,0.25,-0.5,0.035,0.069191,0.2434,nSEG,2,LIDAR,-0.050191,-0.043399999999999994,2.6416315789473686,0.21699999999999997,1.4293157894736843
M11078,0.0001,5.5e-05,0.25,-0.5,0.04,0.069099,0.2608,nSEG,2,LIDAR,-0.05009899999999999,-0.060799999999999965,2.63678947368421,0.3039999999999998,1.4703947368421049
M11079,0.0001,5.5e-05,0.25,-0.5,0.05,0.068873,0.2925,nSEG,2,LIDAR,-0.049873,-0.09249999999999997,2.6248947368421054,0.46249999999999986,1.5436973684210527
M11080,0.0001,5.5e-05,0.25,-0.5,0.08,0.068358,0.3722,nSEG,2,LIDAR,-0.049358,-0.17219999999999996,2.5977894736842106,0.8609999999999998,1.7293947368421052
M11081,0.0001,5.5e-05,0.25,-0.25,0.03,0.069379,0.2024,nSEG,2,LIDAR,-0.05037899999999999,-0.0023999999999999855,2.6515263157894733,0.011999999999999927,1.3317631578947366
M11082,0.0001,5.5e-05,0.25,-0.25,0.035,0.069284,0.2191,nSEG,2,LIDAR,-0.050283999999999995,-0.019099999999999978,2.6465263157894734,0.09549999999999989,1.3710131578947367
M11083,0.0001,5.5e-05,0.25,-0.25,0.04,0.069197,0.2347,nSEG,2,LIDAR,-0.05019699999999999,-0.03469999999999998,2.6419473684210524,0.1734999999999999,1.407723684210526
M11084,0.0001,5.5e-05,0.25,-0.25,0.05,0.069039,0.2634,nSEG,2,LIDAR,-0.050039,-0.06340000000000001,2.6336315789473685,0.31700000000000006,1.4753157894736844
M11085,0.0001,5.5e-05,0.25,-0.25,0.08,0.068536,0.3354,nSEG,2,LIDAR,-0.049536,-0.13539999999999996,2.607157894736842,0.6769999999999998,1.6420789473684207
M11086,0.0001,5.5e-05,0.25,0.0,0.03,0.069437,0.1879,nSEG,2,LIDAR,-0.050436999999999996,0.0121,2.654578947368421,0.0605,1.3575394736842106
M11087,0.0001,5.5e-05,0.25,0.0,0.035,0.069346,0.2034,nSEG,2,LIDAR,-0.050346,-0.0033999999999999864,2.6497894736842107,0.016999999999999932,1.3333947368421053
M11088,0.0001,5.5e-05,0.25,0.0,0.04,0.069261,0.2179,nSEG,2,LIDAR,-0.050261,-0.0179,2.6453157894736843,0.0895,1.3674078947368422
M11089,0.0001,5.5e-05,0.25,0.0,0.05,0.069109,0.2445,nSEG,2,LIDAR,-0.050109,-0.044499999999999984,2.6373157894736843,0.22249999999999992,1.429907894736842
M11090,0.0001,5.5e-05,0.25,0.0,0.08,0.068647,0.3114,nSEG,2,LIDAR,-0.049647,-0.1114,2.613,0.5569999999999999,1.585
M11091,0.0001,5.5e-05,0.25,0.25,0.03,0.069476,0.1775,nSEG,2,LIDAR,-0.05047599999999999,0.02250000000000002,2.6566315789473682,0.1125000000000001,1.3845657894736842
M11092,0.0001,5.5e-05,0.25,0.25,0.035,0.069391,0.1921,nSEG,2,LIDAR,-0.05039099999999999,0.007900000000000018,2.652157894736842,0.03950000000000009,1.345828947368421
M11093,0.0001,5.5e-05,0.25,0.25,0.04,0.06931,0.2057,nSEG,2,LIDAR,-0.050309999999999994,-0.005699999999999983,2.647894736842105,0.028499999999999914,1.3381973684210524
M11094,0.0001,5.5e-05,0.25,0.25,0.05,0.069161,0.2308,nSEG,2,LIDAR,-0.050161,-0.030799999999999994,2.640052631578947,0.15399999999999997,1.3970263157894736
M11095,0.0001,5.5e-05,0.25,0.25,0.08,0.068735,0.294,nSEG,2,LIDAR,-0.049735,-0.09399999999999997,2.6176315789473685,0.46999999999999986,1.5438157894736841
M11096,0.0001,5.5e-05,0.25,0.5,0.03,0.069506,0.1694,nSEG,2,LIDAR,-0.050505999999999995,0.030600000000000016,2.658210526315789,0.15300000000000008,1.4056052631578946
M11097,0.0001,5.5e-05,0.25,0.5,0.035,0.069426,0.1833,nSEG,2,LIDAR,-0.050426,0.01670000000000002,2.654,0.0835000000000001,1.36875
M11098,0.0001,5.5e-05,0.25,0.5,0.04,0.069347,0.1962,nSEG,2,LIDAR,-0.050347,0.003799999999999998,2.649842105263158,0.01899999999999999,1.3344210526315792
M11099,0.0001,5.5e-05,0.25,0.5,0.05,0.069202,0.2201,nSEG,2,LIDAR,-0.050202,-0.02009999999999998,2.6422105263157896,0.1004999999999999,1.3713552631578947
M11100,0.0001,5.5e-05,0.25,0.5,0.08,0.068796,0.2805,nSEG,2,LIDAR,-0.04979599999999999,-0.08050000000000002,2.6208421052631574,0.4025000000000001,1.5116710526315789
M11101,0.0001,5.5e-05,0.5,-0.5,0.03,0.069306,0.2247,nSEG,2,LIDAR,-0.050306000000000003,-0.0247,2.647684210526316,0.1235,1.385592105263158
M11102,0.0001,5.5e-05,0.5,-0.5,0.035,0.069208,0.2434,nSEG,2,LIDAR,-0.050208,-0.043399999999999994,2.642526315789474,0.21699999999999997,1.429763157894737
M11103,0.0001,5.5e-05,0.5,-0.5,0.04,0.069118,0.2608,nSEG,2,LIDAR,-0.050117999999999996,-0.060799999999999965,2.6377894736842102,0.3039999999999998,1.470894736842105
M11104,0.0001,5.5e-05,0.5,-0.5,0.05,0.068894,0.2925,nSEG,2,LIDAR,-0.049893999999999994,-0.09249999999999997,2.626,0.46249999999999986,1.54425
M11105,0.0001,5.5e-05,0.5,-0.5,0.08,0.068386,0.3723,nSEG,2,LIDAR,-0.049386,-0.1723,2.599263157894737,0.8615,1.7303815789473684
M11106,0.0001,5.5e-05,0.5,-0.25,0.03,0.069395,0.2024,nSEG,2,LIDAR,-0.050394999999999995,-0.0023999999999999855,2.6523684210526315,0.011999999999999927,1.3321842105263157
M11107,0.0001,5.5e-05,0.5,-0.25,0.035,0.069301,0.2191,nSEG,2,LIDAR,-0.050301,-0.019099999999999978,2.647421052631579,0.09549999999999989,1.3714605263157895
M11108,0.0001,5.5e-05,0.5,-0.25,0.04,0.069215,0.2348,nSEG,2,LIDAR,-0.050214999999999996,-0.0348,2.642894736842105,0.174,1.4084473684210526
M11109,0.0001,5.5e-05,0.5,-0.25,0.05,0.06906,0.2635,nSEG,2,LIDAR,-0.05005999999999999,-0.0635,2.634736842105263,0.3175,1.4761184210526315
M11110,0.0001,5.5e-05,0.5,-0.25,0.08,0.068565,0.3355,nSEG,2,LIDAR,-0.049565,-0.1355,2.6086842105263157,0.6775,1.643092105263158
M11111,0.0001,5.5e-05,0.5,0.0,0.03,0.069452,0.188,nSEG,2,LIDAR,-0.050452,0.01200000000000001,2.6553684210526316,0.06000000000000005,1.3576842105263158
M11112,0.0001,5.5e-05,0.5,0.0,0.035,0.069364,0.2034,nSEG,2,LIDAR,-0.05036399999999999,-0.0033999999999999864,2.6507368421052626,0.016999999999999932,1.3338684210526313
M11113,0.0001,5.5e-05,0.5,0.0,0.04,0.06928,0.2179,nSEG,2,LIDAR,-0.05027999999999999,-0.0179,2.6463157894736837,0.0895,1.367907894736842
M11114,0.0001,5.5e-05,0.5,0.0,0.05,0.06913,0.2445,nSEG,2,LIDAR,-0.050129999999999994,-0.044499999999999984,2.638421052631579,0.22249999999999992,1.4304605263157892
M11115,0.0001,5.5e-05,0.5,0.0,0.08,0.068675,0.3115,nSEG,2,LIDAR,-0.049675,-0.11149999999999999,2.6144736842105263,0.5574999999999999,1.585986842105263
M11116,0.0001,5.5e-05,0.5,0.25,0.03,0.069492,0.1775,nSEG,2,LIDAR,-0.050491999999999995,0.02250000000000002,2.657473684210526,0.1125000000000001,1.3849868421052631
M11117,0.0001,5.5e-05,0.5,0.25,0.035,0.069409,0.1921,nSEG,2,LIDAR,-0.050408999999999995,0.007900000000000018,2.6531052631578946,0.03950000000000009,1.3463026315789475
M11118,0.0001,5.5e-05,0.5,0.25,0.04,0.069329,0.2057,nSEG,2,LIDAR,-0.050329,-0.005699999999999983,2.6488947368421054,0.028499999999999914,1.3386973684210526
M11119,0.0001,5.5e-05,0.5,0.25,0.05,0.069183,0.2308,nSEG,2,LIDAR,-0.05018299999999999,-0.030799999999999994,2.6412105263157892,0.15399999999999997,1.3976052631578946
M11120,0.0001,5.5e-05,0.5,0.25,0.08,0.068763,0.2941,nSEG,2,LIDAR,-0.049763,-0.09409999999999996,2.619105263157895,0.4704999999999998,1.5448026315789474
M11121,0.0001,5.5e-05,0.5,0.5,0.03,0.069522,0.1695,nSEG,2,LIDAR,-0.050522,0.0305,2.6590526315789473,0.1525,1.4057763157894736
M11122,0.0001,5.5e-05,0.5,0.5,0.035,0.069444,0.1833,nSEG,2,LIDAR,-0.050444,0.01670000000000002,2.6549473684210527,0.0835000000000001,1.3692236842105263
M11123,0.0001,5.5e-05,0.5,0.5,0.04,0.069366,0.1963,nSEG,2,LIDAR,-0.050365999999999994,0.003700000000000009,2.6508421052631577,0.018500000000000044,1.3346710526315788
M11124,0.0001,5.5e-05,0.5,0.5,0.05,0.069224,0.2201,nSEG,2,LIDAR,-0.05022399999999999,-0.02009999999999998,2.643368421052631,0.1004999999999999,1.3719342105263155
M11125,0.0001,5.5e-05,0.5,0.5,0.08,0.068824,0.2805,nSEG,2,LIDAR,-0.04982399999999999,-0.08050000000000002,2.6223157894736837,0.4025000000000001,1.512407894736842
M11126,0.0001,0.0001,-0.5,-0.5,0.03,0.094327,0.264,nSEG,2,LIDAR,-0.07532699999999999,-0.064,3.9645789473684205,0.32,2.1422894736842104
M11127,0.0001,0.0001,-0.5,-0.5,0.035,0.094355,0.2862,nSEG,2,LIDAR,-0.07535499999999999,-0.0862,3.966052631578947,0.431,2.1985263157894734
M11128,0.0001,0.0001,-0.5,-0.5,0.04,0.09438,0.3069,nSEG,2,LIDAR,-0.07538,-0.1069,3.967368421052632,0.5345,2.250934210526316
M11129,0.0001,0.0001,-0.5,-0.5,0.05,0.094324,0.3446,nSEG,2,LIDAR,-0.075324,-0.1446,3.9644210526315793,0.723,2.34371052631579
M11130,0.0001,0.0001,-0.5,-0.5,0.08,0.094199,0.4394,nSEG,2,LIDAR,-0.075199,-0.2394,3.957842105263158,1.1969999999999998,2.577421052631579
M11131,0.0001,0.0001,-0.5,-0.25,0.03,0.094256,0.2374,nSEG,2,LIDAR,-0.075256,-0.03739999999999999,3.960842105263158,0.18699999999999994,2.073921052631579
M11132,0.0001,0.0001,-0.5,-0.25,0.035,0.094278,0.2573,nSEG,2,LIDAR,-0.075278,-0.05729999999999996,3.962,0.2864999999999998,2.12425
M11133,0.0001,0.0001,-0.5,-0.25,0.04,0.094299,0.2759,nSEG,2,LIDAR,-0.07529899999999999,-0.07589999999999997,3.9631052631578942,0.37949999999999984,2.171302631578947
M11134,0.0001,0.0001,-0.5,-0.25,0.05,0.094334,0.3101,nSEG,2,LIDAR,-0.075334,-0.11009999999999998,3.9649473684210528,0.5504999999999999,2.2577236842105264
M11135,0.0001,0.0001,-0.5,-0.25,0.08,0.094216,0.3957,nSEG,2,LIDAR,-0.07521599999999999,-0.19569999999999999,3.958736842105263,0.9784999999999999,2.468618421052631
M11136,0.0001,0.0001,-0.5,0.0,0.03,0.094212,0.2202,nSEG,2,LIDAR,-0.075212,-0.020199999999999996,3.9585263157894737,0.10099999999999998,2.029763157894737
M11137,0.0001,0.0001,-0.5,0.0,0.035,0.094228,0.2386,nSEG,2,LIDAR,-0.075228,-0.038599999999999995,3.959368421052632,0.19299999999999998,2.076184210526316
M11138,0.0001,0.0001,-0.5,0.0,0.04,0.094245,0.2559,nSEG,2,LIDAR,-0.07524499999999999,-0.055900000000000005,3.9602631578947367,0.2795,2.119881578947368
M11139,0.0001,0.0001,-0.5,0.0,0.05,0.094275,0.2875,nSEG,2,LIDAR,-0.075275,-0.08749999999999997,3.9618421052631576,0.43749999999999983,2.1996710526315786
M11140,0.0001,0.0001,-0.5,0.0,0.08,0.094202,0.3672,nSEG,2,LIDAR,-0.07520199999999999,-0.16720000000000002,3.9579999999999997,0.8360000000000001,2.397
M11141,0.0001,0.0001,-0.5,0.25,0.03,0.094181,0.2077,nSEG,2,LIDAR,-0.075181,-0.007699999999999985,3.9568947368421052,0.03849999999999992,1.9976973684210526
M11142,0.0001,0.0001,-0.5,0.25,0.035,0.094193,0.2251,nSEG,2,LIDAR,-0.075193,-0.025099999999999983,3.957526315789474,0.12549999999999992,2.041513157894737
M11143,0.0001,0.0001,-0.5,0.25,0.04,0.094206,0.2413,nSEG,2,LIDAR,-0.075206,-0.041299999999999976,3.9582105263157894,0.20649999999999988,2.0823552631578948
M11144,0.0001,0.0001,-0.5,0.25,0.05,0.094231,0.2712,nSEG,2,LIDAR,-0.07523099999999999,-0.07119999999999999,3.9595263157894736,0.3559999999999999,2.157763157894737
M11145,0.0001,0.0001,-0.5,0.25,0.08,0.094183,0.3465,nSEG,2,LIDAR,-0.075183,-0.14649999999999996,3.9570000000000003,0.7324999999999998,2.34475
M11146,0.0001,0.0001,-0.5,0.5,0.03,0.094174,0.1981,nSEG,2,LIDAR,-0.07517399999999999,0.0019000000000000128,3.9565263157894734,0.009500000000000064,1.9830131578947368
M11147,0.0001,0.0001,-0.5,0.5,0.035,0.094167,0.2146,nSEG,2,LIDAR,-0.075167,-0.014600000000000002,3.956157894736842,0.07300000000000001,2.0145789473684212
M11148,0.0001,0.0001,-0.5,0.5,0.04,0.094177,0.2301,nSEG,2,LIDAR,-0.075177,-0.030099999999999988,3.9566842105263156,0.15049999999999994,2.053592105263158
M11149,0.0001,0.0001,-0.5,0.5,0.05,0.094198,0.2585,nSEG,2,LIDAR,-0.075198,-0.058499999999999996,3.9577894736842105,0.2925,2.1251447368421053
M11150,0.0001,0.0001,-0.5,0.5,0.08,0.094165,0.3304,nSEG,2,LIDAR,-0.075165,-0.13040000000000002,3.956052631578947,0.652,2.3040263157894736
M11151,0.0001,0.0001,-0.25,-0.5,0.03,0.094365,0.264,nSEG,2,LIDAR,-0.075365,-0.064,3.966578947368421,0.32,2.1432894736842107
M11152,0.0001,0.0001,-0.25,-0.5,0.035,0.094396,0.2862,nSEG,2,LIDAR,-0.07539599999999999,-0.0862,3.968210526315789,0.431,2.1996052631578946
M11153,0.0001,0.0001,-0.25,-0.5,0.04,0.094425,0.3069,nSEG,2,LIDAR,-0.07542499999999999,-0.1069,3.969736842105263,0.5345,2.2521184210526313
M11154,0.0001,0.0001,-0.25,-0.5,0.05,0.094374,0.3447,nSEG,2,LIDAR,-0.075374,-0.1447,3.967052631578947,0.7234999999999999,2.3452763157894734
M11155,0.0001,0.0001,-0.25,-0.5,0.08,0.094265,0.4395,nSEG,2,LIDAR,-0.075265,-0.2395,3.961315789473684,1.1974999999999998,2.5794078947368417
M11156,0.0001,0.0001,-0.25,-0.25,0.03,0.094293,0.2374,nSEG,2,LIDAR,-0.075293,-0.03739999999999999,3.9627894736842104,0.18699999999999994,2.074894736842105
M11157,0.0001,0.0001,-0.25,-0.25,0.035,0.094319,0.2574,nSEG,2,LIDAR,-0.075319,-0.05740000000000001,3.964157894736842,0.28700000000000003,2.125578947368421
M11158,0.0001,0.0001,-0.25,-0.25,0.04,0.094343,0.276,nSEG,2,LIDAR,-0.075343,-0.07600000000000001,3.9654210526315787,0.38000000000000006,2.1727105263157895
M11159,0.0001,0.0001,-0.25,-0.25,0.05,0.094384,0.3102,nSEG,2,LIDAR,-0.07538399999999999,-0.11019999999999996,3.9675789473684206,0.5509999999999998,2.2592894736842104
M11160,0.0001,0.0001,-0.25,-0.25,0.08,0.094282,0.3958,nSEG,2,LIDAR,-0.075282,-0.19579999999999997,3.96221052631579,0.9789999999999999,2.470605263157895
M11161,0.0001,0.0001,-0.25,0.0,0.03,0.094249,0.2202,nSEG,2,LIDAR,-0.075249,-0.020199999999999996,3.9604736842105264,0.10099999999999998,2.030736842105263
M11162,0.0001,0.0001,-0.25,0.0,0.035,0.094269,0.2387,nSEG,2,LIDAR,-0.075269,-0.038699999999999984,3.961526315789474,0.19349999999999992,2.077513157894737
M11163,0.0001,0.0001,-0.25,0.0,0.04,0.094289,0.2559,nSEG,2,LIDAR,-0.075289,-0.055900000000000005,3.9625789473684208,0.2795,2.12103947368421
M11164,0.0001,0.0001,-0.25,0.0,0.05,0.094325,0.2876,nSEG,2,LIDAR,-0.075325,-0.08760000000000001,3.9644736842105264,0.43800000000000006,2.201236842105263
M11165,0.0001,0.0001,-0.25,0.0,0.08,0.094268,0.3673,nSEG,2,LIDAR,-0.075268,-0.1673,3.9614736842105267,0.8365,2.3989868421052636
M11166,0.0001,0.0001,-0.25,0.25,0.03,0.094218,0.2077,nSEG,2,LIDAR,-0.075218,-0.007699999999999985,3.9588421052631575,0.03849999999999992,1.9986710526315787
M11167,0.0001,0.0001,-0.25,0.25,0.035,0.094234,0.2251,nSEG,2,LIDAR,-0.075234,-0.025099999999999983,3.9596842105263157,0.12549999999999992,2.0425921052631577
M11168,0.0001,0.0001,-0.25,0.25,0.04,0.09425,0.2414,nSEG,2,LIDAR,-0.07525,-0.04139999999999999,3.9605263157894735,0.20699999999999996,2.0837631578947367
M11169,0.0001,0.0001,-0.25,0.25,0.05,0.094282,0.2713,nSEG,2,LIDAR,-0.075282,-0.07129999999999997,3.96221052631579,0.3564999999999999,2.1593552631578947
M11170,0.0001,0.0001,-0.25,0.25,0.08,0.094249,0.3466,nSEG,2,LIDAR,-0.075249,-0.1466,3.9604736842105264,0.733,2.3467368421052632
M11171,0.0001,0.0001,-0.25,0.5,0.03,0.094211,0.1982,nSEG,2,LIDAR,-0.075211,0.0018000000000000238,3.9584736842105266,0.009000000000000119,1.9837368421052632
M11172,0.0001,0.0001,-0.25,0.5,0.035,0.094207,0.2146,nSEG,2,LIDAR,-0.075207,-0.014600000000000002,3.958263157894737,0.07300000000000001,2.0156315789473687
M11173,0.0001,0.0001,-0.25,0.5,0.04,0.094221,0.2301,nSEG,2,LIDAR,-0.075221,-0.030099999999999988,3.959,0.15049999999999994,2.05475
M11174,0.0001,0.0001,-0.25,0.5,0.05,0.094248,0.2586,nSEG,2,LIDAR,-0.075248,-0.058599999999999985,3.960421052631579,0.2929999999999999,2.1267105263157893
M11175,0.0001,0.0001,-0.25,0.5,0.08,0.094232,0.3305,nSEG,2,LIDAR,-0.075232,-0.1305,3.9595789473684206,0.6525,2.3060394736842103
M11176,0.0001,0.0001,0.0,-0.5,0.03,0.094388,0.2641,nSEG,2,LIDAR,-0.075388,-0.06409999999999999,3.9677894736842103,0.32049999999999995,2.144144736842105
M11177,0.0001,0.0001,0.0,-0.5,0.035,0.094422,0.2863,nSEG,2,LIDAR,-0.075422,-0.08629999999999999,3.9695789473684213,0.43149999999999994,2.2005394736842105
M11178,0.0001,0.0001,0.0,-0.5,0.04,0.094453,0.307,nSEG,2,LIDAR,-0.07545299999999999,-0.10699999999999998,3.9712105263157893,0.5349999999999999,2.2531052631578947
M11179,0.0001,0.0001,0.0,-0.5,0.05,0.094406,0.3448,nSEG,2,LIDAR,-0.075406,-0.14479999999999998,3.968736842105263,0.7239999999999999,2.3463684210526314
M11180,0.0001,0.0001,0.0,-0.5,0.08,0.094308,0.4396,nSEG,2,LIDAR,-0.075308,-0.23959999999999998,3.963578947368421,1.1979999999999997,2.5807894736842103
M11181,0.0001,0.0001,0.0,-0.25,0.03,0.094317,0.2374,nSEG,2,LIDAR,-0.075317,-0.03739999999999999,3.964052631578947,0.18699999999999994,2.0755263157894737
M11182,0.0001,0.0001,0.0,-0.25,0.035,0.094345,0.2574,nSEG,2,LIDAR,-0.075345,-0.05740000000000001,3.9655263157894733,0.28700000000000003,2.1262631578947366
M11183,0.0001,0.0001,0.0,-0.25,0.04,0.094371,0.276,nSEG,2,LIDAR,-0.075371,-0.07600000000000001,3.966894736842105,0.38000000000000006,2.1734473684210527
M11184,0.0001,0.0001,0.0,-0.25,0.05,0.094416,0.3102,nSEG,2,LIDAR,-0.075416,-0.11019999999999996,3.9692631578947366,0.5509999999999998,2.260131578947368
M11185,0.0001,0.0001,0.0,-0.25,0.08,0.094325,0.3959,nSEG,2,LIDAR,-0.075325,-0.19589999999999996,3.9644736842105264,0.9794999999999998,2.471986842105263
M11186,0.0001,0.0001,0.0,0.0,0.03,0.094273,0.2202,nSEG,2,LIDAR,-0.07527299999999999,-0.020199999999999996,3.961736842105263,0.10099999999999998,2.0313684210526315
M11187,0.0001,0.0001,0.0,0.0,0.035,0.094295,0.2387,nSEG,2,LIDAR,-0.075295,-0.038699999999999984,3.9628947368421055,0.19349999999999992,2.0781973684210526
M11188,0.0001,0.0001,0.0,0.0,0.04,0.094317,0.256,nSEG,2,LIDAR,-0.075317,-0.055999999999999994,3.964052631578947,0.27999999999999997,2.1220263157894736
M11189,0.0001,0.0001,0.0,0.0,0.05,0.094357,0.2877,nSEG,2,LIDAR,-0.075357,-0.0877,3.966157894736842,0.4385,2.202328947368421
M11190,0.0001,0.0001,0.0,0.0,0.08,0.094311,0.3674,nSEG,2,LIDAR,-0.075311,-0.1674,3.9637368421052632,0.837,2.4003684210526317
M11191,0.0001,0.0001,0.0,0.25,0.03,0.094241,0.2078,nSEG,2,LIDAR,-0.075241,-0.007800000000000001,3.9600526315789475,0.03900000000000001,1.9995263157894738
M11192,0.0001,0.0001,0.0,0.25,0.035,0.09426,0.2252,nSEG,2,LIDAR,-0.07526,-0.0252,3.961052631578947,0.126,2.0435263157894736
M11193,0.0001,0.0001,0.0,0.25,0.04,0.094278,0.2414,nSEG,2,LIDAR,-0.075278,-0.04139999999999999,3.962,0.20699999999999996,2.0845000000000002
M11194,0.0001,0.0001,0.0,0.25,0.05,0.094314,0.2713,nSEG,2,LIDAR,-0.07531399999999999,-0.07129999999999997,3.963894736842105,0.3564999999999999,2.1601973684210525
M11195,0.0001,0.0001,0.0,0.25,0.08,0.094292,0.3467,nSEG,2,LIDAR,-0.075292,-0.1467,3.9627368421052633,0.7334999999999999,2.348118421052632
M11196,0.0001,0.0001,0.0,0.5,0.03,0.094235,0.1982,nSEG,2,LIDAR,-0.075235,0.0018000000000000238,3.959736842105263,0.009000000000000119,1.9843684210526318
M11197,0.0001,0.0001,0.0,0.5,0.035,0.094233,0.2147,nSEG,2,LIDAR,-0.075233,-0.01469999999999999,3.959631578947368,0.07349999999999995,2.016565789473684
M11198,0.0001,0.0001,0.0,0.5,0.04,0.094249,0.2302,nSEG,2,LIDAR,-0.075249,-0.030199999999999977,3.9604736842105264,0.15099999999999988,2.0557368421052633
M11199,0.0001,0.0001,0.0,0.5,0.05,0.09428,0.2587,nSEG,2,LIDAR,-0.07528,-0.058699999999999974,3.962105263157895,0.29349999999999987,2.1278026315789473
M11200,0.0001,0.0001,0.0,0.5,0.08,0.094274,0.3306,nSEG,2,LIDAR,-0.075274,-0.1306,3.96178947368421,0.6529999999999999,2.307394736842105
M11201,0.0001,0.0001,0.25,-0.5,0.03,0.094405,0.2641,nSEG,2,LIDAR,-0.075405,-0.06409999999999999,3.968684210526316,0.32049999999999995,2.144592105263158
M11202,0.0001,0.0001,0.25,-0.5,0.035,0.094441,0.2863,nSEG,2,LIDAR,-0.075441,-0.08629999999999999,3.9705789473684208,0.43149999999999994,2.2010394736842103
M11203,0.0001,0.0001,0.25,-0.5,0.04,0.094473,0.307,nSEG,2,LIDAR,-0.075473,-0.10699999999999998,3.9722631578947367,0.5349999999999999,2.253631578947368
M11204,0.0001,0.0001,0.25,-0.5,0.05,0.09443,0.3448,nSEG,2,LIDAR,-0.07543,-0.14479999999999998,3.9699999999999998,0.7239999999999999,2.347
M11205,0.0001,0.0001,0.25,-0.5,0.08,0.094339,0.4397,nSEG,2,LIDAR,-0.075339,-0.23969999999999997,3.9652105263157895,1.1984999999999997,2.5818552631578946
M11206,0.0001,0.0001,0.25,-0.25,0.03,0.094334,0.2375,nSEG,2,LIDAR,-0.075334,-0.03749999999999998,3.9649473684210528,0.1874999999999999,2.076223684210526
M11207,0.0001,0.0001,0.25,-0.25,0.035,0.094364,0.2574,nSEG,2,LIDAR,-0.075364,-0.05740000000000001,3.9665263157894737,0.28700000000000003,2.126763157894737
M11208,0.0001,0.0001,0.25,-0.25,0.04,0.094391,0.2761,nSEG,2,LIDAR,-0.075391,-0.0761,3.967947368421053,0.3805,2.1742236842105265
M11209,0.0001,0.0001,0.25,-0.25,0.05,0.09444,0.3102,nSEG,2,LIDAR,-0.07544,-0.11019999999999996,3.9705263157894732,0.5509999999999998,2.2607631578947367
M11210,0.0001,0.0001,0.25,-0.25,0.08,0.094356,0.396,nSEG,2,LIDAR,-0.07535599999999999,-0.196,3.9661052631578944,0.98,2.4730526315789474
M11211,0.0001,0.0001,0.25,0.0,0.03,0.09429,0.2202,nSEG,2,LIDAR,-0.07529,-0.020199999999999996,3.9626315789473683,0.10099999999999998,2.031815789473684
M11212,0.0001,0.0001,0.25,0.0,0.035,0.094314,0.2387,nSEG,2,LIDAR,-0.07531399999999999,-0.038699999999999984,3.963894736842105,0.19349999999999992,2.0786973684210523
M11213,0.0001,0.0001,0.25,0.0,0.04,0.094338,0.256,nSEG,2,LIDAR,-0.075338,-0.055999999999999994,3.9651578947368424,0.27999999999999997,2.1225789473684213
M11214,0.0001,0.0001,0.25,0.0,0.05,0.09438,0.2877,nSEG,2,LIDAR,-0.07538,-0.0877,3.967368421052632,0.4385,2.202934210526316
M11215,0.0001,0.0001,0.25,0.0,0.08,0.094342,0.3675,nSEG,2,LIDAR,-0.07534199999999999,-0.16749999999999998,3.965368421052631,0.8374999999999999,2.4014342105263156
M11216,0.0001,0.0001,0.25,0.25,0.03,0.094258,0.2078,nSEG,2,LIDAR,-0.07525799999999999,-0.007800000000000001,3.9609473684210523,0.03900000000000001,1.9999736842105262
M11217,0.0001,0.0001,0.25,0.25,0.035,0.094279,0.2252,nSEG,2,LIDAR,-0.075279,-0.0252,3.9620526315789473,0.126,2.044026315789474
M11218,0.0001,0.0001,0.25,0.25,0.04,0.094298,0.2415,nSEG,2,LIDAR,-0.075298,-0.04149999999999998,3.9630526315789476,0.2074999999999999,2.0852763157894736
M11219,0.0001,0.0001,0.25,0.25,0.05,0.094337,0.2714,nSEG,2,LIDAR,-0.075337,-0.07139999999999996,3.965105263157895,0.3569999999999998,2.1610526315789476
M11220,0.0001,0.0001,0.25,0.25,0.08,0.094323,0.3467,nSEG,2,LIDAR,-0.075323,-0.1467,3.9643684210526318,0.7334999999999999,2.348934210526316
M11221,0.0001,0.0001,0.25,0.5,0.03,0.094252,0.1982,nSEG,2,LIDAR,-0.075252,0.0018000000000000238,3.9606315789473685,0.009000000000000119,1.9848157894736844
M11222,0.0001,0.0001,0.25,0.5,0.035,0.094252,0.2147,nSEG,2,LIDAR,-0.075252,-0.01469999999999999,3.9606315789473685,0.07349999999999995,2.0170657894736843
M11223,0.0001,0.0001,0.25,0.5,0.04,0.094269,0.2302,nSEG,2,LIDAR,-0.075269,-0.030199999999999977,3.961526315789474,0.15099999999999988,2.056263157894737
M11224,0.0001,0.0001,0.25,0.5,0.05,0.094303,0.2587,nSEG,2,LIDAR,-0.075303,-0.058699999999999974,3.963315789473684,0.29349999999999987,2.128407894736842
M11225,0.0001,0.0001,0.25,0.5,0.08,0.094305,0.3306,nSEG,2,LIDAR,-0.075305,-0.1306,3.963421052631579,0.6529999999999999,2.3082105263157895
M11226,0.0001,0.0001,0.5,-0.5,0.03,0.094419,0.2641,nSEG,2,LIDAR,-0.075419,-0.06409999999999999,3.969421052631579,0.32049999999999995,2.1449605263157894
M11227,0.0001,0.0001,0.5,-0.5,0.035,0.094455,0.2863,nSEG,2,LIDAR,-0.075455,-0.08629999999999999,3.971315789473684,0.43149999999999994,2.201407894736842
M11228,0.0001,0.0001,0.5,-0.5,0.04,0.094489,0.307,nSEG,2,LIDAR,-0.075489,-0.10699999999999998,3.973105263157895,0.5349999999999999,2.2540526315789475
M11229,0.0001,0.0001,0.5,-0.5,0.05,0.094448,0.3448,nSEG,2,LIDAR,-0.075448,-0.14479999999999998,3.970947368421053,0.7239999999999999,2.3474736842105264
M11230,0.0001,0.0001,0.5,-0.5,0.08,0.094363,0.4398,nSEG,2,LIDAR,-0.075363,-0.2398,3.9664736842105266,1.199,2.5827368421052634
M11231,0.0001,0.0001,0.5,-0.25,0.03,0.094347,0.2375,nSEG,2,LIDAR,-0.075347,-0.03749999999999998,3.9656315789473684,0.1874999999999999,2.076565789473684
M11232,0.0001,0.0001,0.5,-0.25,0.035,0.094378,0.2574,nSEG,2,LIDAR,-0.075378,-0.05740000000000001,3.967263157894737,0.28700000000000003,2.1271315789473686
M11233,0.0001,0.0001,0.5,-0.25,0.04,0.094407,0.2761,nSEG,2,LIDAR,-0.075407,-0.0761,3.9687894736842106,0.3805,2.1746447368421054
M11234,0.0001,0.0001,0.5,-0.25,0.05,0.094457,0.3103,nSEG,2,LIDAR,-0.075457,-0.11030000000000001,3.971421052631579,0.5515,2.2614605263157896
M11235,0.0001,0.0001,0.5,-0.25,0.08,0.094379,0.396,nSEG,2,LIDAR,-0.075379,-0.196,3.9673157894736844,0.98,2.473657894736842
M11236,0.0001,0.0001,0.5,0.0,0.03,0.094303,0.2203,nSEG,2,LIDAR,-0.075303,-0.020299999999999985,3.963315789473684,0.10149999999999992,2.032407894736842
M11237,0.0001,0.0001,0.5,0.0,0.035,0.094328,0.2387,nSEG,2,LIDAR,-0.07532799999999999,-0.038699999999999984,3.964631578947368,0.19349999999999992,2.079065789473684
M11238,0.0001,0.0001,0.5,0.0,0.04,0.094353,0.256,nSEG,2,LIDAR,-0.075353,-0.055999999999999994,3.965947368421053,0.27999999999999997,2.1229736842105265
M11239,0.0001,0.0001,0.5,0.0,0.05,0.094398,0.2877,nSEG,2,LIDAR,-0.07539799999999999,-0.0877,3.968315789473684,0.4385,2.203407894736842
M11240,0.0001,0.0001,0.5,0.0,0.08,0.094365,0.3675,nSEG,2,LIDAR,-0.075365,-0.16749999999999998,3.966578947368421,0.8374999999999999,2.4020394736842103
M11241,0.0001,0.0001,0.5,0.25,0.03,0.094272,0.2078,nSEG,2,LIDAR,-0.07527199999999999,-0.007800000000000001,3.9616842105263155,0.03900000000000001,2.0003421052631576
M11242,0.0001,0.0001,0.5,0.25,0.035,0.094293,0.2252,nSEG,2,LIDAR,-0.075293,-0.0252,3.9627894736842104,0.126,2.044394736842105
M11243,0.0001,0.0001,0.5,0.25,0.04,0.094314,0.2415,nSEG,2,LIDAR,-0.07531399999999999,-0.04149999999999998,3.963894736842105,0.2074999999999999,2.0856973684210525
M11244,0.0001,0.0001,0.5,0.25,0.05,0.094355,0.2714,nSEG,2,LIDAR,-0.07535499999999999,-0.07139999999999996,3.966052631578947,0.3569999999999998,2.1615263157894735
M11245,0.0001,0.0001,0.5,0.25,0.08,0.094346,0.3468,nSEG,2,LIDAR,-0.075346,-0.14679999999999999,3.965578947368421,0.7339999999999999,2.3497894736842104
M11246,0.0001,0.0001,0.5,0.5,0.03,0.094265,0.1982,nSEG,2,LIDAR,-0.075265,0.0018000000000000238,3.961315789473684,0.009000000000000119,1.985157894736842
M11247,0.0001,0.0001,0.5,0.5,0.035,0.094266,0.2147,nSEG,2,LIDAR,-0.075266,-0.01469999999999999,3.9613684210526316,0.07349999999999995,2.0174342105263157
M11248,0.0001,0.0001,0.5,0.5,0.04,0.094285,0.2302,nSEG,2,LIDAR,-0.07528499999999999,-0.030199999999999977,3.962368421052631,0.15099999999999988,2.0566842105263157
M11249,0.0001,0.0001,0.5,0.5,0.05,0.094321,0.2587,nSEG,2,LIDAR,-0.075321,-0.058699999999999974,3.9642631578947367,0.29349999999999987,2.128881578947368
M11250,0.0001,0.0001,0.5,0.5,0.08,0.094329,0.3307,nSEG,2,LIDAR,-0.075329,-0.13069999999999998,3.9646842105263156,0.6534999999999999,2.309092105263158
M11251,0.00055,1e-06,-0.5,-0.5,0.03,0.075701,0.2354,nSEG,2,LIDAR,-0.056701,-0.03539999999999999,2.984263157894737,0.17699999999999994,1.5806315789473686
M11252,0.00055,1e-06,-0.5,-0.5,0.035,0.075363,0.2546,nSEG,2,LIDAR,-0.056362999999999996,-0.05459999999999998,2.966473684210526,0.2729999999999999,1.619736842105263
M11253,0.00055,1e-06,-0.5,-0.5,0.04,0.075045,0.2723,nSEG,2,LIDAR,-0.056045,-0.07229999999999998,2.949736842105263,0.3614999999999999,1.6556184210526315
M11254,0.00055,1e-06,-0.5,-0.5,0.05,0.074457,0.3047,nSEG,2,LIDAR,-0.05545699999999999,-0.10470000000000002,2.9187894736842104,0.5235000000000001,1.7211447368421053
M11255,0.00055,1e-06,-0.5,-0.5,0.08,0.072939,0.385,nSEG,2,LIDAR,-0.053939,-0.185,2.8388947368421054,0.9249999999999999,1.8819473684210526
M11256,0.00055,1e-06,-0.5,-0.25,0.03,0.075703,0.2118,nSEG,2,LIDAR,-0.056703,-0.011799999999999977,2.984368421052632,0.058999999999999886,1.5216842105263158
M11257,0.00055,1e-06,-0.5,-0.25,0.035,0.075364,0.229,nSEG,2,LIDAR,-0.056364,-0.028999999999999998,2.9665263157894737,0.145,1.5557631578947368
M11258,0.00055,1e-06,-0.5,-0.25,0.04,0.075046,0.245,nSEG,2,LIDAR,-0.056046,-0.044999999999999984,2.9497894736842105,0.22499999999999992,1.5873947368421053
M11259,0.00055,1e-06,-0.5,-0.25,0.05,0.074457,0.2741,nSEG,2,LIDAR,-0.05545699999999999,-0.0741,2.9187894736842104,0.3705,1.644644736842105
M11260,0.00055,1e-06,-0.5,-0.25,0.08,0.07294,0.3465,nSEG,2,LIDAR,-0.05394,-0.14649999999999996,2.838947368421053,0.7324999999999998,1.7857236842105264
M11261,0.00055,1e-06,-0.5,0.0,0.03,0.075704,0.1966,nSEG,2,LIDAR,-0.05670399999999999,0.003400000000000014,2.9844210526315784,0.01700000000000007,1.5007105263157892
M11262,0.00055,1e-06,-0.5,0.0,0.035,0.075365,0.2125,nSEG,2,LIDAR,-0.056365,-0.012499999999999983,2.966578947368421,0.06249999999999992,1.5145394736842106
M11263,0.00055,1e-06,-0.5,0.0,0.04,0.075047,0.2273,nSEG,2,LIDAR,-0.056047,-0.02729999999999999,2.949842105263158,0.13649999999999995,1.543171052631579
M11264,0.00055,1e-06,-0.5,0.0,0.05,0.074458,0.2543,nSEG,2,LIDAR,-0.05545799999999999,-0.054300000000000015,2.9188421052631575,0.2715000000000001,1.5951710526315788
M11265,0.00055,1e-06,-0.5,0.0,0.08,0.07294,0.3215,nSEG,2,LIDAR,-0.05394,-0.1215,2.838947368421053,0.6074999999999999,1.7232236842105264
M11266,0.00055,1e-06,-0.5,0.25,0.03,0.075705,0.1856,nSEG,2,LIDAR,-0.05670499999999999,0.014400000000000024,2.984473684210526,0.07200000000000012,1.528236842105263
M11267,0.00055,1e-06,-0.5,0.25,0.035,0.075366,0.2005,nSEG,2,LIDAR,-0.056366,-0.0005000000000000004,2.9666315789473683,0.0025000000000000022,1.4845657894736841
M11268,0.00055,1e-06,-0.5,0.25,0.04,0.075048,0.2144,nSEG,2,LIDAR,-0.056048,-0.014399999999999996,2.9498947368421056,0.07199999999999998,1.5109473684210528
M11269,0.00055,1e-06,-0.5,0.25,0.05,0.074459,0.2399,nSEG,2,LIDAR,-0.055458999999999994,-0.03989999999999999,2.918894736842105,0.19949999999999996,1.5591973684210525
M11270,0.00055,1e-06,-0.5,0.25,0.08,0.072939,0.3033,nSEG,2,LIDAR,-0.053939,-0.1033,2.8388947368421054,0.5165,1.6776973684210525
M11271,0.00055,1e-06,-0.5,0.5,0.03,0.075705,0.1771,nSEG,2,LIDAR,-0.05670499999999999,0.022900000000000004,2.984473684210526,0.11450000000000002,1.549486842105263
M11272,0.00055,1e-06,-0.5,0.5,0.035,0.075367,0.1913,nSEG,2,LIDAR,-0.056367,0.008700000000000013,2.966684210526316,0.043500000000000066,1.5050921052631578
M11273,0.00055,1e-06,-0.5,0.5,0.04,0.075048,0.2045,nSEG,2,LIDAR,-0.056048,-0.004499999999999976,2.9498947368421056,0.02249999999999988,1.4861973684210528
M11274,0.00055,1e-06,-0.5,0.5,0.05,0.074459,0.2288,nSEG,2,LIDAR,-0.055458999999999994,-0.028799999999999992,2.918894736842105,0.14399999999999996,1.5314473684210526
M11275,0.00055,1e-06,-0.5,0.5,0.08,0.07294,0.2893,nSEG,2,LIDAR,-0.05394,-0.08929999999999999,2.838947368421053,0.44649999999999995,1.6427236842105264
M11276,0.00055,1e-06,-0.25,-0.5,0.03,0.076102,0.2361,nSEG,2,LIDAR,-0.057102,-0.03609999999999999,3.0053684210526317,0.18049999999999997,1.5929342105263158
M11277,0.00055,1e-06,-0.25,-0.5,0.035,0.075801,0.2553,nSEG,2,LIDAR,-0.05680099999999999,-0.055300000000000016,2.9895263157894734,0.2765000000000001,1.6330131578947367
M11278,0.00055,1e-06,-0.25,-0.5,0.04,0.075518,0.2732,nSEG,2,LIDAR,-0.056518,-0.07319999999999999,2.9746315789473683,0.36599999999999994,1.6703157894736842
M11279,0.00055,1e-06,-0.25,-0.5,0.05,0.074994,0.3059,nSEG,2,LIDAR,-0.055994,-0.1059,2.9470526315789476,0.5295,1.7382763157894738
M11280,0.00055,1e-06,-0.25,-0.5,0.08,0.073638,0.3869,nSEG,2,LIDAR,-0.05463799999999999,-0.1869,2.8756842105263156,0.9345,1.9050921052631578
M11281,0.00055,1e-06,-0.25,-0.25,0.03,0.076103,0.2124,nSEG,2,LIDAR,-0.057103,-0.012399999999999994,3.005421052631579,0.06199999999999997,1.5337105263157895
M11282,0.00055,1e-06,-0.25,-0.25,0.035,0.075802,0.2297,nSEG,2,LIDAR,-0.05680199999999999,-0.029699999999999976,2.989578947368421,0.14849999999999988,1.5690394736842104
M11283,0.00055,1e-06,-0.25,-0.25,0.04,0.075519,0.2458,nSEG,2,LIDAR,-0.056519,-0.04579999999999998,2.974684210526316,0.2289999999999999,1.601842105263158
M11284,0.00055,1e-06,-0.25,-0.25,0.05,0.074995,0.2752,nSEG,2,LIDAR,-0.055995,-0.07519999999999999,2.947105263157895,0.37599999999999995,1.6615526315789475
M11285,0.00055,1e-06,-0.25,-0.25,0.08,0.073648,0.3483,nSEG,2,LIDAR,-0.054648,-0.1483,2.8762105263157896,0.7414999999999999,1.8088552631578947
M11286,0.00055,1e-06,-0.25,0.0,0.03,0.076104,0.1971,nSEG,2,LIDAR,-0.057104,0.0029000000000000137,3.0054736842105263,0.014500000000000068,1.5099868421052631
M11287,0.00055,1e-06,-0.25,0.0,0.035,0.075803,0.2131,nSEG,2,LIDAR,-0.05680299999999999,-0.0131,2.989631578947368,0.0655,1.527565789473684
M11288,0.00055,1e-06,-0.25,0.0,0.04,0.07552,0.228,nSEG,2,LIDAR,-0.05652,-0.027999999999999997,2.9747368421052633,0.13999999999999999,1.5573684210526317
M11289,0.00055,1e-06,-0.25,0.0,0.05,0.074995,0.2552,nSEG,2,LIDAR,-0.055995,-0.05519999999999997,2.947105263157895,0.27599999999999986,1.6115526315789475
M11290,0.00055,1e-06,-0.25,0.0,0.08,0.073648,0.3231,nSEG,2,LIDAR,-0.054648,-0.12309999999999999,2.8762105263157896,0.6154999999999999,1.7458552631578947
M11291,0.00055,1e-06,-0.25,0.25,0.03,0.076105,0.1861,nSEG,2,LIDAR,-0.057105,0.013900000000000023,3.005526315789474,0.06950000000000012,1.537513157894737
M11292,0.00055,1e-06,-0.25,0.25,0.035,0.075804,0.2011,nSEG,2,LIDAR,-0.05680399999999999,-0.0010999999999999899,2.9896842105263155,0.005499999999999949,1.4975921052631578
M11293,0.00055,1e-06,-0.25,0.25,0.04,0.07552,0.2151,nSEG,2,LIDAR,-0.05652,-0.015100000000000002,2.9747368421052633,0.07550000000000001,1.5251184210526316
M11294,0.00055,1e-06,-0.25,0.25,0.05,0.074996,0.2408,nSEG,2,LIDAR,-0.05599599999999999,-0.040799999999999975,2.9471578947368418,0.20399999999999988,1.5755789473684207
M11295,0.00055,1e-06,-0.25,0.25,0.08,0.073647,0.3049,nSEG,2,LIDAR,-0.054647,-0.1049,2.876157894736842,0.5245,1.7003289473684209
M11296,0.00055,1e-06,-0.25,0.5,0.03,0.076106,0.1776,nSEG,2,LIDAR,-0.05710599999999999,0.022400000000000003,3.0055789473684205,0.11200000000000002,1.5587894736842103
M11297,0.00055,1e-06,-0.25,0.5,0.035,0.075805,0.1919,nSEG,2,LIDAR,-0.056804999999999994,0.008100000000000024,2.989736842105263,0.04050000000000012,1.5151184210526316
M11298,0.00055,1e-06,-0.25,0.5,0.04,0.075521,0.2052,nSEG,2,LIDAR,-0.056521,-0.005199999999999982,2.974789473684211,0.025999999999999912,1.5003947368421053
M11299,0.00055,1e-06,-0.25,0.5,0.05,0.074996,0.2296,nSEG,2,LIDAR,-0.05599599999999999,-0.029599999999999987,2.9471578947368418,0.14799999999999994,1.547578947368421
M11300,0.00055,1e-06,-0.25,0.5,0.08,0.073639,0.2907,nSEG,2,LIDAR,-0.05463899999999999,-0.0907,2.8757368421052627,0.4535,1.6646184210526314
M11301,0.00055,1e-06,0.0,-0.5,0.03,0.076366,0.2365,nSEG,2,LIDAR,-0.057366,-0.03649999999999998,3.019263157894737,0.18249999999999988,1.6008815789473685
M11302,0.00055,1e-06,0.0,-0.5,0.035,0.076082,0.2558,nSEG,2,LIDAR,-0.057081999999999994,-0.055800000000000016,3.004315789473684,0.2790000000000001,1.6416578947368419
M11303,0.00055,1e-06,0.0,-0.5,0.04,0.075821,0.2738,nSEG,2,LIDAR,-0.056820999999999997,-0.07379999999999998,2.990578947368421,0.3689999999999999,1.6797894736842103
M11304,0.00055,1e-06,0.0,-0.5,0.05,0.075339,0.3066,nSEG,2,LIDAR,-0.056339,-0.10659999999999997,2.9652105263157895,0.5329999999999998,1.7491052631578947
M11305,0.00055,1e-06,0.0,-0.5,0.08,0.074095,0.3882,nSEG,2,LIDAR,-0.05509499999999999,-0.18819999999999998,2.8997368421052627,0.9409999999999998,1.9203684210526313
M11306,0.00055,1e-06,0.0,-0.25,0.03,0.076367,0.2128,nSEG,2,LIDAR,-0.057367,-0.012799999999999978,3.0193157894736844,0.06399999999999989,1.5416578947368422
M11307,0.00055,1e-06,0.0,-0.25,0.035,0.076083,0.2301,nSEG,2,LIDAR,-0.057082999999999995,-0.030099999999999988,3.0043684210526314,0.15049999999999994,1.5774342105263157
M11308,0.00055,1e-06,0.0,-0.25,0.04,0.075822,0.2463,nSEG,2,LIDAR,-0.056822,-0.04629999999999998,2.9906315789473683,0.2314999999999999,1.6110657894736842
M11309,0.00055,1e-06,0.0,-0.25,0.05,0.07534,0.2758,nSEG,2,LIDAR,-0.05634,-0.07579999999999998,2.965263157894737,0.3789999999999999,1.6721315789473685
M11310,0.00055,1e-06,0.0,-0.25,0.08,0.074099,0.3494,nSEG,2,LIDAR,-0.055098999999999995,-0.14939999999999998,2.8999473684210524,0.7469999999999999,1.8234736842105261
M11311,0.00055,1e-06,0.0,0.0,0.03,0.076368,0.1975,nSEG,2,LIDAR,-0.057368,0.0025000000000000022,3.019368421052632,0.012500000000000011,1.515934210526316
M11312,0.00055,1e-06,0.0,0.0,0.035,0.076084,0.2135,nSEG,2,LIDAR,-0.057083999999999996,-0.013499999999999984,3.004421052631579,0.06749999999999992,1.5359605263157894
M11313,0.00055,1e-06,0.0,0.0,0.04,0.075823,0.2285,nSEG,2,LIDAR,-0.056823,-0.028499999999999998,2.990684210526316,0.1425,1.566592105263158
M11314,0.00055,1e-06,0.0,0.0,0.05,0.07534,0.2559,nSEG,2,LIDAR,-0.05634,-0.055900000000000005,2.965263157894737,0.2795,1.6223815789473686
M11315,0.00055,1e-06,0.0,0.0,0.08,0.074098,0.3242,nSEG,2,LIDAR,-0.055097999999999994,-0.12419999999999998,2.899894736842105,0.6209999999999999,1.7604473684210524
M11316,0.00055,1e-06,0.0,0.25,0.03,0.076362,0.1864,nSEG,2,LIDAR,-0.057361999999999996,0.013600000000000001,3.019052631578947,0.068,1.5435263157894736
M11317,0.00055,1e-06,0.0,0.25,0.035,0.076085,0.2015,nSEG,2,LIDAR,-0.057085,-0.0015000000000000013,3.0044736842105264,0.007500000000000007,1.5059868421052631
M11318,0.00055,1e-06,0.0,0.25,0.04,0.075824,0.2156,nSEG,2,LIDAR,-0.056824,-0.015600000000000003,2.9907368421052634,0.07800000000000001,1.5343684210526316
M11319,0.00055,1e-06,0.0,0.25,0.05,0.075341,0.2414,nSEG,2,LIDAR,-0.056341,-0.04139999999999999,2.9653157894736846,0.20699999999999996,1.5861578947368422
M11320,0.00055,1e-06,0.0,0.25,0.08,0.074098,0.3059,nSEG,2,LIDAR,-0.055097999999999994,-0.1059,2.899894736842105,0.5295,1.7146973684210525
M11321,0.00055,1e-06,0.0,0.5,0.03,0.076362,0.1779,nSEG,2,LIDAR,-0.057361999999999996,0.02210000000000001,3.019052631578947,0.11050000000000004,1.5647763157894736
M11322,0.00055,1e-06,0.0,0.5,0.035,0.076085,0.1922,nSEG,2,LIDAR,-0.057085,0.007800000000000001,3.0044736842105264,0.03900000000000001,1.5217368421052633
M11323,0.00055,1e-06,0.0,0.5,0.04,0.075824,0.2056,nSEG,2,LIDAR,-0.056824,-0.005599999999999994,2.9907368421052634,0.02799999999999997,1.5093684210526317
M11324,0.00055,1e-06,0.0,0.5,0.05,0.075341,0.2302,nSEG,2,LIDAR,-0.056341,-0.030199999999999977,2.9653157894736846,0.15099999999999988,1.5581578947368422
M11325,0.00055,1e-06,0.0,0.5,0.08,0.074098,0.2916,nSEG,2,LIDAR,-0.055097999999999994,-0.09160000000000001,2.899894736842105,0.4580000000000001,1.6789473684210525
M11326,0.00055,1e-06,0.25,-0.5,0.03,0.07655,0.2368,nSEG,2,LIDAR,-0.057550000000000004,-0.0368,3.028947368421053,0.184,1.6064736842105265
M11327,0.00055,1e-06,0.25,-0.5,0.035,0.076284,0.2562,nSEG,2,LIDAR,-0.057284,-0.05619999999999997,3.0149473684210526,0.28099999999999986,1.6479736842105261
M11328,0.00055,1e-06,0.25,-0.5,0.04,0.07604,0.2742,nSEG,2,LIDAR,-0.057039999999999993,-0.07419999999999999,3.0021052631578944,0.37099999999999994,1.6865526315789472
M11329,0.00055,1e-06,0.25,-0.5,0.05,0.075588,0.3071,nSEG,2,LIDAR,-0.056588,-0.10709999999999997,2.9783157894736845,0.5354999999999999,1.7569078947368422
M11330,0.00055,1e-06,0.25,-0.5,0.08,0.074421,0.3891,nSEG,2,LIDAR,-0.055421,-0.1891,2.916894736842105,0.9454999999999999,1.9311973684210526
M11331,0.00055,1e-06,0.25,-0.25,0.03,0.076552,0.213,nSEG,2,LIDAR,-0.05755199999999999,-0.012999999999999984,3.029052631578947,0.06499999999999992,1.5470263157894735
M11332,0.00055,1e-06,0.25,-0.25,0.035,0.076285,0.2305,nSEG,2,LIDAR,-0.057285,-0.0305,3.015,0.1525,1.58375
M11333,0.00055,1e-06,0.25,-0.25,0.04,0.076041,0.2467,nSEG,2,LIDAR,-0.057040999999999994,-0.04669999999999999,3.002157894736842,0.23349999999999996,1.6178289473684209
M11334,0.00055,1e-06,0.25,-0.25,0.05,0.075588,0.2763,nSEG,2,LIDAR,-0.056588,-0.07629999999999998,2.9783157894736845,0.3814999999999999,1.6799078947368422
M11335,0.00055,1e-06,0.25,-0.25,0.08,0.074424,0.3502,nSEG,2,LIDAR,-0.055424,-0.1502,2.9170526315789473,0.751,1.8340263157894736
M11336,0.00055,1e-06,0.25,0.0,0.03,0.076553,0.1977,nSEG,2,LIDAR,-0.05755299999999999,0.0023000000000000242,3.0291052631578945,0.011500000000000121,1.5203026315789474
M11337,0.00055,1e-06,0.25,0.0,0.035,0.076293,0.2138,nSEG,2,LIDAR,-0.057293,-0.013799999999999979,3.015421052631579,0.0689999999999999,1.5422105263157895
M11338,0.00055,1e-06,0.25,0.0,0.04,0.076042,0.2288,nSEG,2,LIDAR,-0.057041999999999995,-0.028799999999999992,3.0022105263157894,0.14399999999999996,1.5731052631578948
M11339,0.00055,1e-06,0.25,0.0,0.05,0.075589,0.2563,nSEG,2,LIDAR,-0.056589,-0.05629999999999996,2.9783684210526316,0.2814999999999998,1.6299342105263157
M11340,0.00055,1e-06,0.25,0.0,0.08,0.074423,0.3249,nSEG,2,LIDAR,-0.055423,-0.12490000000000001,2.9170000000000003,0.6245,1.77075
M11341,0.00055,1e-06,0.25,0.25,0.03,0.076547,0.1867,nSEG,2,LIDAR,-0.057547,0.013300000000000006,3.0287894736842107,0.06650000000000003,1.5476447368421054
M11342,0.00055,1e-06,0.25,0.25,0.035,0.076294,0.2018,nSEG,2,LIDAR,-0.057294,-0.001799999999999996,3.015473684210526,0.00899999999999998,1.512236842105263
M11343,0.00055,1e-06,0.25,0.25,0.04,0.076042,0.2159,nSEG,2,LIDAR,-0.057041999999999995,-0.015899999999999997,3.0022105263157894,0.07949999999999999,1.5408552631578947
M11344,0.00055,1e-06,0.25,0.25,0.05,0.075589,0.2418,nSEG,2,LIDAR,-0.056589,-0.041799999999999976,2.9783684210526316,0.20899999999999988,1.5936842105263158
M11345,0.00055,1e-06,0.25,0.25,0.08,0.074424,0.3066,nSEG,2,LIDAR,-0.055424,-0.10659999999999997,2.9170526315789473,0.5329999999999998,1.7250263157894736
M11346,0.00055,1e-06,0.25,0.5,0.03,0.076547,0.1781,nSEG,2,LIDAR,-0.057547,0.021900000000000003,3.0287894736842107,0.10950000000000001,1.5691447368421054
M11347,0.00055,1e-06,0.25,0.5,0.035,0.076295,0.1925,nSEG,2,LIDAR,-0.057295,0.007500000000000007,3.0155263157894736,0.03750000000000003,1.5265131578947368
M11348,0.00055,1e-06,0.25,0.5,0.04,0.076043,0.2059,nSEG,2,LIDAR,-0.057042999999999996,-0.005899999999999989,3.0022631578947365,0.029499999999999943,1.5158815789473683
M11349,0.00055,1e-06,0.25,0.5,0.05,0.07559,0.2306,nSEG,2,LIDAR,-0.05659,-0.03059999999999999,2.978421052631579,0.15299999999999994,1.5657105263157896
M11350,0.00055,1e-06,0.25,0.5,0.08,0.074423,0.2923,nSEG,2,LIDAR,-0.055423,-0.0923,2.9170000000000003,0.46149999999999997,1.6892500000000001
M11351,0.00055,1e-06,0.5,-0.5,0.03,0.076693,0.237,nSEG,2,LIDAR,-0.057692999999999994,-0.03699999999999998,3.036473684210526,0.1849999999999999,1.610736842105263
M11352,0.00055,1e-06,0.5,-0.5,0.035,0.076447,0.2565,nSEG,2,LIDAR,-0.057447,-0.056499999999999995,3.0235263157894736,0.2825,1.653013157894737
M11353,0.00055,1e-06,0.5,-0.5,0.04,0.076208,0.2745,nSEG,2,LIDAR,-0.057207999999999995,-0.07450000000000001,3.0109473684210526,0.37250000000000005,1.6917236842105263
M11354,0.00055,1e-06,0.5,-0.5,0.05,0.075779,0.3075,nSEG,2,LIDAR,-0.056778999999999996,-0.10749999999999998,2.9883684210526313,0.5374999999999999,1.7629342105263155
M11355,0.00055,1e-06,0.5,-0.5,0.08,0.074672,0.3897,nSEG,2,LIDAR,-0.055672,-0.18969999999999998,2.9301052631578948,0.9484999999999999,1.9393026315789474
M11356,0.00055,1e-06,0.5,-0.25,0.03,0.076694,0.2133,nSEG,2,LIDAR,-0.057693999999999995,-0.013299999999999979,3.0365263157894735,0.06649999999999989,1.5515131578947368
M11357,0.00055,1e-06,0.5,-0.25,0.035,0.076448,0.2307,nSEG,2,LIDAR,-0.057448,-0.030699999999999977,3.023578947368421,0.1534999999999999,1.5885394736842104
M11358,0.00055,1e-06,0.5,-0.25,0.04,0.076209,0.247,nSEG,2,LIDAR,-0.057208999999999996,-0.046999999999999986,3.0109999999999997,0.23499999999999993,1.6229999999999998
M11359,0.00055,1e-06,0.5,-0.25,0.05,0.07578,0.2767,nSEG,2,LIDAR,-0.05678,-0.07669999999999999,2.988421052631579,0.38349999999999995,1.6859605263157893
M11360,0.00055,1e-06,0.5,-0.25,0.08,0.074675,0.3508,nSEG,2,LIDAR,-0.055675,-0.1508,2.930263157894737,0.7539999999999999,1.8421315789473685
M11361,0.00055,1e-06,0.5,0.0,0.03,0.076695,0.1979,nSEG,2,LIDAR,-0.057694999999999996,0.0021000000000000185,3.036578947368421,0.010500000000000093,1.5235394736842105
M11362,0.00055,1e-06,0.5,0.0,0.035,0.076449,0.214,nSEG,2,LIDAR,-0.057449,-0.013999999999999985,3.0236315789473687,0.06999999999999992,1.5468157894736843
M11363,0.00055,1e-06,0.5,0.0,0.04,0.07621,0.2291,nSEG,2,LIDAR,-0.05721,-0.029099999999999987,3.011052631578947,0.14549999999999993,1.5782763157894735
M11364,0.00055,1e-06,0.5,0.0,0.05,0.07578,0.2566,nSEG,2,LIDAR,-0.05678,-0.056599999999999984,2.988421052631579,0.2829999999999999,1.6357105263157894
M11365,0.00055,1e-06,0.5,0.0,0.08,0.074675,0.3255,nSEG,2,LIDAR,-0.055675,-0.1255,2.930263157894737,0.6275,1.7788815789473684
M11366,0.00055,1e-06,0.5,0.25,0.03,0.076689,0.1868,nSEG,2,LIDAR,-0.05768899999999999,0.013200000000000017,3.0362631578947363,0.06600000000000009,1.5511315789473683
M11367,0.00055,1e-06,0.5,0.25,0.035,0.07645,0.202,nSEG,2,LIDAR,-0.05745,-0.0020000000000000018,3.0236842105263158,0.010000000000000009,1.5168421052631578
M11368,0.00055,1e-06,0.5,0.25,0.04,0.07621,0.2162,nSEG,2,LIDAR,-0.05721,-0.016199999999999992,3.011052631578947,0.08099999999999996,1.5460263157894736
M11369,0.00055,1e-06,0.5,0.25,0.05,0.075781,0.2421,nSEG,2,LIDAR,-0.056781,-0.0421,2.9884736842105264,0.2105,1.5994868421052633
M11370,0.00055,1e-06,0.5,0.25,0.08,0.074674,0.3071,nSEG,2,LIDAR,-0.055674,-0.10709999999999997,2.93021052631579,0.5354999999999999,1.7328552631578948
M11371,0.00055,1e-06,0.5,0.5,0.03,0.07669,0.1783,nSEG,2,LIDAR,-0.05768999999999999,0.021700000000000025,3.036315789473684,0.10850000000000012,1.572407894736842
M11372,0.00055,1e-06,0.5,0.5,0.035,0.07645,0.1927,nSEG,2,LIDAR,-0.05745,0.007300000000000001,3.0236842105263158,0.036500000000000005,1.530092105263158
M11373,0.00055,1e-06,0.5,0.5,0.04,0.076211,0.2062,nSEG,2,LIDAR,-0.057211,-0.006199999999999983,3.0111052631578947,0.030999999999999917,1.5210526315789474
M11374,0.00055,1e-06,0.5,0.5,0.05,0.075781,0.2309,nSEG,2,LIDAR,-0.056781,-0.030899999999999983,2.9884736842105264,0.15449999999999992,1.5714868421052632
M11375,0.00055,1e-06,0.5,0.5,0.08,0.074674,0.2928,nSEG,2,LIDAR,-0.055674,-0.0928,2.93021052631579,0.46399999999999997,1.697105263157895
M11376,0.00055,5.5e-06,-0.5,-0.5,0.03,0.078589,0.2401,nSEG,2,LIDAR,-0.059589,-0.0401,3.136263157894737,0.20049999999999998,1.6683815789473684
M11377,0.00055,5.5e-06,-0.5,-0.5,0.035,0.078258,0.2596,nSEG,2,LIDAR,-0.05925799999999999,-0.059599999999999986,3.1188421052631576,0.29799999999999993,1.7084210526315788
M11378,0.00055,5.5e-06,-0.5,-0.5,0.04,0.077947,0.2778,nSEG,2,LIDAR,-0.058947,-0.07779999999999998,3.1024736842105263,0.3889999999999999,1.745736842105263
M11379,0.00055,5.5e-06,-0.5,-0.5,0.05,0.077358,0.3109,nSEG,2,LIDAR,-0.05835799999999999,-0.1109,3.071473684210526,0.5545,1.812986842105263
M11380,0.00055,5.5e-06,-0.5,-0.5,0.08,0.075894,0.393,nSEG,2,LIDAR,-0.056894,-0.193,2.994421052631579,0.965,1.9797105263157895
M11381,0.00055,5.5e-06,-0.5,-0.25,0.03,0.078594,0.216,nSEG,2,LIDAR,-0.059593999999999994,-0.015999999999999986,3.1365263157894736,0.07999999999999993,1.6082631578947368
M11382,0.00055,5.5e-06,-0.5,-0.25,0.035,0.078261,0.2335,nSEG,2,LIDAR,-0.059260999999999994,-0.0335,3.1189999999999998,0.1675,1.6432499999999999
M11383,0.00055,5.5e-06,-0.5,-0.25,0.04,0.077949,0.2499,nSEG,2,LIDAR,-0.058949,-0.0499,3.1025789473684213,0.2495,1.6760394736842106
M11384,0.00055,5.5e-06,-0.5,-0.25,0.05,0.077373,0.2797,nSEG,2,LIDAR,-0.058372999999999994,-0.0797,3.072263157894737,0.39849999999999997,1.7353815789473683
M11385,0.00055,5.5e-06,-0.5,-0.25,0.08,0.075883,0.3537,nSEG,2,LIDAR,-0.056883,-0.1537,2.993842105263158,0.7685,1.881171052631579
M11386,0.00055,5.5e-06,-0.5,0.0,0.03,0.078598,0.2004,nSEG,2,LIDAR,-0.059598,-0.0003999999999999837,3.1367368421052633,0.0019999999999999185,1.5693684210526315
M11387,0.00055,5.5e-06,-0.5,0.0,0.035,0.078265,0.2167,nSEG,2,LIDAR,-0.059265,-0.016699999999999993,3.1192105263157894,0.08349999999999996,1.6013552631578947
M11388,0.00055,5.5e-06,-0.5,0.0,0.04,0.077952,0.2318,nSEG,2,LIDAR,-0.05895199999999999,-0.031799999999999995,3.1027368421052626,0.15899999999999997,1.6308684210526312
M11389,0.00055,5.5e-06,-0.5,0.0,0.05,0.077375,0.2594,nSEG,2,LIDAR,-0.058374999999999996,-0.05940000000000001,3.0723684210526314,0.29700000000000004,1.6846842105263158
M11390,0.00055,5.5e-06,-0.5,0.0,0.08,0.075879,0.3282,nSEG,2,LIDAR,-0.056879,-0.12819999999999998,2.9936315789473684,0.6409999999999999,1.8173157894736842
M11391,0.00055,5.5e-06,-0.5,0.25,0.03,0.078601,0.1892,nSEG,2,LIDAR,-0.059601,0.010800000000000004,3.1368947368421054,0.05400000000000002,1.5954473684210526
M11392,0.00055,5.5e-06,-0.5,0.25,0.035,0.078268,0.2045,nSEG,2,LIDAR,-0.059268,-0.004499999999999976,3.1193684210526316,0.02249999999999988,1.5709342105263158
M11393,0.00055,5.5e-06,-0.5,0.25,0.04,0.077954,0.2187,nSEG,2,LIDAR,-0.05895399999999999,-0.018699999999999994,3.1028421052631576,0.09349999999999997,1.5981710526315789
M11394,0.00055,5.5e-06,-0.5,0.25,0.05,0.077377,0.2448,nSEG,2,LIDAR,-0.058377,-0.04479999999999998,3.0724736842105265,0.2239999999999999,1.6482368421052631
M11395,0.00055,5.5e-06,-0.5,0.25,0.08,0.075877,0.3097,nSEG,2,LIDAR,-0.056877,-0.10969999999999996,2.993526315789474,0.5484999999999998,1.7710131578947368
M11396,0.00055,5.5e-06,-0.5,0.5,0.03,0.078604,0.1805,nSEG,2,LIDAR,-0.05960399999999999,0.019500000000000017,3.137052631578947,0.09750000000000009,1.6172763157894736
M11397,0.00055,5.5e-06,-0.5,0.5,0.035,0.07827,0.1951,nSEG,2,LIDAR,-0.05927,0.0049000000000000155,3.1194736842105266,0.024500000000000077,1.5719868421052634
M11398,0.00055,5.5e-06,-0.5,0.5,0.04,0.077957,0.2086,nSEG,2,LIDAR,-0.058956999999999996,-0.008599999999999997,3.1029999999999998,0.04299999999999998,1.573
M11399,0.00055,5.5e-06,-0.5,0.5,0.05,0.077378,0.2334,nSEG,2,LIDAR,-0.058378,-0.033399999999999985,3.0725263157894735,0.16699999999999993,1.6197631578947367
M11400,0.00055,5.5e-06,-0.5,0.5,0.08,0.075877,0.2953,nSEG,2,LIDAR,-0.056877,-0.0953,2.993526315789474,0.4765,1.735013157894737
M11401,0.00055,5.5e-06,-0.25,-0.5,0.03,0.07898,0.2407,nSEG,2,LIDAR,-0.05997999999999999,-0.040699999999999986,3.1568421052631574,0.20349999999999993,1.6801710526315787
M11402,0.00055,5.5e-06,-0.25,-0.5,0.035,0.078685,0.2603,nSEG,2,LIDAR,-0.059685,-0.060299999999999965,3.1413157894736843,0.3014999999999998,1.721407894736842
M11403,0.00055,5.5e-06,-0.25,-0.5,0.04,0.078408,0.2786,nSEG,2,LIDAR,-0.059408,-0.0786,3.1267368421052635,0.393,1.7598684210526319
M11404,0.00055,5.5e-06,-0.25,-0.5,0.05,0.077898,0.312,nSEG,2,LIDAR,-0.05889799999999999,-0.11199999999999999,3.099894736842105,0.5599999999999999,1.8299473684210525
M11405,0.00055,5.5e-06,-0.25,-0.5,0.08,0.076578,0.3948,nSEG,2,LIDAR,-0.05757799999999999,-0.19479999999999997,3.0304210526315787,0.9739999999999999,2.0022105263157894
M11406,0.00055,5.5e-06,-0.25,-0.25,0.03,0.078984,0.2165,nSEG,2,LIDAR,-0.059983999999999996,-0.016499999999999987,3.157052631578947,0.08249999999999993,1.6197763157894736
M11407,0.00055,5.5e-06,-0.25,-0.25,0.035,0.078688,0.2342,nSEG,2,LIDAR,-0.05968799999999999,-0.03419999999999998,3.141473684210526,0.1709999999999999,1.656236842105263
M11408,0.00055,5.5e-06,-0.25,-0.25,0.04,0.07841,0.2506,nSEG,2,LIDAR,-0.05940999999999999,-0.05059999999999998,3.1268421052631576,0.2529999999999999,1.6899210526315787
M11409,0.00055,5.5e-06,-0.25,-0.25,0.05,0.077897,0.2807,nSEG,2,LIDAR,-0.05889699999999999,-0.0807,3.0998421052631575,0.40349999999999997,1.7516710526315786
M11410,0.00055,5.5e-06,-0.25,-0.25,0.08,0.076567,0.3554,nSEG,2,LIDAR,-0.05756699999999999,-0.15539999999999998,3.0298421052631577,0.7769999999999999,1.903421052631579
M11411,0.00055,5.5e-06,-0.25,0.0,0.03,0.078988,0.201,nSEG,2,LIDAR,-0.059988,-0.0010000000000000009,3.1572631578947368,0.0050000000000000044,1.5811315789473683
M11412,0.00055,5.5e-06,-0.25,0.0,0.035,0.078691,0.2173,nSEG,2,LIDAR,-0.059690999999999994,-0.017299999999999982,3.141631578947368,0.08649999999999991,1.614065789473684
M11413,0.00055,5.5e-06,-0.25,0.0,0.04,0.078413,0.2325,nSEG,2,LIDAR,-0.059412999999999994,-0.0325,3.127,0.1625,1.64475
M11414,0.00055,5.5e-06,-0.25,0.0,0.05,0.077898,0.2604,nSEG,2,LIDAR,-0.05889799999999999,-0.06040000000000001,3.099894736842105,0.30200000000000005,1.7009473684210525
M11415,0.00055,5.5e-06,-0.25,0.0,0.08,0.076562,0.3297,nSEG,2,LIDAR,-0.057562,-0.12969999999999998,3.0295789473684214,0.6484999999999999,1.8390394736842106
M11416,0.00055,5.5e-06,-0.25,0.25,0.03,0.078991,0.1897,nSEG,2,LIDAR,-0.059991,0.010300000000000004,3.1574210526315794,0.05150000000000002,1.6044605263157896
M11417,0.00055,5.5e-06,-0.25,0.25,0.035,0.078695,0.205,nSEG,2,LIDAR,-0.059695,-0.004999999999999977,3.1418421052631578,0.024999999999999883,1.5834210526315788
M11418,0.00055,5.5e-06,-0.25,0.25,0.04,0.078415,0.2194,nSEG,2,LIDAR,-0.059414999999999996,-0.0194,3.1271052631578944,0.097,1.6120526315789472
M11419,0.00055,5.5e-06,-0.25,0.25,0.05,0.0779,0.2456,nSEG,2,LIDAR,-0.058899999999999994,-0.0456,3.0999999999999996,0.228,1.664
M11420,0.00055,5.5e-06,-0.25,0.25,0.08,0.076561,0.3111,nSEG,2,LIDAR,-0.057561,-0.11109999999999998,3.029526315789474,0.5554999999999999,1.7925131578947369
M11421,0.00055,5.5e-06,-0.25,0.5,0.03,0.078994,0.181,nSEG,2,LIDAR,-0.05999399999999999,0.019000000000000017,3.1575789473684206,0.09500000000000008,1.6262894736842104
M11422,0.00055,5.5e-06,-0.25,0.5,0.035,0.078697,0.1956,nSEG,2,LIDAR,-0.059697,0.004400000000000015,3.141947368421053,0.022000000000000075,1.5819736842105265
M11423,0.00055,5.5e-06,-0.25,0.5,0.04,0.078418,0.2092,nSEG,2,LIDAR,-0.059418,-0.009199999999999986,3.127263157894737,0.04599999999999993,1.5866315789473684
M11424,0.00055,5.5e-06,-0.25,0.5,0.05,0.077902,0.2342,nSEG,2,LIDAR,-0.058901999999999996,-0.03419999999999998,3.1001052631578947,0.1709999999999999,1.6355526315789473
M11425,0.00055,5.5e-06,-0.25,0.5,0.08,0.07656,0.2967,nSEG,2,LIDAR,-0.05756,-0.09670000000000001,3.0294736842105263,0.48350000000000004,1.756486842105263
M11426,0.00055,5.5e-06,0.0,-0.5,0.03,0.07923,0.2411,nSEG,2,LIDAR,-0.06022999999999999,-0.0411,3.1699999999999995,0.2055,1.6877499999999996
M11427,0.00055,5.5e-06,0.0,-0.5,0.035,0.078959,0.2608,nSEG,2,LIDAR,-0.059959,-0.060799999999999965,3.155736842105263,0.3039999999999998,1.7298684210526314
M11428,0.00055,5.5e-06,0.0,-0.5,0.04,0.078704,0.2792,nSEG,2,LIDAR,-0.05970399999999999,-0.07919999999999999,3.1423157894736837,0.39599999999999996,1.7691578947368418
M11429,0.00055,5.5e-06,0.0,-0.5,0.05,0.078235,0.3127,nSEG,2,LIDAR,-0.059234999999999996,-0.11269999999999997,3.117631578947368,0.5634999999999998,1.840565789473684
M11430,0.00055,5.5e-06,0.0,-0.5,0.08,0.077019,0.396,nSEG,2,LIDAR,-0.058019,-0.196,3.0536315789473685,0.98,2.016815789473684
M11431,0.00055,5.5e-06,0.0,-0.25,0.03,0.079235,0.2169,nSEG,2,LIDAR,-0.060235,-0.0169,3.1702631578947367,0.08449999999999999,1.6273815789473682
M11432,0.00055,5.5e-06,0.0,-0.25,0.035,0.078962,0.2346,nSEG,2,LIDAR,-0.059962,-0.03459999999999999,3.1558947368421055,0.17299999999999996,1.6644473684210528
M11433,0.00055,5.5e-06,0.0,-0.25,0.04,0.078706,0.2511,nSEG,2,LIDAR,-0.059705999999999995,-0.05109999999999998,3.142421052631579,0.2554999999999999,1.6989605263157894
M11434,0.00055,5.5e-06,0.0,-0.25,0.05,0.078234,0.2813,nSEG,2,LIDAR,-0.059233999999999995,-0.08129999999999998,3.117578947368421,0.4064999999999999,1.7620394736842104
M11435,0.00055,5.5e-06,0.0,-0.25,0.08,0.07701,0.3565,nSEG,2,LIDAR,-0.05800999999999999,-0.15649999999999997,3.0531578947368416,0.7824999999999999,1.9178289473684207
M11436,0.00055,5.5e-06,0.0,0.0,0.03,0.079239,0.2013,nSEG,2,LIDAR,-0.060239,-0.0012999999999999956,3.1704736842105263,0.006499999999999978,1.5884868421052631
M11437,0.00055,5.5e-06,0.0,0.0,0.035,0.078965,0.2177,nSEG,2,LIDAR,-0.05996499999999999,-0.017699999999999994,3.1560526315789468,0.08849999999999997,1.6222763157894733
M11438,0.00055,5.5e-06,0.0,0.0,0.04,0.078709,0.233,nSEG,2,LIDAR,-0.059709,-0.033,3.142578947368421,0.165,1.6537894736842105
M11439,0.00055,5.5e-06,0.0,0.0,0.05,0.078235,0.2609,nSEG,2,LIDAR,-0.059234999999999996,-0.06090000000000001,3.117631578947368,0.30450000000000005,1.711065789473684
M11440,0.00055,5.5e-06,0.0,0.0,0.08,0.077005,0.3307,nSEG,2,LIDAR,-0.058005,-0.13069999999999998,3.0528947368421053,0.6534999999999999,1.8531973684210525
M11441,0.00055,5.5e-06,0.0,0.25,0.03,0.079242,0.19,nSEG,2,LIDAR,-0.060242000000000004,0.010000000000000009,3.170631578947369,0.050000000000000044,1.6103157894736846
M11442,0.00055,5.5e-06,0.0,0.25,0.035,0.078968,0.2054,nSEG,2,LIDAR,-0.059967999999999994,-0.005399999999999988,3.1562105263157894,0.02699999999999994,1.5916052631578947
M11443,0.00055,5.5e-06,0.0,0.25,0.04,0.078711,0.2198,nSEG,2,LIDAR,-0.059711,-0.019799999999999984,3.142684210526316,0.09899999999999992,1.6208421052631579
M11444,0.00055,5.5e-06,0.0,0.25,0.05,0.078237,0.2462,nSEG,2,LIDAR,-0.059237,-0.04619999999999999,3.117736842105263,0.23099999999999996,1.6743684210526315
M11445,0.00055,5.5e-06,0.0,0.25,0.08,0.077004,0.312,nSEG,2,LIDAR,-0.058004,-0.11199999999999999,3.052842105263158,0.5599999999999999,1.806421052631579
M11446,0.00055,5.5e-06,0.0,0.5,0.03,0.079244,0.1813,nSEG,2,LIDAR,-0.06024399999999999,0.018700000000000022,3.1707368421052626,0.09350000000000011,1.6321184210526314
M11447,0.00055,5.5e-06,0.0,0.5,0.035,0.078971,0.196,nSEG,2,LIDAR,-0.059971,0.0040000000000000036,3.1563684210526315,0.020000000000000018,1.5881842105263158
M11448,0.00055,5.5e-06,0.0,0.5,0.04,0.078714,0.2096,nSEG,2,LIDAR,-0.059714,-0.009599999999999997,3.142842105263158,0.04799999999999999,1.595421052631579
M11449,0.00055,5.5e-06,0.0,0.5,0.05,0.078238,0.2347,nSEG,2,LIDAR,-0.059238,-0.03469999999999998,3.1177894736842107,0.1734999999999999,1.6456447368421052
M11450,0.00055,5.5e-06,0.0,0.5,0.08,0.077003,0.2975,nSEG,2,LIDAR,-0.058003,-0.09749999999999998,3.0527894736842107,0.4874999999999999,1.7701447368421053
M11451,0.00055,5.5e-06,0.25,-0.5,0.03,0.079411,0.2414,nSEG,2,LIDAR,-0.06041099999999999,-0.04139999999999999,3.1795263157894733,0.20699999999999996,1.6932631578947366
M11452,0.00055,5.5e-06,0.25,-0.5,0.035,0.079156,0.2612,nSEG,2,LIDAR,-0.060156,-0.06119999999999998,3.166105263157895,0.3059999999999999,1.7360526315789475
M11453,0.00055,5.5e-06,0.25,-0.5,0.04,0.078918,0.2796,nSEG,2,LIDAR,-0.059918,-0.0796,3.153578947368421,0.398,1.7757894736842106
M11454,0.00055,5.5e-06,0.25,-0.5,0.05,0.078478,0.3132,nSEG,2,LIDAR,-0.059478,-0.11319999999999997,3.130421052631579,0.5659999999999998,1.8482105263157895
M11455,0.00055,5.5e-06,0.25,-0.5,0.08,0.077339,0.3969,nSEG,2,LIDAR,-0.058339,-0.19689999999999996,3.0704736842105267,0.9844999999999998,2.0274868421052634
M11456,0.00055,5.5e-06,0.25,-0.25,0.03,0.079416,0.2172,nSEG,2,LIDAR,-0.060416,-0.017199999999999993,3.1797894736842105,0.08599999999999997,1.6328947368421052
M11457,0.00055,5.5e-06,0.25,-0.25,0.035,0.079159,0.2349,nSEG,2,LIDAR,-0.06015899999999999,-0.03489999999999999,3.1662631578947362,0.17449999999999993,1.6703815789473682
M11458,0.00055,5.5e-06,0.25,-0.25,0.04,0.078919,0.2515,nSEG,2,LIDAR,-0.059919,-0.05149999999999999,3.1536315789473686,0.25749999999999995,1.7055657894736842
M11459,0.00055,5.5e-06,0.25,-0.25,0.05,0.078477,0.2818,nSEG,2,LIDAR,-0.059477,-0.08179999999999998,3.1303684210526317,0.4089999999999999,1.7696842105263157
M11460,0.00055,5.5e-06,0.25,-0.25,0.08,0.077328,0.3572,nSEG,2,LIDAR,-0.05832799999999999,-0.1572,3.069894736842105,0.786,1.9279473684210524
M11461,0.00055,5.5e-06,0.25,0.0,0.03,0.079419,0.2015,nSEG,2,LIDAR,-0.060419,-0.0015000000000000013,3.1799473684210526,0.007500000000000007,1.5937236842105262
M11462,0.00055,5.5e-06,0.25,0.0,0.035,0.079163,0.218,nSEG,2,LIDAR,-0.060162999999999994,-0.017999999999999988,3.166473684210526,0.08999999999999994,1.6282368421052629
M11463,0.00055,5.5e-06,0.25,0.0,0.04,0.078922,0.2333,nSEG,2,LIDAR,-0.059922,-0.033299999999999996,3.1537894736842107,0.16649999999999998,1.6601447368421054
M11464,0.00055,5.5e-06,0.25,0.0,0.05,0.078478,0.2614,nSEG,2,LIDAR,-0.059478,-0.06140000000000001,3.130421052631579,0.30700000000000005,1.7187105263157896
M11465,0.00055,5.5e-06,0.25,0.0,0.08,0.077323,0.3314,nSEG,2,LIDAR,-0.058323,-0.13139999999999996,3.0696315789473685,0.6569999999999998,1.8633157894736843
M11466,0.00055,5.5e-06,0.25,0.25,0.03,0.079422,0.1902,nSEG,2,LIDAR,-0.060422000000000003,0.009800000000000003,3.180105263157895,0.049000000000000016,1.6145526315789476
M11467,0.00055,5.5e-06,0.25,0.25,0.035,0.079166,0.2057,nSEG,2,LIDAR,-0.060166,-0.005699999999999983,3.1666315789473685,0.028499999999999914,1.597565789473684
M11468,0.00055,5.5e-06,0.25,0.25,0.04,0.078925,0.2201,nSEG,2,LIDAR,-0.05992499999999999,-0.02009999999999998,3.1539473684210524,0.1004999999999999,1.627223684210526
M11469,0.00055,5.5e-06,0.25,0.25,0.05,0.078479,0.2466,nSEG,2,LIDAR,-0.05947899999999999,-0.0466,3.130473684210526,0.233,1.681736842105263
M11470,0.00055,5.5e-06,0.25,0.25,0.08,0.077326,0.3127,nSEG,2,LIDAR,-0.058326,-0.11269999999999997,3.0697894736842106,0.5634999999999998,1.8166447368421053
M11471,0.00055,5.5e-06,0.25,0.5,0.03,0.079425,0.1815,nSEG,2,LIDAR,-0.06042499999999999,0.018500000000000016,3.1802631578947365,0.09250000000000008,1.6363815789473684
M11472,0.00055,5.5e-06,0.25,0.5,0.035,0.079168,0.1962,nSEG,2,LIDAR,-0.060168,0.003799999999999998,3.166736842105263,0.01899999999999999,1.5928684210526316
M11473,0.00055,5.5e-06,0.25,0.5,0.04,0.078927,0.2099,nSEG,2,LIDAR,-0.059926999999999994,-0.009899999999999992,3.154052631578947,0.04949999999999996,1.6017763157894735
M11474,0.00055,5.5e-06,0.25,0.5,0.05,0.078481,0.2351,nSEG,2,LIDAR,-0.05948099999999999,-0.03509999999999999,3.130578947368421,0.17549999999999996,1.6530394736842104
M11475,0.00055,5.5e-06,0.25,0.5,0.08,0.077325,0.2982,nSEG,2,LIDAR,-0.058325,-0.09820000000000001,3.0697368421052635,0.49100000000000005,1.7803684210526318
M11476,0.00055,5.5e-06,0.5,-0.5,0.03,0.07955,0.2416,nSEG,2,LIDAR,-0.06054999999999999,-0.0416,3.1868421052631577,0.208,1.697421052631579
M11477,0.00055,5.5e-06,0.5,-0.5,0.035,0.079308,0.2614,nSEG,2,LIDAR,-0.060308,-0.06140000000000001,3.174105263157895,0.30700000000000005,1.7405526315789475
M11478,0.00055,5.5e-06,0.5,-0.5,0.04,0.079082,0.2799,nSEG,2,LIDAR,-0.060081999999999997,-0.07989999999999997,3.1622105263157896,0.39949999999999986,1.7808552631578947
M11479,0.00055,5.5e-06,0.5,-0.5,0.05,0.078665,0.3136,nSEG,2,LIDAR,-0.059664999999999996,-0.11359999999999998,3.140263157894737,0.5679999999999998,1.8541315789473685
M11480,0.00055,5.5e-06,0.5,-0.5,0.08,0.077585,0.3975,nSEG,2,LIDAR,-0.058585,-0.1975,3.083421052631579,0.9875,2.0354605263157897
M11481,0.00055,5.5e-06,0.5,-0.25,0.03,0.079554,0.2174,nSEG,2,LIDAR,-0.060554,-0.0174,3.1870526315789474,0.087,1.6370263157894738
M11482,0.00055,5.5e-06,0.5,-0.25,0.035,0.079312,0.2352,nSEG,2,LIDAR,-0.06031199999999999,-0.03519999999999998,3.1743157894736838,0.1759999999999999,1.6751578947368417
M11483,0.00055,5.5e-06,0.5,-0.25,0.04,0.079084,0.2518,nSEG,2,LIDAR,-0.060084,-0.05180000000000001,3.162315789473684,0.25900000000000006,1.710657894736842
M11484,0.00055,5.5e-06,0.5,-0.25,0.05,0.078664,0.2821,nSEG,2,LIDAR,-0.059663999999999995,-0.0821,3.1402105263157893,0.41050000000000003,1.7753552631578946
M11485,0.00055,5.5e-06,0.5,-0.25,0.08,0.077573,0.3578,nSEG,2,LIDAR,-0.058573,-0.1578,3.0827894736842105,0.7889999999999999,1.9358947368421053
M11486,0.00055,5.5e-06,0.5,0.0,0.03,0.079558,0.2017,nSEG,2,LIDAR,-0.060558,-0.0016999999999999793,3.187263157894737,0.008499999999999897,1.5978815789473684
M11487,0.00055,5.5e-06,0.5,0.0,0.035,0.079315,0.2182,nSEG,2,LIDAR,-0.060314999999999994,-0.018199999999999994,3.174473684210526,0.09099999999999997,1.6327368421052628
M11488,0.00055,5.5e-06,0.5,0.0,0.04,0.079086,0.2336,nSEG,2,LIDAR,-0.060086,-0.03359999999999999,3.1624210526315792,0.16799999999999995,1.6652105263157897
M11489,0.00055,5.5e-06,0.5,0.0,0.05,0.078665,0.2617,nSEG,2,LIDAR,-0.059664999999999996,-0.06169999999999998,3.140263157894737,0.3084999999999999,1.7243815789473684
M11490,0.00055,5.5e-06,0.5,0.0,0.08,0.077589,0.332,nSEG,2,LIDAR,-0.058589,-0.132,3.0836315789473687,0.66,1.8718157894736844
M11491,0.00055,5.5e-06,0.5,0.25,0.03,0.079561,0.1904,nSEG,2,LIDAR,-0.060561000000000004,0.009599999999999997,3.187421052631579,0.04799999999999999,1.6177105263157896
M11492,0.00055,5.5e-06,0.5,0.25,0.035,0.079318,0.2059,nSEG,2,LIDAR,-0.060318,-0.005899999999999989,3.1746315789473685,0.029499999999999943,1.6020657894736843
M11493,0.00055,5.5e-06,0.5,0.25,0.04,0.079089,0.2204,nSEG,2,LIDAR,-0.060089000000000004,-0.0204,3.1625789473684214,0.10200000000000001,1.6322894736842106
M11494,0.00055,5.5e-06,0.5,0.25,0.05,0.078666,0.2469,nSEG,2,LIDAR,-0.059666,-0.0469,3.140315789473684,0.2345,1.687407894736842
M11495,0.00055,5.5e-06,0.5,0.25,0.08,0.077587,0.3133,nSEG,2,LIDAR,-0.058587,-0.11330000000000001,3.0835263157894737,0.5665,1.8250131578947368
M11496,0.00055,5.5e-06,0.5,0.5,0.03,0.079563,0.1817,nSEG,2,LIDAR,-0.06056299999999999,0.01830000000000001,3.1875263157894733,0.09150000000000005,1.6395131578947366
M11497,0.00055,5.5e-06,0.5,0.5,0.035,0.07932,0.1964,nSEG,2,LIDAR,-0.06032,0.00360000000000002,3.174736842105263,0.0180000000000001,1.5963684210526317
M11498,0.00055,5.5e-06,0.5,0.5,0.04,0.079091,0.2102,nSEG,2,LIDAR,-0.06009099999999999,-0.010199999999999987,3.1626842105263155,0.050999999999999934,1.6068421052631576
M11499,0.00055,5.5e-06,0.5,0.5,0.05,0.078668,0.2354,nSEG,2,LIDAR,-0.059668,-0.03539999999999999,3.140421052631579,0.17699999999999994,1.6587105263157895
M11500,0.00055,5.5e-06,0.5,0.5,0.08,0.077586,0.2987,nSEG,2,LIDAR,-0.058586,-0.09870000000000001,3.083473684210526,0.49350000000000005,1.788486842105263
M11501,0.00055,1e-05,-0.5,-0.5,0.03,0.081371,0.2445,nSEG,2,LIDAR,-0.062370999999999996,-0.044499999999999984,3.2826842105263156,0.22249999999999992,1.7525921052631577
M11502,0.00055,1e-05,-0.5,-0.5,0.035,0.081036,0.2644,nSEG,2,LIDAR,-0.062035999999999994,-0.06440000000000001,3.265052631578947,0.32200000000000006,1.7935263157894736
M11503,0.00055,1e-05,-0.5,-0.5,0.04,0.080734,0.2829,nSEG,2,LIDAR,-0.061734,-0.08289999999999997,3.2491578947368422,0.41449999999999987,1.831828947368421
M11504,0.00055,1e-05,-0.5,-0.5,0.05,0.080182,0.3167,nSEG,2,LIDAR,-0.061182,-0.11669999999999997,3.220105263157895,0.5834999999999998,1.9018026315789474
M11505,0.00055,1e-05,-0.5,-0.5,0.08,0.078786,0.4007,nSEG,2,LIDAR,-0.05978599999999999,-0.2007,3.146631578947368,1.0034999999999998,2.075065789473684
M11506,0.00055,1e-05,-0.5,-0.25,0.03,0.081374,0.2199,nSEG,2,LIDAR,-0.062374,-0.0199,3.282842105263158,0.0995,1.6911710526315789
M11507,0.00055,1e-05,-0.5,-0.25,0.035,0.081044,0.2378,nSEG,2,LIDAR,-0.062044,-0.0378,3.2654736842105265,0.189,1.7272368421052633
M11508,0.00055,1e-05,-0.5,-0.25,0.04,0.080733,0.2545,nSEG,2,LIDAR,-0.061732999999999996,-0.05449999999999999,3.2491052631578947,0.27249999999999996,1.7608026315789473
M11509,0.00055,1e-05,-0.5,-0.25,0.05,0.080175,0.2849,nSEG,2,LIDAR,-0.06117499999999999,-0.08489999999999998,3.219736842105263,0.4244999999999999,1.8221184210526316
M11510,0.00055,1e-05,-0.5,-0.25,0.08,0.078761,0.3606,nSEG,2,LIDAR,-0.059760999999999995,-0.16059999999999997,3.145315789473684,0.8029999999999998,1.974157894736842
M11511,0.00055,1e-05,-0.5,0.0,0.03,0.081378,0.2041,nSEG,2,LIDAR,-0.062378,-0.0040999999999999925,3.2830526315789474,0.020499999999999963,1.6517763157894736
M11512,0.00055,1e-05,-0.5,0.0,0.035,0.081052,0.2207,nSEG,2,LIDAR,-0.062051999999999996,-0.020699999999999996,3.265894736842105,0.10349999999999998,1.6846973684210524
M11513,0.00055,1e-05,-0.5,0.0,0.04,0.080734,0.2361,nSEG,2,LIDAR,-0.061734,-0.03609999999999999,3.2491578947368422,0.18049999999999997,1.714828947368421
M11514,0.00055,1e-05,-0.5,0.0,0.05,0.080173,0.2643,nSEG,2,LIDAR,-0.06117299999999999,-0.06429999999999997,3.219631578947368,0.32149999999999984,1.770565789473684
M11515,0.00055,1e-05,-0.5,0.0,0.08,0.07875,0.3346,nSEG,2,LIDAR,-0.05975,-0.1346,3.1447368421052633,0.6729999999999999,1.9088684210526317
M11516,0.00055,1e-05,-0.5,0.25,0.03,0.08139,0.1927,nSEG,2,LIDAR,-0.06239,0.007300000000000001,3.283684210526316,0.036500000000000005,1.660092105263158
M11517,0.00055,1e-05,-0.5,0.25,0.035,0.081055,0.2082,nSEG,2,LIDAR,-0.062055,-0.008199999999999985,3.2660526315789475,0.040999999999999925,1.6535263157894737
M11518,0.00055,1e-05,-0.5,0.25,0.04,0.080743,0.2228,nSEG,2,LIDAR,-0.06174299999999999,-0.022799999999999987,3.249631578947368,0.11399999999999993,1.681815789473684
M11519,0.00055,1e-05,-0.5,0.25,0.05,0.080173,0.2493,nSEG,2,LIDAR,-0.06117299999999999,-0.04929999999999998,3.219631578947368,0.2464999999999999,1.7330657894736838
M11520,0.00055,1e-05,-0.5,0.25,0.08,0.078743,0.3157,nSEG,2,LIDAR,-0.05974299999999999,-0.11569999999999997,3.144368421052631,0.5784999999999998,1.8614342105263155
M11521,0.00055,1e-05,-0.5,0.5,0.03,0.081393,0.1838,nSEG,2,LIDAR,-0.06239299999999999,0.01620000000000002,3.2838421052631577,0.0810000000000001,1.6824210526315788
M11522,0.00055,1e-05,-0.5,0.5,0.035,0.081066,0.1986,nSEG,2,LIDAR,-0.062065999999999996,0.0014000000000000123,3.266631578947368,0.007000000000000062,1.6368157894736841
M11523,0.00055,1e-05,-0.5,0.5,0.04,0.080745,0.2124,nSEG,2,LIDAR,-0.061744999999999994,-0.012399999999999994,3.249736842105263,0.06199999999999997,1.6558684210526313
M11524,0.00055,1e-05,-0.5,0.5,0.05,0.080174,0.2377,nSEG,2,LIDAR,-0.06117399999999999,-0.037699999999999984,3.2196842105263155,0.18849999999999992,1.7040921052631577
M11525,0.00055,1e-05,-0.5,0.5,0.08,0.07874,0.301,nSEG,2,LIDAR,-0.05974,-0.10099999999999998,3.14421052631579,0.5049999999999999,1.8246052631578948
M11526,0.00055,1e-05,-0.25,-0.5,0.03,0.081753,0.2451,nSEG,2,LIDAR,-0.062753,-0.0451,3.3027894736842107,0.2255,1.7641447368421053
M11527,0.00055,1e-05,-0.25,-0.5,0.035,0.08146,0.2651,nSEG,2,LIDAR,-0.06246,-0.06509999999999999,3.2873684210526317,0.32549999999999996,1.8064342105263158
M11528,0.00055,1e-05,-0.25,-0.5,0.04,0.081186,0.2837,nSEG,2,LIDAR,-0.06218599999999999,-0.0837,3.272947368421052,0.4185,1.845723684210526
M11529,0.00055,1e-05,-0.25,-0.5,0.05,0.080695,0.3178,nSEG,2,LIDAR,-0.061695,-0.11780000000000002,3.247105263157895,0.5890000000000001,1.9180526315789475
M11530,0.00055,1e-05,-0.25,-0.5,0.08,0.079455,0.4025,nSEG,2,LIDAR,-0.060454999999999995,-0.2025,3.181842105263158,1.0125,2.097171052631579
M11531,0.00055,1e-05,-0.25,-0.25,0.03,0.081756,0.2205,nSEG,2,LIDAR,-0.06275599999999999,-0.02049999999999999,3.3029473684210524,0.10249999999999995,1.7027236842105262
M11532,0.00055,1e-05,-0.25,-0.25,0.035,0.081467,0.2385,nSEG,2,LIDAR,-0.062466999999999995,-0.03849999999999998,3.287736842105263,0.1924999999999999,1.7401184210526315
M11533,0.00055,1e-05,-0.25,-0.25,0.04,0.08119,0.2552,nSEG,2,LIDAR,-0.062189999999999995,-0.05519999999999997,3.273157894736842,0.27599999999999986,1.7745789473684208
M11534,0.00055,1e-05,-0.25,-0.25,0.05,0.080687,0.2859,nSEG,2,LIDAR,-0.06168699999999999,-0.08589999999999998,3.2466842105263156,0.4294999999999999,1.8380921052631578
M11535,0.00055,1e-05,-0.25,-0.25,0.08,0.07943,0.3622,nSEG,2,LIDAR,-0.06043,-0.1622,3.1805263157894736,0.811,1.9957631578947368
M11536,0.00055,1e-05,-0.25,0.0,0.03,0.081759,0.2046,nSEG,2,LIDAR,-0.062759,-0.004599999999999993,3.3031052631578945,0.022999999999999965,1.6630526315789473
M11537,0.00055,1e-05,-0.25,0.0,0.035,0.081469,0.2212,nSEG,2,LIDAR,-0.062469,-0.021199999999999997,3.2878421052631577,0.10599999999999998,1.6969210526315788
M11538,0.00055,1e-05,-0.25,0.0,0.04,0.081198,0.2368,nSEG,2,LIDAR,-0.062198,-0.0368,3.273578947368421,0.184,1.7287894736842107
M11539,0.00055,1e-05,-0.25,0.0,0.05,0.080684,0.2652,nSEG,2,LIDAR,-0.061684,-0.06519999999999998,3.246526315789474,0.3259999999999999,1.786263157894737
M11540,0.00055,1e-05,-0.25,0.0,0.08,0.079417,0.3361,nSEG,2,LIDAR,-0.060417,-0.1361,3.179842105263158,0.6805,1.930171052631579
M11541,0.00055,1e-05,-0.25,0.25,0.03,0.081771,0.1931,nSEG,2,LIDAR,-0.062771,0.006900000000000017,3.303736842105263,0.034500000000000086,1.6691184210526315
M11542,0.00055,1e-05,-0.25,0.25,0.035,0.081472,0.2088,nSEG,2,LIDAR,-0.062472,-0.008800000000000002,3.2880000000000003,0.04400000000000001,1.6660000000000001
M11543,0.00055,1e-05,-0.25,0.25,0.04,0.0812,0.2234,nSEG,2,LIDAR,-0.06219999999999999,-0.023399999999999976,3.2736842105263153,0.11699999999999988,1.6953421052631577
M11544,0.00055,1e-05,-0.25,0.25,0.05,0.080685,0.2502,nSEG,2,LIDAR,-0.061685000000000004,-0.05019999999999997,3.2465789473684215,0.25099999999999983,1.7487894736842107
M11545,0.00055,1e-05,-0.25,0.25,0.08,0.07941,0.3171,nSEG,2,LIDAR,-0.06040999999999999,-0.11709999999999998,3.179473684210526,0.5854999999999999,1.882486842105263
M11546,0.00055,1e-05,-0.25,0.5,0.03,0.081774,0.1843,nSEG,2,LIDAR,-0.062774,0.01570000000000002,3.303894736842105,0.0785000000000001,1.6911973684210526
M11547,0.00055,1e-05,-0.25,0.5,0.035,0.081475,0.1991,nSEG,2,LIDAR,-0.062475,0.0009000000000000119,3.2881578947368424,0.0045000000000000595,1.6463289473684213
M11548,0.00055,1e-05,-0.25,0.5,0.04,0.081202,0.213,nSEG,2,LIDAR,-0.06220199999999999,-0.012999999999999984,3.2737894736842104,0.06499999999999992,1.6693947368421052
M11549,0.00055,1e-05,-0.25,0.5,0.05,0.080685,0.2385,nSEG,2,LIDAR,-0.061685000000000004,-0.03849999999999998,3.2465789473684215,0.1924999999999999,1.7195394736842107
M11550,0.00055,1e-05,-0.25,0.5,0.08,0.079406,0.3024,nSEG,2,LIDAR,-0.060406,-0.10239999999999999,3.179263157894737,0.5119999999999999,1.8456315789473685
M11551,0.00055,1e-05,0.0,-0.5,0.03,0.081998,0.2454,nSEG,2,LIDAR,-0.062998,-0.045399999999999996,3.315684210526316,0.22699999999999998,1.771342105263158
M11552,0.00055,1e-05,0.0,-0.5,0.035,0.081729,0.2656,nSEG,2,LIDAR,-0.062729,-0.06559999999999999,3.301526315789473,0.32799999999999996,1.8147631578947365
M11553,0.00055,1e-05,0.0,-0.5,0.04,0.081483,0.2843,nSEG,2,LIDAR,-0.062483,-0.08429999999999999,3.288578947368421,0.42149999999999993,1.8550394736842104
M11554,0.00055,1e-05,0.0,-0.5,0.05,0.081024,0.3185,nSEG,2,LIDAR,-0.062023999999999996,-0.1185,3.2644210526315787,0.5924999999999999,1.9284605263157892
M11555,0.00055,1e-05,0.0,-0.5,0.08,0.079886,0.4036,nSEG,2,LIDAR,-0.060885999999999996,-0.2036,3.2045263157894737,1.018,2.111263157894737
M11556,0.00055,1e-05,0.0,-0.25,0.03,0.082001,0.2208,nSEG,2,LIDAR,-0.063001,-0.020799999999999985,3.315842105263158,0.10399999999999993,1.7099210526315791
M11557,0.00055,1e-05,0.0,-0.25,0.035,0.081735,0.2389,nSEG,2,LIDAR,-0.062735,-0.03889999999999999,3.301842105263158,0.19449999999999995,1.748171052631579
M11558,0.00055,1e-05,0.0,-0.25,0.04,0.08148,0.2557,nSEG,2,LIDAR,-0.062479999999999994,-0.05569999999999997,3.2884210526315787,0.27849999999999986,1.7834605263157892
M11559,0.00055,1e-05,0.0,-0.25,0.05,0.081016,0.2865,nSEG,2,LIDAR,-0.062016,-0.08649999999999997,3.2640000000000002,0.43249999999999983,1.84825
M11560,0.00055,1e-05,0.0,-0.25,0.08,0.07986,0.3633,nSEG,2,LIDAR,-0.06086,-0.1633,3.203157894736842,0.8165,2.0098289473684208
M11561,0.00055,1e-05,0.0,0.0,0.03,0.082004,0.2049,nSEG,2,LIDAR,-0.06300399999999999,-0.004899999999999988,3.3159999999999994,0.02449999999999994,1.6702499999999996
M11562,0.00055,1e-05,0.0,0.0,0.035,0.081737,0.2216,nSEG,2,LIDAR,-0.062737,-0.02159999999999998,3.301947368421053,0.1079999999999999,1.7049736842105265
M11563,0.00055,1e-05,0.0,0.0,0.04,0.081487,0.2372,nSEG,2,LIDAR,-0.062487,-0.03719999999999998,3.2887894736842105,0.18599999999999992,1.7373947368421052
M11564,0.00055,1e-05,0.0,0.0,0.05,0.081014,0.2657,nSEG,2,LIDAR,-0.062014,-0.06569999999999998,3.263894736842105,0.3284999999999999,1.7961973684210526
M11565,0.00055,1e-05,0.0,0.0,0.08,0.079847,0.337,nSEG,2,LIDAR,-0.060847,-0.137,3.2024736842105264,0.685,1.9437368421052632
M11566,0.00055,1e-05,0.0,0.25,0.03,0.082015,0.1934,nSEG,2,LIDAR,-0.063015,0.0066000000000000225,3.3165789473684213,0.03300000000000011,1.6747894736842106
M11567,0.00055,1e-05,0.0,0.25,0.035,0.08174,0.2091,nSEG,2,LIDAR,-0.06273999999999999,-0.009099999999999997,3.302105263157894,0.045499999999999985,1.6738026315789472
M11568,0.00055,1e-05,0.0,0.25,0.04,0.081489,0.2238,nSEG,2,LIDAR,-0.062489,-0.023799999999999988,3.2888947368421055,0.11899999999999994,1.7039473684210527
M11569,0.00055,1e-05,0.0,0.25,0.05,0.08102,0.2507,nSEG,2,LIDAR,-0.06201999999999999,-0.05069999999999997,3.264210526315789,0.25349999999999984,1.7588552631578944
M11570,0.00055,1e-05,0.0,0.25,0.08,0.07984,0.318,nSEG,2,LIDAR,-0.06083999999999999,-0.118,3.2021052631578946,0.59,1.8960526315789472
M11571,0.00055,1e-05,0.0,0.5,0.03,0.082018,0.1845,nSEG,2,LIDAR,-0.06301799999999999,0.015500000000000014,3.3167368421052625,0.07750000000000007,1.6971184210526313
M11572,0.00055,1e-05,0.0,0.5,0.035,0.081742,0.1995,nSEG,2,LIDAR,-0.06274199999999999,0.0005000000000000004,3.3022105263157893,0.0025000000000000022,1.6523552631578946
M11573,0.00055,1e-05,0.0,0.5,0.04,0.081491,0.2134,nSEG,2,LIDAR,-0.06249099999999999,-0.013399999999999995,3.2889999999999997,0.06699999999999998,1.678
M11574,0.00055,1e-05,0.0,0.5,0.05,0.081021,0.2391,nSEG,2,LIDAR,-0.06202099999999999,-0.039099999999999996,3.2642631578947365,0.19549999999999998,1.7298815789473683
M11575,0.00055,1e-05,0.0,0.5,0.08,0.079836,0.3032,nSEG,2,LIDAR,-0.060836,-0.10320000000000001,3.2018947368421053,0.516,1.8589473684210527
M11576,0.00055,1e-05,0.25,-0.5,0.03,0.082174,0.2457,nSEG,2,LIDAR,-0.063174,-0.04569999999999999,3.324947368421052,0.22849999999999995,1.776723684210526
M11577,0.00055,1e-05,0.25,-0.5,0.035,0.081928,0.2659,nSEG,2,LIDAR,-0.062928,-0.06590000000000001,3.312,0.32950000000000007,1.8207499999999999
M11578,0.00055,1e-05,0.25,-0.5,0.04,0.081691,0.2847,nSEG,2,LIDAR,-0.062691,-0.0847,3.2995263157894734,0.4235,1.8615131578947368
M11579,0.00055,1e-05,0.25,-0.5,0.05,0.081262,0.3189,nSEG,2,LIDAR,-0.062262,-0.1189,3.2769473684210526,0.5945,1.9357236842105263
M11580,0.00055,1e-05,0.25,-0.5,0.08,0.080197,0.4044,nSEG,2,LIDAR,-0.061197,-0.20439999999999997,3.2208947368421055,1.0219999999999998,2.1214473684210526
M11581,0.00055,1e-05,0.25,-0.25,0.03,0.082177,0.2211,nSEG,2,LIDAR,-0.063177,-0.02109999999999998,3.325105263157895,0.1054999999999999,1.7153026315789472
M11582,0.00055,1e-05,0.25,-0.25,0.035,0.081928,0.2392,nSEG,2,LIDAR,-0.062928,-0.039199999999999985,3.312,0.19599999999999992,1.7539999999999998
M11583,0.00055,1e-05,0.25,-0.25,0.04,0.081695,0.2561,nSEG,2,LIDAR,-0.062695,-0.05609999999999998,3.299736842105263,0.2804999999999999,1.7901184210526315
M11584,0.00055,1e-05,0.25,-0.25,0.05,0.081261,0.2869,nSEG,2,LIDAR,-0.062261,-0.08689999999999998,3.276894736842105,0.4344999999999999,1.8556973684210525
M11585,0.00055,1e-05,0.25,-0.25,0.08,0.080171,0.364,nSEG,2,LIDAR,-0.061171,-0.16399999999999998,3.219526315789474,0.8199999999999998,2.0197631578947366
M11586,0.00055,1e-05,0.25,0.0,0.03,0.08218,0.2051,nSEG,2,LIDAR,-0.06318,-0.005099999999999993,3.325263157894737,0.025499999999999967,1.6753815789473685
M11587,0.00055,1e-05,0.25,0.0,0.035,0.08193,0.2219,nSEG,2,LIDAR,-0.06293,-0.021899999999999975,3.312105263157895,0.10949999999999988,1.7108026315789473
M11588,0.00055,1e-05,0.25,0.0,0.04,0.081695,0.2375,nSEG,2,LIDAR,-0.062695,-0.03749999999999998,3.299736842105263,0.1874999999999999,1.7436184210526315
M11589,0.00055,1e-05,0.25,0.0,0.05,0.081258,0.2662,nSEG,2,LIDAR,-0.062257999999999994,-0.06619999999999998,3.276736842105263,0.3309999999999999,1.8038684210526315
M11590,0.00055,1e-05,0.25,0.0,0.08,0.080158,0.3377,nSEG,2,LIDAR,-0.06115799999999999,-0.1377,3.2188421052631573,0.6884999999999999,1.9536710526315786
M11591,0.00055,1e-05,0.25,0.25,0.03,0.082191,0.1936,nSEG,2,LIDAR,-0.063191,0.006400000000000017,3.325842105263158,0.032000000000000084,1.678921052631579
M11592,0.00055,1e-05,0.25,0.25,0.035,0.081933,0.2094,nSEG,2,LIDAR,-0.062933,-0.009399999999999992,3.312263157894737,0.04699999999999996,1.6796315789473686
M11593,0.00055,1e-05,0.25,0.25,0.04,0.081697,0.2241,nSEG,2,LIDAR,-0.062697,-0.024099999999999983,3.299842105263158,0.12049999999999991,1.710171052631579
M11594,0.00055,1e-05,0.25,0.25,0.05,0.081258,0.2511,nSEG,2,LIDAR,-0.062257999999999994,-0.05109999999999998,3.276736842105263,0.2554999999999999,1.7661184210526315
M11595,0.00055,1e-05,0.25,0.25,0.08,0.080151,0.3186,nSEG,2,LIDAR,-0.061151,-0.11859999999999998,3.2184736842105264,0.5929999999999999,1.9057368421052632
M11596,0.00055,1e-05,0.25,0.5,0.03,0.082195,0.1847,nSEG,2,LIDAR,-0.063195,0.015300000000000008,3.3260526315789476,0.07650000000000004,1.701276315789474
M11597,0.00055,1e-05,0.25,0.5,0.035,0.081935,0.1997,nSEG,2,LIDAR,-0.06293499999999999,0.00030000000000002247,3.312368421052631,0.0015000000000001124,1.6569342105263156
M11598,0.00055,1e-05,0.25,0.5,0.04,0.081699,0.2137,nSEG,2,LIDAR,-0.06269899999999999,-0.01369999999999999,3.2999473684210523,0.06849999999999995,1.684223684210526
M11599,0.00055,1e-05,0.25,0.5,0.05,0.081264,0.2394,nSEG,2,LIDAR,-0.062264,-0.03939999999999999,3.2770526315789477,0.19699999999999995,1.7370263157894739
M11600,0.00055,1e-05,0.25,0.5,0.08,0.080146,0.3038,nSEG,2,LIDAR,-0.06114599999999999,-0.1038,3.218210526315789,0.519,1.8686052631578947
M11601,0.00055,1e-05,0.5,-0.5,0.03,0.08231,0.2459,nSEG,2,LIDAR,-0.06330999999999999,-0.045899999999999996,3.3321052631578945,0.22949999999999998,1.7808026315789471
M11602,0.00055,1e-05,0.5,-0.5,0.035,0.082076,0.2661,nSEG,2,LIDAR,-0.063076,-0.06609999999999999,3.31978947368421,0.33049999999999996,1.825144736842105
M11603,0.00055,1e-05,0.5,-0.5,0.04,0.081852,0.285,nSEG,2,LIDAR,-0.06285199999999999,-0.08499999999999996,3.308,0.4249999999999998,1.8664999999999998
M11604,0.00055,1e-05,0.5,-0.5,0.05,0.081445,0.3193,nSEG,2,LIDAR,-0.062445,-0.11929999999999996,3.286578947368421,0.5964999999999998,1.9415394736842104
M11605,0.00055,1e-05,0.5,-0.5,0.08,0.080437,0.405,nSEG,2,LIDAR,-0.06143699999999999,-0.20500000000000002,3.233526315789473,1.025,2.1292631578947363
M11606,0.00055,1e-05,0.5,-0.25,0.03,0.082313,0.2212,nSEG,2,LIDAR,-0.063313,-0.021199999999999997,3.3322631578947366,0.10599999999999998,1.7191315789473682
M11607,0.00055,1e-05,0.5,-0.25,0.035,0.082076,0.2394,nSEG,2,LIDAR,-0.063076,-0.03939999999999999,3.31978947368421,0.19699999999999995,1.7583947368421051
M11608,0.00055,1e-05,0.5,-0.25,0.04,0.081855,0.2563,nSEG,2,LIDAR,-0.062855,-0.05629999999999996,3.308157894736842,0.2814999999999998,1.794828947368421
M11609,0.00055,1e-05,0.5,-0.25,0.05,0.081444,0.2873,nSEG,2,LIDAR,-0.062444,-0.08729999999999999,3.2865263157894735,0.43649999999999994,1.8615131578947368
M11610,0.00055,1e-05,0.5,-0.25,0.08,0.080411,0.3645,nSEG,2,LIDAR,-0.06141099999999999,-0.16449999999999998,3.232157894736842,0.8224999999999999,2.027328947368421
M11611,0.00055,1e-05,0.5,0.0,0.03,0.082316,0.2053,nSEG,2,LIDAR,-0.063316,-0.005299999999999999,3.3324210526315787,0.026499999999999996,1.6794605263157893
M11612,0.00055,1e-05,0.5,0.0,0.035,0.082078,0.2221,nSEG,2,LIDAR,-0.063078,-0.02209999999999998,3.3198947368421052,0.1104999999999999,1.7151973684210526
M11613,0.00055,1e-05,0.5,0.0,0.04,0.081856,0.2378,nSEG,2,LIDAR,-0.062856,-0.0378,3.3082105263157895,0.189,1.7486052631578948
M11614,0.00055,1e-05,0.5,0.0,0.05,0.081441,0.2665,nSEG,2,LIDAR,-0.062440999999999997,-0.0665,3.2863684210526314,0.3325,1.8094342105263157
M11615,0.00055,1e-05,0.5,0.0,0.08,0.080397,0.3382,nSEG,2,LIDAR,-0.06139699999999999,-0.1382,3.2314210526315787,0.691,1.9612105263157893
M11616,0.00055,1e-05,0.5,0.25,0.03,0.082327,0.1938,nSEG,2,LIDAR,-0.063327,0.006200000000000011,3.3329999999999997,0.031000000000000055,1.682
M11617,0.00055,1e-05,0.5,0.25,0.035,0.082081,0.2096,nSEG,2,LIDAR,-0.063081,-0.009599999999999997,3.3200526315789474,0.04799999999999999,1.6840263157894737
M11618,0.00055,1e-05,0.5,0.25,0.04,0.081858,0.2243,nSEG,2,LIDAR,-0.062858,-0.02429999999999999,3.308315789473684,0.12149999999999994,1.7149078947368421
M11619,0.00055,1e-05,0.5,0.25,0.05,0.081446,0.2514,nSEG,2,LIDAR,-0.062446,-0.0514,3.2866315789473686,0.257,1.7718157894736843
M11620,0.00055,1e-05,0.5,0.25,0.08,0.08039,0.3191,nSEG,2,LIDAR,-0.06139,-0.11909999999999998,3.2310526315789474,0.5954999999999999,1.9132763157894737
M11621,0.00055,1e-05,0.5,0.5,0.03,0.08233,0.1849,nSEG,2,LIDAR,-0.06333,0.015100000000000002,3.333157894736842,0.07550000000000001,1.7043289473684209
M11622,0.00055,1e-05,0.5,0.5,0.035,0.082083,0.1999,nSEG,2,LIDAR,-0.063083,0.00010000000000001674,3.3201578947368424,0.0005000000000000837,1.6603289473684213
M11623,0.00055,1e-05,0.5,0.5,0.04,0.08186,0.2139,nSEG,2,LIDAR,-0.06286,-0.013899999999999996,3.308421052631579,0.06949999999999998,1.6889605263157896
M11624,0.00055,1e-05,0.5,0.5,0.05,0.081447,0.2397,nSEG,2,LIDAR,-0.062447,-0.039699999999999985,3.286684210526316,0.19849999999999993,1.742592105263158
M11625,0.00055,1e-05,0.5,0.5,0.08,0.080385,0.3043,nSEG,2,LIDAR,-0.061384999999999995,-0.1043,3.23078947368421,0.5215,1.8761447368421051
M11626,0.00055,5.5e-05,-0.5,-0.5,0.03,0.10544,0.2798,nSEG,2,LIDAR,-0.08644,-0.07979999999999998,4.549473684210526,0.3989999999999999,2.474236842105263
M11627,0.00055,5.5e-05,-0.5,-0.5,0.035,0.10529,0.3031,nSEG,2,LIDAR,-0.08628999999999999,-0.10309999999999997,4.5415789473684205,0.5154999999999998,2.5285394736842104
M11628,0.00055,5.5e-05,-0.5,-0.5,0.04,0.10515,0.3247,nSEG,2,LIDAR,-0.08614999999999999,-0.12469999999999998,4.534210526315789,0.6234999999999998,2.5788552631578945
M11629,0.00055,5.5e-05,-0.5,-0.5,0.05,0.10488,0.3642,nSEG,2,LIDAR,-0.08588,-0.1642,4.52,0.8210000000000001,2.6704999999999997
M11630,0.00055,5.5e-05,-0.5,-0.5,0.08,0.10406,0.4625,nSEG,2,LIDAR,-0.08506,-0.2625,4.476842105263158,1.3125,2.894671052631579
M11631,0.00055,5.5e-05,-0.5,-0.25,0.03,0.10535,0.2516,nSEG,2,LIDAR,-0.08635,-0.05159999999999998,4.544736842105263,0.2579999999999999,2.4013684210526316
M11632,0.00055,5.5e-05,-0.5,-0.25,0.035,0.10518,0.2725,nSEG,2,LIDAR,-0.08617999999999999,-0.07250000000000001,4.53578947368421,0.36250000000000004,2.449144736842105
M11633,0.00055,5.5e-05,-0.5,-0.25,0.04,0.10498,0.2919,nSEG,2,LIDAR,-0.08598,-0.09189999999999998,4.525263157894737,0.4594999999999999,2.4923815789473687
M11634,0.00055,5.5e-05,-0.5,-0.25,0.05,0.10471,0.3275,nSEG,2,LIDAR,-0.08571,-0.1275,4.511052631578947,0.6375,2.5742763157894735
M11635,0.00055,5.5e-05,-0.5,-0.25,0.08,0.10393,0.4164,nSEG,2,LIDAR,-0.08492999999999999,-0.21639999999999998,4.47,1.0819999999999999,2.776
M11636,0.00055,5.5e-05,-0.5,0.0,0.03,0.10536,0.2334,nSEG,2,LIDAR,-0.08635999999999999,-0.033399999999999985,4.545263157894737,0.16699999999999993,2.3561315789473682
M11637,0.00055,5.5e-05,-0.5,0.0,0.035,0.10509,0.2526,nSEG,2,LIDAR,-0.08609,-0.05259999999999998,4.531052631578947,0.2629999999999999,2.3970263157894736
M11638,0.00055,5.5e-05,-0.5,0.0,0.04,0.10491,0.2707,nSEG,2,LIDAR,-0.08591,-0.07069999999999999,4.521578947368421,0.3534999999999999,2.43753947368421
M11639,0.00055,5.5e-05,-0.5,0.0,0.05,0.10456,0.3036,nSEG,2,LIDAR,-0.08556,-0.10359999999999997,4.503157894736842,0.5179999999999998,2.510578947368421
M11640,0.00055,5.5e-05,-0.5,0.0,0.08,0.10377,0.3862,nSEG,2,LIDAR,-0.08477,-0.18619999999999998,4.461578947368421,0.9309999999999998,2.6962894736842107
M11641,0.00055,5.5e-05,-0.5,0.25,0.03,0.10528,0.2202,nSEG,2,LIDAR,-0.08628,-0.020199999999999996,4.541052631578947,0.10099999999999998,2.3210263157894735
M11642,0.00055,5.5e-05,-0.5,0.25,0.035,0.10503,0.2383,nSEG,2,LIDAR,-0.08603,-0.0383,4.527894736842105,0.1915,2.3596973684210525
M11643,0.00055,5.5e-05,-0.5,0.25,0.04,0.10485,0.2553,nSEG,2,LIDAR,-0.08585,-0.055300000000000016,4.518421052631579,0.2765000000000001,2.3974605263157898
M11644,0.00055,5.5e-05,-0.5,0.25,0.05,0.10448,0.2863,nSEG,2,LIDAR,-0.08548,-0.08629999999999999,4.498947368421053,0.43149999999999994,2.4652236842105264
M11645,0.00055,5.5e-05,-0.5,0.25,0.08,0.10365,0.3642,nSEG,2,LIDAR,-0.08465,-0.1642,4.455263157894737,0.8210000000000001,2.6381315789473683
M11646,0.00055,5.5e-05,-0.5,0.5,0.03,0.10523,0.2099,nSEG,2,LIDAR,-0.08623,-0.009899999999999992,4.538421052631579,0.04949999999999996,2.2939605263157894
M11647,0.00055,5.5e-05,-0.5,0.5,0.035,0.10506,0.2273,nSEG,2,LIDAR,-0.08606,-0.02729999999999999,4.529473684210526,0.13649999999999995,2.332986842105263
M11648,0.00055,5.5e-05,-0.5,0.5,0.04,0.10479,0.2433,nSEG,2,LIDAR,-0.08578999999999999,-0.04329999999999998,4.515263157894736,0.2164999999999999,2.365881578947368
M11649,0.00055,5.5e-05,-0.5,0.5,0.05,0.10445,0.2729,nSEG,2,LIDAR,-0.08545,-0.07289999999999996,4.497368421052632,0.3644999999999998,2.4309342105263156
M11650,0.00055,5.5e-05,-0.5,0.5,0.08,0.10356,0.3472,nSEG,2,LIDAR,-0.08456,-0.1472,4.450526315789474,0.736,2.5932631578947367
M11651,0.00055,5.5e-05,-0.25,-0.5,0.03,0.10577,0.2803,nSEG,2,LIDAR,-0.08677,-0.08029999999999998,4.566842105263158,0.4014999999999999,2.4841710526315786
M11652,0.00055,5.5e-05,-0.25,-0.5,0.035,0.10564,0.3036,nSEG,2,LIDAR,-0.08664,-0.10359999999999997,4.56,0.5179999999999998,2.5389999999999997
M11653,0.00055,5.5e-05,-0.25,-0.5,0.04,0.10553,0.3253,nSEG,2,LIDAR,-0.08653,-0.12529999999999997,4.5542105263157895,0.6264999999999998,2.5903552631578948
M11654,0.00055,5.5e-05,-0.25,-0.5,0.05,0.10532,0.365,nSEG,2,LIDAR,-0.08632,-0.16499999999999998,4.543157894736842,0.8249999999999998,2.684078947368421
M11655,0.00055,5.5e-05,-0.25,-0.5,0.08,0.10462,0.4638,nSEG,2,LIDAR,-0.08562,-0.2638,4.5063157894736845,1.3189999999999997,2.9126578947368422
M11656,0.00055,5.5e-05,-0.25,-0.25,0.03,0.10567,0.252,nSEG,2,LIDAR,-0.08667,-0.05199999999999999,4.561578947368421,0.25999999999999995,2.4107894736842104
M11657,0.00055,5.5e-05,-0.25,-0.25,0.035,0.10553,0.273,nSEG,2,LIDAR,-0.08653,-0.07300000000000001,4.5542105263157895,0.36500000000000005,2.459605263157895
M11658,0.00055,5.5e-05,-0.25,-0.25,0.04,0.10536,0.2924,nSEG,2,LIDAR,-0.08635999999999999,-0.09239999999999998,4.545263157894737,0.4619999999999999,2.503631578947368
M11659,0.00055,5.5e-05,-0.25,-0.25,0.05,0.10515,0.3282,nSEG,2,LIDAR,-0.08614999999999999,-0.12819999999999998,4.534210526315789,0.6409999999999999,2.5876052631578945
M11660,0.00055,5.5e-05,-0.25,-0.25,0.08,0.10451,0.4176,nSEG,2,LIDAR,-0.08551,-0.21760000000000002,4.500526315789474,1.088,2.7942631578947372
M11661,0.00055,5.5e-05,-0.25,0.0,0.03,0.10567,0.2338,nSEG,2,LIDAR,-0.08667,-0.0338,4.561578947368421,0.16899999999999998,2.3652894736842103
M11662,0.00055,5.5e-05,-0.25,0.0,0.035,0.10544,0.2531,nSEG,2,LIDAR,-0.08644,-0.05309999999999998,4.549473684210526,0.2654999999999999,2.4074868421052633
M11663,0.00055,5.5e-05,-0.25,0.0,0.04,0.10529,0.2712,nSEG,2,LIDAR,-0.08628999999999999,-0.07119999999999999,4.5415789473684205,0.3559999999999999,2.44878947368421
M11664,0.00055,5.5e-05,-0.25,0.0,0.05,0.105,0.3042,nSEG,2,LIDAR,-0.086,-0.10420000000000001,4.526315789473684,0.521,2.523657894736842
M11665,0.00055,5.5e-05,-0.25,0.0,0.08,0.10434,0.3873,nSEG,2,LIDAR,-0.08534,-0.18729999999999997,4.491578947368422,0.9364999999999998,2.7140394736842106
M11666,0.00055,5.5e-05,-0.25,0.25,0.03,0.10559,0.2205,nSEG,2,LIDAR,-0.08659,-0.02049999999999999,4.557368421052631,0.10249999999999995,2.3299342105263157
M11667,0.00055,5.5e-05,-0.25,0.25,0.035,0.10547,0.2388,nSEG,2,LIDAR,-0.08646999999999999,-0.0388,4.551052631578947,0.194,2.3725263157894734
M11668,0.00055,5.5e-05,-0.25,0.25,0.04,0.10522,0.2557,nSEG,2,LIDAR,-0.08621999999999999,-0.05569999999999997,4.537894736842105,0.27849999999999986,2.4081973684210527
M11669,0.00055,5.5e-05,-0.25,0.25,0.05,0.10491,0.2869,nSEG,2,LIDAR,-0.08591,-0.08689999999999998,4.521578947368421,0.4344999999999999,2.4780394736842104
M11670,0.00055,5.5e-05,-0.25,0.25,0.08,0.10423,0.3653,nSEG,2,LIDAR,-0.08523,-0.1653,4.4857894736842105,0.8265,2.6561447368421054
M11671,0.00055,5.5e-05,-0.25,0.5,0.03,0.10554,0.2102,nSEG,2,LIDAR,-0.08653999999999999,-0.010199999999999987,4.554736842105263,0.050999999999999934,2.3028684210526316
M11672,0.00055,5.5e-05,-0.25,0.5,0.035,0.1054,0.2276,nSEG,2,LIDAR,-0.08639999999999999,-0.027599999999999986,4.5473684210526315,0.13799999999999993,2.3426842105263157
M11673,0.00055,5.5e-05,-0.25,0.5,0.04,0.10517,0.2438,nSEG,2,LIDAR,-0.08617,-0.04379999999999998,4.535263157894737,0.2189999999999999,2.3771315789473686
M11674,0.00055,5.5e-05,-0.25,0.5,0.05,0.10488,0.2735,nSEG,2,LIDAR,-0.08588,-0.07350000000000001,4.52,0.36750000000000005,2.4437499999999996
M11675,0.00055,5.5e-05,-0.25,0.5,0.08,0.10414,0.3482,nSEG,2,LIDAR,-0.08514,-0.1482,4.481052631578947,0.741,2.6110263157894735
M11676,0.00055,5.5e-05,0.0,-0.5,0.03,0.10597,0.2806,nSEG,2,LIDAR,-0.08696999999999999,-0.0806,4.577368421052631,0.403,2.4901842105263157
M11677,0.00055,5.5e-05,0.0,-0.5,0.035,0.10587,0.3039,nSEG,2,LIDAR,-0.08687,-0.10389999999999999,4.572105263157895,0.5195,2.5458026315789475
M11678,0.00055,5.5e-05,0.0,-0.5,0.04,0.10578,0.3257,nSEG,2,LIDAR,-0.08678,-0.12569999999999998,4.567368421052631,0.6284999999999998,2.5979342105263155
M11679,0.00055,5.5e-05,0.0,-0.5,0.05,0.1056,0.3655,nSEG,2,LIDAR,-0.0866,-0.16549999999999998,4.557894736842105,0.8274999999999999,2.6926973684210522
M11680,0.00055,5.5e-05,0.0,-0.5,0.08,0.105,0.4647,nSEG,2,LIDAR,-0.086,-0.2647,4.526315789473684,1.3235,2.924907894736842
M11681,0.00055,5.5e-05,0.0,-0.25,0.03,0.10587,0.2523,nSEG,2,LIDAR,-0.08687,-0.05230000000000001,4.572105263157895,0.26150000000000007,2.4168026315789475
M11682,0.00055,5.5e-05,0.0,-0.25,0.035,0.10576,0.2733,nSEG,2,LIDAR,-0.08676,-0.07329999999999998,4.566315789473684,0.3664999999999999,2.466407894736842
M11683,0.00055,5.5e-05,0.0,-0.25,0.04,0.1056,0.2928,nSEG,2,LIDAR,-0.0866,-0.0928,4.557894736842105,0.46399999999999997,2.5109473684210526
M11684,0.00055,5.5e-05,0.0,-0.25,0.05,0.1054,0.3286,nSEG,2,LIDAR,-0.08639999999999999,-0.1286,4.5473684210526315,0.6429999999999999,2.5951842105263156
M11685,0.00055,5.5e-05,0.0,-0.25,0.08,0.10488,0.4183,nSEG,2,LIDAR,-0.08588,-0.2183,4.52,1.0915,2.8057499999999997
M11686,0.00055,5.5e-05,0.0,0.0,0.03,0.10587,0.234,nSEG,2,LIDAR,-0.08687,-0.034,4.572105263157895,0.17,2.3710526315789475
M11687,0.00055,5.5e-05,0.0,0.0,0.035,0.10566,0.2534,nSEG,2,LIDAR,-0.08666,-0.0534,4.5610526315789475,0.267,2.414026315789474
M11688,0.00055,5.5e-05,0.0,0.0,0.04,0.10555,0.2715,nSEG,2,LIDAR,-0.08655,-0.07150000000000001,4.555263157894737,0.35750000000000004,2.4563815789473686
M11689,0.00055,5.5e-05,0.0,0.0,0.05,0.10528,0.3047,nSEG,2,LIDAR,-0.08628,-0.10470000000000002,4.541052631578947,0.5235000000000001,2.5322763157894737
M11690,0.00055,5.5e-05,0.0,0.0,0.08,0.10471,0.388,nSEG,2,LIDAR,-0.08571,-0.188,4.511052631578947,0.94,2.725526315789473
M11691,0.00055,5.5e-05,0.0,0.25,0.03,0.10579,0.2207,nSEG,2,LIDAR,-0.08678999999999999,-0.020699999999999996,4.567894736842105,0.10349999999999998,2.3356973684210525
M11692,0.00055,5.5e-05,0.0,0.25,0.035,0.10568,0.2391,nSEG,2,LIDAR,-0.08668,-0.039099999999999996,4.562105263157894,0.19549999999999998,2.3788026315789472
M11693,0.00055,5.5e-05,0.0,0.25,0.04,0.10547,0.256,nSEG,2,LIDAR,-0.08646999999999999,-0.055999999999999994,4.551052631578947,0.27999999999999997,2.4155263157894735
M11694,0.00055,5.5e-05,0.0,0.25,0.05,0.10519,0.2873,nSEG,2,LIDAR,-0.08619,-0.08729999999999999,4.536315789473685,0.43649999999999994,2.486407894736842
M11695,0.00055,5.5e-05,0.0,0.25,0.08,0.10459,0.3659,nSEG,2,LIDAR,-0.08559,-0.1659,4.504736842105263,0.8294999999999999,2.6671184210526313
M11696,0.00055,5.5e-05,0.0,0.5,0.03,0.10574,0.2104,nSEG,2,LIDAR,-0.08674,-0.010399999999999993,4.565263157894737,0.05199999999999996,2.3086315789473684
M11697,0.00055,5.5e-05,0.0,0.5,0.035,0.10562,0.2279,nSEG,2,LIDAR,-0.08662,-0.02789999999999998,4.558947368421053,0.1394999999999999,2.3492236842105263
M11698,0.00055,5.5e-05,0.0,0.5,0.04,0.10542,0.2441,nSEG,2,LIDAR,-0.08642,-0.0441,4.5484210526315785,0.2205,2.3844605263157894
M11699,0.00055,5.5e-05,0.0,0.5,0.05,0.10516,0.2739,nSEG,2,LIDAR,-0.08616,-0.07389999999999997,4.534736842105263,0.36949999999999983,2.4521184210526314
M11700,0.00055,5.5e-05,0.0,0.5,0.08,0.1045,0.3488,nSEG,2,LIDAR,-0.08549999999999999,-0.1488,4.5,0.7439999999999999,2.622
M11701,0.00055,5.5e-05,0.25,-0.5,0.03,0.10616,0.2808,nSEG,2,LIDAR,-0.08716,-0.08079999999999998,4.5873684210526315,0.4039999999999999,2.4956842105263157
M11702,0.00055,5.5e-05,0.25,-0.5,0.035,0.10604,0.3042,nSEG,2,LIDAR,-0.08703999999999999,-0.10420000000000001,4.581052631578947,0.521,2.5510263157894735
M11703,0.00055,5.5e-05,0.25,-0.5,0.04,0.10596,0.326,nSEG,2,LIDAR,-0.08696,-0.126,4.576842105263157,0.63,2.6034210526315786
M11704,0.00055,5.5e-05,0.25,-0.5,0.05,0.1058,0.3659,nSEG,2,LIDAR,-0.0868,-0.1659,4.568421052631579,0.8294999999999999,2.6989605263157896
M11705,0.00055,5.5e-05,0.25,-0.5,0.08,0.10527,0.4653,nSEG,2,LIDAR,-0.08627,-0.2653,4.5405263157894735,1.3264999999999998,2.933513157894737
M11706,0.00055,5.5e-05,0.25,-0.25,0.03,0.10603,0.2525,nSEG,2,LIDAR,-0.08703,-0.05249999999999999,4.580526315789474,0.26249999999999996,2.421513157894737
M11707,0.00055,5.5e-05,0.25,-0.25,0.035,0.10592,0.2735,nSEG,2,LIDAR,-0.08692,-0.07350000000000001,4.574736842105263,0.36750000000000005,2.4711184210526316
M11708,0.00055,5.5e-05,0.25,-0.25,0.04,0.10578,0.293,nSEG,2,LIDAR,-0.08678,-0.09299999999999997,4.567368421052631,0.46499999999999986,2.5161842105263155
M11709,0.00055,5.5e-05,0.25,-0.25,0.05,0.10561,0.3289,nSEG,2,LIDAR,-0.08660999999999999,-0.12890000000000001,4.558421052631578,0.6445000000000001,2.601460526315789
M11710,0.00055,5.5e-05,0.25,-0.25,0.08,0.10515,0.4189,nSEG,2,LIDAR,-0.08614999999999999,-0.21889999999999998,4.534210526315789,1.0944999999999998,2.8143552631578945
M11711,0.00055,5.5e-05,0.25,0.0,0.03,0.10601,0.2342,nSEG,2,LIDAR,-0.08700999999999999,-0.03419999999999998,4.579473684210526,0.1709999999999999,2.375236842105263
M11712,0.00055,5.5e-05,0.25,0.0,0.035,0.10582,0.2536,nSEG,2,LIDAR,-0.08682,-0.05359999999999998,4.569473684210526,0.2679999999999999,2.418736842105263
M11713,0.00055,5.5e-05,0.25,0.0,0.04,0.10572,0.2717,nSEG,2,LIDAR,-0.08671999999999999,-0.07169999999999999,4.564210526315789,0.35849999999999993,2.4613552631578948
M11714,0.00055,5.5e-05,0.25,0.0,0.05,0.10548,0.305,nSEG,2,LIDAR,-0.08648,-0.10499999999999998,4.551578947368421,0.5249999999999999,2.5382894736842108
M11715,0.00055,5.5e-05,0.25,0.0,0.08,0.10498,0.3885,nSEG,2,LIDAR,-0.08598,-0.1885,4.525263157894737,0.9425,2.7338815789473685
M11716,0.00055,5.5e-05,0.25,0.25,0.03,0.10594,0.2209,nSEG,2,LIDAR,-0.08694,-0.020900000000000002,4.57578947368421,0.10450000000000001,2.340144736842105
M11717,0.00055,5.5e-05,0.25,0.25,0.035,0.10584,0.2392,nSEG,2,LIDAR,-0.08684,-0.039199999999999985,4.570526315789474,0.19599999999999992,2.3832631578947368
M11718,0.00055,5.5e-05,0.25,0.25,0.04,0.10564,0.2563,nSEG,2,LIDAR,-0.08664,-0.05629999999999996,4.56,0.2814999999999998,2.4207499999999995
M11719,0.00055,5.5e-05,0.25,0.25,0.05,0.10539,0.2876,nSEG,2,LIDAR,-0.08639,-0.08760000000000001,4.546842105263158,0.43800000000000006,2.492421052631579
M11720,0.00055,5.5e-05,0.25,0.25,0.08,0.10486,0.3664,nSEG,2,LIDAR,-0.08585999999999999,-0.1664,4.518947368421053,0.832,2.6754736842105262
M11721,0.00055,5.5e-05,0.25,0.5,0.03,0.10588,0.2106,nSEG,2,LIDAR,-0.08688,-0.010599999999999998,4.572631578947369,0.05299999999999999,2.3128157894736843
M11722,0.00055,5.5e-05,0.25,0.5,0.035,0.10578,0.2281,nSEG,2,LIDAR,-0.08678,-0.028099999999999986,4.567368421052631,0.14049999999999993,2.3539342105263157
M11723,0.00055,5.5e-05,0.25,0.5,0.04,0.10559,0.2443,nSEG,2,LIDAR,-0.08659,-0.04429999999999998,4.557368421052631,0.2214999999999999,2.3894342105263155
M11724,0.00055,5.5e-05,0.25,0.5,0.05,0.10536,0.2742,nSEG,2,LIDAR,-0.08635999999999999,-0.07419999999999999,4.545263157894737,0.37099999999999994,2.458131578947368
M11725,0.00055,5.5e-05,0.25,0.5,0.08,0.10477,0.3493,nSEG,2,LIDAR,-0.08577,-0.1493,4.5142105263157895,0.7464999999999999,2.630355263157895
M11726,0.00055,5.5e-05,0.5,-0.5,0.03,0.10627,0.281,nSEG,2,LIDAR,-0.08727,-0.08100000000000002,4.5931578947368426,0.4050000000000001,2.4990789473684214
M11727,0.00055,5.5e-05,0.5,-0.5,0.035,0.10616,0.3044,nSEG,2,LIDAR,-0.08716,-0.10439999999999999,4.5873684210526315,0.5219999999999999,2.554684210526316
M11728,0.00055,5.5e-05,0.5,-0.5,0.04,0.10609,0.3262,nSEG,2,LIDAR,-0.08709,-0.12619999999999998,4.583684210526316,0.6309999999999999,2.6073421052631582
M11729,0.00055,5.5e-05,0.5,-0.5,0.05,0.10596,0.3662,nSEG,2,LIDAR,-0.08696,-0.16620000000000001,4.576842105263157,0.8310000000000001,2.703921052631579
M11730,0.00055,5.5e-05,0.5,-0.5,0.08,0.10549,0.4658,nSEG,2,LIDAR,-0.08649,-0.2658,4.552105263157895,1.3289999999999997,2.940552631578947
M11731,0.00055,5.5e-05,0.5,-0.25,0.03,0.10615,0.2526,nSEG,2,LIDAR,-0.08714999999999999,-0.05259999999999998,4.586842105263157,0.2629999999999999,2.4249210526315785
M11732,0.00055,5.5e-05,0.5,-0.25,0.035,0.10605,0.2737,nSEG,2,LIDAR,-0.08705,-0.07369999999999999,4.581578947368421,0.36849999999999994,2.4750394736842107
M11733,0.00055,5.5e-05,0.5,-0.25,0.04,0.10592,0.2932,nSEG,2,LIDAR,-0.08692,-0.0932,4.574736842105263,0.466,2.520368421052632
M11734,0.00055,5.5e-05,0.5,-0.25,0.05,0.10576,0.3292,nSEG,2,LIDAR,-0.08676,-0.12919999999999998,4.566315789473684,0.6459999999999999,2.606157894736842
M11735,0.00055,5.5e-05,0.5,-0.25,0.08,0.10535,0.4193,nSEG,2,LIDAR,-0.08635,-0.2193,4.544736842105263,1.0964999999999998,2.8206184210526315
M11736,0.00055,5.5e-05,0.5,0.0,0.03,0.10612,0.2343,nSEG,2,LIDAR,-0.08712,-0.0343,4.585263157894737,0.17149999999999999,2.3783815789473683
M11737,0.00055,5.5e-05,0.5,0.0,0.035,0.10595,0.2537,nSEG,2,LIDAR,-0.08695,-0.05369999999999997,4.576315789473684,0.26849999999999985,2.4224078947368417
M11738,0.00055,5.5e-05,0.5,0.0,0.04,0.10586,0.2719,nSEG,2,LIDAR,-0.08685999999999999,-0.07189999999999996,4.571578947368421,0.3594999999999998,2.4655394736842102
M11739,0.00055,5.5e-05,0.5,0.0,0.05,0.10564,0.3052,nSEG,2,LIDAR,-0.08664,-0.10520000000000002,4.56,0.526,2.5429999999999997
M11740,0.00055,5.5e-05,0.5,0.0,0.08,0.10519,0.3889,nSEG,2,LIDAR,-0.08619,-0.1889,4.536315789473685,0.9445,2.740407894736842
M11741,0.00055,5.5e-05,0.5,0.25,0.03,0.10605,0.221,nSEG,2,LIDAR,-0.08705,-0.02099999999999999,4.581578947368421,0.10499999999999995,2.3432894736842105
M11742,0.00055,5.5e-05,0.5,0.25,0.035,0.10596,0.2394,nSEG,2,LIDAR,-0.08696,-0.03939999999999999,4.576842105263157,0.19699999999999995,2.3869210526315787
M11743,0.00055,5.5e-05,0.5,0.25,0.04,0.10578,0.2564,nSEG,2,LIDAR,-0.08678,-0.056400000000000006,4.567368421052631,0.28200000000000003,2.4246842105263156
M11744,0.00055,5.5e-05,0.5,0.25,0.05,0.10555,0.2878,nSEG,2,LIDAR,-0.08655,-0.08779999999999999,4.555263157894737,0.43899999999999995,2.4971315789473687
M11745,0.00055,5.5e-05,0.5,0.25,0.08,0.10507,0.3668,nSEG,2,LIDAR,-0.08607,-0.1668,4.529999999999999,0.834,2.6819999999999995
M11746,0.00055,5.5e-05,0.5,0.5,0.03,0.10599,0.2107,nSEG,2,LIDAR,-0.08699,-0.010699999999999987,4.578421052631579,0.053499999999999936,2.315960526315789
M11747,0.00055,5.5e-05,0.5,0.5,0.035,0.1059,0.2282,nSEG,2,LIDAR,-0.08689999999999999,-0.028199999999999975,4.573684210526316,0.14099999999999988,2.357342105263158
M11748,0.00055,5.5e-05,0.5,0.5,0.04,0.10581,0.2446,nSEG,2,LIDAR,-0.08681,-0.0446,4.568947368421052,0.223,2.395973684210526
M11749,0.00055,5.5e-05,0.5,0.5,0.05,0.10553,0.2744,nSEG,2,LIDAR,-0.08653,-0.07439999999999997,4.5542105263157895,0.37199999999999983,2.4631052631578947
M11750,0.00055,5.5e-05,0.5,0.5,0.08,0.10497,0.3497,nSEG,2,LIDAR,-0.08596999999999999,-0.1497,4.524736842105263,0.7484999999999999,2.6366184210526313
M11751,0.00055,0.0001,-0.5,-0.5,0.03,0.12462,0.3053,nSEG,2,LIDAR,-0.10561999999999999,-0.1053,5.558947368421053,0.5265,3.042723684210526
M11752,0.00055,0.0001,-0.5,-0.5,0.035,0.12459,0.3309,nSEG,2,LIDAR,-0.10559,-0.13090000000000002,5.557368421052632,0.6545000000000001,3.105934210526316
M11753,0.00055,0.0001,-0.5,-0.5,0.04,0.12464,0.3548,nSEG,2,LIDAR,-0.10564,-0.1548,5.56,0.7739999999999999,3.167
M11754,0.00055,0.0001,-0.5,-0.5,0.05,0.12474,0.3985,nSEG,2,LIDAR,-0.10574,-0.1985,5.565263157894737,0.9925,3.2788815789473684
M11755,0.00055,0.0001,-0.5,-0.5,0.08,0.1246,0.5073,nSEG,2,LIDAR,-0.1056,-0.30729999999999996,5.557894736842106,1.5364999999999998,3.5471973684210525
M11756,0.00055,0.0001,-0.5,-0.25,0.03,0.12421,0.2742,nSEG,2,LIDAR,-0.10521,-0.07419999999999999,5.537368421052632,0.37099999999999994,2.9541842105263156
M11757,0.00055,0.0001,-0.5,-0.25,0.035,0.12428,0.2973,nSEG,2,LIDAR,-0.10528,-0.0973,5.541052631578947,0.4865,3.0137763157894737
M11758,0.00055,0.0001,-0.5,-0.25,0.04,0.12422,0.3186,nSEG,2,LIDAR,-0.10522,-0.11859999999999998,5.537894736842105,0.5929999999999999,3.0654473684210526
M11759,0.00055,0.0001,-0.5,-0.25,0.05,0.12426,0.358,nSEG,2,LIDAR,-0.10525999999999999,-0.15799999999999997,5.54,0.7899999999999998,3.165
M11760,0.00055,0.0001,-0.5,-0.25,0.08,0.12416,0.4563,nSEG,2,LIDAR,-0.10516,-0.2563,5.534736842105263,1.2814999999999999,3.408118421052632
M11761,0.00055,0.0001,-0.5,0.0,0.03,0.12395,0.2541,nSEG,2,LIDAR,-0.10495,-0.05409999999999998,5.523684210526316,0.2704999999999999,2.897092105263158
M11762,0.00055,0.0001,-0.5,0.0,0.035,0.12399,0.2754,nSEG,2,LIDAR,-0.10499,-0.07539999999999997,5.525789473684211,0.37699999999999984,2.951394736842105
M11763,0.00055,0.0001,-0.5,0.0,0.04,0.12403,0.2954,nSEG,2,LIDAR,-0.10503,-0.09539999999999998,5.527894736842105,0.4769999999999999,3.002447368421053
M11764,0.00055,0.0001,-0.5,0.0,0.05,0.12396,0.3317,nSEG,2,LIDAR,-0.10496,-0.13169999999999998,5.524210526315789,0.6584999999999999,3.0913552631578947
M11765,0.00055,0.0001,-0.5,0.0,0.08,0.12393,0.4233,nSEG,2,LIDAR,-0.10493,-0.2233,5.522631578947368,1.1164999999999998,3.3195657894736836
M11766,0.00055,0.0001,-0.5,0.25,0.03,0.12376,0.2395,nSEG,2,LIDAR,-0.10475999999999999,-0.03949999999999998,5.513684210526315,0.1974999999999999,2.8555921052631574
M11767,0.00055,0.0001,-0.5,0.25,0.035,0.12379,0.2596,nSEG,2,LIDAR,-0.10479,-0.059599999999999986,5.515263157894736,0.29799999999999993,2.9066315789473682
M11768,0.00055,0.0001,-0.5,0.25,0.04,0.12381,0.2784,nSEG,2,LIDAR,-0.10481,-0.07839999999999997,5.516315789473684,0.39199999999999985,2.954157894736842
M11769,0.00055,0.0001,-0.5,0.25,0.05,0.12386,0.3129,nSEG,2,LIDAR,-0.10486,-0.1129,5.518947368421053,0.5645,3.041723684210526
M11770,0.00055,0.0001,-0.5,0.25,0.08,0.12367,0.3992,nSEG,2,LIDAR,-0.10467,-0.1992,5.508947368421053,0.9959999999999999,3.252473684210526
M11771,0.00055,0.0001,-0.5,0.5,0.03,0.12362,0.2283,nSEG,2,LIDAR,-0.10461999999999999,-0.028299999999999992,5.506315789473684,0.14149999999999996,2.8239078947368417
M11772,0.00055,0.0001,-0.5,0.5,0.035,0.12363,0.2474,nSEG,2,LIDAR,-0.10463,-0.0474,5.506842105263158,0.237,2.871921052631579
M11773,0.00055,0.0001,-0.5,0.5,0.04,0.12364,0.2653,nSEG,2,LIDAR,-0.10464,-0.06529999999999997,5.5073684210526315,0.32649999999999985,2.916934210526316
M11774,0.00055,0.0001,-0.5,0.5,0.05,0.12366,0.2981,nSEG,2,LIDAR,-0.10466,-0.09809999999999997,5.508421052631579,0.4904999999999998,2.9994605263157896
M11775,0.00055,0.0001,-0.5,0.5,0.08,0.12345,0.3804,nSEG,2,LIDAR,-0.10445,-0.1804,5.497368421052632,0.902,3.199684210526316
M11776,0.00055,0.0001,-0.25,-0.5,0.03,0.1249,0.3057,nSEG,2,LIDAR,-0.1059,-0.10570000000000002,5.573684210526316,0.5285000000000001,3.051092105263158
M11777,0.00055,0.0001,-0.25,-0.5,0.035,0.1249,0.3313,nSEG,2,LIDAR,-0.1059,-0.13129999999999997,5.573684210526316,0.6564999999999999,3.115092105263158
M11778,0.00055,0.0001,-0.25,-0.5,0.04,0.12499,0.3553,nSEG,2,LIDAR,-0.10599,-0.1553,5.578421052631579,0.7765,3.177460526315789
M11779,0.00055,0.0001,-0.25,-0.5,0.05,0.12513,0.3991,nSEG,2,LIDAR,-0.10612999999999999,-0.1991,5.58578947368421,0.9954999999999999,3.290644736842105
M11780,0.00055,0.0001,-0.25,-0.5,0.08,0.12512,0.5084,nSEG,2,LIDAR,-0.10612,-0.30839999999999995,5.585263157894738,1.5419999999999996,3.5636315789473687
M11781,0.00055,0.0001,-0.25,-0.25,0.03,0.12449,0.2745,nSEG,2,LIDAR,-0.10549,-0.07450000000000001,5.552105263157895,0.37250000000000005,2.9623026315789476
M11782,0.00055,0.0001,-0.25,-0.25,0.035,0.12458,0.2977,nSEG,2,LIDAR,-0.10558,-0.09770000000000001,5.556842105263158,0.48850000000000005,3.022671052631579
M11783,0.00055,0.0001,-0.25,-0.25,0.04,0.12468,0.3193,nSEG,2,LIDAR,-0.10568,-0.11929999999999996,5.562105263157894,0.5964999999999998,3.079302631578947
M11784,0.00055,0.0001,-0.25,-0.25,0.05,0.12465,0.3586,nSEG,2,LIDAR,-0.10565,-0.15859999999999996,5.560526315789473,0.7929999999999998,3.1767631578947366
M11785,0.00055,0.0001,-0.25,-0.25,0.08,0.12468,0.4573,nSEG,2,LIDAR,-0.10568,-0.2573,5.562105263157894,1.2864999999999998,3.4243026315789473
M11786,0.00055,0.0001,-0.25,0.0,0.03,0.12423,0.2544,nSEG,2,LIDAR,-0.10522999999999999,-0.054400000000000004,5.538421052631579,0.272,2.9052105263157895
M11787,0.00055,0.0001,-0.25,0.0,0.035,0.1243,0.2758,nSEG,2,LIDAR,-0.10529999999999999,-0.07579999999999998,5.542105263157894,0.3789999999999999,2.9605526315789468
M11788,0.00055,0.0001,-0.25,0.0,0.04,0.12436,0.2958,nSEG,2,LIDAR,-0.10536,-0.0958,5.545263157894737,0.479,3.0121315789473684
M11789,0.00055,0.0001,-0.25,0.0,0.05,0.12434,0.3323,nSEG,2,LIDAR,-0.10534,-0.13229999999999997,5.54421052631579,0.6614999999999999,3.102855263157895
M11790,0.00055,0.0001,-0.25,0.0,0.08,0.12444,0.4242,nSEG,2,LIDAR,-0.10543999999999999,-0.2242,5.549473684210526,1.121,3.335236842105263
M11791,0.00055,0.0001,-0.25,0.25,0.03,0.12404,0.2398,nSEG,2,LIDAR,-0.10504,-0.0398,5.528421052631579,0.199,2.8637105263157894
M11792,0.00055,0.0001,-0.25,0.25,0.035,0.12409,0.2599,nSEG,2,LIDAR,-0.10509,-0.05990000000000001,5.531052631578947,0.29950000000000004,2.9152763157894737
M11793,0.00055,0.0001,-0.25,0.25,0.04,0.12414,0.2788,nSEG,2,LIDAR,-0.10514,-0.07879999999999998,5.5336842105263155,0.3939999999999999,2.963842105263158
M11794,0.00055,0.0001,-0.25,0.25,0.05,0.12424,0.3134,nSEG,2,LIDAR,-0.10524,-0.1134,5.538947368421053,0.567,3.0529736842105266
M11795,0.00055,0.0001,-0.25,0.25,0.08,0.12418,0.4,nSEG,2,LIDAR,-0.10518,-0.2,5.53578947368421,1.0,3.267894736842105
M11796,0.00055,0.0001,-0.25,0.5,0.03,0.1239,0.2285,nSEG,2,LIDAR,-0.1049,-0.028499999999999998,5.521052631578947,0.1425,2.8317763157894738
M11797,0.00055,0.0001,-0.25,0.5,0.035,0.12393,0.2477,nSEG,2,LIDAR,-0.10493,-0.04769999999999999,5.522631578947368,0.23849999999999996,2.880565789473684
M11798,0.00055,0.0001,-0.25,0.5,0.04,0.12397,0.2656,nSEG,2,LIDAR,-0.10497,-0.06559999999999999,5.524736842105263,0.32799999999999996,2.9263684210526315
M11799,0.00055,0.0001,-0.25,0.5,0.05,0.12404,0.2986,nSEG,2,LIDAR,-0.10504,-0.09859999999999997,5.528421052631579,0.4929999999999998,3.010710526315789
M11800,0.00055,0.0001,-0.25,0.5,0.08,0.12396,0.3812,nSEG,2,LIDAR,-0.10496,-0.18119999999999997,5.524210526315789,0.9059999999999998,3.2151052631578945
M11801,0.00055,0.0001,0.0,-0.5,0.03,0.12508,0.3059,nSEG,2,LIDAR,-0.10608,-0.1059,5.583157894736842,0.5295,3.0563289473684208
M11802,0.00055,0.0001,0.0,-0.5,0.035,0.1251,0.3316,nSEG,2,LIDAR,-0.10609999999999999,-0.1316,5.584210526315789,0.6579999999999999,3.1211052631578946
M11803,0.00055,0.0001,0.0,-0.5,0.04,0.1252,0.3556,nSEG,2,LIDAR,-0.1062,-0.15560000000000002,5.589473684210526,0.778,3.1837368421052634
M11804,0.00055,0.0001,0.0,-0.5,0.05,0.12538,0.3996,nSEG,2,LIDAR,-0.10637999999999999,-0.1996,5.598947368421052,0.998,3.298473684210526
M11805,0.00055,0.0001,0.0,-0.5,0.08,0.12546,0.5091,nSEG,2,LIDAR,-0.10645999999999999,-0.3091,5.6031578947368414,1.5454999999999999,3.5743289473684206
M11806,0.00055,0.0001,0.0,-0.25,0.03,0.12467,0.2747,nSEG,2,LIDAR,-0.10567,-0.07469999999999999,5.561578947368421,0.37349999999999994,2.9675394736842104
M11807,0.00055,0.0001,0.0,-0.25,0.035,0.12478,0.2979,nSEG,2,LIDAR,-0.10578,-0.09789999999999999,5.567368421052632,0.48949999999999994,3.028434210526316
M11808,0.00055,0.0001,0.0,-0.25,0.04,0.12489,0.3196,nSEG,2,LIDAR,-0.10589,-0.11959999999999998,5.573157894736842,0.5979999999999999,3.085578947368421
M11809,0.00055,0.0001,0.0,-0.25,0.05,0.1249,0.3589,nSEG,2,LIDAR,-0.1059,-0.15889999999999999,5.573684210526316,0.7944999999999999,3.184092105263158
M11810,0.00055,0.0001,0.0,-0.25,0.08,0.12501,0.458,nSEG,2,LIDAR,-0.10601000000000001,-0.258,5.579473684210527,1.29,3.4347368421052633
M11811,0.00055,0.0001,0.0,0.0,0.03,0.1244,0.2546,nSEG,2,LIDAR,-0.1054,-0.05459999999999998,5.5473684210526315,0.2729999999999999,2.9101842105263156
M11812,0.00055,0.0001,0.0,0.0,0.035,0.1245,0.276,nSEG,2,LIDAR,-0.1055,-0.07600000000000001,5.552631578947368,0.38000000000000006,2.966315789473684
M11813,0.00055,0.0001,0.0,0.0,0.04,0.12458,0.2961,nSEG,2,LIDAR,-0.10558,-0.09609999999999996,5.556842105263158,0.4804999999999998,3.018671052631579
M11814,0.00055,0.0001,0.0,0.0,0.05,0.12459,0.3326,nSEG,2,LIDAR,-0.10559,-0.1326,5.557368421052632,0.6629999999999999,3.110184210526316
M11815,0.00055,0.0001,0.0,0.0,0.08,0.12477,0.4248,nSEG,2,LIDAR,-0.10577,-0.2248,5.5668421052631585,1.1239999999999999,3.345421052631579
M11816,0.00055,0.0001,0.0,0.25,0.03,0.12422,0.24,nSEG,2,LIDAR,-0.10522,-0.03999999999999998,5.537894736842105,0.1999999999999999,2.8689473684210527
M11817,0.00055,0.0001,0.0,0.25,0.035,0.12429,0.2602,nSEG,2,LIDAR,-0.10529,-0.060199999999999976,5.5415789473684205,0.3009999999999999,2.9212894736842103
M11818,0.00055,0.0001,0.0,0.25,0.04,0.12436,0.279,nSEG,2,LIDAR,-0.10536,-0.07900000000000001,5.545263157894737,0.3950000000000001,2.9701315789473686
M11819,0.00055,0.0001,0.0,0.25,0.05,0.12448,0.3137,nSEG,2,LIDAR,-0.10547999999999999,-0.11369999999999997,5.55157894736842,0.5684999999999998,3.06003947368421
M11820,0.00055,0.0001,0.0,0.25,0.08,0.12451,0.4006,nSEG,2,LIDAR,-0.10550999999999999,-0.2006,5.553157894736842,1.003,3.278078947368421
M11821,0.00055,0.0001,0.0,0.5,0.03,0.12408,0.2287,nSEG,2,LIDAR,-0.10507999999999999,-0.028699999999999976,5.530526315789474,0.14349999999999988,2.8370131578947366
M11822,0.00055,0.0001,0.0,0.5,0.035,0.12413,0.2479,nSEG,2,LIDAR,-0.10513,-0.0479,5.533157894736842,0.2395,2.886328947368421
M11823,0.00055,0.0001,0.0,0.5,0.04,0.12418,0.2659,nSEG,2,LIDAR,-0.10518,-0.06590000000000001,5.53578947368421,0.32950000000000007,2.9326447368421054
M11824,0.00055,0.0001,0.0,0.5,0.05,0.12428,0.2989,nSEG,2,LIDAR,-0.10528,-0.09889999999999999,5.541052631578947,0.49449999999999994,3.0177763157894733
M11825,0.00055,0.0001,0.0,0.5,0.08,0.12429,0.3817,nSEG,2,LIDAR,-0.10529,-0.18169999999999997,5.5415789473684205,0.9084999999999999,3.2250394736842103
M11826,0.00055,0.0001,0.25,-0.5,0.03,0.12521,0.3061,nSEG,2,LIDAR,-0.10620999999999998,-0.10609999999999997,5.589999999999999,0.5304999999999999,3.0602499999999995
M11827,0.00055,0.0001,0.25,-0.5,0.035,0.12525,0.3318,nSEG,2,LIDAR,-0.10625,-0.13179999999999997,5.592105263157895,0.6589999999999998,3.1255526315789472
M11828,0.00055,0.0001,0.25,-0.5,0.04,0.12536,0.3558,nSEG,2,LIDAR,-0.10636,-0.1558,5.597894736842105,0.7789999999999999,3.1884473684210524
M11829,0.00055,0.0001,0.25,-0.5,0.05,0.12556,0.3999,nSEG,2,LIDAR,-0.10656,-0.19989999999999997,5.608421052631579,0.9994999999999998,3.303960526315789
M11830,0.00055,0.0001,0.25,-0.5,0.08,0.1257,0.5096,nSEG,2,LIDAR,-0.1067,-0.30960000000000004,5.61578947368421,1.548,3.5818947368421052
M11831,0.00055,0.0001,0.25,-0.25,0.03,0.1248,0.2749,nSEG,2,LIDAR,-0.10579999999999999,-0.07489999999999997,5.568421052631579,0.37449999999999983,2.9714605263157896
M11832,0.00055,0.0001,0.25,-0.25,0.035,0.12492,0.2981,nSEG,2,LIDAR,-0.10592,-0.09809999999999997,5.574736842105263,0.4904999999999998,3.0326184210526317
M11833,0.00055,0.0001,0.25,-0.25,0.04,0.12505,0.3198,nSEG,2,LIDAR,-0.10604999999999999,-0.11979999999999996,5.5815789473684205,0.5989999999999998,3.0902894736842104
M11834,0.00055,0.0001,0.25,-0.25,0.05,0.12508,0.3592,nSEG,2,LIDAR,-0.10608,-0.1592,5.583157894736842,0.796,3.189578947368421
M11835,0.00055,0.0001,0.25,-0.25,0.08,0.12525,0.4584,nSEG,2,LIDAR,-0.10625,-0.25839999999999996,5.592105263157895,1.2919999999999998,3.4420526315789473
M11836,0.00055,0.0001,0.25,0.0,0.03,0.12453,0.2547,nSEG,2,LIDAR,-0.10553,-0.05469999999999997,5.5542105263157895,0.27349999999999985,2.9138552631578944
M11837,0.00055,0.0001,0.25,0.0,0.035,0.12464,0.2762,nSEG,2,LIDAR,-0.10564,-0.07619999999999999,5.56,0.38099999999999995,2.9705
M11838,0.00055,0.0001,0.25,0.0,0.04,0.12473,0.2962,nSEG,2,LIDAR,-0.10572999999999999,-0.09620000000000001,5.564736842105263,0.48100000000000004,3.0228684210526313
M11839,0.00055,0.0001,0.25,0.0,0.05,0.12477,0.3329,nSEG,2,LIDAR,-0.10577,-0.13289999999999996,5.5668421052631585,0.6644999999999998,3.115671052631579
M11840,0.00055,0.0001,0.25,0.0,0.08,0.12501,0.4252,nSEG,2,LIDAR,-0.10601000000000001,-0.2252,5.579473684210527,1.126,3.352736842105263
M11841,0.00055,0.0001,0.25,0.25,0.03,0.12435,0.2401,nSEG,2,LIDAR,-0.10535,-0.0401,5.544736842105263,0.20049999999999998,2.8726184210526315
M11842,0.00055,0.0001,0.25,0.25,0.035,0.12443,0.2603,nSEG,2,LIDAR,-0.10543,-0.060299999999999965,5.548947368421053,0.3014999999999998,2.9252236842105264
M11843,0.00055,0.0001,0.25,0.25,0.04,0.12451,0.2792,nSEG,2,LIDAR,-0.10550999999999999,-0.07919999999999999,5.553157894736842,0.39599999999999996,2.9745789473684208
M11844,0.00055,0.0001,0.25,0.25,0.05,0.12466,0.3139,nSEG,2,LIDAR,-0.10566,-0.1139,5.5610526315789475,0.5695,3.0652763157894736
M11845,0.00055,0.0001,0.25,0.25,0.08,0.12474,0.401,nSEG,2,LIDAR,-0.10574,-0.201,5.565263157894737,1.005,3.2851315789473685
M11846,0.00055,0.0001,0.25,0.5,0.03,0.12421,0.2288,nSEG,2,LIDAR,-0.10521,-0.028799999999999992,5.537368421052632,0.14399999999999996,2.840684210526316
M11847,0.00055,0.0001,0.25,0.5,0.035,0.12427,0.248,nSEG,2,LIDAR,-0.10527,-0.04799999999999999,5.5405263157894735,0.23999999999999994,2.890263157894737
M11848,0.00055,0.0001,0.25,0.5,0.04,0.12434,0.266,nSEG,2,LIDAR,-0.10534,-0.066,5.54421052631579,0.33,2.937105263157895
M11849,0.00055,0.0001,0.25,0.5,0.05,0.12446,0.2991,nSEG,2,LIDAR,-0.10546,-0.09909999999999997,5.550526315789473,0.49549999999999983,3.0230131578947366
M11850,0.00055,0.0001,0.25,0.5,0.08,0.12452,0.3821,nSEG,2,LIDAR,-0.10552,-0.18209999999999998,5.553684210526316,0.9104999999999999,3.232092105263158
M11851,0.00055,0.0001,0.5,-0.5,0.03,0.12531,0.3062,nSEG,2,LIDAR,-0.10631,-0.10620000000000002,5.595263157894737,0.531,3.0631315789473685
M11852,0.00055,0.0001,0.5,-0.5,0.035,0.12536,0.3319,nSEG,2,LIDAR,-0.10636,-0.13189999999999996,5.597894736842105,0.6594999999999998,3.128697368421052
M11853,0.00055,0.0001,0.5,-0.5,0.04,0.12548,0.356,nSEG,2,LIDAR,-0.10648,-0.15599999999999997,5.60421052631579,0.7799999999999998,3.1921052631578952
M11854,0.00055,0.0001,0.5,-0.5,0.05,0.1257,0.4001,nSEG,2,LIDAR,-0.1067,-0.2001,5.61578947368421,1.0005,3.308144736842105
M11855,0.00055,0.0001,0.5,-0.5,0.08,0.1259,0.51,nSEG,2,LIDAR,-0.10690000000000001,-0.31,5.626315789473685,1.5499999999999998,3.588157894736842
M11856,0.00055,0.0001,0.5,-0.25,0.03,0.1249,0.275,nSEG,2,LIDAR,-0.1059,-0.07500000000000001,5.573684210526316,0.37500000000000006,2.974342105263158
M11857,0.00055,0.0001,0.5,-0.25,0.035,0.12503,0.2982,nSEG,2,LIDAR,-0.10603,-0.09820000000000001,5.580526315789474,0.49100000000000005,3.0357631578947366
M11858,0.00055,0.0001,0.5,-0.25,0.04,0.12517,0.3199,nSEG,2,LIDAR,-0.10617,-0.1199,5.587894736842105,0.5995,3.0936973684210525
M11859,0.00055,0.0001,0.5,-0.25,0.05,0.12522,0.3594,nSEG,2,LIDAR,-0.10622,-0.1594,5.590526315789473,0.7969999999999999,3.1937631578947365
M11860,0.00055,0.0001,0.5,-0.25,0.08,0.12544,0.4588,nSEG,2,LIDAR,-0.10643999999999999,-0.2588,5.6021052631578945,1.2939999999999998,3.448052631578947
M11861,0.00055,0.0001,0.5,0.0,0.03,0.12463,0.2548,nSEG,2,LIDAR,-0.10563,-0.054800000000000015,5.559473684210526,0.2740000000000001,2.916736842105263
M11862,0.00055,0.0001,0.5,0.0,0.035,0.12475,0.2763,nSEG,2,LIDAR,-0.10575,-0.07629999999999998,5.565789473684211,0.3814999999999999,2.9736447368421053
M11863,0.00055,0.0001,0.5,0.0,0.04,0.12485,0.2964,nSEG,2,LIDAR,-0.10585,-0.09639999999999999,5.571052631578947,0.48199999999999993,3.0265263157894737
M11864,0.00055,0.0001,0.5,0.0,0.05,0.12491,0.3331,nSEG,2,LIDAR,-0.10590999999999999,-0.1331,5.574210526315789,0.6655,3.1198552631578944
M11865,0.00055,0.0001,0.5,0.0,0.08,0.12519,0.4256,nSEG,2,LIDAR,-0.10618999999999999,-0.22559999999999997,5.588947368421052,1.1279999999999997,3.3584736842105256
M11866,0.00055,0.0001,0.5,0.25,0.03,0.12445,0.2402,nSEG,2,LIDAR,-0.10545,-0.040199999999999986,5.55,0.20099999999999993,2.8754999999999997
M11867,0.00055,0.0001,0.5,0.25,0.035,0.12454,0.2604,nSEG,2,LIDAR,-0.10554,-0.06040000000000001,5.554736842105263,0.30200000000000005,2.9283684210526317
M11868,0.00055,0.0001,0.5,0.25,0.04,0.12463,0.2794,nSEG,2,LIDAR,-0.10563,-0.07939999999999997,5.559473684210526,0.39699999999999985,2.978236842105263
M11869,0.00055,0.0001,0.5,0.25,0.05,0.12479,0.3141,nSEG,2,LIDAR,-0.10579,-0.11409999999999998,5.5678947368421055,0.5704999999999999,3.0691973684210527
M11870,0.00055,0.0001,0.5,0.25,0.08,0.12492,0.4013,nSEG,2,LIDAR,-0.10592,-0.20129999999999998,5.574736842105263,1.0064999999999997,3.2906184210526317
M11871,0.00055,0.0001,0.5,0.5,0.03,0.12431,0.2289,nSEG,2,LIDAR,-0.10531,-0.02889999999999998,5.542631578947368,0.1444999999999999,2.843565789473684
M11872,0.00055,0.0001,0.5,0.5,0.035,0.12438,0.2482,nSEG,2,LIDAR,-0.10538,-0.04819999999999999,5.5463157894736845,0.24099999999999996,2.893657894736842
M11873,0.00055,0.0001,0.5,0.5,0.04,0.12445,0.2662,nSEG,2,LIDAR,-0.10545,-0.06619999999999998,5.55,0.3309999999999999,2.9404999999999997
M11874,0.00055,0.0001,0.5,0.5,0.05,0.12459,0.2992,nSEG,2,LIDAR,-0.10559,-0.09920000000000001,5.557368421052632,0.49600000000000005,3.0266842105263163
M11875,0.00055,0.0001,0.5,0.5,0.08,0.12471,0.3824,nSEG,2,LIDAR,-0.10571,-0.1824,5.563684210526316,0.912,3.237842105263158
M11876,0.001,1e-06,-0.5,-0.5,0.03,0.096097,0.2667,nSEG,2,LIDAR,-0.077097,-0.06669999999999998,4.057736842105263,0.3334999999999999,2.1956184210526315
M11877,0.001,1e-06,-0.5,-0.5,0.035,0.095618,0.2883,nSEG,2,LIDAR,-0.07661799999999999,-0.08829999999999999,4.0325263157894735,0.44149999999999995,2.2370131578947365
M11878,0.001,1e-06,-0.5,-0.5,0.04,0.09517,0.3083,nSEG,2,LIDAR,-0.07617,-0.10830000000000001,4.008947368421053,0.5415,2.2752236842105265
M11879,0.001,1e-06,-0.5,-0.5,0.05,0.094344,0.3448,nSEG,2,LIDAR,-0.075344,-0.14479999999999998,3.9654736842105263,0.7239999999999999,2.344736842105263
M11880,0.001,1e-06,-0.5,-0.5,0.08,0.091932,0.434,nSEG,2,LIDAR,-0.072932,-0.23399999999999999,3.8385263157894736,1.17,2.5042631578947367
M11881,0.001,1e-06,-0.5,-0.25,0.03,0.096093,0.2399,nSEG,2,LIDAR,-0.077093,-0.03989999999999999,4.057526315789474,0.19949999999999996,2.1285131578947367
M11882,0.001,1e-06,-0.5,-0.25,0.035,0.095613,0.2593,nSEG,2,LIDAR,-0.076613,-0.059299999999999964,4.032263157894737,0.2964999999999998,2.1643815789473684
M11883,0.001,1e-06,-0.5,-0.25,0.04,0.095164,0.2773,nSEG,2,LIDAR,-0.076164,-0.07729999999999998,4.0086315789473685,0.3864999999999999,2.197565789473684
M11884,0.001,1e-06,-0.5,-0.25,0.05,0.094335,0.3102,nSEG,2,LIDAR,-0.075335,-0.11019999999999996,3.965,0.5509999999999998,2.258
M11885,0.001,1e-06,-0.5,-0.25,0.08,0.091919,0.3908,nSEG,2,LIDAR,-0.072919,-0.19079999999999997,3.837842105263158,0.9539999999999998,2.395921052631579
M11886,0.001,1e-06,-0.5,0.0,0.03,0.09609,0.2225,nSEG,2,LIDAR,-0.07708999999999999,-0.022499999999999992,4.057368421052631,0.11249999999999996,2.0849342105263156
M11887,0.001,1e-06,-0.5,0.0,0.035,0.09561,0.2405,nSEG,2,LIDAR,-0.07661,-0.04049999999999998,4.032105263157895,0.2024999999999999,2.1173026315789474
M11888,0.001,1e-06,-0.5,0.0,0.04,0.09516,0.2573,nSEG,2,LIDAR,-0.07615999999999999,-0.05729999999999996,4.008421052631578,0.2864999999999998,2.1474605263157893
M11889,0.001,1e-06,-0.5,0.0,0.05,0.094335,0.2877,nSEG,2,LIDAR,-0.075335,-0.0877,3.965,0.4385,2.20175
M11890,0.001,1e-06,-0.5,0.0,0.08,0.091911,0.3626,nSEG,2,LIDAR,-0.072911,-0.16259999999999997,3.837421052631579,0.8129999999999998,2.3252105263157894
M11891,0.001,1e-06,-0.5,0.25,0.03,0.096089,0.21,nSEG,2,LIDAR,-0.07708899999999999,-0.009999999999999981,4.057315789473684,0.049999999999999906,2.053657894736842
M11892,0.001,1e-06,-0.5,0.25,0.035,0.095607,0.2269,nSEG,2,LIDAR,-0.076607,-0.02689999999999998,4.0319473684210525,0.1344999999999999,2.0832236842105263
M11893,0.001,1e-06,-0.5,0.25,0.04,0.095157,0.2427,nSEG,2,LIDAR,-0.076157,-0.04269999999999999,4.008263157894737,0.21349999999999994,2.1108815789473683
M11894,0.001,1e-06,-0.5,0.25,0.05,0.094332,0.2715,nSEG,2,LIDAR,-0.075332,-0.07150000000000001,3.9648421052631577,0.35750000000000004,2.161171052631579
M11895,0.001,1e-06,-0.5,0.25,0.08,0.091889,0.3422,nSEG,2,LIDAR,-0.072889,-0.1422,3.8362631578947366,0.711,2.2736315789473682
M11896,0.001,1e-06,-0.5,0.5,0.03,0.096087,0.2003,nSEG,2,LIDAR,-0.077087,-0.0002999999999999947,4.05721052631579,0.0014999999999999736,2.029355263157895
M11897,0.001,1e-06,-0.5,0.5,0.035,0.095606,0.2164,nSEG,2,LIDAR,-0.076606,-0.016399999999999998,4.031894736842105,0.08199999999999999,2.0569473684210524
M11898,0.001,1e-06,-0.5,0.5,0.04,0.095156,0.2314,nSEG,2,LIDAR,-0.076156,-0.031399999999999983,4.008210526315789,0.15699999999999992,2.0826052631578946
M11899,0.001,1e-06,-0.5,0.5,0.05,0.09433,0.2588,nSEG,2,LIDAR,-0.07533,-0.05879999999999996,3.964736842105263,0.2939999999999998,2.1293684210526314
M11900,0.001,1e-06,-0.5,0.5,0.08,0.091902,0.3263,nSEG,2,LIDAR,-0.072902,-0.12629999999999997,3.8369473684210527,0.6314999999999998,2.234223684210526
M11901,0.001,1e-06,-0.25,-0.5,0.03,0.096674,0.2675,nSEG,2,LIDAR,-0.07767399999999999,-0.0675,4.088105263157894,0.3375,2.2128026315789473
M11902,0.001,1e-06,-0.25,-0.5,0.035,0.096246,0.2892,nSEG,2,LIDAR,-0.077246,-0.0892,4.0655789473684205,0.446,2.25578947368421
M11903,0.001,1e-06,-0.25,-0.5,0.04,0.095845,0.3094,nSEG,2,LIDAR,-0.076845,-0.1094,4.044473684210526,0.5469999999999999,2.295736842105263
M11904,0.001,1e-06,-0.25,-0.5,0.05,0.095108,0.3462,nSEG,2,LIDAR,-0.076108,-0.1462,4.005684210526316,0.731,2.368342105263158
M11905,0.001,1e-06,-0.25,-0.5,0.08,0.093246,0.4372,nSEG,2,LIDAR,-0.07424599999999999,-0.23719999999999997,3.9076842105263156,1.1859999999999997,2.5468421052631576
M11906,0.001,1e-06,-0.25,-0.25,0.03,0.096669,0.2406,nSEG,2,LIDAR,-0.077669,-0.0406,4.087842105263158,0.20299999999999999,2.1454210526315793
M11907,0.001,1e-06,-0.25,-0.25,0.035,0.09624,0.2602,nSEG,2,LIDAR,-0.07724,-0.060199999999999976,4.065263157894737,0.3009999999999999,2.1831315789473686
M11908,0.001,1e-06,-0.25,-0.25,0.04,0.095838,0.2784,nSEG,2,LIDAR,-0.076838,-0.07839999999999997,4.044105263157895,0.39199999999999985,2.218052631578947
M11909,0.001,1e-06,-0.25,-0.25,0.05,0.095099,0.3115,nSEG,2,LIDAR,-0.076099,-0.11149999999999999,4.00521052631579,0.5574999999999999,2.281355263157895
M11910,0.001,1e-06,-0.25,-0.25,0.08,0.09323,0.3937,nSEG,2,LIDAR,-0.07422999999999999,-0.19369999999999998,3.9068421052631574,0.9684999999999999,2.4376710526315786
M11911,0.001,1e-06,-0.25,0.0,0.03,0.096667,0.2232,nSEG,2,LIDAR,-0.077667,-0.0232,4.087736842105263,0.11599999999999999,2.1018684210526315
M11912,0.001,1e-06,-0.25,0.0,0.035,0.096237,0.2413,nSEG,2,LIDAR,-0.077237,-0.041299999999999976,4.0651052631578946,0.20649999999999988,2.1358026315789473
M11913,0.001,1e-06,-0.25,0.0,0.04,0.095834,0.2582,nSEG,2,LIDAR,-0.076834,-0.058199999999999974,4.043894736842105,0.29099999999999987,2.1674473684210525
M11914,0.001,1e-06,-0.25,0.0,0.05,0.095094,0.289,nSEG,2,LIDAR,-0.076094,-0.08899999999999997,4.004947368421052,0.44499999999999984,2.224973684210526
M11915,0.001,1e-06,-0.25,0.0,0.08,0.093221,0.3653,nSEG,2,LIDAR,-0.074221,-0.1653,3.9063684210526315,0.8265,2.366434210526316
M11916,0.001,1e-06,-0.25,0.25,0.03,0.096666,0.2106,nSEG,2,LIDAR,-0.077666,-0.010599999999999998,4.087684210526316,0.05299999999999999,2.070342105263158
M11917,0.001,1e-06,-0.25,0.25,0.035,0.096235,0.2277,nSEG,2,LIDAR,-0.077235,-0.027700000000000002,4.065,0.1385,2.10175
M11918,0.001,1e-06,-0.25,0.25,0.04,0.095832,0.2436,nSEG,2,LIDAR,-0.076832,-0.0436,4.04378947368421,0.218,2.130894736842105
M11919,0.001,1e-06,-0.25,0.25,0.05,0.095091,0.2726,nSEG,2,LIDAR,-0.07609099999999999,-0.0726,4.00478947368421,0.363,2.183894736842105
M11920,0.001,1e-06,-0.25,0.25,0.08,0.093215,0.3447,nSEG,2,LIDAR,-0.074215,-0.1447,3.9060526315789477,0.7234999999999999,2.314776315789474
M11921,0.001,1e-06,-0.25,0.5,0.03,0.096664,0.2009,nSEG,2,LIDAR,-0.077664,-0.0008999999999999841,4.087578947368421,0.004499999999999921,2.0460394736842105
M11922,0.001,1e-06,-0.25,0.5,0.035,0.096233,0.2171,nSEG,2,LIDAR,-0.077233,-0.017099999999999976,4.064894736842105,0.08549999999999988,2.0751973684210525
M11923,0.001,1e-06,-0.25,0.5,0.04,0.095831,0.2323,nSEG,2,LIDAR,-0.076831,-0.032299999999999995,4.043736842105263,0.16149999999999998,2.1026184210526315
M11924,0.001,1e-06,-0.25,0.5,0.05,0.095088,0.2599,nSEG,2,LIDAR,-0.076088,-0.05990000000000001,4.004631578947369,0.29950000000000004,2.1520657894736845
M11925,0.001,1e-06,-0.25,0.5,0.08,0.093211,0.3287,nSEG,2,LIDAR,-0.074211,-0.12869999999999998,3.905842105263158,0.6434999999999998,2.2746710526315788
M11926,0.001,1e-06,0.0,-0.5,0.03,0.097075,0.2681,nSEG,2,LIDAR,-0.07807499999999999,-0.0681,4.109210526315789,0.34049999999999997,2.2248552631578944
M11927,0.001,1e-06,0.0,-0.5,0.035,0.096651,0.2899,nSEG,2,LIDAR,-0.077651,-0.08989999999999998,4.086894736842106,0.4494999999999999,2.2681973684210526
M11928,0.001,1e-06,0.0,-0.5,0.04,0.096281,0.3102,nSEG,2,LIDAR,-0.077281,-0.11019999999999996,4.0674210526315795,0.5509999999999998,2.30921052631579
M11929,0.001,1e-06,0.0,-0.5,0.05,0.095599,0.3471,nSEG,2,LIDAR,-0.076599,-0.1471,4.031526315789474,0.7355,2.383513157894737
M11930,0.001,1e-06,0.0,-0.5,0.08,0.093873,0.4387,nSEG,2,LIDAR,-0.074873,-0.23869999999999997,3.9406842105263156,1.1934999999999998,2.567092105263158
M11931,0.001,1e-06,0.0,-0.25,0.03,0.097071,0.2411,nSEG,2,LIDAR,-0.078071,-0.0411,4.109,0.2055,2.15725
M11932,0.001,1e-06,0.0,-0.25,0.035,0.096646,0.2607,nSEG,2,LIDAR,-0.07764599999999999,-0.060699999999999976,4.086631578947368,0.3034999999999999,2.195065789473684
M11933,0.001,1e-06,0.0,-0.25,0.04,0.096274,0.279,nSEG,2,LIDAR,-0.077274,-0.07900000000000001,4.067052631578947,0.3950000000000001,2.2310263157894736
M11934,0.001,1e-06,0.0,-0.25,0.05,0.095591,0.3123,nSEG,2,LIDAR,-0.07659099999999999,-0.11230000000000001,4.031105263157895,0.5615,2.296302631578947
M11935,0.001,1e-06,0.0,-0.25,0.08,0.093857,0.395,nSEG,2,LIDAR,-0.07485699999999999,-0.195,3.939842105263158,0.975,2.4574210526315787
M11936,0.001,1e-06,0.0,0.0,0.03,0.097068,0.2237,nSEG,2,LIDAR,-0.078068,-0.0237,4.108842105263158,0.1185,2.113671052631579
M11937,0.001,1e-06,0.0,0.0,0.035,0.096642,0.2419,nSEG,2,LIDAR,-0.077642,-0.04189999999999999,4.08642105263158,0.20949999999999996,2.14796052631579
M11938,0.001,1e-06,0.0,0.0,0.04,0.09627,0.2588,nSEG,2,LIDAR,-0.07726999999999999,-0.05879999999999996,4.066842105263158,0.2939999999999998,2.1804210526315786
M11939,0.001,1e-06,0.0,0.0,0.05,0.095586,0.2897,nSEG,2,LIDAR,-0.076586,-0.0897,4.030842105263158,0.4485,2.239671052631579
M11940,0.001,1e-06,0.0,0.0,0.08,0.093848,0.3666,nSEG,2,LIDAR,-0.074848,-0.16659999999999997,3.9393684210526314,0.8329999999999999,2.3861842105263156
M11941,0.001,1e-06,0.0,0.25,0.03,0.097066,0.2111,nSEG,2,LIDAR,-0.078066,-0.011099999999999999,4.108736842105263,0.055499999999999994,2.082118421052632
M11942,0.001,1e-06,0.0,0.25,0.035,0.09664,0.2282,nSEG,2,LIDAR,-0.07764,-0.028199999999999975,4.086315789473685,0.14099999999999988,2.1136578947368423
M11943,0.001,1e-06,0.0,0.25,0.04,0.096268,0.2442,nSEG,2,LIDAR,-0.077268,-0.04419999999999999,4.066736842105263,0.22099999999999995,2.1438684210526318
M11944,0.001,1e-06,0.0,0.25,0.05,0.095582,0.2733,nSEG,2,LIDAR,-0.076582,-0.07329999999999998,4.030631578947369,0.3664999999999999,2.1985657894736845
M11945,0.001,1e-06,0.0,0.25,0.08,0.093843,0.3459,nSEG,2,LIDAR,-0.07484299999999999,-0.14589999999999997,3.9391052631578947,0.7294999999999998,2.3343026315789475
M11946,0.001,1e-06,0.0,0.5,0.03,0.097065,0.2013,nSEG,2,LIDAR,-0.078065,-0.0012999999999999956,4.108684210526316,0.006499999999999978,2.057592105263158
M11947,0.001,1e-06,0.0,0.5,0.035,0.096639,0.2176,nSEG,2,LIDAR,-0.077639,-0.017599999999999977,4.086263157894737,0.08799999999999988,2.0871315789473686
M11948,0.001,1e-06,0.0,0.5,0.04,0.096266,0.2328,nSEG,2,LIDAR,-0.077266,-0.032799999999999996,4.066631578947368,0.16399999999999998,2.115315789473684
M11949,0.001,1e-06,0.0,0.5,0.05,0.09558,0.2606,nSEG,2,LIDAR,-0.07658,-0.06059999999999999,4.030526315789474,0.30299999999999994,2.166763157894737
M11950,0.001,1e-06,0.0,0.5,0.08,0.093838,0.3299,nSEG,2,LIDAR,-0.074838,-0.12990000000000002,3.938842105263158,0.6495000000000001,2.294171052631579
M11951,0.001,1e-06,0.25,-0.5,0.03,0.097344,0.2685,nSEG,2,LIDAR,-0.078344,-0.0685,4.123368421052631,0.3425,2.2329342105263157
M11952,0.001,1e-06,0.25,-0.5,0.035,0.096974,0.2904,nSEG,2,LIDAR,-0.077974,-0.09039999999999998,4.103894736842105,0.4519999999999999,2.2779473684210525
M11953,0.001,1e-06,0.25,-0.5,0.04,0.096596,0.3107,nSEG,2,LIDAR,-0.077596,-0.11069999999999997,4.084,0.5534999999999998,2.3187499999999996
M11954,0.001,1e-06,0.25,-0.5,0.05,0.095955,0.3478,nSEG,2,LIDAR,-0.076955,-0.1478,4.050263157894737,0.7389999999999999,2.3946315789473682
M11955,0.001,1e-06,0.25,-0.5,0.08,0.094328,0.4398,nSEG,2,LIDAR,-0.07532799999999999,-0.2398,3.964631578947368,1.199,2.581815789473684
M11956,0.001,1e-06,0.25,-0.25,0.03,0.09734,0.2415,nSEG,2,LIDAR,-0.07833999999999999,-0.04149999999999998,4.123157894736842,0.2074999999999999,2.1653289473684207
M11957,0.001,1e-06,0.25,-0.25,0.035,0.096967,0.2612,nSEG,2,LIDAR,-0.077967,-0.06119999999999998,4.103526315789473,0.3059999999999999,2.2047631578947366
M11958,0.001,1e-06,0.25,-0.25,0.04,0.09659,0.2795,nSEG,2,LIDAR,-0.07758999999999999,-0.07950000000000002,4.083684210526315,0.3975000000000001,2.2405921052631577
M11959,0.001,1e-06,0.25,-0.25,0.05,0.095946,0.3129,nSEG,2,LIDAR,-0.076946,-0.1129,4.049789473684211,0.5645,2.307144736842105
M11960,0.001,1e-06,0.25,-0.25,0.08,0.094313,0.396,nSEG,2,LIDAR,-0.07531299999999999,-0.196,3.9638421052631574,0.98,2.4719210526315787
M11961,0.001,1e-06,0.25,0.0,0.03,0.097337,0.224,nSEG,2,LIDAR,-0.078337,-0.023999999999999994,4.123,0.11999999999999997,2.1215
M11962,0.001,1e-06,0.25,0.0,0.035,0.096964,0.2423,nSEG,2,LIDAR,-0.07796399999999999,-0.042299999999999977,4.1033684210526316,0.21149999999999988,2.157434210526316
M11963,0.001,1e-06,0.25,0.0,0.04,0.096585,0.2593,nSEG,2,LIDAR,-0.077585,-0.059299999999999964,4.0834210526315795,0.2964999999999998,2.1899605263157897
M11964,0.001,1e-06,0.25,0.0,0.05,0.095942,0.2903,nSEG,2,LIDAR,-0.076942,-0.09029999999999999,4.049578947368421,0.45149999999999996,2.250539473684211
M11965,0.001,1e-06,0.25,0.0,0.08,0.094304,0.3675,nSEG,2,LIDAR,-0.075304,-0.16749999999999998,3.9633684210526314,0.8374999999999999,2.4004342105263157
M11966,0.001,1e-06,0.25,0.25,0.03,0.097335,0.2114,nSEG,2,LIDAR,-0.078335,-0.011399999999999993,4.122894736842105,0.05699999999999997,2.0899473684210528
M11967,0.001,1e-06,0.25,0.25,0.035,0.09694,0.2286,nSEG,2,LIDAR,-0.07794,-0.028599999999999987,4.1021052631578945,0.14299999999999993,2.122552631578947
M11968,0.001,1e-06,0.25,0.25,0.04,0.096583,0.2446,nSEG,2,LIDAR,-0.077583,-0.0446,4.0833157894736845,0.223,2.153157894736842
M11969,0.001,1e-06,0.25,0.25,0.05,0.095938,0.2739,nSEG,2,LIDAR,-0.07693799999999999,-0.07389999999999997,4.049368421052631,0.36949999999999983,2.2094342105263154
M11970,0.001,1e-06,0.25,0.25,0.08,0.094297,0.3468,nSEG,2,LIDAR,-0.075297,-0.14679999999999999,3.963,0.7339999999999999,2.3485
M11971,0.001,1e-06,0.25,0.5,0.03,0.097334,0.2016,nSEG,2,LIDAR,-0.078334,-0.0015999999999999903,4.122842105263158,0.007999999999999952,2.065421052631579
M11972,0.001,1e-06,0.25,0.5,0.035,0.096938,0.218,nSEG,2,LIDAR,-0.077938,-0.017999999999999988,4.101999999999999,0.08999999999999994,2.0959999999999996
M11973,0.001,1e-06,0.25,0.5,0.04,0.096581,0.2332,nSEG,2,LIDAR,-0.077581,-0.03319999999999998,4.083210526315789,0.1659999999999999,2.1246052631578944
M11974,0.001,1e-06,0.25,0.5,0.05,0.095935,0.2611,nSEG,2,LIDAR,-0.076935,-0.06109999999999999,4.04921052631579,0.30549999999999994,2.177355263157895
M11975,0.001,1e-06,0.25,0.5,0.08,0.094293,0.3307,nSEG,2,LIDAR,-0.075293,-0.13069999999999998,3.9627894736842104,0.6534999999999999,2.308144736842105
M11976,0.001,1e-06,0.5,-0.5,0.03,0.097552,0.2688,nSEG,2,LIDAR,-0.078552,-0.06879999999999997,4.134315789473684,0.34399999999999986,2.2391578947368416
M11977,0.001,1e-06,0.5,-0.5,0.035,0.0972,0.2907,nSEG,2,LIDAR,-0.07819999999999999,-0.0907,4.11578947368421,0.4535,2.2846447368421052
M11978,0.001,1e-06,0.5,-0.5,0.04,0.096869,0.3112,nSEG,2,LIDAR,-0.077869,-0.11119999999999997,4.098368421052632,0.5559999999999998,2.327184210526316
M11979,0.001,1e-06,0.5,-0.5,0.05,0.09623,0.3483,nSEG,2,LIDAR,-0.07723,-0.1483,4.064736842105263,0.7414999999999999,2.4031184210526315
M11980,0.001,1e-06,0.5,-0.5,0.08,0.094681,0.4406,nSEG,2,LIDAR,-0.075681,-0.24059999999999998,3.9832105263157893,1.2029999999999998,2.5931052631578946
M11981,0.001,1e-06,0.5,-0.25,0.03,0.097547,0.2417,nSEG,2,LIDAR,-0.07854699999999999,-0.04169999999999999,4.134052631578947,0.20849999999999994,2.1712763157894734
M11982,0.001,1e-06,0.5,-0.25,0.035,0.097194,0.2615,nSEG,2,LIDAR,-0.078194,-0.0615,4.115473684210526,0.3075,2.211486842105263
M11983,0.001,1e-06,0.5,-0.25,0.04,0.096862,0.2799,nSEG,2,LIDAR,-0.077862,-0.07989999999999997,4.098,0.39949999999999986,2.24875
M11984,0.001,1e-06,0.5,-0.25,0.05,0.096222,0.3134,nSEG,2,LIDAR,-0.077222,-0.1134,4.064315789473684,0.567,2.3156578947368422
M11985,0.001,1e-06,0.5,-0.25,0.08,0.094666,0.3968,nSEG,2,LIDAR,-0.075666,-0.19679999999999997,3.982421052631579,0.9839999999999999,2.4832105263157893
M11986,0.001,1e-06,0.5,0.0,0.03,0.097544,0.2243,nSEG,2,LIDAR,-0.078544,-0.02429999999999999,4.133894736842105,0.12149999999999994,2.1276973684210527
M11987,0.001,1e-06,0.5,0.0,0.035,0.09719,0.2426,nSEG,2,LIDAR,-0.07819,-0.0426,4.115263157894737,0.213,2.1641315789473685
M11988,0.001,1e-06,0.5,0.0,0.04,0.096836,0.2596,nSEG,2,LIDAR,-0.077836,-0.059599999999999986,4.096631578947369,0.29799999999999993,2.1973157894736843
M11989,0.001,1e-06,0.5,0.0,0.05,0.096217,0.2907,nSEG,2,LIDAR,-0.077217,-0.0907,4.064052631578948,0.4535,2.258776315789474
M11990,0.001,1e-06,0.5,0.0,0.08,0.094657,0.3682,nSEG,2,LIDAR,-0.075657,-0.16820000000000002,3.9819473684210527,0.8410000000000001,2.4114736842105264
M11991,0.001,1e-06,0.5,0.25,0.03,0.097543,0.2116,nSEG,2,LIDAR,-0.078543,-0.0116,4.133842105263158,0.057999999999999996,2.095921052631579
M11992,0.001,1e-06,0.5,0.25,0.035,0.097188,0.2289,nSEG,2,LIDAR,-0.078188,-0.02889999999999998,4.115157894736842,0.1444999999999999,2.129828947368421
M11993,0.001,1e-06,0.5,0.25,0.04,0.096833,0.2449,nSEG,2,LIDAR,-0.077833,-0.044899999999999995,4.096473684210526,0.22449999999999998,2.160486842105263
M11994,0.001,1e-06,0.5,0.25,0.05,0.096213,0.2743,nSEG,2,LIDAR,-0.077213,-0.07429999999999998,4.063842105263158,0.3714999999999999,2.2176710526315793
M11995,0.001,1e-06,0.5,0.25,0.08,0.09465,0.3475,nSEG,2,LIDAR,-0.07565,-0.14749999999999996,3.981578947368421,0.7374999999999998,2.3595394736842104
M11996,0.001,1e-06,0.5,0.5,0.03,0.097541,0.2018,nSEG,2,LIDAR,-0.078541,-0.001799999999999996,4.133736842105264,0.00899999999999998,2.071368421052632
M11997,0.001,1e-06,0.5,0.5,0.035,0.097186,0.2182,nSEG,2,LIDAR,-0.07818599999999999,-0.018199999999999994,4.115052631578947,0.09099999999999997,2.1030263157894735
M11998,0.001,1e-06,0.5,0.5,0.04,0.096831,0.2335,nSEG,2,LIDAR,-0.077831,-0.0335,4.096368421052632,0.1675,2.131934210526316
M11999,0.001,1e-06,0.5,0.5,0.05,0.096211,0.2615,nSEG,2,LIDAR,-0.077211,-0.0615,4.063736842105263,0.3075,2.1856184210526317
M12000,0.001,1e-06,0.5,0.5,0.08,0.094647,0.3314,nSEG,2,LIDAR,-0.07564699999999999,-0.13139999999999996,3.9814210526315787,0.6569999999999998,2.319210526315789
M12001,0.001,5.5e-06,-0.5,-0.5,0.03,0.098554,0.2702,nSEG,2,LIDAR,-0.079554,-0.07019999999999998,4.187052631578948,0.3509999999999999,2.269026315789474
M12002,0.001,5.5e-06,-0.5,-0.5,0.035,0.098107,0.2921,nSEG,2,LIDAR,-0.079107,-0.09210000000000002,4.163526315789474,0.4605000000000001,2.3120131578947367
M12003,0.001,5.5e-06,-0.5,-0.5,0.04,0.097685,0.3125,nSEG,2,LIDAR,-0.07868499999999999,-0.11249999999999999,4.141315789473684,0.5624999999999999,2.351907894736842
M12004,0.001,5.5e-06,-0.5,-0.5,0.05,0.09672,0.3492,nSEG,2,LIDAR,-0.07772,-0.1492,4.090526315789473,0.746,2.418263157894737
M12005,0.001,5.5e-06,-0.5,-0.5,0.08,0.094612,0.4404,nSEG,2,LIDAR,-0.075612,-0.2404,3.979578947368421,1.202,2.5907894736842105
M12006,0.001,5.5e-06,-0.5,-0.25,0.03,0.098526,0.243,nSEG,2,LIDAR,-0.079526,-0.04299999999999998,4.1855789473684215,0.2149999999999999,2.2002894736842107
M12007,0.001,5.5e-06,-0.5,-0.25,0.035,0.098074,0.2628,nSEG,2,LIDAR,-0.07907399999999999,-0.06279999999999997,4.16178947368421,0.31399999999999983,2.237894736842105
M12008,0.001,5.5e-06,-0.5,-0.25,0.04,0.097647,0.2811,nSEG,2,LIDAR,-0.078647,-0.0811,4.139315789473684,0.4055,2.272407894736842
M12009,0.001,5.5e-06,-0.5,-0.25,0.05,0.096675,0.3142,nSEG,2,LIDAR,-0.077675,-0.11419999999999997,4.088157894736842,0.5709999999999998,2.3295789473684207
M12010,0.001,5.5e-06,-0.5,-0.25,0.08,0.094555,0.3965,nSEG,2,LIDAR,-0.075555,-0.1965,3.976578947368421,0.9825,2.4795394736842105
M12011,0.001,5.5e-06,-0.5,0.0,0.03,0.09851,0.2254,nSEG,2,LIDAR,-0.07951,-0.025399999999999978,4.184736842105263,0.1269999999999999,2.1558684210526313
M12012,0.001,5.5e-06,-0.5,0.0,0.035,0.098055,0.2437,nSEG,2,LIDAR,-0.079055,-0.04369999999999999,4.16078947368421,0.21849999999999994,2.189644736842105
M12013,0.001,5.5e-06,-0.5,0.0,0.04,0.09763,0.2607,nSEG,2,LIDAR,-0.07862999999999999,-0.060699999999999976,4.138421052631578,0.3034999999999999,2.220960526315789
M12014,0.001,5.5e-06,-0.5,0.0,0.05,0.096849,0.2917,nSEG,2,LIDAR,-0.077849,-0.0917,4.097315789473685,0.4585,2.2779078947368423
M12015,0.001,5.5e-06,-0.5,0.0,0.08,0.094512,0.3679,nSEG,2,LIDAR,-0.075512,-0.1679,3.974315789473684,0.8394999999999999,2.406907894736842
M12016,0.001,5.5e-06,-0.5,0.25,0.03,0.098499,0.2127,nSEG,2,LIDAR,-0.079499,-0.012699999999999989,4.184157894736842,0.06349999999999995,2.123828947368421
M12017,0.001,5.5e-06,-0.5,0.25,0.035,0.098042,0.2299,nSEG,2,LIDAR,-0.079042,-0.029899999999999982,4.160105263157895,0.1494999999999999,2.1548026315789475
M12018,0.001,5.5e-06,-0.5,0.25,0.04,0.097615,0.2459,nSEG,2,LIDAR,-0.07861499999999999,-0.045899999999999996,4.137631578947368,0.22949999999999998,2.183565789473684
M12019,0.001,5.5e-06,-0.5,0.25,0.05,0.09683,0.2752,nSEG,2,LIDAR,-0.07783,-0.07519999999999999,4.096315789473684,0.37599999999999995,2.2361578947368423
M12020,0.001,5.5e-06,-0.5,0.25,0.08,0.094477,0.3471,nSEG,2,LIDAR,-0.075477,-0.1471,3.9724736842105264,0.7355,2.353986842105263
M12021,0.001,5.5e-06,-0.5,0.5,0.03,0.098491,0.2028,nSEG,2,LIDAR,-0.07949099999999999,-0.002799999999999997,4.1837368421052625,0.013999999999999985,2.0988684210526314
M12022,0.001,5.5e-06,-0.5,0.5,0.035,0.098032,0.2192,nSEG,2,LIDAR,-0.07903199999999999,-0.019199999999999995,4.159578947368421,0.09599999999999997,2.1277894736842105
M12023,0.001,5.5e-06,-0.5,0.5,0.04,0.097604,0.2345,nSEG,2,LIDAR,-0.078604,-0.034499999999999975,4.137052631578947,0.17249999999999988,2.1547763157894737
M12024,0.001,5.5e-06,-0.5,0.5,0.05,0.096816,0.2624,nSEG,2,LIDAR,-0.077816,-0.06240000000000001,4.095578947368421,0.31200000000000006,2.2037894736842105
M12025,0.001,5.5e-06,-0.5,0.5,0.08,0.094457,0.331,nSEG,2,LIDAR,-0.075457,-0.131,3.971421052631579,0.655,2.3132105263157894
M12026,0.001,5.5e-06,-0.25,-0.5,0.03,0.099118,0.271,nSEG,2,LIDAR,-0.080118,-0.07100000000000001,4.216736842105263,0.35500000000000004,2.2858684210526317
M12027,0.001,5.5e-06,-0.25,-0.5,0.035,0.098721,0.2931,nSEG,2,LIDAR,-0.079721,-0.09310000000000002,4.195842105263158,0.4655000000000001,2.3306710526315793
M12028,0.001,5.5e-06,-0.25,-0.5,0.04,0.098352,0.3136,nSEG,2,LIDAR,-0.07935199999999999,-0.11359999999999998,4.176421052631579,0.5679999999999998,2.372210526315789
M12029,0.001,5.5e-06,-0.25,-0.5,0.05,0.09767,0.351,nSEG,2,LIDAR,-0.07867,-0.15099999999999997,4.140526315789474,0.7549999999999998,2.447763157894737
M12030,0.001,5.5e-06,-0.25,-0.5,0.08,0.095656,0.4429,nSEG,2,LIDAR,-0.076656,-0.2429,4.034526315789474,1.2145,2.624513157894737
M12031,0.001,5.5e-06,-0.25,-0.25,0.03,0.09909,0.2437,nSEG,2,LIDAR,-0.08009,-0.04369999999999999,4.215263157894737,0.21849999999999994,2.216881578947368
M12032,0.001,5.5e-06,-0.25,-0.25,0.035,0.098688,0.2636,nSEG,2,LIDAR,-0.079688,-0.06359999999999999,4.194105263157895,0.31799999999999995,2.2560526315789473
M12033,0.001,5.5e-06,-0.25,-0.25,0.04,0.098312,0.2821,nSEG,2,LIDAR,-0.079312,-0.0821,4.174315789473684,0.41050000000000003,2.292407894736842
M12034,0.001,5.5e-06,-0.25,-0.25,0.05,0.09762,0.3158,nSEG,2,LIDAR,-0.07862,-0.11580000000000001,4.137894736842105,0.5790000000000001,2.3584473684210523
M12035,0.001,5.5e-06,-0.25,-0.25,0.08,0.095582,0.3987,nSEG,2,LIDAR,-0.076582,-0.1987,4.030631578947369,0.9934999999999999,2.5120657894736844
M12036,0.001,5.5e-06,-0.25,0.0,0.03,0.099074,0.2261,nSEG,2,LIDAR,-0.08007399999999999,-0.026099999999999984,4.214421052631579,0.13049999999999992,2.1724605263157892
M12037,0.001,5.5e-06,-0.25,0.0,0.035,0.098669,0.2445,nSEG,2,LIDAR,-0.079669,-0.044499999999999984,4.193105263157895,0.22249999999999992,2.2078026315789474
M12038,0.001,5.5e-06,-0.25,0.0,0.04,0.09829,0.2616,nSEG,2,LIDAR,-0.07929,-0.06159999999999999,4.173157894736842,0.30799999999999994,2.240578947368421
M12039,0.001,5.5e-06,-0.25,0.0,0.05,0.09759,0.2929,nSEG,2,LIDAR,-0.07859,-0.09289999999999998,4.136315789473684,0.4644999999999999,2.3004078947368423
M12040,0.001,5.5e-06,-0.25,0.0,0.08,0.095537,0.37,nSEG,2,LIDAR,-0.076537,-0.16999999999999998,4.028263157894736,0.8499999999999999,2.439131578947368
M12041,0.001,5.5e-06,-0.25,0.25,0.03,0.099063,0.2133,nSEG,2,LIDAR,-0.080063,-0.013299999999999979,4.213842105263158,0.06649999999999989,2.1401710526315787
M12042,0.001,5.5e-06,-0.25,0.25,0.035,0.098655,0.2307,nSEG,2,LIDAR,-0.079655,-0.030699999999999977,4.192368421052632,0.1534999999999999,2.172934210526316
M12043,0.001,5.5e-06,-0.25,0.25,0.04,0.098275,0.2468,nSEG,2,LIDAR,-0.079275,-0.04679999999999998,4.1723684210526315,0.2339999999999999,2.2031842105263157
M12044,0.001,5.5e-06,-0.25,0.25,0.05,0.097571,0.2763,nSEG,2,LIDAR,-0.078571,-0.07629999999999998,4.135315789473684,0.3814999999999999,2.258407894736842
M12045,0.001,5.5e-06,-0.25,0.25,0.08,0.095509,0.3491,nSEG,2,LIDAR,-0.076509,-0.1491,4.02678947368421,0.7455,2.386144736842105
M12046,0.001,5.5e-06,-0.25,0.5,0.03,0.099055,0.2034,nSEG,2,LIDAR,-0.080055,-0.0033999999999999864,4.213421052631579,0.016999999999999932,2.11521052631579
M12047,0.001,5.5e-06,-0.25,0.5,0.035,0.098646,0.2199,nSEG,2,LIDAR,-0.079646,-0.0199,4.191894736842105,0.0995,2.1456973684210525
M12048,0.001,5.5e-06,-0.25,0.5,0.04,0.098264,0.2353,nSEG,2,LIDAR,-0.079264,-0.0353,4.1717894736842105,0.1765,2.174144736842105
M12049,0.001,5.5e-06,-0.25,0.5,0.05,0.097563,0.2634,nSEG,2,LIDAR,-0.078563,-0.06340000000000001,4.134894736842105,0.31700000000000006,2.2259473684210525
M12050,0.001,5.5e-06,-0.25,0.5,0.08,0.095489,0.3329,nSEG,2,LIDAR,-0.076489,-0.13289999999999996,4.025736842105263,0.6644999999999998,2.3451184210526312
M12051,0.001,5.5e-06,0.0,-0.5,0.03,0.099482,0.2715,nSEG,2,LIDAR,-0.080482,-0.07150000000000001,4.235894736842106,0.35750000000000004,2.2966973684210528
M12052,0.001,5.5e-06,0.0,-0.5,0.035,0.099117,0.2937,nSEG,2,LIDAR,-0.080117,-0.0937,4.216684210526315,0.4685,2.3425921052631575
M12053,0.001,5.5e-06,0.0,-0.5,0.04,0.098778,0.3143,nSEG,2,LIDAR,-0.079778,-0.11430000000000001,4.198842105263158,0.5715,2.3851710526315792
M12054,0.001,5.5e-06,0.0,-0.5,0.05,0.09815,0.3519,nSEG,2,LIDAR,-0.07915,-0.15189999999999998,4.16578947368421,0.7594999999999998,2.462644736842105
M12055,0.001,5.5e-06,0.0,-0.5,0.08,0.096317,0.4445,nSEG,2,LIDAR,-0.077317,-0.2445,4.069315789473684,1.2225,2.645907894736842
M12056,0.001,5.5e-06,0.0,-0.25,0.03,0.099454,0.2442,nSEG,2,LIDAR,-0.080454,-0.04419999999999999,4.234421052631579,0.22099999999999995,2.2277105263157897
M12057,0.001,5.5e-06,0.0,-0.25,0.035,0.099084,0.2642,nSEG,2,LIDAR,-0.080084,-0.06419999999999998,4.214947368421053,0.3209999999999999,2.2679736842105265
M12058,0.001,5.5e-06,0.0,-0.25,0.04,0.098738,0.2827,nSEG,2,LIDAR,-0.079738,-0.0827,4.196736842105263,0.4135,2.3051184210526316
M12059,0.001,5.5e-06,0.0,-0.25,0.05,0.0981,0.3166,nSEG,2,LIDAR,-0.0791,-0.11659999999999998,4.163157894736843,0.5829999999999999,2.3730789473684215
M12060,0.001,5.5e-06,0.0,-0.25,0.08,0.096243,0.4002,nSEG,2,LIDAR,-0.07724299999999999,-0.2002,4.065421052631579,1.001,2.5332105263157896
M12061,0.001,5.5e-06,0.0,0.0,0.03,0.099438,0.2265,nSEG,2,LIDAR,-0.080438,-0.026499999999999996,4.233578947368421,0.13249999999999998,2.1830394736842105
M12062,0.001,5.5e-06,0.0,0.0,0.035,0.099064,0.245,nSEG,2,LIDAR,-0.080064,-0.044999999999999984,4.213894736842105,0.22499999999999992,2.2194473684210525
M12063,0.001,5.5e-06,0.0,0.0,0.04,0.098716,0.2622,nSEG,2,LIDAR,-0.079716,-0.06219999999999998,4.195578947368421,0.3109999999999999,2.2532894736842106
M12064,0.001,5.5e-06,0.0,0.0,0.05,0.098077,0.2936,nSEG,2,LIDAR,-0.079077,-0.09360000000000002,4.161947368421052,0.4680000000000001,2.314973684210526
M12065,0.001,5.5e-06,0.0,0.0,0.08,0.096199,0.3713,nSEG,2,LIDAR,-0.077199,-0.1713,4.063105263157895,0.8565,2.459802631578947
M12066,0.001,5.5e-06,0.0,0.25,0.03,0.099427,0.2137,nSEG,2,LIDAR,-0.080427,-0.01369999999999999,4.233,0.06849999999999995,2.15075
M12067,0.001,5.5e-06,0.0,0.25,0.035,0.099051,0.2311,nSEG,2,LIDAR,-0.080051,-0.03109999999999999,4.213210526315789,0.15549999999999994,2.1843552631578946
M12068,0.001,5.5e-06,0.0,0.25,0.04,0.098701,0.2474,nSEG,2,LIDAR,-0.079701,-0.0474,4.19478947368421,0.237,2.215894736842105
M12069,0.001,5.5e-06,0.0,0.25,0.05,0.098058,0.277,nSEG,2,LIDAR,-0.079058,-0.07700000000000001,4.160947368421053,0.38500000000000006,2.2729736842105264
M12070,0.001,5.5e-06,0.0,0.25,0.08,0.09617,0.3504,nSEG,2,LIDAR,-0.07717,-0.15039999999999998,4.061578947368421,0.7519999999999999,2.4067894736842104
M12071,0.001,5.5e-06,0.0,0.5,0.03,0.099419,0.2038,nSEG,2,LIDAR,-0.08041899999999999,-0.003799999999999998,4.23257894736842,0.01899999999999999,2.1257894736842102
M12072,0.001,5.5e-06,0.0,0.5,0.035,0.099042,0.2204,nSEG,2,LIDAR,-0.080042,-0.0204,4.212736842105263,0.10200000000000001,2.157368421052632
M12073,0.001,5.5e-06,0.0,0.5,0.04,0.09869,0.2359,nSEG,2,LIDAR,-0.07969,-0.03589999999999999,4.194210526315789,0.17949999999999994,2.1868552631578946
M12074,0.001,5.5e-06,0.0,0.5,0.05,0.098043,0.2641,nSEG,2,LIDAR,-0.079043,-0.06409999999999999,4.160157894736843,0.32049999999999995,2.2403289473684214
M12075,0.001,5.5e-06,0.0,0.5,0.08,0.096149,0.3341,nSEG,2,LIDAR,-0.077149,-0.1341,4.0604736842105265,0.6705,2.365486842105263
M12076,0.001,5.5e-06,0.25,-0.5,0.03,0.099765,0.2719,nSEG,2,LIDAR,-0.080765,-0.07189999999999996,4.250789473684211,0.3594999999999998,2.3051447368421054
M12077,0.001,5.5e-06,0.25,-0.5,0.035,0.099404,0.2942,nSEG,2,LIDAR,-0.080404,-0.0942,4.231789473684211,0.47100000000000003,2.3513947368421055
M12078,0.001,5.5e-06,0.25,-0.5,0.04,0.099086,0.3149,nSEG,2,LIDAR,-0.08008599999999999,-0.1149,4.215052631578947,0.5745,2.394776315789474
M12079,0.001,5.5e-06,0.25,-0.5,0.05,0.098505,0.3526,nSEG,2,LIDAR,-0.07950499999999999,-0.1526,4.184473684210526,0.763,2.473736842105263
M12080,0.001,5.5e-06,0.25,-0.5,0.08,0.096814,0.4457,nSEG,2,LIDAR,-0.077814,-0.24569999999999997,4.095473684210526,1.2284999999999997,2.6619868421052626
M12081,0.001,5.5e-06,0.25,-0.25,0.03,0.099738,0.2446,nSEG,2,LIDAR,-0.08073799999999999,-0.0446,4.2493684210526315,0.223,2.2361842105263157
M12082,0.001,5.5e-06,0.25,-0.25,0.035,0.09937,0.2646,nSEG,2,LIDAR,-0.08037,-0.06459999999999999,4.2299999999999995,0.32299999999999995,2.2764999999999995
M12083,0.001,5.5e-06,0.25,-0.25,0.04,0.099047,0.2832,nSEG,2,LIDAR,-0.080047,-0.0832,4.213,0.416,2.3145000000000002
M12084,0.001,5.5e-06,0.25,-0.25,0.05,0.098454,0.3172,nSEG,2,LIDAR,-0.079454,-0.11719999999999997,4.18178947368421,0.5859999999999999,2.3838947368421053
M12085,0.001,5.5e-06,0.25,-0.25,0.08,0.096738,0.4012,nSEG,2,LIDAR,-0.077738,-0.2012,4.091473684210526,1.0059999999999998,2.5487368421052627
M12086,0.001,5.5e-06,0.25,0.0,0.03,0.099721,0.2269,nSEG,2,LIDAR,-0.080721,-0.02689999999999998,4.248473684210526,0.1344999999999999,2.191486842105263
M12087,0.001,5.5e-06,0.25,0.0,0.035,0.099351,0.2454,nSEG,2,LIDAR,-0.08035099999999999,-0.045399999999999996,4.229,0.22699999999999998,2.228
M12088,0.001,5.5e-06,0.25,0.0,0.04,0.099024,0.2627,nSEG,2,LIDAR,-0.080024,-0.06269999999999998,4.2117894736842105,0.3134999999999999,2.2626447368421054
M12089,0.001,5.5e-06,0.25,0.0,0.05,0.098425,0.2942,nSEG,2,LIDAR,-0.079425,-0.0942,4.1802631578947365,0.47100000000000003,2.3256315789473683
M12090,0.001,5.5e-06,0.25,0.0,0.08,0.096693,0.3723,nSEG,2,LIDAR,-0.077693,-0.1723,4.089105263157895,0.8615,2.4753026315789475
M12091,0.001,5.5e-06,0.25,0.25,0.03,0.099711,0.214,nSEG,2,LIDAR,-0.08071099999999999,-0.013999999999999985,4.247947368421053,0.06999999999999992,2.1589736842105265
M12092,0.001,5.5e-06,0.25,0.25,0.035,0.099337,0.2315,nSEG,2,LIDAR,-0.08033699999999999,-0.0315,4.2282631578947365,0.1575,2.192881578947368
M12093,0.001,5.5e-06,0.25,0.25,0.04,0.099009,0.2478,nSEG,2,LIDAR,-0.080009,-0.04779999999999998,4.211,0.2389999999999999,2.225
M12094,0.001,5.5e-06,0.25,0.25,0.05,0.098405,0.2775,nSEG,2,LIDAR,-0.079405,-0.07750000000000001,4.1792105263157895,0.38750000000000007,2.283355263157895
M12095,0.001,5.5e-06,0.25,0.25,0.08,0.096674,0.3513,nSEG,2,LIDAR,-0.07767399999999999,-0.1513,4.088105263157894,0.7565,2.422302631578947
M12096,0.001,5.5e-06,0.25,0.5,0.03,0.099703,0.2041,nSEG,2,LIDAR,-0.080703,-0.0040999999999999925,4.247526315789473,0.020499999999999963,2.134013157894737
M12097,0.001,5.5e-06,0.25,0.5,0.035,0.099328,0.2207,nSEG,2,LIDAR,-0.080328,-0.020699999999999996,4.2277894736842105,0.10349999999999998,2.1656447368421055
M12098,0.001,5.5e-06,0.25,0.5,0.04,0.098998,0.2362,nSEG,2,LIDAR,-0.079998,-0.03619999999999998,4.210421052631579,0.1809999999999999,2.1957105263157897
M12099,0.001,5.5e-06,0.25,0.5,0.05,0.098391,0.2646,nSEG,2,LIDAR,-0.079391,-0.06459999999999999,4.178473684210527,0.32299999999999995,2.2507368421052636
M12100,0.001,5.5e-06,0.25,0.5,0.08,0.096652,0.335,nSEG,2,LIDAR,-0.077652,-0.135,4.086947368421053,0.675,2.3809736842105265
M12101,0.001,5.5e-06,0.5,-0.5,0.03,0.099968,0.2722,nSEG,2,LIDAR,-0.080968,-0.07219999999999999,4.261473684210526,0.36099999999999993,2.311236842105263
M12102,0.001,5.5e-06,0.5,-0.5,0.035,0.099625,0.2945,nSEG,2,LIDAR,-0.080625,-0.09449999999999997,4.243421052631579,0.47249999999999986,2.3579605263157895
M12103,0.001,5.5e-06,0.5,-0.5,0.04,0.099324,0.3152,nSEG,2,LIDAR,-0.08032399999999999,-0.11519999999999997,4.22757894736842,0.5759999999999998,2.40178947368421
M12104,0.001,5.5e-06,0.5,-0.5,0.05,0.098774,0.3531,nSEG,2,LIDAR,-0.079774,-0.1531,4.198631578947368,0.7655000000000001,2.482065789473684
M12105,0.001,5.5e-06,0.5,-0.5,0.08,0.097193,0.4466,nSEG,2,LIDAR,-0.078193,-0.24659999999999999,4.115421052631579,1.2329999999999999,2.674210526315789
M12106,0.001,5.5e-06,0.5,-0.25,0.03,0.09994,0.2448,nSEG,2,LIDAR,-0.08094,-0.04479999999999998,4.26,0.2239999999999999,2.242
M12107,0.001,5.5e-06,0.5,-0.25,0.035,0.099592,0.2649,nSEG,2,LIDAR,-0.080592,-0.06490000000000001,4.241684210526316,0.32450000000000007,2.283092105263158
M12108,0.001,5.5e-06,0.5,-0.25,0.04,0.099285,0.2835,nSEG,2,LIDAR,-0.080285,-0.08349999999999996,4.225526315789473,0.4174999999999998,2.3215131578947363
M12109,0.001,5.5e-06,0.5,-0.25,0.05,0.098724,0.3176,nSEG,2,LIDAR,-0.079724,-0.11759999999999998,4.196000000000001,0.5879999999999999,2.3920000000000003
M12110,0.001,5.5e-06,0.5,-0.25,0.08,0.097116,0.402,nSEG,2,LIDAR,-0.07811599999999999,-0.202,4.111368421052632,1.01,2.5606842105263157
M12111,0.001,5.5e-06,0.5,0.0,0.03,0.099962,0.2271,nSEG,2,LIDAR,-0.08096199999999999,-0.027099999999999985,4.261157894736842,0.13549999999999993,2.1983289473684207
M12112,0.001,5.5e-06,0.5,0.0,0.035,0.099592,0.2457,nSEG,2,LIDAR,-0.080592,-0.04569999999999999,4.241684210526316,0.22849999999999995,2.235092105263158
M12113,0.001,5.5e-06,0.5,0.0,0.04,0.099262,0.263,nSEG,2,LIDAR,-0.080262,-0.063,4.2243157894736845,0.315,2.2696578947368424
M12114,0.001,5.5e-06,0.5,0.0,0.05,0.098694,0.2946,nSEG,2,LIDAR,-0.079694,-0.09459999999999996,4.194421052631579,0.4729999999999998,2.3337105263157896
M12115,0.001,5.5e-06,0.5,0.0,0.08,0.097071,0.3731,nSEG,2,LIDAR,-0.078071,-0.17309999999999998,4.109,0.8654999999999998,2.48725
M12116,0.001,5.5e-06,0.5,0.25,0.03,0.099952,0.2143,nSEG,2,LIDAR,-0.080952,-0.01429999999999998,4.260631578947368,0.0714999999999999,2.1660657894736843
M12117,0.001,5.5e-06,0.5,0.25,0.035,0.09958,0.2318,nSEG,2,LIDAR,-0.08058,-0.031799999999999995,4.241052631578947,0.15899999999999997,2.2000263157894735
M12118,0.001,5.5e-06,0.5,0.25,0.04,0.099247,0.2481,nSEG,2,LIDAR,-0.080247,-0.048099999999999976,4.223526315789473,0.24049999999999988,2.2320131578947366
M12119,0.001,5.5e-06,0.5,0.25,0.05,0.098675,0.2779,nSEG,2,LIDAR,-0.079675,-0.07789999999999997,4.193421052631579,0.38949999999999985,2.2914605263157894
M12120,0.001,5.5e-06,0.5,0.25,0.08,0.097041,0.352,nSEG,2,LIDAR,-0.078041,-0.15199999999999997,4.107421052631579,0.7599999999999998,2.433710526315789
M12121,0.001,5.5e-06,0.5,0.5,0.03,0.099944,0.2044,nSEG,2,LIDAR,-0.080944,-0.004399999999999987,4.26021052631579,0.021999999999999936,2.141105263157895
M12122,0.001,5.5e-06,0.5,0.5,0.035,0.09957,0.221,nSEG,2,LIDAR,-0.08057,-0.02099999999999999,4.240526315789474,0.10499999999999995,2.1727631578947366
M12123,0.001,5.5e-06,0.5,0.5,0.04,0.099236,0.2365,nSEG,2,LIDAR,-0.080236,-0.03649999999999998,4.222947368421053,0.18249999999999988,2.2027236842105267
M12124,0.001,5.5e-06,0.5,0.5,0.05,0.09866,0.265,nSEG,2,LIDAR,-0.07966,-0.065,4.192631578947368,0.325,2.258815789473684
M12125,0.001,5.5e-06,0.5,0.5,0.08,0.097207,0.336,nSEG,2,LIDAR,-0.078207,-0.136,4.116157894736842,0.68,2.398078947368421
M12126,0.001,1e-05,-0.5,-0.5,0.03,0.10096,0.2736,nSEG,2,LIDAR,-0.08195999999999999,-0.0736,4.313684210526316,0.368,2.340842105263158
M12127,0.001,1e-05,-0.5,-0.5,0.035,0.10054,0.2959,nSEG,2,LIDAR,-0.08154,-0.09589999999999999,4.291578947368421,0.4794999999999999,2.3855394736842106
M12128,0.001,1e-05,-0.5,-0.5,0.04,0.099989,0.3163,nSEG,2,LIDAR,-0.08098899999999999,-0.11630000000000001,4.262578947368421,0.5815,2.4220394736842104
M12129,0.001,1e-05,-0.5,-0.5,0.05,0.099218,0.3539,nSEG,2,LIDAR,-0.080218,-0.15389999999999998,4.222,0.7694999999999999,2.49575
M12130,0.001,1e-05,-0.5,-0.5,0.08,0.097255,0.4467,nSEG,2,LIDAR,-0.07825499999999999,-0.24669999999999997,4.1186842105263155,1.2334999999999998,2.676092105263158
M12131,0.001,1e-05,-0.5,-0.25,0.03,0.1009,0.2461,nSEG,2,LIDAR,-0.0819,-0.0461,4.310526315789474,0.2305,2.270513157894737
M12132,0.001,1e-05,-0.5,-0.25,0.035,0.10048,0.2661,nSEG,2,LIDAR,-0.08148,-0.06609999999999999,4.288421052631579,0.33049999999999996,2.3094605263157892
M12133,0.001,1e-05,-0.5,-0.25,0.04,0.10008,0.2847,nSEG,2,LIDAR,-0.08108,-0.0847,4.267368421052631,0.4235,2.3454342105263155
M12134,0.001,1e-05,-0.5,-0.25,0.05,0.099133,0.3183,nSEG,2,LIDAR,-0.080133,-0.11830000000000002,4.217526315789474,0.5915,2.404513157894737
M12135,0.001,1e-05,-0.5,-0.25,0.08,0.097127,0.4021,nSEG,2,LIDAR,-0.078127,-0.2021,4.111947368421053,1.0105,2.5612236842105265
M12136,0.001,1e-05,-0.5,0.0,0.03,0.10087,0.2282,nSEG,2,LIDAR,-0.08187,-0.028199999999999975,4.308947368421053,0.14099999999999988,2.2249736842105263
M12137,0.001,1e-05,-0.5,0.0,0.035,0.10044,0.2468,nSEG,2,LIDAR,-0.08144,-0.04679999999999998,4.286315789473684,0.2339999999999999,2.260157894736842
M12138,0.001,1e-05,-0.5,0.0,0.04,0.10005,0.2641,nSEG,2,LIDAR,-0.08105,-0.06409999999999999,4.265789473684211,0.32049999999999995,2.2931447368421054
M12139,0.001,1e-05,-0.5,0.0,0.05,0.099084,0.2952,nSEG,2,LIDAR,-0.080084,-0.0952,4.214947368421053,0.47600000000000003,2.3454736842105266
M12140,0.001,1e-05,-0.5,0.0,0.08,0.097051,0.373,nSEG,2,LIDAR,-0.078051,-0.173,4.107947368421052,0.8649999999999999,2.486473684210526
M12141,0.001,1e-05,-0.5,0.25,0.03,0.10085,0.2153,nSEG,2,LIDAR,-0.08184999999999999,-0.01529999999999998,4.307894736842105,0.0764999999999999,2.1921973684210525
M12142,0.001,1e-05,-0.5,0.25,0.035,0.10042,0.2328,nSEG,2,LIDAR,-0.08141999999999999,-0.032799999999999996,4.285263157894737,0.16399999999999998,2.2246315789473683
M12143,0.001,1e-05,-0.5,0.25,0.04,0.10002,0.2491,nSEG,2,LIDAR,-0.08102,-0.04909999999999998,4.2642105263157895,0.24549999999999988,2.2548552631578946
M12144,0.001,1e-05,-0.5,0.25,0.05,0.09906,0.2785,nSEG,2,LIDAR,-0.08005999999999999,-0.07850000000000001,4.213684210526315,0.39250000000000007,2.3030921052631577
M12145,0.001,1e-05,-0.5,0.25,0.08,0.096999,0.3519,nSEG,2,LIDAR,-0.077999,-0.15189999999999998,4.10521052631579,0.7594999999999998,2.432355263157895
M12146,0.001,1e-05,-0.5,0.5,0.03,0.10084,0.2053,nSEG,2,LIDAR,-0.08184,-0.005299999999999999,4.307368421052631,0.026499999999999996,2.166934210526316
M12147,0.001,1e-05,-0.5,0.5,0.035,0.1004,0.222,nSEG,2,LIDAR,-0.0814,-0.021999999999999992,4.28421052631579,0.10999999999999996,2.197105263157895
M12148,0.001,1e-05,-0.5,0.5,0.04,0.099995,0.2375,nSEG,2,LIDAR,-0.080995,-0.03749999999999998,4.262894736842105,0.1874999999999999,2.2251973684210524
M12149,0.001,1e-05,-0.5,0.5,0.05,0.09926,0.2658,nSEG,2,LIDAR,-0.08026,-0.06579999999999997,4.224210526315789,0.32899999999999985,2.2766052631578946
M12150,0.001,1e-05,-0.5,0.5,0.08,0.096961,0.3355,nSEG,2,LIDAR,-0.077961,-0.1355,4.10321052631579,0.6775,2.390355263157895
M12151,0.001,1e-05,-0.25,-0.5,0.03,0.10151,0.2744,nSEG,2,LIDAR,-0.08251,-0.07439999999999997,4.342631578947368,0.37199999999999983,2.357315789473684
M12152,0.001,1e-05,-0.25,-0.5,0.035,0.10114,0.2968,nSEG,2,LIDAR,-0.08213999999999999,-0.0968,4.323157894736842,0.484,2.403578947368421
M12153,0.001,1e-05,-0.25,-0.5,0.04,0.10081,0.3177,nSEG,2,LIDAR,-0.08181,-0.11769999999999997,4.30578947368421,0.5884999999999998,2.447144736842105
M12154,0.001,1e-05,-0.25,-0.5,0.05,0.10001,0.3554,nSEG,2,LIDAR,-0.08101,-0.15539999999999998,4.263684210526316,0.7769999999999999,2.520342105263158
M12155,0.001,1e-05,-0.25,-0.5,0.08,0.09827,0.4491,nSEG,2,LIDAR,-0.07927,-0.2491,4.172105263157895,1.2454999999999998,2.7088026315789473
M12156,0.001,1e-05,-0.25,-0.25,0.03,0.10146,0.2468,nSEG,2,LIDAR,-0.08245999999999999,-0.04679999999999998,4.34,0.2339999999999999,2.287
M12157,0.001,1e-05,-0.25,-0.25,0.035,0.10108,0.2669,nSEG,2,LIDAR,-0.08208,-0.06690000000000002,4.32,0.3345000000000001,2.3272500000000003
M12158,0.001,1e-05,-0.25,-0.25,0.04,0.10073,0.2857,nSEG,2,LIDAR,-0.08173,-0.0857,4.301578947368421,0.4285,2.3650394736842104
M12159,0.001,1e-05,-0.25,-0.25,0.05,0.099924,0.3196,nSEG,2,LIDAR,-0.080924,-0.11959999999999998,4.259157894736842,0.5979999999999999,2.428578947368421
M12160,0.001,1e-05,-0.25,-0.25,0.08,0.098158,0.4043,nSEG,2,LIDAR,-0.07915799999999999,-0.20429999999999998,4.16621052631579,1.0214999999999999,2.5938552631578946
M12161,0.001,1e-05,-0.25,0.0,0.03,0.10142,0.2289,nSEG,2,LIDAR,-0.08242,-0.02889999999999998,4.337894736842105,0.1444999999999999,2.2411973684210524
M12162,0.001,1e-05,-0.25,0.0,0.035,0.10104,0.2476,nSEG,2,LIDAR,-0.08204,-0.047599999999999976,4.3178947368421055,0.23799999999999988,2.2779473684210525
M12163,0.001,1e-05,-0.25,0.0,0.04,0.10069,0.265,nSEG,2,LIDAR,-0.08169,-0.065,4.299473684210526,0.325,2.3122368421052633
M12164,0.001,1e-05,-0.25,0.0,0.05,0.10005,0.2967,nSEG,2,LIDAR,-0.08105,-0.09670000000000001,4.265789473684211,0.48350000000000004,2.3746447368421055
M12165,0.001,1e-05,-0.25,0.0,0.08,0.098079,0.3751,nSEG,2,LIDAR,-0.079079,-0.17509999999999998,4.1620526315789474,0.8754999999999998,2.5187763157894736
M12166,0.001,1e-05,-0.25,0.25,0.03,0.1014,0.2159,nSEG,2,LIDAR,-0.0824,-0.015899999999999997,4.336842105263158,0.07949999999999999,2.208171052631579
M12167,0.001,1e-05,-0.25,0.25,0.035,0.10102,0.2335,nSEG,2,LIDAR,-0.08202,-0.0335,4.316842105263158,0.1675,2.242171052631579
M12168,0.001,1e-05,-0.25,0.25,0.04,0.10066,0.2499,nSEG,2,LIDAR,-0.08166,-0.0499,4.297894736842105,0.2495,2.2736973684210526
M12169,0.001,1e-05,-0.25,0.25,0.05,0.10001,0.2799,nSEG,2,LIDAR,-0.08101,-0.07989999999999997,4.263684210526316,0.39949999999999986,2.331592105263158
M12170,0.001,1e-05,-0.25,0.25,0.08,0.098026,0.3539,nSEG,2,LIDAR,-0.079026,-0.15389999999999998,4.1592631578947366,0.7694999999999999,2.464381578947368
M12171,0.001,1e-05,-0.25,0.5,0.03,0.10139,0.2059,nSEG,2,LIDAR,-0.08238999999999999,-0.005899999999999989,4.336315789473684,0.029499999999999943,2.1829078947368417
M12172,0.001,1e-05,-0.25,0.5,0.035,0.101,0.2227,nSEG,2,LIDAR,-0.082,-0.022699999999999998,4.315789473684211,0.11349999999999999,2.2146447368421054
M12173,0.001,1e-05,-0.25,0.5,0.04,0.10064,0.2383,nSEG,2,LIDAR,-0.08163999999999999,-0.0383,4.296842105263157,0.1915,2.244171052631579
M12174,0.001,1e-05,-0.25,0.5,0.05,0.099984,0.2668,nSEG,2,LIDAR,-0.080984,-0.06679999999999997,4.262315789473685,0.33399999999999985,2.298157894736842
M12175,0.001,1e-05,-0.25,0.5,0.08,0.097987,0.3374,nSEG,2,LIDAR,-0.078987,-0.13739999999999997,4.157210526315789,0.6869999999999998,2.4221052631578948
M12176,0.001,1e-05,0.0,-0.5,0.03,0.10187,0.2749,nSEG,2,LIDAR,-0.08287,-0.07489999999999997,4.361578947368421,0.37449999999999983,2.3680394736842105
M12177,0.001,1e-05,0.0,-0.5,0.035,0.10153,0.2974,nSEG,2,LIDAR,-0.08252999999999999,-0.09739999999999999,4.343684210526315,0.48699999999999993,2.4153421052631576
M12178,0.001,1e-05,0.0,-0.5,0.04,0.10123,0.3184,nSEG,2,LIDAR,-0.08223,-0.1184,4.327894736842105,0.592,2.4599473684210524
M12179,0.001,1e-05,0.0,-0.5,0.05,0.10053,0.3563,nSEG,2,LIDAR,-0.08152999999999999,-0.1563,4.291052631578947,0.7815,2.5362763157894737
M12180,0.001,1e-05,0.0,-0.5,0.08,0.098942,0.4507,nSEG,2,LIDAR,-0.079942,-0.2507,4.207473684210527,1.2534999999999998,2.7304868421052633
M12181,0.001,1e-05,0.0,-0.25,0.03,0.10181,0.2472,nSEG,2,LIDAR,-0.08281,-0.04719999999999999,4.358421052631579,0.23599999999999996,2.2972105263157894
M12182,0.001,1e-05,0.0,-0.25,0.035,0.10147,0.2675,nSEG,2,LIDAR,-0.08247,-0.0675,4.340526315789474,0.3375,2.3390131578947373
M12183,0.001,1e-05,0.0,-0.25,0.04,0.10115,0.2863,nSEG,2,LIDAR,-0.08215,-0.08629999999999999,4.323684210526316,0.43149999999999994,2.3775921052631577
M12184,0.001,1e-05,0.0,-0.25,0.05,0.10046,0.3205,nSEG,2,LIDAR,-0.08145999999999999,-0.1205,4.287368421052631,0.6024999999999999,2.4449342105263154
M12185,0.001,1e-05,0.0,-0.25,0.08,0.098809,0.4057,nSEG,2,LIDAR,-0.07980899999999999,-0.2057,4.200473684210526,1.0285,2.614486842105263
M12186,0.001,1e-05,0.0,0.0,0.03,0.10178,0.2293,nSEG,2,LIDAR,-0.08277999999999999,-0.029299999999999993,4.356842105263158,0.14649999999999996,2.2516710526315786
M12187,0.001,1e-05,0.0,0.0,0.035,0.10143,0.2481,nSEG,2,LIDAR,-0.08243,-0.048099999999999976,4.338421052631579,0.24049999999999988,2.2894605263157897
M12188,0.001,1e-05,0.0,0.0,0.04,0.10111,0.2655,nSEG,2,LIDAR,-0.08211,-0.0655,4.321578947368422,0.3275,2.3245394736842107
M12189,0.001,1e-05,0.0,0.0,0.05,0.10052,0.2974,nSEG,2,LIDAR,-0.08152,-0.09739999999999999,4.2905263157894735,0.48699999999999993,2.388763157894737
M12190,0.001,1e-05,0.0,0.0,0.08,0.098729,0.3764,nSEG,2,LIDAR,-0.079729,-0.1764,4.1962631578947365,0.882,2.539131578947368
M12191,0.001,1e-05,0.0,0.25,0.03,0.10176,0.2163,nSEG,2,LIDAR,-0.08276,-0.01629999999999998,4.355789473684211,0.0814999999999999,2.2186447368421054
M12192,0.001,1e-05,0.0,0.25,0.035,0.10141,0.234,nSEG,2,LIDAR,-0.08241,-0.034,4.3373684210526315,0.17,2.2536842105263157
M12193,0.001,1e-05,0.0,0.25,0.04,0.10108,0.2505,nSEG,2,LIDAR,-0.08208,-0.05049999999999999,4.32,0.25249999999999995,2.28625
M12194,0.001,1e-05,0.0,0.25,0.05,0.10048,0.2805,nSEG,2,LIDAR,-0.08148,-0.08050000000000002,4.288421052631579,0.4025000000000001,2.3454605263157893
M12195,0.001,1e-05,0.0,0.25,0.08,0.098692,0.3551,nSEG,2,LIDAR,-0.079692,-0.15510000000000002,4.194315789473684,0.7755000000000001,2.484907894736842
M12196,0.001,1e-05,0.0,0.5,0.03,0.10174,0.2063,nSEG,2,LIDAR,-0.08274,-0.0063,4.354736842105263,0.0315,2.1931184210526316
M12197,0.001,1e-05,0.0,0.5,0.035,0.10139,0.2231,nSEG,2,LIDAR,-0.08238999999999999,-0.02309999999999998,4.336315789473684,0.11549999999999991,2.225907894736842
M12198,0.001,1e-05,0.0,0.5,0.04,0.10106,0.2388,nSEG,2,LIDAR,-0.08206,-0.0388,4.318947368421052,0.194,2.256473684210526
M12199,0.001,1e-05,0.0,0.5,0.05,0.10045,0.2675,nSEG,2,LIDAR,-0.08145,-0.0675,4.286842105263157,0.3375,2.312171052631579
M12200,0.001,1e-05,0.0,0.5,0.08,0.098652,0.3386,nSEG,2,LIDAR,-0.079652,-0.1386,4.192210526315789,0.693,2.4426052631578945
M12201,0.001,1e-05,0.25,-0.5,0.03,0.10212,0.2753,nSEG,2,LIDAR,-0.08312,-0.07529999999999998,4.374736842105263,0.3764999999999999,2.3756184210526317
M12202,0.001,1e-05,0.25,-0.5,0.035,0.10181,0.2978,nSEG,2,LIDAR,-0.08281,-0.0978,4.358421052631579,0.489,2.4237105263157894
M12203,0.001,1e-05,0.25,-0.5,0.04,0.10153,0.3189,nSEG,2,LIDAR,-0.08252999999999999,-0.1189,4.343684210526315,0.5945,2.4690921052631576
M12204,0.001,1e-05,0.25,-0.5,0.05,0.1009,0.357,nSEG,2,LIDAR,-0.0819,-0.15699999999999997,4.310526315789474,0.7849999999999998,2.547763157894737
M12205,0.001,1e-05,0.25,-0.5,0.08,0.099414,0.4518,nSEG,2,LIDAR,-0.080414,-0.25179999999999997,4.2323157894736845,1.2589999999999997,2.745657894736842
M12206,0.001,1e-05,0.25,-0.25,0.03,0.10207,0.2475,nSEG,2,LIDAR,-0.08306999999999999,-0.04749999999999999,4.372105263157894,0.23749999999999993,2.304802631578947
M12207,0.001,1e-05,0.25,-0.25,0.035,0.10175,0.2678,nSEG,2,LIDAR,-0.08274999999999999,-0.06779999999999997,4.355263157894736,0.33899999999999986,2.347131578947368
M12208,0.001,1e-05,0.25,-0.25,0.04,0.10145,0.2868,nSEG,2,LIDAR,-0.08245,-0.08679999999999999,4.339473684210526,0.43399999999999994,2.3867368421052633
M12209,0.001,1e-05,0.25,-0.25,0.05,0.10091,0.3213,nSEG,2,LIDAR,-0.08191,-0.12129999999999996,4.3110526315789475,0.6064999999999998,2.4587763157894735
M12210,0.001,1e-05,0.25,-0.25,0.08,0.099287,0.4067,nSEG,2,LIDAR,-0.080287,-0.2067,4.225631578947368,1.0334999999999999,2.629565789473684
M12211,0.001,1e-05,0.25,0.0,0.03,0.10204,0.2296,nSEG,2,LIDAR,-0.08304,-0.029599999999999987,4.370526315789474,0.14799999999999994,2.2592631578947366
M12212,0.001,1e-05,0.25,0.0,0.035,0.10171,0.2484,nSEG,2,LIDAR,-0.08270999999999999,-0.0484,4.3531578947368414,0.242,2.2975789473684207
M12213,0.001,1e-05,0.25,0.0,0.04,0.10141,0.2659,nSEG,2,LIDAR,-0.08241,-0.06590000000000001,4.3373684210526315,0.32950000000000007,2.333434210526316
M12214,0.001,1e-05,0.25,0.0,0.05,0.10086,0.298,nSEG,2,LIDAR,-0.08186,-0.09799999999999998,4.308421052631579,0.4899999999999999,2.3992105263157897
M12215,0.001,1e-05,0.25,0.0,0.08,0.099216,0.3773,nSEG,2,LIDAR,-0.080216,-0.1773,4.221894736842105,0.8865000000000001,2.5541973684210526
M12216,0.001,1e-05,0.25,0.25,0.03,0.10202,0.2166,nSEG,2,LIDAR,-0.08302,-0.016599999999999976,4.369473684210527,0.08299999999999988,2.2262368421052634
M12217,0.001,1e-05,0.25,0.25,0.035,0.10169,0.2343,nSEG,2,LIDAR,-0.08269,-0.0343,4.3521052631578945,0.17149999999999999,2.2618026315789472
M12218,0.001,1e-05,0.25,0.25,0.04,0.10138,0.2508,nSEG,2,LIDAR,-0.08238,-0.05080000000000001,4.33578947368421,0.25400000000000006,2.2948947368421053
M12219,0.001,1e-05,0.25,0.25,0.05,0.10082,0.281,nSEG,2,LIDAR,-0.08182,-0.08100000000000002,4.306315789473684,0.4050000000000001,2.3556578947368423
M12220,0.001,1e-05,0.25,0.25,0.08,0.099176,0.356,nSEG,2,LIDAR,-0.080176,-0.15599999999999997,4.2197894736842105,0.7799999999999998,2.499894736842105
M12221,0.001,1e-05,0.25,0.5,0.03,0.102,0.2066,nSEG,2,LIDAR,-0.08299999999999999,-0.006599999999999995,4.368421052631579,0.032999999999999974,2.2007105263157896
M12222,0.001,1e-05,0.25,0.5,0.035,0.10167,0.2234,nSEG,2,LIDAR,-0.08267,-0.023399999999999976,4.3510526315789475,0.11699999999999988,2.2340263157894737
M12223,0.001,1e-05,0.25,0.5,0.04,0.10136,0.2392,nSEG,2,LIDAR,-0.08236,-0.039199999999999985,4.334736842105263,0.19599999999999992,2.2653684210526315
M12224,0.001,1e-05,0.25,0.5,0.05,0.10079,0.2679,nSEG,2,LIDAR,-0.08179,-0.06790000000000002,4.304736842105263,0.3395000000000001,2.3221184210526316
M12225,0.001,1e-05,0.25,0.5,0.08,0.099135,0.3394,nSEG,2,LIDAR,-0.080135,-0.13939999999999997,4.217631578947368,0.6969999999999998,2.457315789473684
M12226,0.001,1e-05,0.5,-0.5,0.03,0.10232,0.2755,nSEG,2,LIDAR,-0.08331999999999999,-0.07550000000000001,4.3852631578947365,0.37750000000000006,2.3813815789473685
M12227,0.001,1e-05,0.5,-0.5,0.035,0.10203,0.2982,nSEG,2,LIDAR,-0.08302999999999999,-0.09820000000000001,4.37,0.49100000000000005,2.4305
M12228,0.001,1e-05,0.5,-0.5,0.04,0.10176,0.3193,nSEG,2,LIDAR,-0.08276,-0.11929999999999996,4.355789473684211,0.5964999999999998,2.4761447368421052
M12229,0.001,1e-05,0.5,-0.5,0.05,0.10118,0.3575,nSEG,2,LIDAR,-0.08218,-0.15749999999999997,4.325263157894737,0.7874999999999999,2.5563815789473683
M12230,0.001,1e-05,0.5,-0.5,0.08,0.099777,0.4527,nSEG,2,LIDAR,-0.080777,-0.2527,4.251421052631579,1.2634999999999998,2.757460526315789
M12231,0.001,1e-05,0.5,-0.25,0.03,0.10227,0.2478,nSEG,2,LIDAR,-0.08327,-0.04779999999999998,4.382631578947368,0.2389999999999999,2.310815789473684
M12232,0.001,1e-05,0.5,-0.25,0.035,0.10196,0.2681,nSEG,2,LIDAR,-0.08295999999999999,-0.0681,4.366315789473684,0.34049999999999997,2.3534078947368418
M12233,0.001,1e-05,0.5,-0.25,0.04,0.10169,0.2871,nSEG,2,LIDAR,-0.08269,-0.08710000000000001,4.3521052631578945,0.43550000000000005,2.3938026315789473
M12234,0.001,1e-05,0.5,-0.25,0.05,0.10118,0.3217,nSEG,2,LIDAR,-0.08218,-0.12169999999999997,4.325263157894737,0.6084999999999998,2.466881578947368
M12235,0.001,1e-05,0.5,-0.25,0.08,0.099674,0.4075,nSEG,2,LIDAR,-0.080674,-0.20749999999999996,4.2459999999999996,1.0374999999999996,2.6417499999999996
M12236,0.001,1e-05,0.5,0.0,0.03,0.10223,0.2298,nSEG,2,LIDAR,-0.08323,-0.029799999999999993,4.380526315789473,0.14899999999999997,2.2647631578947367
M12237,0.001,1e-05,0.5,0.0,0.035,0.10193,0.2487,nSEG,2,LIDAR,-0.08293,-0.04869999999999999,4.3647368421052635,0.24349999999999997,2.3041184210526318
M12238,0.001,1e-05,0.5,0.0,0.04,0.10164,0.2663,nSEG,2,LIDAR,-0.08263999999999999,-0.06629999999999997,4.349473684210526,0.33149999999999985,2.340486842105263
M12239,0.001,1e-05,0.5,0.0,0.05,0.10112,0.2984,nSEG,2,LIDAR,-0.08212,-0.09839999999999999,4.322105263157895,0.49199999999999994,2.4070526315789476
M12240,0.001,1e-05,0.5,0.0,0.08,0.099592,0.3781,nSEG,2,LIDAR,-0.080592,-0.17809999999999998,4.241684210526316,0.8904999999999998,2.5660921052631576
M12241,0.001,1e-05,0.5,0.25,0.03,0.10221,0.2168,nSEG,2,LIDAR,-0.08320999999999999,-0.01679999999999998,4.379473684210526,0.08399999999999991,2.231736842105263
M12242,0.001,1e-05,0.5,0.25,0.035,0.1019,0.2346,nSEG,2,LIDAR,-0.0829,-0.03459999999999999,4.363157894736842,0.17299999999999996,2.268078947368421
M12243,0.001,1e-05,0.5,0.25,0.04,0.10161,0.2511,nSEG,2,LIDAR,-0.08261,-0.05109999999999998,4.347894736842106,0.2554999999999999,2.3016973684210527
M12244,0.001,1e-05,0.5,0.25,0.05,0.10108,0.2814,nSEG,2,LIDAR,-0.08208,-0.08139999999999997,4.32,0.40699999999999986,2.3635
M12245,0.001,1e-05,0.5,0.25,0.08,0.099536,0.3567,nSEG,2,LIDAR,-0.080536,-0.1567,4.238736842105263,0.7835,2.5111184210526316
M12246,0.001,1e-05,0.5,0.5,0.03,0.1022,0.2068,nSEG,2,LIDAR,-0.0832,-0.0068000000000000005,4.378947368421053,0.034,2.2064736842105264
M12247,0.001,1e-05,0.5,0.5,0.035,0.10188,0.2237,nSEG,2,LIDAR,-0.08288,-0.0237,4.362105263157894,0.1185,2.240302631578947
M12248,0.001,1e-05,0.5,0.5,0.04,0.10159,0.2394,nSEG,2,LIDAR,-0.08259,-0.03939999999999999,4.346842105263158,0.19699999999999995,2.271921052631579
M12249,0.001,1e-05,0.5,0.5,0.05,0.10106,0.2683,nSEG,2,LIDAR,-0.08206,-0.06829999999999997,4.318947368421052,0.34149999999999986,2.330223684210526
M12250,0.001,1e-05,0.5,0.5,0.08,0.099495,0.3401,nSEG,2,LIDAR,-0.080495,-0.1401,4.236578947368421,0.7005,2.4685394736842103
M12251,0.001,5.5e-05,-0.5,-0.5,0.03,0.12186,0.3018,nSEG,2,LIDAR,-0.10286,-0.1018,5.413684210526315,0.509,2.961342105263158
M12252,0.001,5.5e-05,-0.5,-0.5,0.035,0.12175,0.3269,nSEG,2,LIDAR,-0.10275,-0.1269,5.407894736842105,0.6345000000000001,3.0211973684210527
M12253,0.001,5.5e-05,-0.5,-0.5,0.04,0.12158,0.3502,nSEG,2,LIDAR,-0.10257999999999999,-0.1502,5.3989473684210525,0.751,3.0749736842105264
M12254,0.001,5.5e-05,-0.5,-0.5,0.05,0.12114,0.3925,nSEG,2,LIDAR,-0.10214,-0.1925,5.37578947368421,0.9625,3.1691447368421053
M12255,0.001,5.5e-05,-0.5,-0.5,0.08,0.12031,0.4983,nSEG,2,LIDAR,-0.10131,-0.2983,5.332105263157895,1.4915,3.4118026315789476
M12256,0.001,5.5e-05,-0.5,-0.25,0.03,0.1216,0.2712,nSEG,2,LIDAR,-0.1026,-0.07119999999999999,5.4,0.3559999999999999,2.878
M12257,0.001,5.5e-05,-0.5,-0.25,0.035,0.12136,0.2936,nSEG,2,LIDAR,-0.10235999999999999,-0.09360000000000002,5.387368421052631,0.4680000000000001,2.9276842105263157
M12258,0.001,5.5e-05,-0.5,-0.25,0.04,0.12122,0.3146,nSEG,2,LIDAR,-0.10221999999999999,-0.11459999999999998,5.38,0.5729999999999998,2.9764999999999997
M12259,0.001,5.5e-05,-0.5,-0.25,0.05,0.1209,0.3529,nSEG,2,LIDAR,-0.10189999999999999,-0.15289999999999998,5.363157894736842,0.7644999999999998,3.063828947368421
M12260,0.001,5.5e-05,-0.5,-0.25,0.08,0.11979,0.448,nSEG,2,LIDAR,-0.10078999999999999,-0.248,5.304736842105263,1.24,3.2723684210526316
M12261,0.001,5.5e-05,-0.5,0.0,0.03,0.1214,0.2514,nSEG,2,LIDAR,-0.10239999999999999,-0.0514,5.389473684210526,0.257,2.823236842105263
M12262,0.001,5.5e-05,-0.5,0.0,0.035,0.12121,0.2722,nSEG,2,LIDAR,-0.10221,-0.07219999999999999,5.379473684210526,0.36099999999999993,2.870236842105263
M12263,0.001,5.5e-05,-0.5,0.0,0.04,0.12099,0.2916,nSEG,2,LIDAR,-0.10199,-0.09160000000000001,5.367894736842105,0.4580000000000001,2.9129473684210527
M12264,0.001,5.5e-05,-0.5,0.0,0.05,0.1206,0.3271,nSEG,2,LIDAR,-0.1016,-0.1271,5.347368421052631,0.6355,2.9914342105263154
M12265,0.001,5.5e-05,-0.5,0.0,0.08,0.11945,0.4154,nSEG,2,LIDAR,-0.10045,-0.21539999999999998,5.286842105263158,1.0769999999999997,3.181921052631579
M12266,0.001,5.5e-05,-0.5,0.25,0.03,0.12127,0.237,nSEG,2,LIDAR,-0.10227,-0.03699999999999998,5.382631578947368,0.1849999999999999,2.783815789473684
M12267,0.001,5.5e-05,-0.5,0.25,0.035,0.12104,0.2566,nSEG,2,LIDAR,-0.10203999999999999,-0.056599999999999984,5.370526315789474,0.2829999999999999,2.826763157894737
M12268,0.001,5.5e-05,-0.5,0.25,0.04,0.12085,0.2749,nSEG,2,LIDAR,-0.10185,-0.07489999999999997,5.360526315789474,0.37449999999999983,2.867513157894737
M12269,0.001,5.5e-05,-0.5,0.25,0.05,0.12044,0.3083,nSEG,2,LIDAR,-0.10144,-0.10830000000000001,5.338947368421053,0.5415,2.9402236842105265
M12270,0.001,5.5e-05,-0.5,0.25,0.08,0.11921,0.3917,nSEG,2,LIDAR,-0.10021,-0.19169999999999998,5.274210526315789,0.9584999999999999,3.1163552631578946
M12271,0.001,5.5e-05,-0.5,0.5,0.03,0.12109,0.2258,nSEG,2,LIDAR,-0.10209,-0.02579999999999999,5.373157894736842,0.12899999999999995,2.7510789473684207
M12272,0.001,5.5e-05,-0.5,0.5,0.035,0.12094,0.2446,nSEG,2,LIDAR,-0.10194,-0.0446,5.365263157894737,0.223,2.7941315789473684
M12273,0.001,5.5e-05,-0.5,0.5,0.04,0.12071,0.262,nSEG,2,LIDAR,-0.10171,-0.062,5.353157894736842,0.31,2.831578947368421
M12274,0.001,5.5e-05,-0.5,0.5,0.05,0.12028,0.2938,nSEG,2,LIDAR,-0.10128,-0.0938,5.330526315789474,0.469,2.899763157894737
M12275,0.001,5.5e-05,-0.5,0.5,0.08,0.11902,0.3733,nSEG,2,LIDAR,-0.10002,-0.1733,5.2642105263157895,0.8665,3.065355263157895
M12276,0.001,5.5e-05,-0.25,-0.5,0.03,0.12236,0.3025,nSEG,2,LIDAR,-0.10336,-0.10249999999999998,5.4399999999999995,0.5124999999999998,2.97625
M12277,0.001,5.5e-05,-0.25,-0.5,0.035,0.12229,0.3277,nSEG,2,LIDAR,-0.10328999999999999,-0.12769999999999998,5.436315789473684,0.6384999999999998,3.037407894736842
M12278,0.001,5.5e-05,-0.25,-0.5,0.04,0.12218,0.3511,nSEG,2,LIDAR,-0.10318,-0.1511,5.430526315789473,0.7555000000000001,3.0930131578947364
M12279,0.001,5.5e-05,-0.25,-0.5,0.05,0.12204,0.394,nSEG,2,LIDAR,-0.10303999999999999,-0.194,5.423157894736842,0.97,3.1965789473684207
M12280,0.001,5.5e-05,-0.25,-0.5,0.08,0.12123,0.5003,nSEG,2,LIDAR,-0.10223,-0.30029999999999996,5.380526315789474,1.5014999999999996,3.441013157894737
M12281,0.001,5.5e-05,-0.25,-0.25,0.03,0.1221,0.2718,nSEG,2,LIDAR,-0.1031,-0.07179999999999997,5.426315789473684,0.3589999999999999,2.892657894736842
M12282,0.001,5.5e-05,-0.25,-0.25,0.035,0.1219,0.2943,nSEG,2,LIDAR,-0.10289999999999999,-0.0943,5.41578947368421,0.4715,2.943644736842105
M12283,0.001,5.5e-05,-0.25,-0.25,0.04,0.12178,0.3154,nSEG,2,LIDAR,-0.10278,-0.1154,5.409473684210527,0.577,2.9932368421052633
M12284,0.001,5.5e-05,-0.25,-0.25,0.05,0.12157,0.3539,nSEG,2,LIDAR,-0.10257,-0.15389999999999998,5.398421052631579,0.7694999999999999,3.0839605263157894
M12285,0.001,5.5e-05,-0.25,-0.25,0.08,0.1207,0.4498,nSEG,2,LIDAR,-0.1017,-0.24979999999999997,5.352631578947369,1.2489999999999997,3.3008157894736843
M12286,0.001,5.5e-05,-0.25,0.0,0.03,0.1219,0.2519,nSEG,2,LIDAR,-0.10289999999999999,-0.0519,5.41578947368421,0.2595,2.837644736842105
M12287,0.001,5.5e-05,-0.25,0.0,0.035,0.12174,0.2728,nSEG,2,LIDAR,-0.10274,-0.07279999999999998,5.407368421052632,0.3639999999999999,2.885684210526316
M12288,0.001,5.5e-05,-0.25,0.0,0.04,0.12158,0.2923,nSEG,2,LIDAR,-0.10257999999999999,-0.0923,5.3989473684210525,0.46149999999999997,2.9302236842105263
M12289,0.001,5.5e-05,-0.25,0.0,0.05,0.12131,0.328,nSEG,2,LIDAR,-0.10231,-0.128,5.384736842105263,0.64,3.0123684210526314
M12290,0.001,5.5e-05,-0.25,0.0,0.08,0.12036,0.417,nSEG,2,LIDAR,-0.10135999999999999,-0.21699999999999997,5.334736842105263,1.0849999999999997,3.2098684210526316
M12291,0.001,5.5e-05,-0.25,0.25,0.03,0.12176,0.2375,nSEG,2,LIDAR,-0.10275999999999999,-0.03749999999999998,5.408421052631579,0.1874999999999999,2.7979605263157894
M12292,0.001,5.5e-05,-0.25,0.25,0.035,0.12158,0.2572,nSEG,2,LIDAR,-0.10257999999999999,-0.05719999999999997,5.3989473684210525,0.28599999999999987,2.842473684210526
M12293,0.001,5.5e-05,-0.25,0.25,0.04,0.12143,0.2756,nSEG,2,LIDAR,-0.10243,-0.0756,5.3910526315789475,0.378,2.884526315789474
M12294,0.001,5.5e-05,-0.25,0.25,0.05,0.1211,0.3092,nSEG,2,LIDAR,-0.1021,-0.10919999999999996,5.373684210526315,0.5459999999999998,2.9598421052631574
M12295,0.001,5.5e-05,-0.25,0.25,0.08,0.12011,0.3932,nSEG,2,LIDAR,-0.10110999999999999,-0.19319999999999998,5.321578947368421,0.9659999999999999,3.1437894736842105
M12296,0.001,5.5e-05,-0.25,0.5,0.03,0.12158,0.2263,nSEG,2,LIDAR,-0.10257999999999999,-0.02629999999999999,5.3989473684210525,0.13149999999999995,2.7652236842105262
M12297,0.001,5.5e-05,-0.25,0.5,0.035,0.12147,0.2451,nSEG,2,LIDAR,-0.10246999999999999,-0.0451,5.3931578947368415,0.2255,2.809328947368421
M12298,0.001,5.5e-05,-0.25,0.5,0.04,0.12129,0.2626,nSEG,2,LIDAR,-0.10228999999999999,-0.06259999999999999,5.383684210526315,0.31299999999999994,2.8483421052631575
M12299,0.001,5.5e-05,-0.25,0.5,0.05,0.12094,0.2947,nSEG,2,LIDAR,-0.10194,-0.0947,5.365263157894737,0.47350000000000003,2.9193815789473687
M12300,0.001,5.5e-05,-0.25,0.5,0.08,0.11993,0.3747,nSEG,2,LIDAR,-0.10092999999999999,-0.17469999999999997,5.312105263157894,0.8734999999999998,3.092802631578947
M12301,0.001,5.5e-05,0.0,-0.5,0.03,0.12272,0.3029,nSEG,2,LIDAR,-0.10371999999999999,-0.10289999999999999,5.458947368421052,0.5145,2.986723684210526
M12302,0.001,5.5e-05,0.0,-0.5,0.035,0.12264,0.3282,nSEG,2,LIDAR,-0.10364,-0.12819999999999998,5.454736842105263,0.6409999999999999,3.0478684210526317
M12303,0.001,5.5e-05,0.0,-0.5,0.04,0.12257,0.3517,nSEG,2,LIDAR,-0.10357,-0.1517,5.451052631578947,0.7585,3.1047763157894734
M12304,0.001,5.5e-05,0.0,-0.5,0.05,0.12247,0.3947,nSEG,2,LIDAR,-0.10346999999999999,-0.19469999999999998,5.4457894736842105,0.9734999999999999,3.209644736842105
M12305,0.001,5.5e-05,0.0,-0.5,0.08,0.12183,0.5015,nSEG,2,LIDAR,-0.10282999999999999,-0.30149999999999993,5.412105263157894,1.5074999999999996,3.4598026315789467
M12306,0.001,5.5e-05,0.0,-0.25,0.03,0.12241,0.2722,nSEG,2,LIDAR,-0.10341,-0.07219999999999999,5.442631578947369,0.36099999999999993,2.9018157894736842
M12307,0.001,5.5e-05,0.0,-0.25,0.035,0.12225,0.2948,nSEG,2,LIDAR,-0.10325,-0.0948,5.434210526315789,0.474,2.954105263157895
M12308,0.001,5.5e-05,0.0,-0.25,0.04,0.12216,0.3159,nSEG,2,LIDAR,-0.10316,-0.1159,5.429473684210526,0.5795,3.0044868421052633
M12309,0.001,5.5e-05,0.0,-0.25,0.05,0.122,0.3546,nSEG,2,LIDAR,-0.103,-0.15460000000000002,5.421052631578947,0.773,3.0970263157894733
M12310,0.001,5.5e-05,0.0,-0.25,0.08,0.1213,0.4509,nSEG,2,LIDAR,-0.1023,-0.2509,5.38421052631579,1.2545,3.319355263157895
M12311,0.001,5.5e-05,0.0,0.0,0.03,0.12221,0.2522,nSEG,2,LIDAR,-0.10321,-0.05219999999999997,5.4321052631578945,0.26099999999999984,2.8465526315789473
M12312,0.001,5.5e-05,0.0,0.0,0.035,0.12209,0.2732,nSEG,2,LIDAR,-0.10309,-0.07319999999999999,5.425789473684211,0.36599999999999994,2.8958947368421053
M12313,0.001,5.5e-05,0.0,0.0,0.04,0.12191,0.2928,nSEG,2,LIDAR,-0.10291,-0.0928,5.416315789473685,0.46399999999999997,2.940157894736842
M12314,0.001,5.5e-05,0.0,0.0,0.05,0.12174,0.3287,nSEG,2,LIDAR,-0.10274,-0.12869999999999998,5.407368421052632,0.6434999999999998,3.0254342105263157
M12315,0.001,5.5e-05,0.0,0.0,0.08,0.12095,0.4181,nSEG,2,LIDAR,-0.10195,-0.21810000000000002,5.36578947368421,1.0905,3.228144736842105
M12316,0.001,5.5e-05,0.0,0.25,0.03,0.12201,0.2378,nSEG,2,LIDAR,-0.10300999999999999,-0.0378,5.42157894736842,0.189,2.80528947368421
M12317,0.001,5.5e-05,0.0,0.25,0.035,0.12193,0.2576,nSEG,2,LIDAR,-0.10293,-0.057599999999999985,5.417368421052632,0.2879999999999999,2.852684210526316
M12318,0.001,5.5e-05,0.0,0.25,0.04,0.1218,0.2761,nSEG,2,LIDAR,-0.1028,-0.0761,5.410526315789474,0.3805,2.8955131578947366
M12319,0.001,5.5e-05,0.0,0.25,0.05,0.1215,0.3098,nSEG,2,LIDAR,-0.1025,-0.10980000000000001,5.394736842105263,0.549,2.9718684210526316
M12320,0.001,5.5e-05,0.0,0.25,0.08,0.1207,0.3942,nSEG,2,LIDAR,-0.1017,-0.19419999999999998,5.352631578947369,0.9709999999999999,3.1618157894736845
M12321,0.001,5.5e-05,0.0,0.5,0.03,0.1219,0.2266,nSEG,2,LIDAR,-0.10289999999999999,-0.026599999999999985,5.41578947368421,0.13299999999999992,2.774394736842105
M12322,0.001,5.5e-05,0.0,0.5,0.035,0.12181,0.2455,nSEG,2,LIDAR,-0.10281,-0.045499999999999985,5.411052631578947,0.22749999999999992,2.8192763157894736
M12323,0.001,5.5e-05,0.0,0.5,0.04,0.12166,0.2631,nSEG,2,LIDAR,-0.10266,-0.06309999999999999,5.403157894736842,0.31549999999999995,2.859328947368421
M12324,0.001,5.5e-05,0.0,0.5,0.05,0.12134,0.2952,nSEG,2,LIDAR,-0.10234,-0.0952,5.386315789473684,0.47600000000000003,2.931157894736842
M12325,0.001,5.5e-05,0.0,0.5,0.08,0.12051,0.3757,nSEG,2,LIDAR,-0.10151,-0.17569999999999997,5.342631578947369,0.8784999999999998,3.1105657894736845
M12326,0.001,5.5e-05,0.25,-0.5,0.03,0.12297,0.3033,nSEG,2,LIDAR,-0.10396999999999999,-0.1033,5.472105263157895,0.5165,2.994302631578947
M12327,0.001,5.5e-05,0.25,-0.5,0.035,0.12287,0.3285,nSEG,2,LIDAR,-0.10386999999999999,-0.1285,5.466842105263158,0.6425,3.054671052631579
M12328,0.001,5.5e-05,0.25,-0.5,0.04,0.12284,0.3521,nSEG,2,LIDAR,-0.10384,-0.1521,5.4652631578947375,0.7605000000000001,3.112881578947369
M12329,0.001,5.5e-05,0.25,-0.5,0.05,0.12278,0.3953,nSEG,2,LIDAR,-0.10378,-0.19529999999999997,5.462105263157895,0.9764999999999998,3.2193026315789472
M12330,0.001,5.5e-05,0.25,-0.5,0.08,0.12226,0.5024,nSEG,2,LIDAR,-0.10325999999999999,-0.30239999999999995,5.434736842105263,1.5119999999999996,3.473368421052631
M12331,0.001,5.5e-05,0.25,-0.25,0.03,0.12266,0.2724,nSEG,2,LIDAR,-0.10366,-0.07239999999999996,5.455789473684211,0.3619999999999998,2.9088947368421056
M12332,0.001,5.5e-05,0.25,-0.25,0.035,0.12258,0.2952,nSEG,2,LIDAR,-0.10357999999999999,-0.0952,5.451578947368421,0.47600000000000003,2.9637894736842103
M12333,0.001,5.5e-05,0.25,-0.25,0.04,0.12244,0.3163,nSEG,2,LIDAR,-0.10343999999999999,-0.11630000000000001,5.444210526315789,0.5815,3.0128552631578946
M12334,0.001,5.5e-05,0.25,-0.25,0.05,0.12231,0.3551,nSEG,2,LIDAR,-0.10331,-0.15510000000000002,5.437368421052632,0.7755000000000001,3.106434210526316
M12335,0.001,5.5e-05,0.25,-0.25,0.08,0.12172,0.4517,nSEG,2,LIDAR,-0.10271999999999999,-0.2517,5.406315789473684,1.2584999999999997,3.332407894736842
M12336,0.001,5.5e-05,0.25,0.0,0.03,0.12244,0.2525,nSEG,2,LIDAR,-0.10343999999999999,-0.05249999999999999,5.444210526315789,0.26249999999999996,2.8533552631578947
M12337,0.001,5.5e-05,0.25,0.0,0.035,0.12234,0.2735,nSEG,2,LIDAR,-0.10334,-0.07350000000000001,5.4389473684210525,0.36750000000000005,2.903223684210526
M12338,0.001,5.5e-05,0.25,0.0,0.04,0.12218,0.2931,nSEG,2,LIDAR,-0.10318,-0.09310000000000002,5.430526315789473,0.4655000000000001,2.948013157894737
M12339,0.001,5.5e-05,0.25,0.0,0.05,0.12205,0.3291,nSEG,2,LIDAR,-0.10305,-0.1291,5.423684210526316,0.6455,3.034592105263158
M12340,0.001,5.5e-05,0.25,0.0,0.08,0.12138,0.4188,nSEG,2,LIDAR,-0.10238,-0.2188,5.388421052631579,1.0939999999999999,3.2412105263157898
M12341,0.001,5.5e-05,0.25,0.25,0.03,0.12224,0.238,nSEG,2,LIDAR,-0.10324,-0.03799999999999998,5.433684210526316,0.1899999999999999,2.8118421052631577
M12342,0.001,5.5e-05,0.25,0.25,0.035,0.12218,0.2579,nSEG,2,LIDAR,-0.10318,-0.05790000000000001,5.430526315789473,0.28950000000000004,2.8600131578947368
M12343,0.001,5.5e-05,0.25,0.25,0.04,0.12207,0.2764,nSEG,2,LIDAR,-0.10307,-0.07639999999999997,5.424736842105263,0.38199999999999984,2.9033684210526314
M12344,0.001,5.5e-05,0.25,0.25,0.05,0.12181,0.3102,nSEG,2,LIDAR,-0.10281,-0.11019999999999996,5.411052631578947,0.5509999999999998,2.9810263157894736
M12345,0.001,5.5e-05,0.25,0.25,0.08,0.12113,0.3949,nSEG,2,LIDAR,-0.10213,-0.19489999999999996,5.375263157894737,0.9744999999999998,3.1748815789473683
M12346,0.001,5.5e-05,0.25,0.5,0.03,0.12213,0.2268,nSEG,2,LIDAR,-0.10313,-0.02679999999999999,5.427894736842106,0.13399999999999995,2.780947368421053
M12347,0.001,5.5e-05,0.25,0.5,0.035,0.12207,0.2458,nSEG,2,LIDAR,-0.10307,-0.04579999999999998,5.424736842105263,0.2289999999999999,2.8268684210526316
M12348,0.001,5.5e-05,0.25,0.5,0.04,0.12195,0.2634,nSEG,2,LIDAR,-0.10295,-0.06340000000000001,5.4184210526315795,0.31700000000000006,2.86771052631579
M12349,0.001,5.5e-05,0.25,0.5,0.05,0.12165,0.2956,nSEG,2,LIDAR,-0.10264999999999999,-0.09559999999999996,5.402631578947368,0.4779999999999998,2.9403157894736838
M12350,0.001,5.5e-05,0.25,0.5,0.08,0.12113,0.3767,nSEG,2,LIDAR,-0.10213,-0.17669999999999997,5.375263157894737,0.8834999999999998,3.1293815789473682
M12351,0.001,5.5e-05,0.5,-0.5,0.03,0.12309,0.3034,nSEG,2,LIDAR,-0.10409,-0.10339999999999999,5.478421052631579,0.5169999999999999,2.9977105263157897
M12352,0.001,5.5e-05,0.5,-0.5,0.035,0.12307,0.3288,nSEG,2,LIDAR,-0.10407,-0.12879999999999997,5.477368421052631,0.6439999999999998,3.0606842105263157
M12353,0.001,5.5e-05,0.5,-0.5,0.04,0.12305,0.3524,nSEG,2,LIDAR,-0.10405,-0.15239999999999998,5.476315789473684,0.7619999999999999,3.119157894736842
M12354,0.001,5.5e-05,0.5,-0.5,0.05,0.12302,0.3957,nSEG,2,LIDAR,-0.10402,-0.19569999999999999,5.474736842105264,0.9784999999999999,3.226618421052632
M12355,0.001,5.5e-05,0.5,-0.5,0.08,0.1226,0.5031,nSEG,2,LIDAR,-0.1036,-0.3031,5.4526315789473685,1.5154999999999998,3.484065789473684
M12356,0.001,5.5e-05,0.5,-0.25,0.03,0.12282,0.2726,nSEG,2,LIDAR,-0.10382,-0.0726,5.46421052631579,0.363,2.913605263157895
M12357,0.001,5.5e-05,0.5,-0.25,0.035,0.12277,0.2954,nSEG,2,LIDAR,-0.10377,-0.09539999999999998,5.461578947368421,0.4769999999999999,2.969289473684211
M12358,0.001,5.5e-05,0.5,-0.25,0.04,0.12265,0.3166,nSEG,2,LIDAR,-0.10364999999999999,-0.11659999999999998,5.455263157894737,0.5829999999999999,3.0191315789473685
M12359,0.001,5.5e-05,0.5,-0.25,0.05,0.12255,0.3554,nSEG,2,LIDAR,-0.10355,-0.15539999999999998,5.45,0.7769999999999999,3.1135
M12360,0.001,5.5e-05,0.5,-0.25,0.08,0.12205,0.4524,nSEG,2,LIDAR,-0.10305,-0.2524,5.423684210526316,1.262,3.3428421052631583
M12361,0.001,5.5e-05,0.5,0.0,0.03,0.12261,0.2527,nSEG,2,LIDAR,-0.10361,-0.05269999999999997,5.453157894736842,0.26349999999999985,2.858328947368421
M12362,0.001,5.5e-05,0.5,0.0,0.035,0.12253,0.2738,nSEG,2,LIDAR,-0.10353,-0.07379999999999998,5.448947368421052,0.3689999999999999,2.908973684210526
M12363,0.001,5.5e-05,0.5,0.0,0.04,0.12247,0.2935,nSEG,2,LIDAR,-0.10346999999999999,-0.09349999999999997,5.4457894736842105,0.46749999999999986,2.9566447368421054
M12364,0.001,5.5e-05,0.5,0.0,0.05,0.12228,0.3294,nSEG,2,LIDAR,-0.10328,-0.12940000000000002,5.435789473684211,0.647,3.0413947368421055
M12365,0.001,5.5e-05,0.5,0.0,0.08,0.12171,0.4194,nSEG,2,LIDAR,-0.10271,-0.21939999999999998,5.4057894736842105,1.0969999999999998,3.251394736842105
M12366,0.001,5.5e-05,0.5,0.25,0.03,0.12242,0.2382,nSEG,2,LIDAR,-0.10342,-0.038199999999999984,5.443157894736842,0.19099999999999992,2.817078947368421
M12367,0.001,5.5e-05,0.5,0.25,0.035,0.12237,0.2581,nSEG,2,LIDAR,-0.10337,-0.058099999999999985,5.440526315789474,0.2904999999999999,2.865513157894737
M12368,0.001,5.5e-05,0.5,0.25,0.04,0.12228,0.2766,nSEG,2,LIDAR,-0.10328,-0.0766,5.435789473684211,0.383,2.9093947368421054
M12369,0.001,5.5e-05,0.5,0.25,0.05,0.12205,0.3105,nSEG,2,LIDAR,-0.10305,-0.11049999999999999,5.423684210526316,0.5524999999999999,2.988092105263158
M12370,0.001,5.5e-05,0.5,0.25,0.08,0.12145,0.3955,nSEG,2,LIDAR,-0.10245,-0.1955,5.3921052631578945,0.9775,3.1848026315789473
M12371,0.001,5.5e-05,0.5,0.5,0.03,0.12238,0.2271,nSEG,2,LIDAR,-0.10338,-0.027099999999999985,5.441052631578947,0.13549999999999993,2.7882763157894734
M12372,0.001,5.5e-05,0.5,0.5,0.035,0.12226,0.246,nSEG,2,LIDAR,-0.10325999999999999,-0.045999999999999985,5.434736842105263,0.22999999999999993,2.832368421052631
M12373,0.001,5.5e-05,0.5,0.5,0.04,0.12216,0.2636,nSEG,2,LIDAR,-0.10316,-0.06359999999999999,5.429473684210526,0.31799999999999995,2.873736842105263
M12374,0.001,5.5e-05,0.5,0.5,0.05,0.12194,0.2959,nSEG,2,LIDAR,-0.10294,-0.09589999999999999,5.417894736842106,0.4794999999999999,2.948697368421053
M12375,0.001,5.5e-05,0.5,0.5,0.08,0.12145,0.3772,nSEG,2,LIDAR,-0.10245,-0.17719999999999997,5.3921052631578945,0.8859999999999998,3.1390526315789473
M12376,0.001,0.0001,-0.5,-0.5,0.03,0.13883,0.3231,nSEG,2,LIDAR,-0.11983,-0.12309999999999999,6.306842105263159,0.6154999999999999,3.4611710526315793
M12377,0.001,0.0001,-0.5,-0.5,0.035,0.13895,0.3502,nSEG,2,LIDAR,-0.11994999999999999,-0.1502,6.313157894736841,0.751,3.532078947368421
M12378,0.001,0.0001,-0.5,-0.5,0.04,0.13906,0.3755,nSEG,2,LIDAR,-0.12005999999999999,-0.1755,6.318947368421052,0.8775,3.5982236842105264
M12379,0.001,0.0001,-0.5,-0.5,0.05,0.13924,0.4218,nSEG,2,LIDAR,-0.12024,-0.2218,6.328421052631579,1.109,3.7187105263157894
M12380,0.001,0.0001,-0.5,-0.5,0.08,0.13912,0.5367,nSEG,2,LIDAR,-0.12011999999999999,-0.33669999999999994,6.322105263157894,1.6834999999999996,4.0028026315789464
M12381,0.001,0.0001,-0.5,-0.25,0.03,0.13822,0.29,nSEG,2,LIDAR,-0.11922,-0.08999999999999997,6.274736842105264,0.44999999999999984,3.362368421052632
M12382,0.001,0.0001,-0.5,-0.25,0.035,0.13829,0.3143,nSEG,2,LIDAR,-0.11929,-0.11430000000000001,6.278421052631579,0.5715,3.4249605263157896
M12383,0.001,0.0001,-0.5,-0.25,0.04,0.13835,0.3371,nSEG,2,LIDAR,-0.11935,-0.1371,6.281578947368421,0.6855,3.4835394736842105
M12384,0.001,0.0001,-0.5,-0.25,0.05,0.13846,0.3787,nSEG,2,LIDAR,-0.11946,-0.17869999999999997,6.287368421052632,0.8934999999999998,3.5904342105263156
M12385,0.001,0.0001,-0.5,-0.25,0.08,0.13832,0.4824,nSEG,2,LIDAR,-0.11932,-0.2824,6.28,1.412,3.846
M12386,0.001,0.0001,-0.5,0.0,0.03,0.138,0.2688,nSEG,2,LIDAR,-0.11900000000000001,-0.06879999999999997,6.2631578947368425,0.34399999999999986,3.303578947368421
M12387,0.001,0.0001,-0.5,0.0,0.035,0.13787,0.2911,nSEG,2,LIDAR,-0.11886999999999999,-0.09110000000000001,6.256315789473684,0.45550000000000007,3.3559078947368417
M12388,0.001,0.0001,-0.5,0.0,0.04,0.13789,0.3122,nSEG,2,LIDAR,-0.11889000000000001,-0.11219999999999997,6.257368421052632,0.5609999999999998,3.409184210526316
M12389,0.001,0.0001,-0.5,0.0,0.05,0.13795,0.3507,nSEG,2,LIDAR,-0.11894999999999999,-0.1507,6.260526315789473,0.7535,3.5070131578947366
M12390,0.001,0.0001,-0.5,0.0,0.08,0.13776,0.4471,nSEG,2,LIDAR,-0.11875999999999999,-0.2471,6.2505263157894735,1.2354999999999998,3.7430131578947368
M12391,0.001,0.0001,-0.5,0.25,0.03,0.1377,0.2532,nSEG,2,LIDAR,-0.11869999999999999,-0.05319999999999997,6.247368421052631,0.26599999999999985,3.2566842105263154
M12392,0.001,0.0001,-0.5,0.25,0.035,0.13776,0.2745,nSEG,2,LIDAR,-0.11875999999999999,-0.07450000000000001,6.2505263157894735,0.37250000000000005,3.311513157894737
M12393,0.001,0.0001,-0.5,0.25,0.04,0.13758,0.2942,nSEG,2,LIDAR,-0.11858,-0.0942,6.241052631578948,0.47100000000000003,3.356026315789474
M12394,0.001,0.0001,-0.5,0.25,0.05,0.13758,0.3305,nSEG,2,LIDAR,-0.11858,-0.1305,6.241052631578948,0.6525,3.446776315789474
M12395,0.001,0.0001,-0.5,0.25,0.08,0.13734,0.4214,nSEG,2,LIDAR,-0.11833999999999999,-0.22139999999999999,6.228421052631578,1.1069999999999998,3.6677105263157888
M12396,0.001,0.0001,-0.5,0.5,0.03,0.13748,0.2413,nSEG,2,LIDAR,-0.11847999999999999,-0.041299999999999976,6.23578947368421,0.20649999999999988,3.221144736842105
M12397,0.001,0.0001,-0.5,0.5,0.035,0.1375,0.2615,nSEG,2,LIDAR,-0.11850000000000001,-0.0615,6.236842105263158,0.3075,3.2721710526315793
M12398,0.001,0.0001,-0.5,0.5,0.04,0.13732,0.2802,nSEG,2,LIDAR,-0.11832,-0.0802,6.227368421052631,0.40099999999999997,3.3141842105263155
M12399,0.001,0.0001,-0.5,0.5,0.05,0.13729,0.3148,nSEG,2,LIDAR,-0.11828999999999999,-0.11480000000000001,6.22578947368421,0.5740000000000001,3.399894736842105
M12400,0.001,0.0001,-0.5,0.5,0.08,0.13718,0.4018,nSEG,2,LIDAR,-0.11818,-0.20179999999999998,6.22,1.009,3.6144999999999996
M12401,0.001,0.0001,-0.25,-0.5,0.03,0.13928,0.3236,nSEG,2,LIDAR,-0.12027999999999998,-0.12359999999999999,6.330526315789473,0.6179999999999999,3.474263157894736
M12402,0.001,0.0001,-0.25,-0.5,0.035,0.13946,0.3509,nSEG,2,LIDAR,-0.12046,-0.15089999999999998,6.34,0.7544999999999998,3.54725
M12403,0.001,0.0001,-0.25,-0.5,0.04,0.13961,0.3763,nSEG,2,LIDAR,-0.12061000000000001,-0.1763,6.347894736842106,0.8815000000000001,3.614697368421053
M12404,0.001,0.0001,-0.25,-0.5,0.05,0.13986,0.4228,nSEG,2,LIDAR,-0.12086000000000001,-0.2228,6.361052631578948,1.1139999999999999,3.737526315789474
M12405,0.001,0.0001,-0.25,-0.5,0.08,0.13997,0.5384,nSEG,2,LIDAR,-0.12097000000000001,-0.3384,6.366842105263158,1.6919999999999997,4.029421052631579
M12406,0.001,0.0001,-0.25,-0.25,0.03,0.13886,0.2907,nSEG,2,LIDAR,-0.11986000000000001,-0.0907,6.308421052631579,0.4535,3.3809605263157896
M12407,0.001,0.0001,-0.25,-0.25,0.035,0.13879,0.3149,nSEG,2,LIDAR,-0.11979,-0.1149,6.304736842105263,0.5745,3.4396184210526313
M12408,0.001,0.0001,-0.25,-0.25,0.04,0.13889,0.3378,nSEG,2,LIDAR,-0.11989000000000001,-0.13779999999999998,6.3100000000000005,0.6889999999999998,3.4995000000000003
M12409,0.001,0.0001,-0.25,-0.25,0.05,0.13907,0.3796,nSEG,2,LIDAR,-0.12007,-0.17959999999999998,6.319473684210526,0.8979999999999999,3.608736842105263
M12410,0.001,0.0001,-0.25,-0.25,0.08,0.13916,0.4839,nSEG,2,LIDAR,-0.12016,-0.2839,6.32421052631579,1.4194999999999998,3.8718552631578946
M12411,0.001,0.0001,-0.25,0.0,0.03,0.13843,0.2692,nSEG,2,LIDAR,-0.11943,-0.06919999999999998,6.28578947368421,0.3459999999999999,3.3158947368421052
M12412,0.001,0.0001,-0.25,0.0,0.035,0.13837,0.2917,nSEG,2,LIDAR,-0.11936999999999999,-0.0917,6.282631578947368,0.4585,3.370565789473684
M12413,0.001,0.0001,-0.25,0.0,0.04,0.13843,0.3128,nSEG,2,LIDAR,-0.11943,-0.11280000000000001,6.28578947368421,0.5640000000000001,3.424894736842105
M12414,0.001,0.0001,-0.25,0.0,0.05,0.13856,0.3516,nSEG,2,LIDAR,-0.11955999999999999,-0.1516,6.2926315789473675,0.758,3.5253157894736837
M12415,0.001,0.0001,-0.25,0.0,0.08,0.13859,0.4485,nSEG,2,LIDAR,-0.11958999999999999,-0.2485,6.294210526315789,1.2425,3.7683552631578943
M12416,0.001,0.0001,-0.25,0.25,0.03,0.13813,0.2537,nSEG,2,LIDAR,-0.11913,-0.05369999999999997,6.2700000000000005,0.26849999999999985,3.26925
M12417,0.001,0.0001,-0.25,0.25,0.035,0.13823,0.275,nSEG,2,LIDAR,-0.11922999999999999,-0.07500000000000001,6.275263157894736,0.37500000000000006,3.325131578947368
M12418,0.001,0.0001,-0.25,0.25,0.04,0.13811,0.2948,nSEG,2,LIDAR,-0.11911000000000001,-0.0948,6.2689473684210535,0.474,3.371473684210527
M12419,0.001,0.0001,-0.25,0.25,0.05,0.13819,0.3313,nSEG,2,LIDAR,-0.11919,-0.13129999999999997,6.273157894736842,0.6564999999999999,3.464828947368421
M12420,0.001,0.0001,-0.25,0.25,0.08,0.13816,0.4227,nSEG,2,LIDAR,-0.11916,-0.2227,6.271578947368421,1.1135,3.6925394736842105
M12421,0.001,0.0001,-0.25,0.5,0.03,0.13791,0.2417,nSEG,2,LIDAR,-0.11891,-0.04169999999999999,6.258421052631579,0.20849999999999994,3.2334605263157896
M12422,0.001,0.0001,-0.25,0.5,0.035,0.13797,0.262,nSEG,2,LIDAR,-0.11897,-0.062,6.261578947368421,0.31,3.2857894736842104
M12423,0.001,0.0001,-0.25,0.5,0.04,0.13805,0.281,nSEG,2,LIDAR,-0.11905,-0.08100000000000002,6.265789473684211,0.4050000000000001,3.3353947368421055
M12424,0.001,0.0001,-0.25,0.5,0.05,0.1379,0.3155,nSEG,2,LIDAR,-0.11889999999999999,-0.11549999999999999,6.257894736842105,0.5774999999999999,3.4176973684210523
M12425,0.001,0.0001,-0.25,0.5,0.08,0.138,0.403,nSEG,2,LIDAR,-0.11900000000000001,-0.203,6.2631578947368425,1.015,3.639078947368421
M12426,0.001,0.0001,0.0,-0.5,0.03,0.13958,0.324,nSEG,2,LIDAR,-0.12058,-0.124,6.346315789473684,0.62,3.4831578947368422
M12427,0.001,0.0001,0.0,-0.5,0.035,0.13978,0.3513,nSEG,2,LIDAR,-0.12077999999999998,-0.1513,6.356842105263158,0.7565,3.556671052631579
M12428,0.001,0.0001,0.0,-0.5,0.04,0.13996,0.3768,nSEG,2,LIDAR,-0.12096,-0.1768,6.366315789473684,0.884,3.625157894736842
M12429,0.001,0.0001,0.0,-0.5,0.05,0.14026,0.4234,nSEG,2,LIDAR,-0.12125999999999999,-0.2234,6.382105263157895,1.1169999999999998,3.7495526315789474
M12430,0.001,0.0001,0.0,-0.5,0.08,0.14052,0.5394,nSEG,2,LIDAR,-0.12152,-0.3394,6.395789473684211,1.6969999999999998,4.046394736842105
M12431,0.001,0.0001,0.0,-0.25,0.03,0.13914,0.291,nSEG,2,LIDAR,-0.12014000000000001,-0.09099999999999997,6.323157894736843,0.45499999999999985,3.3890789473684215
M12432,0.001,0.0001,0.0,-0.25,0.035,0.13911,0.3153,nSEG,2,LIDAR,-0.12011000000000001,-0.11530000000000001,6.321578947368422,0.5765,3.449039473684211
M12433,0.001,0.0001,0.0,-0.25,0.04,0.13924,0.3382,nSEG,2,LIDAR,-0.12024,-0.1382,6.328421052631579,0.691,3.5097105263157893
M12434,0.001,0.0001,0.0,-0.25,0.05,0.13947,0.3801,nSEG,2,LIDAR,-0.12047000000000001,-0.18009999999999998,6.340526315789474,0.9004999999999999,3.620513157894737
M12435,0.001,0.0001,0.0,-0.25,0.08,0.1397,0.4849,nSEG,2,LIDAR,-0.12069999999999999,-0.2849,6.352631578947368,1.4244999999999999,3.888565789473684
M12436,0.001,0.0001,0.0,0.0,0.03,0.13871,0.2695,nSEG,2,LIDAR,-0.11971,-0.0695,6.300526315789473,0.34750000000000003,3.3240131578947367
M12437,0.001,0.0001,0.0,0.0,0.035,0.13868,0.292,nSEG,2,LIDAR,-0.11968,-0.09199999999999997,6.298947368421053,0.45999999999999985,3.3794736842105264
M12438,0.001,0.0001,0.0,0.0,0.04,0.13878,0.3132,nSEG,2,LIDAR,-0.11977999999999998,-0.11319999999999997,6.304210526315789,0.5659999999999998,3.435105263157894
M12439,0.001,0.0001,0.0,0.0,0.05,0.13896,0.3521,nSEG,2,LIDAR,-0.11996,-0.1521,6.313684210526316,0.7605000000000001,3.537092105263158
M12440,0.001,0.0001,0.0,0.0,0.08,0.13913,0.4494,nSEG,2,LIDAR,-0.12013,-0.2494,6.322631578947369,1.2469999999999999,3.7848157894736842
M12441,0.001,0.0001,0.0,0.25,0.03,0.13841,0.2539,nSEG,2,LIDAR,-0.11941,-0.0539,6.284736842105263,0.2695,3.2771184210526316
M12442,0.001,0.0001,0.0,0.25,0.035,0.13853,0.2754,nSEG,2,LIDAR,-0.11952999999999998,-0.07539999999999997,6.291052631578947,0.37699999999999984,3.3340263157894734
M12443,0.001,0.0001,0.0,0.25,0.04,0.13845,0.2951,nSEG,2,LIDAR,-0.11944999999999999,-0.09509999999999996,6.286842105263157,0.4754999999999998,3.3811710526315784
M12444,0.001,0.0001,0.0,0.25,0.05,0.13858,0.3317,nSEG,2,LIDAR,-0.11958,-0.13169999999999998,6.293684210526316,0.6584999999999999,3.476092105263158
M12445,0.001,0.0001,0.0,0.25,0.08,0.1387,0.4236,nSEG,2,LIDAR,-0.11969999999999999,-0.22359999999999997,6.3,1.1179999999999997,3.7089999999999996
M12446,0.001,0.0001,0.0,0.5,0.03,0.13819,0.2419,nSEG,2,LIDAR,-0.11919,-0.04189999999999999,6.273157894736842,0.20949999999999996,3.2413289473684213
M12447,0.001,0.0001,0.0,0.5,0.035,0.13828,0.2623,nSEG,2,LIDAR,-0.11927999999999998,-0.062299999999999967,6.2778947368421045,0.31149999999999983,3.294697368421052
M12448,0.001,0.0001,0.0,0.5,0.04,0.13838,0.2814,nSEG,2,LIDAR,-0.11938,-0.08139999999999997,6.283157894736842,0.40699999999999986,3.345078947368421
M12449,0.001,0.0001,0.0,0.5,0.05,0.13829,0.316,nSEG,2,LIDAR,-0.11929,-0.11599999999999999,6.278421052631579,0.58,3.4292105263157895
M12450,0.001,0.0001,0.0,0.5,0.08,0.13851,0.4038,nSEG,2,LIDAR,-0.11950999999999999,-0.20379999999999998,6.29,1.019,3.6545
M12451,0.001,0.0001,0.25,-0.5,0.03,0.13979,0.3242,nSEG,2,LIDAR,-0.12079,-0.12419999999999998,6.357368421052631,0.6209999999999999,3.4891842105263153
M12452,0.001,0.0001,0.25,-0.5,0.035,0.14001,0.3516,nSEG,2,LIDAR,-0.12100999999999999,-0.1516,6.368947368421052,0.758,3.563473684210526
M12453,0.001,0.0001,0.25,-0.5,0.04,0.14021,0.3772,nSEG,2,LIDAR,-0.12121,-0.17719999999999997,6.379473684210526,0.8859999999999998,3.6327368421052633
M12454,0.001,0.0001,0.25,-0.5,0.05,0.14055,0.4239,nSEG,2,LIDAR,-0.12155,-0.2239,6.397368421052632,1.1195,3.7584342105263158
M12455,0.001,0.0001,0.25,-0.5,0.08,0.14092,0.5402,nSEG,2,LIDAR,-0.12191999999999999,-0.3402,6.416842105263157,1.7009999999999998,4.058921052631579
M12456,0.001,0.0001,0.25,-0.25,0.03,0.13935,0.2912,nSEG,2,LIDAR,-0.12035,-0.0912,6.33421052631579,0.456,3.395105263157895
M12457,0.001,0.0001,0.25,-0.25,0.035,0.13934,0.3156,nSEG,2,LIDAR,-0.12033999999999999,-0.11559999999999998,6.333684210526315,0.5779999999999998,3.455842105263158
M12458,0.001,0.0001,0.25,-0.25,0.04,0.13949,0.3385,nSEG,2,LIDAR,-0.12049,-0.1385,6.341578947368421,0.6925,3.5170394736842105
M12459,0.001,0.0001,0.25,-0.25,0.05,0.13976,0.3805,nSEG,2,LIDAR,-0.12075999999999999,-0.1805,6.355789473684211,0.9025,3.6291447368421053
M12460,0.001,0.0001,0.25,-0.25,0.08,0.14009,0.4856,nSEG,2,LIDAR,-0.12108999999999999,-0.28559999999999997,6.373157894736842,1.4279999999999997,3.900578947368421
M12461,0.001,0.0001,0.25,0.0,0.03,0.13892,0.2697,nSEG,2,LIDAR,-0.11991999999999998,-0.06969999999999998,6.31157894736842,0.3484999999999999,3.33003947368421
M12462,0.001,0.0001,0.25,0.0,0.035,0.13891,0.2923,nSEG,2,LIDAR,-0.11991,-0.0923,6.3110526315789475,0.46149999999999997,3.3862763157894737
M12463,0.001,0.0001,0.25,0.0,0.04,0.13903,0.3135,nSEG,2,LIDAR,-0.12002999999999998,-0.11349999999999999,6.317368421052631,0.5674999999999999,3.4424342105263155
M12464,0.001,0.0001,0.25,0.0,0.05,0.13924,0.3525,nSEG,2,LIDAR,-0.12024,-0.15249999999999997,6.328421052631579,0.7624999999999998,3.5454605263157895
M12465,0.001,0.0001,0.25,0.0,0.08,0.13952,0.45,nSEG,2,LIDAR,-0.12052,-0.25,6.3431578947368426,1.25,3.7965789473684213
M12466,0.001,0.0001,0.25,0.25,0.03,0.13861,0.2541,nSEG,2,LIDAR,-0.11961000000000001,-0.05409999999999998,6.295263157894738,0.2704999999999999,3.282881578947369
M12467,0.001,0.0001,0.25,0.25,0.035,0.13876,0.2756,nSEG,2,LIDAR,-0.11975999999999999,-0.0756,6.303157894736842,0.378,3.340578947368421
M12468,0.001,0.0001,0.25,0.25,0.04,0.1387,0.2954,nSEG,2,LIDAR,-0.11969999999999999,-0.09539999999999998,6.3,0.4769999999999999,3.3885
M12469,0.001,0.0001,0.25,0.25,0.05,0.13887,0.3321,nSEG,2,LIDAR,-0.11986999999999999,-0.1321,6.308947368421053,0.6605,3.4847236842105263
M12470,0.001,0.0001,0.25,0.25,0.08,0.13925,0.4244,nSEG,2,LIDAR,-0.12025000000000001,-0.2244,6.328947368421053,1.1219999999999999,3.7254736842105265
M12471,0.001,0.0001,0.25,0.5,0.03,0.13839,0.2421,nSEG,2,LIDAR,-0.11939000000000001,-0.0421,6.283684210526316,0.2105,3.247092105263158
M12472,0.001,0.0001,0.25,0.5,0.035,0.1385,0.2625,nSEG,2,LIDAR,-0.11950000000000001,-0.0625,6.2894736842105265,0.3125,3.3009868421052633
M12473,0.001,0.0001,0.25,0.5,0.04,0.13862,0.2816,nSEG,2,LIDAR,-0.11961999999999999,-0.0816,6.29578947368421,0.40800000000000003,3.3518947368421053
M12474,0.001,0.0001,0.25,0.5,0.05,0.13858,0.3163,nSEG,2,LIDAR,-0.11958,-0.11630000000000001,6.293684210526316,0.5815,3.437592105263158
M12475,0.001,0.0001,0.25,0.5,0.08,0.13889,0.4044,nSEG,2,LIDAR,-0.11989000000000001,-0.20439999999999997,6.3100000000000005,1.0219999999999998,3.6660000000000004
M12476,0.001,0.0001,0.5,-0.5,0.03,0.13995,0.3244,nSEG,2,LIDAR,-0.12094999999999999,-0.12440000000000001,6.36578947368421,0.622,3.493894736842105
M12477,0.001,0.0001,0.5,-0.5,0.035,0.14019,0.3518,nSEG,2,LIDAR,-0.12119,-0.1518,6.378421052631579,0.7589999999999999,3.5687105263157894
M12478,0.001,0.0001,0.5,-0.5,0.04,0.14041,0.3774,nSEG,2,LIDAR,-0.12141,-0.1774,6.390000000000001,0.887,3.6385000000000005
M12479,0.001,0.0001,0.5,-0.5,0.05,0.14078,0.4242,nSEG,2,LIDAR,-0.12177999999999999,-0.2242,6.409473684210526,1.121,3.7652368421052627
M12480,0.001,0.0001,0.5,-0.5,0.08,0.14122,0.5408,nSEG,2,LIDAR,-0.12222000000000001,-0.34079999999999994,6.432631578947369,1.7039999999999995,4.068315789473684
M12481,0.001,0.0001,0.5,-0.25,0.03,0.1395,0.2914,nSEG,2,LIDAR,-0.12050000000000001,-0.09139999999999998,6.342105263157896,0.4569999999999999,3.3995526315789477
M12482,0.001,0.0001,0.5,-0.25,0.035,0.13952,0.3158,nSEG,2,LIDAR,-0.12052,-0.11580000000000001,6.3431578947368426,0.5790000000000001,3.461078947368421
M12483,0.001,0.0001,0.5,-0.25,0.04,0.13969,0.3388,nSEG,2,LIDAR,-0.12069,-0.13879999999999998,6.352105263157895,0.6939999999999998,3.5230526315789477
M12484,0.001,0.0001,0.5,-0.25,0.05,0.13998,0.3808,nSEG,2,LIDAR,-0.12097999999999999,-0.18080000000000002,6.367368421052631,0.904,3.6356842105263154
M12485,0.001,0.0001,0.5,-0.25,0.08,0.14039,0.4861,nSEG,2,LIDAR,-0.12138999999999998,-0.28609999999999997,6.388947368421052,1.4304999999999997,3.9097236842105256
M12486,0.001,0.0001,0.5,0.0,0.03,0.13907,0.2698,nSEG,2,LIDAR,-0.12007,-0.06979999999999997,6.319473684210526,0.34899999999999987,3.334236842105263
M12487,0.001,0.0001,0.5,0.0,0.035,0.13927,0.2927,nSEG,2,LIDAR,-0.12027,-0.0927,6.33,0.4635,3.39675
M12488,0.001,0.0001,0.5,0.0,0.04,0.13922,0.3137,nSEG,2,LIDAR,-0.12022000000000001,-0.11369999999999997,6.327368421052632,0.5684999999999998,3.4479342105263155
M12489,0.001,0.0001,0.5,0.0,0.05,0.13947,0.3527,nSEG,2,LIDAR,-0.12047000000000001,-0.1527,6.340526315789474,0.7635,3.552013157894737
M12490,0.001,0.0001,0.5,0.0,0.08,0.13982,0.4505,nSEG,2,LIDAR,-0.12082,-0.2505,6.3589473684210525,1.2525,3.805723684210526
M12491,0.001,0.0001,0.5,0.25,0.03,0.13877,0.2543,nSEG,2,LIDAR,-0.11977,-0.054300000000000015,6.303684210526316,0.2715000000000001,3.2875921052631583
M12492,0.001,0.0001,0.5,0.25,0.035,0.13893,0.2758,nSEG,2,LIDAR,-0.11993,-0.07579999999999998,6.312105263157894,0.3789999999999999,3.345552631578947
M12493,0.001,0.0001,0.5,0.25,0.04,0.13893,0.2957,nSEG,2,LIDAR,-0.11993,-0.09570000000000001,6.312105263157894,0.47850000000000004,3.3953026315789474
M12494,0.001,0.0001,0.5,0.25,0.05,0.13909,0.3324,nSEG,2,LIDAR,-0.12008999999999999,-0.13239999999999996,6.320526315789473,0.6619999999999998,3.4912631578947364
M12495,0.001,0.0001,0.5,0.25,0.08,0.13954,0.4249,nSEG,2,LIDAR,-0.12054,-0.2249,6.3442105263157895,1.1244999999999998,3.7343552631578945
M12496,0.001,0.0001,0.5,0.5,0.03,0.13854,0.2422,nSEG,2,LIDAR,-0.11954,-0.04219999999999999,6.2915789473684205,0.21099999999999994,3.2512894736842104
M12497,0.001,0.0001,0.5,0.5,0.035,0.13867,0.2627,nSEG,2,LIDAR,-0.11966999999999998,-0.06269999999999998,6.2984210526315785,0.3134999999999999,3.305960526315789
M12498,0.001,0.0001,0.5,0.5,0.04,0.1388,0.2818,nSEG,2,LIDAR,-0.1198,-0.08179999999999998,6.305263157894737,0.4089999999999999,3.3571315789473686
M12499,0.001,0.0001,0.5,0.5,0.05,0.13879,0.3166,nSEG,2,LIDAR,-0.11979,-0.11659999999999998,6.304736842105263,0.5829999999999999,3.4438684210526316
M12500,0.001,0.0001,0.5,0.5,0.08,0.13918,0.4048,nSEG,2,LIDAR,-0.12018,-0.20479999999999998,6.325263157894737,1.0239999999999998,3.6746315789473685
